Index,Verbatim,Name,Start,End,OddsLog10,Cardinality,AnnotNomenType,WordsBefore,WordsAfter,VerifMatchType,VerifEditDistance,VerifMatchedName,VerifMatchedCanonical,VerifTaxonId,VerifDataSourceId,VerifDataSourceTitle,VerifError
0,Strix aluco,Strix aluco,1551,1562,7.82,2,NO_ANNOT,,,Exact,0,"Strix aluco Linnaeus, 1758",Strix aluco,532G9,1,Catalogue of Life,
1,Strix aluco javanica.,Strix aluco javanica,1632,1653,13.34,3,NO_ANNOT,,,PartialExact,0,"Strix javanica J. F. Gmelin, 1788",Strix javanica,532HP,1,Catalogue of Life,
2,Strix aluco delicatula.,Strix aluco delicatula,1702,1725,12.68,3,NO_ANNOT,,,PartialExact,0,Strix delicatula Gould 1837,Strix delicatula,1264705,168,ION,
3,Strix pratincola,Strix pratincola,1778,1794,11.41,2,NO_ANNOT,,,Exact,0,"Strix pratincola Bonaparte, 1838",Strix pratincola,532JT,1,Catalogue of Life,
4,Strix pratincola perlata.,Strix pratincola perlata,1865,1890,17.04,3,NO_ANNOT,,,PartialExact,0,"Strix perlata Vieillot, 1817",Strix perlata,532JN,1,Catalogue of Life,
5,Strix pratincola furcata.,Strix pratincola furcata,2064,2089,17.04,3,NO_ANNOT,,,PartialExact,0,"Strix furcata Temminck, 1827",Strix furcata,532H8,1,Catalogue of Life,
6,Strix novae-hollandiae,Strix novae-hollandiae,2131,2153,11.96,2,NO_ANNOT,,,Exact,0,Strix novae-hollandiae,Strix novae-hollandiae,276142,183,Sherborn Index Animalium,
7,Strix castanops,Strix castanops,2232,2247,9.38,2,NO_ANNOT,,,Exact,0,"Strix castanops Gould, 1837",Strix castanops,532GN,1,Catalogue of Life,
8,Strix tenebricosa,Strix tenebricosa,2311,2328,12.17,2,NO_ANNOT,,,Exact,0,Strix tenebricosa,Strix tenebricosa,4136619,168,ION,
9,Strix,Strix,2424,2429,4.27,1,NO_ANNOT,,,Exact,0,"Strix Linnaeus, 1758",Strix,7PCR,1,Catalogue of Life,
10,Candida,Candida,2430,2437,3.57,1,NO_ANNOT,,,Exact,0,Candida,Candida,3GS4,1,Catalogue of Life,
11,Strix capensis,Strix capensis,2469,2483,11.62,2,NO_ANNOT,,,Exact,0,"Strix capensis A. Smith, 1834",Strix capensis,532GM,1,Catalogue of Life,
12,BUBONIDAE.,Bubonidae,2617,2627,4.28,1,NO_ANNOT,,,Exact,0,Bubonidae,Bubonidae,urn:lsid:irmng.org:taxname:117229,181,IRMNG,
13,Asio otus.,Asio otus,2630,2640,8.70,2,NO_ANNOT,,,Exact,0,"Asio otus (Linnaeus, 1758)",Asio otus,6866L,1,Catalogue of Life,
14,Asio wilsonianus.,Asio wilsonianus,2691,2708,10.45,2,NO_ANNOT,,,Exact,0,Asio wilsonianus (Lesson 1830),Asio wilsonianus,369165,172,PaleoBioDB,
15,Asio madagascariensis.,Asio madagascariensis,2761,2783,11.03,2,NO_ANNOT,,,Exact,0,"Asio madagascariensis (A. Smith, 1834)",Asio madagascariensis,6866M,1,Catalogue of Life,
16,Asio capensis.,Asio capensis,2817,2831,10.13,2,NO_ANNOT,,,Exact,0,"Asio capensis (A. Smith, 1834)",Asio capensis,6866F,1,Catalogue of Life,
17,Asio accipitrinus.,Asio accipitrinus,2888,2906,10.35,2,NO_ANNOT,,,Exact,0,"Asio accipitrinus Zarudny & Loudon, 1906",Asio accipitrinus,8089749,11,GBIF Backbone Taxonomy,
18,{A. sandvicensis,A. sandvicensis,3049,3065,7.49,2,NO_ANNOT,,,NoMatch,,,,,,,,
19,PULSATRIX,Pulsatrix,3111,3120,5.13,1,NO_ANNOT,,,Exact,0,"Pulsatrix Kaup, 1848",Pulsatrix,642V9,1,Catalogue of Life,
20,CiCCABA,Ciccaba,4131,4138,4.13,1,NO_ANNOT,,,Exact,0,"Ciccaba Wagler, 1832",Ciccaba,3PSY,1,Catalogue of Life,
21,Cacciba nigrolineata.,Cacciba nigrolineata,4193,4214,5.48,2,NO_ANNOT,,,NoMatch,,,,,,,,
22,CiCCABA,Ciccaba,4265,4272,4.13,1,NO_ANNOT,,,Exact,0,"Ciccaba Wagler, 1832",Ciccaba,3PSY,1,Catalogue of Life,
23,VIRGATA.,Virgata,4273,4281,2.71,1,NO_ANNOT,,,Exact,0,Panicum sect. Virgata Nees,Virgata,145789854,165,Tropicos,
24,CiCCABA,Ciccaba,4471,4478,4.13,1,NO_ANNOT,,,Exact,0,"Ciccaba Wagler, 1832",Ciccaba,3PSY,1,Catalogue of Life,
25,CiCCABA,Ciccaba,4509,4516,4.13,1,NO_ANNOT,,,Exact,0,"Ciccaba Wagler, 1832",Ciccaba,3PSY,1,Catalogue of Life,
26,CiCCABA,Ciccaba,4611,4618,4.13,1,NO_ANNOT,,,Exact,0,"Ciccaba Wagler, 1832",Ciccaba,3PSY,1,Catalogue of Life,
27,HYLOPHILA.,Hylophila,4619,4629,4.16,1,NO_ANNOT,,,Exact,0,Hylophila,Hylophila,524V,1,Catalogue of Life,
28,Syrnium,Syrnium,4689,4696,4.86,1,NO_ANNOT,,,Exact,0,"Syrnium Savigny, 1809",Syrnium,urn:lsid:marinespecies.org:taxname:1476318,9,WoRMS,
29,Scotiaptex,Scotiaptex,4778,4788,4.45,1,NO_ANNOT,,,Exact,0,"Scotiaptex Swainson, 1836",Scotiaptex,urn:lsid:irmng.org:taxname:1218037,181,IRMNG,
30,Ciccaba.,Ciccaba,5072,5080,4.13,1,NO_ANNOT,,,Exact,0,"Ciccaba Wagler, 1832",Ciccaba,3PSY,1,Catalogue of Life,
31,Syrnium.,Syrnium,5227,5235,4.86,1,NO_ANNOT,,,Exact,0,"Syrnium Savigny, 1809",Syrnium,urn:lsid:marinespecies.org:taxname:1476318,9,WoRMS,
32,Syrnium nuchale,Syrnium nuchale,5347,5362,10.49,2,NO_ANNOT,,,Exact,0,"Syrnium nuchale Sharpe, 1870",Syrnium nuchale,7BBRB,1,Catalogue of Life,
33,Syrnium woodfordi.,Syrnium woodfordi,5433,5451,10.97,2,NO_ANNOT,,,Exact,0,Syrnium woodfordi,Syrnium woodfordi,7663260,179,Open Tree of Life,
34,Syrnium leptogrammicum.,Syrnium leptogrammicum,5480,5503,7.27,2,NO_ANNOT,,,PartialExact,0,"Syrnium Savigny, 1809",Syrnium,urn:lsid:marinespecies.org:taxname:1476318,9,WoRMS,
35,Syrnium newarense.,Syrnium newarense,5521,5539,10.84,2,NO_ANNOT,,,Exact,0,Syrnium newarense,Syrnium newarense,265431,183,Sherborn Index Animalium,
36,Syrnium ocellatum,Syrnium ocellatum,5558,5575,12.26,2,NO_ANNOT,,,Exact,0,Syrnium ocellatum,Syrnium ocellatum,281571,183,Sherborn Index Animalium,
37,Syrnium sinense.,Syrnium sinense,5589,5605,10.48,2,NO_ANNOT,,,Exact,0,Syrnium sinense,Syrnium sinense,353606,183,Sherborn Index Animalium,
38,Syrnium nivicolum,Syrnium nivicolum,5620,5637,11.77,2,NO_ANNOT,,,Exact,0,"Syrnium nivicolum Blyth, 1845",Syrnium nivicolum,7BB79,1,Catalogue of Life,
39,Syrnium stridulum.,Syrnium stridulum,5652,5670,11.77,2,NO_ANNOT,,,Exact,0,Syrnium stridulum,Syrnium stridulum,367612,183,Sherborn Index Animalium,
40,"(^S.␤alaco,",S. alaco,5679,5690,3.61,2,NO_ANNOT,,,NoMatch,,,,,,,,
41,Syrnium nebulosum.,Syrnium nebulosum,5744,5762,11.81,2,NO_ANNOT,,,Exact,0,Syrnium nebulosum,Syrnium nebulosum,269190,183,Sherborn Index Animalium,
42,Syrnium uralense.,Syrnium uralense,5816,5833,10.67,2,NO_ANNOT,,,Exact,0,Syrnium uralense,Syrnium uralense,3545568,168,ION,
43,Syrnium uralense fuscescens.,Syrnium uralense fuscescens,5878,5906,15.97,3,NO_ANNOT,,,PartialExact,0,Syrnium fuscescens,Syrnium fuscescens,182571,183,Sherborn Index Animalium,
44,SCOTIAPTEX cinereum.,Scotiaptex cinereum,5949,5969,10.36,2,NO_ANNOT,,,PartialExact,0,"Scotiaptex Swainson, 1836",Scotiaptex,urn:lsid:irmng.org:taxname:1218037,181,IRMNG,
45,ScoTiAPTEX cinereum lapponicum.,Scotiaptex cinereum lapponicum,6035,6066,15.89,3,NO_ANNOT,,,PartialExact,0,"Scotiaptex Swainson, 1836",Scotiaptex,urn:lsid:irmng.org:taxname:1218037,181,IRMNG,
46,Nyctala tengmalmi.,Nyctala tengmalmi,6207,6225,9.60,2,NO_ANNOT,,,Exact,0,Nyctala tengmalmi,Nyctala tengmalmi,3637864,168,ION,
47,Nyctala tengmalmi richardsoni.,Nyctala tengmalmi richardsoni,6240,6270,14.08,3,NO_ANNOT,,,Exact,0,Nyctala tengmalmi richardsoni,Nyctala tengmalmi richardsoni,3724345,168,ION,
48,Nyctala acadica.,Nyctala acadica,6359,6375,11.96,2,NO_ANNOT,,,Fuzzy,1,Nyctale acadica,Nyctale acadica,62811,183,Sherborn Index Animalium,
49,Nyctalatinus harrisi,Nyctalatinus harrisi,6484,6504,11.52,2,NO_ANNOT,,,PartialExact,0,"Nyctalatinus Gray, 1855",Nyctalatinus,urn:lsid:irmng.org:taxname:1212961,181,IRMNG,
50,Megascops scops.,Megascops scops,6599,6615,8.35,2,NO_ANNOT,,,PartialExact,0,"Megascops Kaup, 1848",Megascops,5N2J,1,Catalogue of Life,
51,Megascops scops capensis,Megascops scops capensis,6794,6818,14.02,3,NO_ANNOT,,,PartialFuzzy,1,"Megascops napensis (Chapman, 1928)",Megascops napensis,6QW8Y,1,Catalogue of Life,
52,Megascops scops hendersonii.,Megascops scops hendersonii,6906,6934,14.01,3,NO_ANNOT,,,PartialExact,0,"Megascops Kaup, 1848",Megascops,5N2J,1,Catalogue of Life,
53,"Redonda,",Redonda,6986,6994,4.11,1,NO_ANNOT,,,Exact,0,"Redonda Adams & Bernard, 1981",Redonda,urn:lsid:irmng.org:taxname:1318601,181,IRMNG,
54,Megascops,Megascops,7063,7072,4.40,1,NO_ANNOT,,,Exact,0,"Megascops Kaup, 1848",Megascops,5N2J,1,Catalogue of Life,
55,Megascops sunia.,Megascops sunia,7233,7249,9.35,2,NO_ANNOT,,,PartialExact,0,"Megascops Kaup, 1848",Megascops,5N2J,1,Catalogue of Life,
56,Megascops elegans.,Megascops elegans,7266,7284,9.59,2,NO_ANNOT,,,Exact,0,Megascops elegans,Megascops elegans,3980694,168,ION,
57,Scops elegans,Scops elegans,7399,7412,8.73,2,NO_ANNOT,,,PartialExact,0,"Scops Gray, 1840",Scops,urn:lsid:irmng.org:taxname:1187006,181,IRMNG,
58,M. elegans,M. elegans,7478,7488,4.85,2,NO_ANNOT,,,NoMatch,,,,,,,,
59,M. menadensis,M. menadensis,7530,7543,7.29,2,NO_ANNOT,,,NoMatch,,,,,,,,
60,Megascops magicus.,Megascops magicus,7620,7638,11.21,2,NO_ANNOT,,,PartialExact,0,"Megascops Kaup, 1848",Megascops,5N2J,1,Catalogue of Life,
61,Megascops magicus menadensis.,Megascops magicus menadensis,7709,7738,17.29,3,NO_ANNOT,,,PartialExact,0,"Megascops Kaup, 1848",Megascops,5N2J,1,Catalogue of Life,
62,Megascops magicus leucospilus.,Megascops magicus leucospilus,7758,7788,16.24,3,NO_ANNOT,,,PartialExact,0,"Megascops Kaup, 1848",Megascops,5N2J,1,Catalogue of Life,
63,Megascops lettia.,Megascops lettia,7804,7821,9.57,2,NO_ANNOT,,,PartialExact,0,"Megascops Kaup, 1848",Megascops,5N2J,1,Catalogue of Life,
64,Megascops lempiji.,Megascops lempiji,7934,7952,8.76,2,NO_ANNOT,,,PartialExact,0,"Megascops Kaup, 1848",Megascops,5N2J,1,Catalogue of Life,
65,Megascops rufescens.,Megascops rufescens,8001,8021,10.84,2,NO_ANNOT,,,PartialExact,0,"Megascops Kaup, 1848",Megascops,5N2J,1,Catalogue of Life,
66,Megascops sagittatus.,Megascops sagittatus,8055,8076,12.24,2,NO_ANNOT,,,PartialExact,0,"Megascops Kaup, 1848",Megascops,5N2J,1,Catalogue of Life,
67,Megascops leucotis.,Megascops leucotis,8139,8158,10.99,2,NO_ANNOT,,,PartialExact,0,"Megascops Kaup, 1848",Megascops,5N2J,1,Catalogue of Life,
68,Megascops asio.,Megascops asio,8277,8292,7.71,2,NO_ANNOT,,,Exact,0,"Megascops asio (Linnaeus, 1758)",Megascops asio,3YXDW,1,Catalogue of Life,
69,Megascops asio maccallii.,Megascops asio maccallii,8342,8367,12.68,3,NO_ANNOT,,,Fuzzy,1,"Megascops asio mccallii (Cassin, 1854)",Megascops asio mccallii,5JKTV,1,Catalogue of Life,
70,Megascops asio semitorques.,Megascops asio semitorques,8411,8438,11.41,3,NO_ANNOT,,,PartialExact,0,"Megascops asio (Linnaeus, 1758)",Megascops asio,3YXDW,1,Catalogue of Life,
71,Megascops brasilianus.,Megascops brasilianus,8469,8491,12.07,2,NO_ANNOT,,,Exact,0,Megascops brasilianus,Megascops brasilianus,3764997,168,ION,
72,Megascops brasilianus,Megascops brasilianus,8532,8553,12.07,2,NO_ANNOT,,,Exact,0,Megascops brasilianus,Megascops brasilianus,3764997,168,ION,
73,Megascops brasilianus ustus.,Megascops brasilianus ustus,8629,8657,16.55,3,NO_ANNOT,,,PartialExact,0,Megascops brasilianus,Megascops brasilianus,3764997,168,ION,
74,Megascops brasilianus watsoni.,Megascops brasilianus watsoni,8699,8729,15.83,3,NO_ANNOT,,,PartialExact,0,Megascops watsoni,Megascops watsoni,3765002,168,ION,
75,Megascops barbarus.,Megascops barbarus,8774,8793,11.21,2,NO_ANNOT,,,Exact,0,"Megascops barbarus (P. L. Sclater & Salvin, 1868)",Megascops barbarus,3YXDZ,1,Catalogue of Life,
76,Megascops cooperi.,Megascops cooperi,9177,9195,11.41,2,NO_ANNOT,,,Exact,0,"Megascops cooperi (Ridgway, 1878)",Megascops cooperi,6QVWZ,1,Catalogue of Life,
77,LoPHOSTRix,Lophostrix,9389,9399,5.30,1,NO_ANNOT,,,Exact,0,"Lophostrix R. Lesson, 1836",Lophostrix,639PT,1,Catalogue of Life,
78,CRiSTATA.,Cristata,9400,9409,4.57,1,NO_ANNOT,,,Exact,0,Hypnum sect. Cristata Schimp.,Cristata,145687273,165,Tropicos,
79,SCOTOPELIA,Scotopelia,9483,9493,4.73,1,NO_ANNOT,,,Exact,0,"Scotopelia Bonaparte, 1850",Scotopelia,63T8Q,1,Catalogue of Life,
80,Ketupa ceylonensis.,Ketupa ceylonensis,9565,9584,11.20,2,NO_ANNOT,,,Exact,0,Ketupa ceylonensis,Ketupa ceylonensis,110737,183,Sherborn Index Animalium,
81,Ketupa javensis,Ketupa javensis,9650,9665,10.62,2,NO_ANNOT,,,PartialExact,0,"Ketupa R. Lesson, 1830",Ketupa,584K,1,Catalogue of Life,
82,Bubo bubo.,Bubo bubo,9712,9722,3.62,2,NO_ANNOT,,,Exact,0,"Bubo bubo (Linnaeus, 1758)",Bubo bubo,NKSD,1,Catalogue of Life,
83,Bubo virginianus.,Bubo virginianus,9755,9772,8.38,2,NO_ANNOT,,,Exact,0,"Bubo virginianus (J. F. Gmelin, 1788)",Bubo virginianus,NKTR,1,Catalogue of Life,
84,Bubo virginianus subarcticus.,Bubo virginianus subarcticus,9808,9837,13.89,3,NO_ANNOT,,,Exact,0,"Bubo virginianus subarcticus P. R. Hoy, 1853",Bubo virginianus subarcticus,5G2TT,1,Catalogue of Life,
85,Bubo virginianus magellanicus.,Bubo virginianus magellanicus,9940,9970,13.83,3,NO_ANNOT,,,Exact,0,Bubo virginianus magellanicus Lesson 1828,Bubo virginianus magellanicus,gn_6553,189,Howard & Moore Birds of the World,
86,Bubo mexicanus.,Bubo mexicanus,10007,10022,3.85,2,NO_ANNOT,,,PartialExact,0,"Bubo Duméril, 1805",Bubo,3DQQ,1,Catalogue of Life,
87,Bubo ascalaphus,Bubo ascalaphus,10113,10128,7.43,2,NO_ANNOT,,,Exact,0,"Bubo ascalaphus Savigny, 1809",Bubo ascalaphus,NKS9,1,Catalogue of Life,
88,Bubo capensis,Bubo capensis,10153,10166,8.05,2,NO_ANNOT,,,Exact,0,"Bubo capensis A. Smith, 1834",Bubo capensis,NKSG,1,Catalogue of Life,
89,Bubo maculosus.,Bubo maculosus,10193,10208,3.71,2,NO_ANNOT,,,Exact,0,Bubo maculosus,Bubo maculosus,93960785,169,uBio NameBank,
90,Bubo cinerascens,Bubo cinerascens,10238,10254,7.56,2,NO_ANNOT,,,Exact,0,"Bubo cinerascens Guérin-Méneville, 1843",Bubo cinerascens,NKSL,1,Catalogue of Life,
91,Bubo lacteus.,Bubo lacteus,10271,10284,7.27,2,NO_ANNOT,,,Exact,0,"Bubo lacteus (Temminck, 1820)",Bubo lacteus,NKT6,1,Catalogue of Life,
92,Bubo coromandus.,Bubo coromandus,10313,10329,7.58,2,NO_ANNOT,,,Exact,0,"Bubo coromandus (Latham, 1790)",Bubo coromandus,NKSN,1,Catalogue of Life,
93,Bubo nipalensis,Bubo nipalensis,10370,10385,8.33,2,NO_ANNOT,,,Exact,0,"Bubo nipalensis Hodgson, 1836",Bubo nipalensis,NKTD,1,Catalogue of Life,
94,Bubo orientalis.,Bubo orientalis,10404,10420,8.12,2,NO_ANNOT,,,Exact,0,Bubo orientalis,Bubo orientalis,285984,183,Sherborn Index Animalium,
95,Bubo leucostictus,Bubo leucostictus,10446,10463,8.75,2,NO_ANNOT,,,Exact,0,"Bubo leucostictus Hartlaub, 1855",Bubo leucostictus,NKT8,1,Catalogue of Life,
96,Nyctea nyctea.,Nyctea nyctea,10520,10534,10.00,2,NO_ANNOT,,,Exact,0,Nyctea nyctea,Nyctea nyctea,266326,183,Sherborn Index Animalium,
97,Surnia ulula.,Surnia ulula,10601,10614,9.16,2,NO_ANNOT,,,Exact,0,"Surnia ulula (Linnaeus, 1758)",Surnia ulula,53HF9,1,Catalogue of Life,
98,SuRNiA,Surnia,10631,10637,3.32,1,NO_ANNOT,,,Exact,0,"Surnia Duméril, 1805",Surnia,7QFY,1,Catalogue of Life,
99,ULULA,Ulula,10638,10643,4.15,1,NO_ANNOT,,,Exact,0,"Ulula Cuvier, 1817",Ulula,urn:lsid:irmng.org:taxname:1419779,181,IRMNG,
100,Speotyto cunicularia.,Speotyto cunicularia,10676,10697,10.44,2,NO_ANNOT,,,Exact,0,"Speotyto cunicularia (Molina, 1782)",Speotyto cunicularia,4YJ8F,1,Catalogue of Life,
101,Speotyto cunicularia hypogaea.,Speotyto cunicularia hypogaea,10726,10756,14.74,3,NO_ANNOT,,,Exact,0,Speotyto cunicularia hypogaea Bp.,Speotyto cunicularia hypogaea,gn_117740,186,MCZbase,
102,Speotyto cunicularia floridana.,Speotyto cunicularia floridana,10816,10847,16.10,3,NO_ANNOT,,,Exact,0,"Speotyto cunicularia floridana Ridgway, 1874",Speotyto cunicularia floridana,7L45M,1,Catalogue of Life,
103,Gymnasio nudipes.,Gymnasio nudipes,10900,10917,10.04,2,NO_ANNOT,,,Exact,0,"Gymnasio nudipes (Daudin, 1800)",Gymnasio nudipes,6L72Y,1,Catalogue of Life,
104,Gymnasio,Gymnasio,10963,10971,4.11,1,NO_ANNOT,,,Exact,0,"Gymnasio Bonaparte, 1854",Gymnasio,4RQX,1,Catalogue of Life,
105,Athene noctua.,Athene noctua,11003,11017,7.30,2,NO_ANNOT,,,Exact,0,"Athene noctua (Scopoli, 1769)",Athene noctua,687BR,1,Catalogue of Life,
106,Athene brama.,Athene brama,11046,11059,7.65,2,NO_ANNOT,,,Exact,0,"Athene brama (Temminck, 1821)",Athene brama,5VVC4,1,Catalogue of Life,
107,NiNOX,Ninox,11075,11080,2.73,1,NO_ANNOT,,,Exact,0,"Ninox Hodgson, 1837",Ninox,6486,1,Catalogue of Life,
108,NiNOX scuTELLATA.,Ninox scutellata,11106,11123,10.75,2,NO_ANNOT,,,Exact,0,Ninox scutellata,Ninox scutellata,3620821,168,ION,
109,NiNOX,Ninox,11142,11147,2.73,1,NO_ANNOT,,,Exact,0,"Ninox Hodgson, 1837",Ninox,6486,1,Catalogue of Life,
110,NiNOX novae-zealandiae.,Ninox novae-zealandiae,11211,11234,10.42,2,NO_ANNOT,,,PartialExact,0,"Ninox Hodgson, 1837",Ninox,6486,1,Catalogue of Life,
111,NiNOx maculata.,Ninox maculata,11254,11269,10.47,2,NO_ANNOT,,,Exact,0,Ninox maculata,Ninox maculata,4009142,168,ION,
112,NiNox,Ninox,11296,11301,2.73,1,NO_ANNOT,,,Exact,0,"Ninox Hodgson, 1837",Ninox,6486,1,Catalogue of Life,
113,PUNCTULATA.,Punctulata,11302,11313,4.90,1,NO_ANNOT,,,Exact,0,"Punctulata Wang, 2006",Punctulata,urn:lsid:irmng.org:taxname:1477289,181,IRMNG,
114,NiNOX,Ninox,11333,11338,2.73,1,NO_ANNOT,,,Exact,0,"Ninox Hodgson, 1837",Ninox,6486,1,Catalogue of Life,
115,NiNOX,Ninox,11395,11400,2.73,1,NO_ANNOT,,,Exact,0,"Ninox Hodgson, 1837",Ninox,6486,1,Catalogue of Life,
116,Athene rufa,Athene rufa,11499,11510,7.31,2,NO_ANNOT,,,Exact,0,"Athene rufa Gould, 1846",Athene rufa,67VBQ,1,Catalogue of Life,
117,Glaucidium passerinum.,Glaucidium passerinum,11598,11620,11.33,2,NO_ANNOT,,,Exact,0,"Glaucidium passerinum (Linnaeus, 1758)",Glaucidium passerinum,3G64C,1,Catalogue of Life,
118,Glaucidium gnoma.,Glaucidium gnoma,11637,11654,9.33,2,NO_ANNOT,,,Exact,0,"Glaucidium gnoma Wagler, 1832",Glaucidium gnoma,3G63V,1,Catalogue of Life,
119,Glaucidium pumilum.,Glaucidium pumilum,11698,11717,10.63,2,NO_ANNOT,,,Exact,0,Glaucidium pumilum (Temminck 1821),Glaucidium pumilum,4520121,168,ION,
120,Glaucidium siju,Glaucidium siju,11887,11902,6.98,2,NO_ANNOT,,,Exact,0,"Glaucidium siju (d'Orbigny, 1839)",Glaucidium siju,3G64M,1,Catalogue of Life,
121,Glaucidium nanum.,Glaucidium nanum,11916,11933,10.05,2,NO_ANNOT,,,Exact,0,"Glaucidium nanum (P. P. King, 1827)",Glaucidium nanum,3G645,1,Catalogue of Life,
122,Glaucidium jardinii.,Glaucidium jardinii,11957,11977,11.11,2,NO_ANNOT,,,Exact,0,"Glaucidium jardinii (Bonaparte, 1855)",Glaucidium jardinii,3G63Z,1,Catalogue of Life,
123,Glaucidium phalaenoides.,Glaucidium phalaenoides,12158,12182,10.72,2,NO_ANNOT,,,Exact,0,Glaucidium phalaenoides,Glaucidium phalaenoides,3697937,168,ION,
124,Glaucidium perlatum.,Glaucidium perlatum,12320,12340,11.31,2,NO_ANNOT,,,Exact,0,"Glaucidium perlatum (Vieillot, 1817)",Glaucidium perlatum,3G64D,1,Catalogue of Life,
125,Glaucidium radiatum.,Glaucidium radiatum,12377,12397,11.31,2,NO_ANNOT,,,Exact,0,"Glaucidium radiatum (Tickell, 1833)",Glaucidium radiatum,3G64H,1,Catalogue of Life,
126,Glaucidium castanopterum.,Glaucidium castanopterum,12417,12442,11.64,2,NO_ANNOT,,,Exact,0,"Glaucidium castanopterum (Horsfield, 1821)",Glaucidium castanopterum,3G63Q,1,Catalogue of Life,
127,Glaucidium cuculoides.,Glaucidium cuculoides,12458,12480,10.51,2,NO_ANNOT,,,Exact,0,"Glaucidium cuculoides (Vigors, 1831)",Glaucidium cuculoides,6KGLM,1,Catalogue of Life,
128,MiCROPALLAS,Micropallas,12497,12508,3.80,1,NO_ANNOT,,,Exact,0,"Micropallas Coues, 1889",Micropallas,urn:lsid:irmng.org:taxname:1389752,181,IRMNG,
129,Modiola,Modiola,21267,21274,5.27,1,NO_ANNOT,,,Exact,0,Modiola Moench,Modiola,63BW3,1,Catalogue of Life,
130,Mytilus.,Mytilus,21280,21288,5.50,1,NO_ANNOT,,,Exact,0,"Mytilus Linnaeus, 1758",Mytilus,7P9G3,1,Catalogue of Life,
131,AcTiNOCYCLUS,Actinocyclus,23220,23232,6.45,1,NO_ANNOT,,,Exact,0,"Actinocyclus Ehrenberg, 1831",Actinocyclus,7NMTT,1,Catalogue of Life,
132,"AcTiNOCYCLus suBTiLis,",Actinocyclus subtilis,23253,23275,13.59,2,NO_ANNOT,,,Exact,0,Actinocyclus subtilis (W.Gregory) Ralfs,Actinocyclus subtilis,37220,195,AlgaeBase,
133,"AcTiNOCY'CLUs iNTERPUNCTATus,",Actinocy�clus interpunctatus,23291,23320,8.55,2,NO_ANNOT,,,Fuzzy,1,Actinocyclus interpunctatus (T.Brightwell) Ralfs,Actinocyclus interpunctatus,98655,195,AlgaeBase,
134,AcTiNoDiscus,Actinodiscus,23364,23376,6.69,1,SP_NOV,,,Exact,0,"Actinodiscus Greville, 1863",Actinodiscus,847099,2,Wikispecies,
135,"Atlanticus,",Atlanticus,23377,23388,6.34,1,SP_NOV,,,Exact,0,Atlanticus,Atlanticus,354N,1,Catalogue of Life,
136,"ACTINOPTY'CHUS aREOLATUS,",Actinopty�chus areolatus,23414,23439,7.36,2,NO_ANNOT,,,Fuzzy,1,Actinoptychus areolatus (Ehrenberg) A.W.F.Schmidt,Actinoptychus areolatus,77617,195,AlgaeBase,
137,"SPLENDENS,",Splendens,23491,23501,2.87,1,NO_ANNOT,,,Exact,0,"Cortinarius ser. Splendens Bidaud, Moënne-Locc. & Reumaux 2003",Splendens,700602,5,Index Fungorum,
138,"AcTiNOPTYCHUs ujsTDULATus,",Actinoptychus ujstdulatus,23515,23541,8.55,2,NO_ANNOT,,,PartialExact,0,Actinoptychus Ehrenberg,Actinoptychus,2618,3,ITIS,
139,AcTiNOPTYCHus,Actinoptychus,23588,23601,5.44,1,NO_ANNOT,,,Exact,0,Actinoptychus Ehrenberg,Actinoptychus,2618,3,ITIS,
140,"VULGARIS,",Vulgaris,23602,23611,3.27,1,NO_ANNOT,,,Exact,0,Scutellaria ser. Vulgaris Briq.,Vulgaris,145904876,165,Tropicos,
141,"ViRGiNiCA,",Virginica,23626,23636,1.88,1,NO_ANNOT,,,Exact,0,Plantago sect. Virginica Barnéoud,Virginica,145922500,165,Tropicos,
142,"Amphitetras minuta,",Amphitetras minuta,23662,23681,10.89,2,NO_ANNOT,,,Exact,0,"Amphitetras minuta Greville, 1861",Amphitetras minuta,urn:lsid:marinespecies.org:taxname:656535,9,WoRMS,
143,"Anaulus birostratus,",Anaulus birostratus,23694,23714,13.65,2,NO_ANNOT,,,Exact,0,"Anaulus birostratus De Toni, 1894",Anaulus birostratus,urn:lsid:marinespecies.org:taxname:961445,9,WoRMS,
144,ASTEROLAMPRA,Asterolampra,23732,23744,4.21,1,NO_ANNOT,,,Exact,0,Asterolampra Ehrenberg,Asterolampra,2641,3,ITIS,
145,AuLACODiscus,Aulacodiscus,23764,23776,6.69,1,NO_ANNOT,,,Exact,0,"Aulacodiscus C.G. Ehrenberg, 1844",Aulacodiscus,urn:lsid:marinespecies.org:taxname:149279,9,WoRMS,
146,Aulacodiscus,Aulacodiscus,23803,23815,6.69,1,NO_ANNOT,,,Exact,0,"Aulacodiscus C.G. Ehrenberg, 1844",Aulacodiscus,urn:lsid:marinespecies.org:taxname:149279,9,WoRMS,
147,AuLACODiscus,Aulacodiscus,23831,23843,6.69,1,NO_ANNOT,,,Exact,0,"Aulacodiscus C.G. Ehrenberg, 1844",Aulacodiscus,urn:lsid:marinespecies.org:taxname:149279,9,WoRMS,
148,AuLiscus,Auliscus,23866,23874,6.00,1,NO_ANNOT,,,Exact,0,"Auliscus C.G. Ehrenberg, 1843",Auliscus,urn:lsid:marinespecies.org:taxname:149281,9,WoRMS,
149,AuLiscus,Auliscus,23890,23898,6.00,1,NO_ANNOT,,,Exact,0,"Auliscus C.G. Ehrenberg, 1843",Auliscus,urn:lsid:marinespecies.org:taxname:149281,9,WoRMS,
150,AuLiscus,Auliscus,23996,24004,6.00,1,NO_ANNOT,,,Exact,0,"Auliscus C.G. Ehrenberg, 1843",Auliscus,urn:lsid:marinespecies.org:taxname:149281,9,WoRMS,
151,AuLiscus,Auliscus,24024,24032,6.00,1,NO_ANNOT,,,Exact,0,"Auliscus C.G. Ehrenberg, 1843",Auliscus,urn:lsid:marinespecies.org:taxname:149281,9,WoRMS,
152,(Glyphodiscus,Glyphodiscus,24033,24046,6.69,1,NO_ANNOT,,,Exact,0,"Glyphodiscus Fisher, 1917",Glyphodiscus,7P3W5,1,Catalogue of Life,
153,"Biddulphia alternans,",Biddulphia alternans,24106,24127,10.13,2,NO_ANNOT,,,Exact,0,Biddulphia alternans (Bailey) Van Heurck,Biddulphia alternans,37290,195,AlgaeBase,
154,BiDDULPHiA,Biddulphia,24139,24149,4.59,1,NO_ANNOT,,,Exact,0,"Biddulphia S.F. Gray, 1821",Biddulphia,urn:lsid:irmng.org:taxname:1089957,181,IRMNG,
155,"Baileyi,",Baileyi,24150,24158,3.17,1,NO_ANNOT,,,Exact,0,Baileyi,Baileyi,62FL7,1,Catalogue of Life,
156,Biddulphia,Biddulphia,24166,24176,4.59,1,SP_NOV,,,Exact,0,"Biddulphia S.F. Gray, 1821",Biddulphia,urn:lsid:irmng.org:taxname:1089957,181,IRMNG,
157,Biddulphia,Biddulphia,24215,24225,4.59,1,SP_NOV,,,Exact,0,"Biddulphia S.F. Gray, 1821",Biddulphia,urn:lsid:irmng.org:taxname:1089957,181,IRMNG,
158,Biddulphia,Biddulphia,24261,24271,4.59,1,SP_NOV,,,Exact,0,"Biddulphia S.F. Gray, 1821",Biddulphia,urn:lsid:irmng.org:taxname:1089957,181,IRMNG,
159,"Biddulphia decipiens,",Biddulphia decipiens,24308,24329,11.02,2,NO_ANNOT,,,Exact,0,Biddulphia decipiens Grunow,Biddulphia decipiens,87206,195,AlgaeBase,
160,"Biddulphia elegantula,",Biddulphia elegantula,24342,24364,11.70,2,NO_ANNOT,,,Exact,0,Biddulphia elegantula Greville,Biddulphia elegantula,90065,195,AlgaeBase,
161,"Biddulphia pulchella,",Biddulphia pulchella,24371,24392,11.70,2,NO_ANNOT,,,Exact,0,Biddulphia pulchella S.F.Gray,Biddulphia pulchella,37303,195,AlgaeBase,
162,"Biddulphia rhombus,",Biddulphia rhombus,24405,24424,6.75,2,NO_ANNOT,,,Exact,0,"Biddulphia rhombus (Ehrenberg) W.Smith, 1854",Biddulphia rhombus,urn:lsid:marinespecies.org:taxname:149324,9,WoRMS,
163,"Biddulphia seticulosa,",Biddulphia seticulosa,24439,24461,12.17,2,NO_ANNOT,,,Exact,0,"Biddulphia seticulosa Grunow, 1882",Biddulphia seticulosa,urn:lsid:marinespecies.org:taxname:700964,9,WoRMS,
164,Biddulphia,Biddulphia,24468,24478,4.59,1,NO_ANNOT,,,Exact,0,"Biddulphia S.F. Gray, 1821",Biddulphia,urn:lsid:irmng.org:taxname:1089957,181,IRMNG,
165,"Biddulphia turgida,",Biddulphia turgida,24496,24515,11.25,2,NO_ANNOT,,,Exact,0,"Biddulphia turgida (Ehrenberg) W.Smith, 1856",Biddulphia turgida,urn:lsid:marinespecies.org:taxname:162984,9,WoRMS,
166,"Biddui>phia longispina,",Biddui�phia longispina,24530,24553,5.99,2,NO_ANNOT,,,NoMatch,,,,,,,,
167,Biddulphia,Biddulphia,24560,24570,4.59,1,NO_ANNOT,,,Exact,0,"Biddulphia S.F. Gray, 1821",Biddulphia,urn:lsid:irmng.org:taxname:1089957,181,IRMNG,
168,Cerataulus,Cerataulus,24590,24600,6.09,1,SP_NOV,,,Exact,0,Cerataulus Ehrenberg,Cerataulus,2709,3,ITIS,
169,(Californicus,Californicus,24601,24614,5.08,1,SP_NOV,,,Exact,0,Philadelphus sect. Californicus (Rydb.) S.Y. Hu,Californicus,145926185,165,Tropicos,
170,CoccoNEMA,Cocconema,24648,24657,5.75,1,NO_ANNOT,,,Exact,0,Cocconema,Cocconema,3RLY,1,Catalogue of Life,
171,COSCINODISCUS,Coscinodiscus,24708,24721,6.78,1,NO_ANNOT,,,Exact,0,Coscinodiscus Ehrenberg,Coscinodiscus,2546,3,ITIS,
172,"ASTEROMPHALUS,",Asteromphalus,24722,24736,6.54,1,NO_ANNOT,,,Exact,0,"Asteromphalus Ehrenberg, 1844",Asteromphalus,urn:lsid:irmng.org:taxname:1004696,181,IRMNG,
173,COSCINODISCUS,Coscinodiscus,24742,24755,6.78,1,NO_ANNOT,,,Exact,0,Coscinodiscus Ehrenberg,Coscinodiscus,2546,3,ITIS,
174,"CONCAVUS,",Concavus,24756,24765,4.29,1,NO_ANNOT,,,Exact,0,"Concavus Newman, 1982",Concavus,urn:lsid:marinespecies.org:taxname:534801,9,WoRMS,
175,COSCINODISCUS,Coscinodiscus,24771,24784,6.78,1,NO_ANNOT,,,Exact,0,Coscinodiscus Ehrenberg,Coscinodiscus,2546,3,ITIS,
176,COSCINODISCUS,Coscinodiscus,24803,24816,6.78,1,NO_ANNOT,,,Exact,0,Coscinodiscus Ehrenberg,Coscinodiscus,2546,3,ITIS,
177,COSCINODISCUS,Coscinodiscus,24834,24847,6.78,1,NO_ANNOT,,,Exact,0,Coscinodiscus Ehrenberg,Coscinodiscus,2546,3,ITIS,
178,COSCINODISCUS,Coscinodiscus,24884,24897,6.78,1,NO_ANNOT,,,Exact,0,Coscinodiscus Ehrenberg,Coscinodiscus,2546,3,ITIS,
179,COSCINODISCUS,Coscinodiscus,24911,24924,6.78,1,NO_ANNOT,,,Exact,0,Coscinodiscus Ehrenberg,Coscinodiscus,2546,3,ITIS,
180,COSCINODISCUS,Coscinodiscus,24940,24953,6.78,1,NO_ANNOT,,,Exact,0,Coscinodiscus Ehrenberg,Coscinodiscus,2546,3,ITIS,
181,"COSCINODISCUS lineatus,",Coscinodiscus lineatus,24978,25001,14.34,2,NO_ANNOT,,,Exact,0,"Coscinodiscus lineatus Weisse, 1854",Coscinodiscus lineatus,urn:lsid:marinespecies.org:taxname:962284,9,WoRMS,
182,COSCINODISCUS,Coscinodiscus,25007,25020,6.78,1,NO_ANNOT,,,Exact,0,Coscinodiscus Ehrenberg,Coscinodiscus,2546,3,ITIS,
183,COSCINODISCUS,Coscinodiscus,25050,25063,6.78,1,NO_ANNOT,,,Exact,0,Coscinodiscus Ehrenberg,Coscinodiscus,2546,3,ITIS,
184,"Iridis,",Iridis,25071,25078,3.27,1,NO_ANNOT,,,Exact,0,Iridis (Ehrenb.) Cleve,Iridis,98287854,169,uBio NameBank,
185,COSCINODISCUS,Coscinodiscus,25084,25097,6.78,1,NO_ANNOT,,,Exact,0,Coscinodiscus Ehrenberg,Coscinodiscus,2546,3,ITIS,
186,"PERFORATUS,",Perforatus,25098,25109,5.62,1,NO_ANNOT,,,Exact,0,"Perforatus Pitombo, 2004",Perforatus,urn:lsid:marinespecies.org:taxname:534804,9,WoRMS,
187,COSCINODISCUS,Coscinodiscus,25115,25128,6.78,1,NO_ANNOT,,,Exact,0,Coscinodiscus Ehrenberg,Coscinodiscus,2546,3,ITIS,
188,"RADIATUS,",Radiatus,25129,25138,5.28,1,NO_ANNOT,,,Exact,0,Radiatus,Radiatus,76QP,1,Catalogue of Life,
189,COSCINODISCUS,Coscinodiscus,25144,25157,6.78,1,NO_ANNOT,,,Exact,0,Coscinodiscus Ehrenberg,Coscinodiscus,2546,3,ITIS,
190,COSCINODISCUS,Coscinodiscus,25181,25194,6.78,1,NO_ANNOT,,,Exact,0,Coscinodiscus Ehrenberg,Coscinodiscus,2546,3,ITIS,
191,COSCINODISCUS,Coscinodiscus,25211,25224,6.78,1,NO_ANNOT,,,Exact,0,Coscinodiscus Ehrenberg,Coscinodiscus,2546,3,ITIS,
192,"SENARIUS,",Senarius,25225,25234,4.81,1,NO_ANNOT,,,Exact,0,"Senarius Regenhardt, 1961",Senarius,urn:lsid:irmng.org:taxname:1412340,181,IRMNG,
193,COSCINODISCUS,Coscinodiscus,25241,25254,6.78,1,NO_ANNOT,,,Exact,0,Coscinodiscus Ehrenberg,Coscinodiscus,2546,3,ITIS,
194,"Cestodiscus ovalis,",Cestodiscus ovalis,25274,25293,13.12,2,NO_ANNOT,,,Exact,0,"Cestodiscus ovalis Harwood, 1986",Cestodiscus ovalis,urn:lsid:marinespecies.org:taxname:656741,9,WoRMS,
195,Cestodiscus,Cestodiscus,25300,25311,6.46,1,NO_ANNOT,,,Exact,0,"Cestodiscus R.K. Greville, 1865",Cestodiscus,urn:lsid:marinespecies.org:taxname:415181,9,WoRMS,
196,"Craspedodiscus coscinodiscus,",Craspedodiscus coscinodiscus,25361,25390,14.52,2,NO_ANNOT,,,Exact,0,Craspedodiscus coscinodiscus Ehrenberg,Craspedodiscus coscinodiscus,591125,3,ITIS,
197,Craspedodiscus coscinodiscus,Craspedodiscus coscinodiscus,25396,25424,14.52,2,NO_ANNOT,,,Exact,0,Craspedodiscus coscinodiscus Ehrenberg,Craspedodiscus coscinodiscus,591125,3,ITIS,
198,"Cyclotella operculata,",Cyclotella operculata,25450,25472,14.39,2,NO_ANNOT,,,Exact,0,Cyclotella operculata (C.Agardh) Brébisson,Cyclotella operculata,32155,195,AlgaeBase,
199,"Cymatopleura solea,",Cymatopleura solea,25479,25498,10.65,2,NO_ANNOT,,,Exact,0,"Cymatopleura solea (Brébisson) W.Smith, 1851",Cymatopleura solea,urn:lsid:marinespecies.org:taxname:149008,9,WoRMS,
200,DiCLADIA,Dicladia,25507,25515,3.92,1,NO_ANNOT,,,Exact,0,"Dicladia C.G. Ehrenberg, 1844",Dicladia,urn:lsid:marinespecies.org:taxname:163095,9,WoRMS,
201,"CAPREOLUS,",Capreolus,25516,25526,5.92,1,NO_ANNOT,,,Exact,0,"Capreolus Gray, 1821",Capreolus,3H5R,1,Catalogue of Life,
202,DiMEREGRAMMA,Dimeregramma,25558,25570,5.94,1,NO_ANNOT,,,Exact,0,"Dimeregramma J. Ralfs in A. Pritchard, 1861",Dimeregramma,urn:lsid:marinespecies.org:taxname:163233,9,WoRMS,
203,DiMEREGRAMMA,Dimeregramma,25612,25624,5.94,1,NO_ANNOT,,,Exact,0,"Dimeregramma J. Ralfs in A. Pritchard, 1861",Dimeregramma,urn:lsid:marinespecies.org:taxname:163233,9,WoRMS,
204,"OBTUSA,",Obtusa,25644,25651,2.56,1,NO_ANNOT,,,Exact,0,Panicum sect. Obtusa Pilg.,Obtusa,145767739,165,Tropicos,
205,DiMEREGRAMMA,Dimeregramma,25680,25692,5.94,1,NO_ANNOT,,,Exact,0,"Dimeregramma J. Ralfs in A. Pritchard, 1861",Dimeregramma,urn:lsid:marinespecies.org:taxname:163233,9,WoRMS,
206,Epithemia,Epithemia,25715,25724,4.78,1,NO_ANNOT,,,Exact,0,"Epithemia F.T. Kützing, 1844",Epithemia,urn:lsid:marinespecies.org:taxname:149026,9,WoRMS,
207,"Gibba,",Gibba,25725,25731,2.73,1,NO_ANNOT,,,Exact,0,"Gibba Fuchs, 1919",Gibba,85F4V,1,Catalogue of Life,
208,Ethmodiscus?,Ethmodiscus,25751,25763,6.46,1,NO_ANNOT,,,Exact,0,Ethmodiscus Castracane,Ethmodiscus,2614,3,ITIS,
209,Eucampia,Eucampia,25780,25788,5.13,1,NO_ANNOT,,,Exact,0,"Eucampia Ehrenberg, 1839",Eucampia,urn:lsid:irmng.org:taxname:1270800,181,IRMNG,
210,"Virginica,",Virginica,25789,25799,1.88,1,NO_ANNOT,,,Exact,0,Plantago sect. Virginica Barnéoud,Virginica,145922500,165,Tropicos,
211,"EuNOTiA monodon,",Eunotia monodon,25812,25828,10.23,2,NO_ANNOT,,,Exact,0,"Eunotia monodon Ehrenberg, 1843",Eunotia monodon,urn:lsid:marinespecies.org:taxname:180086,9,WoRMS,
212,EuNOTiA,Eunotia,25849,25856,4.87,1,NO_ANNOT,,,Exact,0,"Eunotia C.G. Ehrenberg, 1837",Eunotia,urn:lsid:marinespecies.org:taxname:149402,9,WoRMS,
213,"ROBUSTA,",Robusta,25857,25865,3.40,1,NO_ANNOT,,,Exact,0,"Robusta Böttger, 1877",Robusta,urn:lsid:irmng.org:taxname:1130200,181,IRMNG,
214,EuNOTiA,Eunotia,25899,25906,4.87,1,NO_ANNOT,,,Exact,0,"Eunotia C.G. Ehrenberg, 1837",Eunotia,urn:lsid:marinespecies.org:taxname:149402,9,WoRMS,
215,EupoDiscus,Eupodiscus,25944,25954,6.34,1,NO_ANNOT,,,Exact,0,Eupodiscus Bailey,Eupodiscus,2650,3,ITIS,
216,"Eupodiscus radiatus,",Eupodiscus radiatus,25967,25987,13.89,2,NO_ANNOT,,,Exact,0,"Eupodiscus radiatus W. Smith, 1853",Eupodiscus radiatus,urn:lsid:marinespecies.org:taxname:966238,9,WoRMS,
217,Eupodiscus,Eupodiscus,26058,26068,6.34,1,NO_ANNOT,,,Exact,0,Eupodiscus Bailey,Eupodiscus,2650,3,ITIS,
218,GONIOTHECIUM,Goniothecium,26075,26087,5.81,1,NO_ANNOT,,,Exact,0,"Goniothecium C.G. Ehrenberg, 1843",Goniothecium,urn:lsid:marinespecies.org:taxname:601660,9,WoRMS,
219,"OBTUSUM,",Obtusum,26088,26096,3.33,1,NO_ANNOT,,,Exact,0,Rhododendron subser. Obtusum,Obtusum,50925796-1,167,IPNI,
220,GONIOTHECIUM,Goniothecium,26102,26114,5.81,1,NO_ANNOT,,,Exact,0,"Goniothecium C.G. Ehrenberg, 1843",Goniothecium,urn:lsid:marinespecies.org:taxname:601660,9,WoRMS,
221,"ODONTELLA,",Odontella,26115,26125,6.20,1,NO_ANNOT,,,Exact,0,"Odontella Schäffer, 1897",Odontella,63G4P,1,Catalogue of Life,
222,'GONIOTHECIUM,Goniothecium,26131,26144,5.81,1,NO_ANNOT,,,Exact,0,"Goniothecium C.G. Ehrenberg, 1843",Goniothecium,urn:lsid:marinespecies.org:taxname:601660,9,WoRMS,
223,Grammatophora,Grammatophora,26160,26173,6.68,1,NO_ANNOT,,,Exact,0,"Grammatophora Duméril & Bibron, 1837",Grammatophora,87G8Q,1,Catalogue of Life,
224,"SERPENTINA,",Serpentina,26174,26185,4.30,1,NO_ANNOT,,,Exact,0,"Serpentina Örsted, 1842",Serpentina,urn:lsid:irmng.org:taxname:1450887,181,IRMNG,
225,"Hemiaulus affinis,",Hemiaulus affinis,26203,26221,12.75,2,NO_ANNOT,,,Exact,0,"Hemiaulus affinis Grunow in Van Heurck, 1883",Hemiaulus affinis,urn:lsid:marinespecies.org:taxname:962507,9,WoRMS,
226,"Hemiaulus bipons,",Hemiaulus bipons,26228,26245,9.71,2,NO_ANNOT,,,Exact,0,Hemiaulus bipons (Ehrenberg ) Grunow,Hemiaulus bipons,79843,195,AlgaeBase,
227,"Hemiaulus polycistinorum,",Hemiaulus polycistinorum,26259,26284,13.55,2,NO_ANNOT,,,Exact,0,Hemiaulus polycistinorum,Hemiaulus polycistinorum,urn:lsid:marinespecies.org:taxname:968702,9,WoRMS,
228,Huttonia,Huttonia,26290,26298,3.87,1,NO_ANNOT,,,Exact,0,Huttonia,Huttonia,4ZBN,1,Catalogue of Life,
229,Hyalodiscus,Hyalodiscus,26323,26334,6.46,1,NO_ANNOT,,,Exact,0,"Hyalodiscus Hertwig & Lesser, 1874",Hyalodiscus,827485,2,Wikispecies,
230,Hyalodiscus,Hyalodiscus,26348,26359,6.46,1,NO_ANNOT,,,Exact,0,"Hyalodiscus Hertwig & Lesser, 1874",Hyalodiscus,827485,2,Wikispecies,
231,"Bailey=(PoDOSiRA maculata,",Bailey��podosira maculata,26371,26397,6.97,2,NO_ANNOT,,,NoMatch,,,,,,,,
232,LiRADiscus,Liradiscus,26406,26416,6.34,1,NO_ANNOT,,,Exact,0,"Liradiscus Greville, 1865",Liradiscus,urn:lsid:irmng.org:taxname:1082709,181,IRMNG,
233,"MiNUTus,",Minutus,26417,26425,5.03,1,NO_ANNOT,,,Exact,0,"Minutus de Buen, 1926",Minutus,urn:lsid:irmng.org:taxname:1464370,181,IRMNG,
234,Mastogonia,Mastogonia,26432,26442,4.20,1,NO_ANNOT,,,Exact,0,"Mastogonia Ehrenberg, 1844",Mastogonia,urn:lsid:irmng.org:taxname:1361324,181,IRMNG,
235,"Actinoptychus,",Actinoptychus,26443,26457,5.44,1,NO_ANNOT,,,Exact,0,Actinoptychus Ehrenberg,Actinoptychus,2618,3,ITIS,
236,"Mei,osira sulcata,",Mei�osira sulcata,26463,26481,6.31,2,NO_ANNOT,,,NoMatch,,,,,,,,
237,Plagiogramma,Plagiogramma,26495,26507,5.94,1,NO_ANNOT,,,Exact,0,"Plagiogramma Tarsia in Curia, 1935",Plagiogramma,6R96,1,Catalogue of Life,
238,Pleurosigma,Pleurosigma,26527,26538,5.35,1,NO_ANNOT,,,Exact,0,"Pleurosigma W. Smith, 1852",Pleurosigma,urn:lsid:irmng.org:taxname:1276331,181,IRMNG,
239,"Pleurosigma,",Pleurosigma,26563,26575,5.35,1,NO_ANNOT,,,Exact,0,"Pleurosigma W. Smith, 1852",Pleurosigma,urn:lsid:irmng.org:taxname:1276331,181,IRMNG,
240,P. angulatum.,P. angulatum,26623,26636,7.06,2,NO_ANNOT,,,NoMatch,,,,,,,,
241,"RADIATUS,",Radiatus,26652,26661,5.28,1,NO_ANNOT,,,Exact,0,Radiatus,Radiatus,76QP,1,Catalogue of Life,
242,"Pyxidicula cruciata,",Pyxidicula cruciata,26670,26690,12.92,2,SP_NOV,,,Exact,0,Pyxidicula cruciata Ehrenberg 1843,Pyxidicula cruciata,387019,172,PaleoBioDB,
243,Rhabdonema,Rhabdonema,26696,26706,5.92,1,SP_NOV,,,Exact,0,Rhabdonema Kützing,Rhabdonema,3208,3,ITIS,
244,Raphidodiscus,Raphidodiscus,26744,26757,6.78,1,NO_ANNOT,,,Exact,0,"Raphidodiscus H.L. Smith ex T. Christian, 1887",Raphidodiscus,urn:lsid:marinespecies.org:taxname:602023,9,WoRMS,
245,"Rhaphoneis gemmifera,",Rhaphoneis gemmifera,26784,26805,12.12,2,NO_ANNOT,,,Exact,0,Rhaphoneis gemmifera Ehrenberg,Rhaphoneis gemmifera,urn:lsid:marinespecies.org:taxname:638021,9,WoRMS,
246,"Rhaphoneis amphiceros,",Rhaphoneis amphiceros,26811,26833,10.89,2,NO_ANNOT,,,Exact,0,Rhaphoneis amphiceros Ehrenberg 1844,Rhaphoneis amphiceros,387105,172,PaleoBioDB,
247,Rhaphoneis,Rhaphoneis,26839,26849,5.19,1,NO_ANNOT,,,Exact,0,"Rhaphoneis C.G. Ehrenberg, 1844",Rhaphoneis,urn:lsid:marinespecies.org:taxname:149065,9,WoRMS,
248,"Belgica,",Belgica,26850,26858,3.07,1,NO_ANNOT,,,Exact,0,Belgica,Belgica,398J,1,Catalogue of Life,
249,"Rhaphoneis fluminensis,",Rhaphoneis fluminensis,26865,26888,13.12,2,NO_ANNOT,,,Exact,0,"Rhaphoneis fluminensis Grunow, 1862",Rhaphoneis fluminensis,urn:lsid:marinespecies.org:taxname:611856,9,WoRMS,
250,"Rhaphoneis scalaris,",Rhaphoneis scalaris,26895,26915,12.27,2,NO_ANNOT,,,Exact,0,Rhaphoneis scalaris Ehrenberg,Rhaphoneis scalaris,118047,195,AlgaeBase,
251,Rhizosolenia,Rhizosolenia,26921,26933,4.56,1,NO_ANNOT,,,Exact,0,"Rhizosolenia T. Brightwell, 1858",Rhizosolenia,urn:lsid:irmng.org:taxname:1343509,181,IRMNG,
252,"Rhizosolenia styliformis,",Rhizosolenia styliformis,26950,26975,11.78,2,NO_ANNOT,,,Exact,0,"Rhizosolenia styliformis Brightwell, 1858",Rhizosolenia styliformis,2904,3,ITIS,
253,SCEPTRONEIS,Sceptroneis,26984,26995,5.31,1,NO_ANNOT,,,Exact,0,Sceptroneis Ehrenberg,Sceptroneis,969981,3,ITIS,
254,"Sceptroneis gemmata,",Sceptroneis gemmata,27011,27031,12.86,2,NO_ANNOT,,,Exact,0,"Sceptroneis gemmata Grunow, 1866",Sceptroneis gemmata,urn:lsid:marinespecies.org:taxname:700497,9,WoRMS,
255,Stephanogonia,Stephanogonia,27038,27051,4.65,1,NO_ANNOT,,,Exact,0,"Stephanogonia Ehrenberg, 1844",Stephanogonia,urn:lsid:irmng.org:taxname:1267557,181,IRMNG,
256,"Actinoptychus,",Actinoptychus,27052,27066,5.44,1,NO_ANNOT,,,Exact,0,Actinoptychus Ehrenberg,Actinoptychus,2618,3,ITIS,
257,"Stephanogonia polygona,",Stephanogonia polygona,27072,27095,10.45,2,NO_ANNOT,,,Exact,0,Stephanogonia polygona Ehrenberg,Stephanogonia polygona,112615,195,AlgaeBase,
258,"Stephanopyxis apiculata,",Stephanopyxis apiculata,27101,27125,13.78,2,NO_ANNOT,,,Exact,0,Stephanopyxis apiculata (Ehrenberg) Ehrenberg,Stephanopyxis apiculata,77031,195,AlgaeBase,
259,"Stephanopyxis ferox,",Stephanopyxis ferox,27131,27151,9.83,2,NO_ANNOT,,,Exact,0,Stephanopyxis ferox (Greville) J.Ralfs,Stephanopyxis ferox,urn:lsid:marinespecies.org:taxname:637006,9,WoRMS,
260,Stephanopyxis,Stephanopyxis,27167,27180,5.88,1,NO_ANNOT,,,Exact,0,"Stephanopyxis (C.G. Ehrenberg) C.G. Ehrenberg, 1845",Stephanopyxis,urn:lsid:marinespecies.org:taxname:149630,9,WoRMS,
261,Stephanopyxis,Stephanopyxis,27202,27215,5.88,1,NO_ANNOT,,,Exact,0,"Stephanopyxis (C.G. Ehrenberg) C.G. Ehrenberg, 1845",Stephanopyxis,urn:lsid:marinespecies.org:taxname:149630,9,WoRMS,
262,"Stephanopyxis limbata,",Stephanopyxis limbata,27241,27263,13.42,2,NO_ANNOT,,,Exact,0,Stephanopyxis limbata (Ehrenberg) Ehrenberg,Stephanopyxis limbata,102010,195,AlgaeBase,
263,Stephanopyxis,Stephanopyxis,27275,27288,5.88,1,NO_ANNOT,,,Exact,0,"Stephanopyxis (C.G. Ehrenberg) C.G. Ehrenberg, 1845",Stephanopyxis,urn:lsid:marinespecies.org:taxname:149630,9,WoRMS,
264,"Turris,",Turris,27289,27296,4.34,1,NO_ANNOT,,,Exact,0,"Turris Batsch, 1789",Turris,7PKCL,1,Catalogue of Life,
265,Stictodiscus,Stictodiscus,27312,27324,6.69,1,NO_ANNOT,,,Exact,0,Stictodiscus Greville,Stictodiscus,969968,3,ITIS,
266,Stictodiscus,Stictodiscus,27341,27353,6.69,1,NO_ANNOT,,,Exact,0,Stictodiscus Greville,Stictodiscus,969968,3,ITIS,
267,SuRiRELLA,Surirella,27373,27382,6.20,1,NO_ANNOT,,,Exact,0,"Surirella Turpin, 1828",Surirella,urn:lsid:irmng.org:taxname:1372330,181,IRMNG,
268,"Tabulina testudo,",Tabulina testudo,27401,27418,4.82,2,NO_ANNOT,,,Exact,0,Tabulina testudo J.J.Brun,Tabulina testudo,123870,195,AlgaeBase,
269,"Terpsinoe intermedia,",Terpsinoe intermedia,27428,27449,10.55,2,NO_ANNOT,,,Exact,0,Terpsinoë intermedia Pantocsek,Terpsinoe intermedia,urn:lsid:marinespecies.org:taxname:418480,9,WoRMS,
270,Triceratium,Triceratium,27461,27472,5.57,1,NO_ANNOT,,,Exact,0,"Triceratium Ehrenberg, 1839",Triceratium,urn:lsid:irmng.org:taxname:1269049,181,IRMNG,
271,"Triceratium condecorum,",Triceratium condecorum,27493,27516,12.90,2,NO_ANNOT,,,Exact,0,Triceratium condecorum Ehrenberg,Triceratium condecorum,urn:lsid:marinespecies.org:taxname:633390,9,WoRMS,
272,Triceratium,Triceratium,27525,27536,5.57,1,NO_ANNOT,,,Exact,0,"Triceratium Ehrenberg, 1839",Triceratium,urn:lsid:irmng.org:taxname:1269049,181,IRMNG,
273,Triceratium,Triceratium,27556,27567,5.57,1,NO_ANNOT,,,Exact,0,"Triceratium Ehrenberg, 1839",Triceratium,urn:lsid:irmng.org:taxname:1269049,181,IRMNG,
274,"(Discoplea undulata,",Discoplea undulata,27581,27601,12.94,2,NO_ANNOT,,,Exact,0,"Discoplea undulata Ehrenberg, 1854",Discoplea undulata,urn:lsid:marinespecies.org:taxname:654742,9,WoRMS,
275,Triceratium,Triceratium,27608,27619,5.57,1,NO_ANNOT,,,Exact,0,"Triceratium Ehrenberg, 1839",Triceratium,urn:lsid:irmng.org:taxname:1269049,181,IRMNG,
276,Triceratium,Triceratium,27636,27647,5.57,1,SP_NOV,,,Exact,0,"Triceratium Ehrenberg, 1839",Triceratium,urn:lsid:irmng.org:taxname:1269049,181,IRMNG,
277,Triceratium,Triceratium,27688,27699,5.57,1,SP_NOV,,,Exact,0,"Triceratium Ehrenberg, 1839",Triceratium,urn:lsid:irmng.org:taxname:1269049,181,IRMNG,
278,"Triceratium indentatum,",Triceratium indentatum,27726,27749,13.08,2,SP_NOV,,,Exact,0,Triceratium indentatum C.H.Kain & E.A.Schultze,Triceratium indentatum,98002,195,AlgaeBase,
279,Triceratium,Triceratium,27775,27786,5.57,1,NO_ANNOT,,,Exact,0,"Triceratium Ehrenberg, 1839",Triceratium,urn:lsid:irmng.org:taxname:1269049,181,IRMNG,
280,Triceratium,Triceratium,27848,27859,5.57,1,NO_ANNOT,,,Exact,0,"Triceratium Ehrenberg, 1839",Triceratium,urn:lsid:irmng.org:taxname:1269049,181,IRMNG,
281,"Triceratium obtusum,",Triceratium obtusum,27882,27902,12.16,2,NO_ANNOT,,,Exact,0,"Triceratium obtusum Ehrenberg, 1844",Triceratium obtusum,urn:lsid:marinespecies.org:taxname:645537,9,WoRMS,
282,"Triceratium robustum,",Triceratium robustum,27908,27929,12.80,2,NO_ANNOT,,,Exact,0,"Triceratium robustum Greville, 1861",Triceratium robustum,urn:lsid:marinespecies.org:taxname:649907,9,WoRMS,
283,Triceratium semicirculare.,Triceratium semicirculare,27936,27962,11.39,2,NO_ANNOT,,,Exact,0,Triceratium semicirculare Brightwell,Triceratium semicirculare,48627,195,AlgaeBase,
284,(Euodia,Euodia,27973,27980,3.37,1,NO_ANNOT,,,Exact,0,Euodia J. R. Forst. & G. Forst.,Euodia,4G4W,1,Catalogue of Life,
285,"Triceratium spinosum,",Triceratium spinosum,28003,28024,12.36,2,NO_ANNOT,,,Exact,0,"Triceratium spinosum J.W.Bailey, 1844",Triceratium spinosum,urn:lsid:marinespecies.org:taxname:149155,9,WoRMS,
286,Triceratium,Triceratium,28033,28044,5.57,1,NO_ANNOT,,,Exact,0,"Triceratium Ehrenberg, 1839",Triceratium,urn:lsid:irmng.org:taxname:1269049,181,IRMNG,
287,"Solenoceros,",Solenoceros,28045,28057,5.39,1,NO_ANNOT,,,Exact,0,"Solenoceros Conrad, 1860",Solenoceros,urn:lsid:irmng.org:taxname:1217569,181,IRMNG,
288,"Triceratium tessellatum,",Triceratium tessellatum,28069,28093,13.39,2,NO_ANNOT,,,Exact,0,Triceratium tessellatum Greville,Triceratium tessellatum,123858,195,AlgaeBase,
289,"Triceratium undulatum,",Triceratium undulatum,28100,28122,12.97,2,NO_ANNOT,,,Exact,0,"Triceratium undulatum W. Smith, 1853",Triceratium undulatum,urn:lsid:marinespecies.org:taxname:967939,9,WoRMS,
290,Tryblionella,Tryblionella,28128,28140,6.73,1,NO_ANNOT,,,Exact,0,Tryblionella W. Smith,Tryblionella,590844,3,ITIS,
291,"Tryblionella scutellum,",Tryblionella scutellum,28161,28184,13.64,2,NO_ANNOT,,,Exact,0,"Tryblionella scutellum W.Smith, 1853",Tryblionella scutellum,urn:lsid:marinespecies.org:taxname:611921,9,WoRMS,
292,Meloslra sulcata,Meloslra sulcata,28277,28293,4.65,2,NO_ANNOT,,,Fuzzy,1,Melosira sulcata Ehr and Kuetz,Melosira sulcata,2295,3,ITIS,
293,"Rhaphoneis,",Rhaphoneis,28636,28647,5.19,1,NO_ANNOT,,,Exact,0,"Rhaphoneis C.G. Ehrenberg, 1844",Rhaphoneis,urn:lsid:marinespecies.org:taxname:149065,9,WoRMS,
294,Biddulphia,Biddulphia,29890,29900,4.59,1,NO_ANNOT,,,Exact,0,"Biddulphia S.F. Gray, 1821",Biddulphia,urn:lsid:irmng.org:taxname:1089957,181,IRMNG,
295,Textularia,Textularia,30479,30489,5.02,1,NO_ANNOT,,,Exact,0,"Textularia Defrance, 1824",Textularia,87KYV,1,Catalogue of Life,
296,"Nodosaria,",Nodosaria,35201,35211,4.85,1,NO_ANNOT,,,Exact,0,"Nodosaria Lamarck, 1816",Nodosaria,87HXD,1,Catalogue of Life,
297,"Dentalina,",Dentalina,35212,35222,4.13,1,NO_ANNOT,,,Exact,0,"Dentalina Risso, 1826",Dentalina,87FHB,1,Catalogue of Life,
298,"Cristellaria,",Cristellaria,35223,35236,5.37,1,NO_ANNOT,,,Exact,0,Cristellaria,Cristellaria,7NTSX,1,Catalogue of Life,
299,"Robulina,",Robulina,35237,35246,3.96,1,NO_ANNOT,,,Exact,0,Robulina,Robulina,7PXXC,1,Catalogue of Life,
300,"Nonionina,",Nonionina,35247,35257,4.13,1,NO_ANNOT,,,Exact,0,"Nonionina d'Orbigny, 1826",Nonionina,urn:lsid:irmng.org:taxname:1049189,181,IRMNG,
301,"Guttulina,",Guttulina,35312,35322,4.13,1,NO_ANNOT,,,Exact,0,"Guttulina d'Orbigny, 1839",Guttulina,87G9F,1,Catalogue of Life,
302,Triloculina,Triloculina,35335,35346,4.42,1,NO_ANNOT,,,Exact,0,"Triloculina d'Orbigny, 1826",Triloculina,7Q577,1,Catalogue of Life,
303,Textularia.,Textularia,35351,35362,5.02,1,NO_ANNOT,,,Exact,0,"Textularia Defrance, 1824",Textularia,87KYV,1,Catalogue of Life,
304,Anomia,Anomia,36205,36211,4.07,1,NO_ANNOT,,,Exact,0,"Anomia Linnaeus, 1758",Anomia,7NP6N,1,Catalogue of Life,
305,Arca,Arca,36232,36236,3.08,1,NO_ANNOT,,,Exact,0,"Arca Linnaeus, 1758",Arca,7NPJM,1,Catalogue of Life,
306,"RCA subrostrata,",Rca subrostrata,36251,36267,3.35,2,NO_ANNOT,,,NoMatch,,,,,,,,
307,Arca,Arca,36273,36277,3.08,1,NO_ANNOT,,,Exact,0,"Arca Linnaeus, 1758",Arca,7NPJM,1,Catalogue of Life,
308,"Arca lienosa,",Arca lienosa,36288,36301,10.19,2,NO_ANNOT,,,Exact,0,"Arca lienosa Say, 1832",Arca lienosa,5VQ3L,1,Catalogue of Life,
309,Arca plicatura.,Arca plicatura,36307,36322,9.45,2,NO_ANNOT,,,Exact,0,Arca plicatura,Arca plicatura,308675,183,Sherborn Index Animalium,
310,Artemis acetabulum.,Artemis acetabulum,36323,36342,10.68,2,NO_ANNOT,,,Exact,0,Artemis acetabulum (Conrad 1832),Artemis acetabulum,95240,172,PaleoBioDB,
311,"ASTARTE obruta,",Astarte obruta,36343,36358,8.36,2,NO_ANNOT,,,Exact,0,Astarte obruta Conrad 1834,Astarte obruta,98478,172,PaleoBioDB,
312,"PERPLANA,",Perplana,36372,36381,3.59,1,NO_ANNOT,,,Exact,0,"Tetrada (Perplana) Sidaravichiene, 1992",Perplana,85KX6,1,Catalogue of Life,
313,"Amphidesma subreflexa,",Amphidesma subreflexa,36466,36488,11.25,2,NO_ANNOT,,,Exact,0,Amphidesma subreflexa,Amphidesma subreflexa,371114,183,Sherborn Index Animalium,
314,"Cardita granulata,",Cardita granulata,36494,36512,12.37,2,NO_ANNOT,,,Exact,0,Cardita granulata (Say 1824),Cardita granulata,93579,172,PaleoBioDB,
315,Cardita arata.,Cardita arata,36534,36548,11.21,2,NO_ANNOT,,,Exact,0,Cardita arata (Conrad 1832),Cardita arata,116340,172,PaleoBioDB,
316,Cardium,Cardium,36549,36556,4.86,1,NO_ANNOT,,,Exact,0,"Cardium Linnaeus, 1758",Cardium,7NRX7,1,Catalogue of Life,
317,"LEPTOPLEURA,",Leptopleura,36577,36589,5.77,1,NO_ANNOT,,,Exact,0,Nymphaea sect. Leptopleura Casp.,Leptopleura,134100-3,167,IPNI,
318,"Cardium laqueatum,",Cardium laqueatum,36592,36610,12.26,2,NO_ANNOT,,,Exact,0,Cardium (Cerastoderma) laqueatum (Conrad 1830),Cardium laqueatum,99305,172,PaleoBioDB,
319,"Corbula cuneata,",Corbula cuneata,36616,36632,12.14,2,NO_ANNOT,,,Exact,0,"Corbula cuneata Hinds, 1843",Corbula cuneata,6B22R,1,Catalogue of Life,
320,"Corbula idonea,",Corbula idonea,36638,36653,10.50,2,NO_ANNOT,,,Exact,0,Corbula idonea (Conrad 1833),Corbula idonea,97920,172,PaleoBioDB,
321,CORBULA,Corbula,36659,36666,4.59,1,NO_ANNOT,,,Exact,0,"Corbula Bruguière, 1797",Corbula,87F85,1,Catalogue of Life,
322,"ELEVATA,",Elevata,36667,36675,2.71,1,NO_ANNOT,,,Exact,0,Caladenia subgen. Elevata Hopper & A.P.Br.,Elevata,1015718-1,167,IPNI,
323,CORBULA,Corbula,36681,36688,4.59,1,NO_ANNOT,,,Exact,0,"Corbula Bruguière, 1797",Corbula,87F85,1,Catalogue of Life,
324,"Chama congregata,",Chama congregata,36700,36717,8.61,2,NO_ANNOT,,,Exact,0,"Chama congregata Conrad, 1833",Chama congregata,THPZ,1,Catalogue of Life,
325,Crassatella melina.,Crassatella melina,36728,36747,13.00,2,NO_ANNOT,,,Exact,0,Crassatella melina (Conrad 1832),Crassatella melina,98462,172,PaleoBioDB,
326,DONAX,Donax,36762,36767,4.03,1,NO_ANNOT,,,Exact,0,"Donax Linnaeus, 1758",Donax,7NXCF,1,Catalogue of Life,
327,VARIABILIS.,Variabilis,36768,36779,4.46,1,NO_ANNOT,,,Exact,0,"Variabilis Wagner, 1905",Variabilis,urn:lsid:irmng.org:taxname:1243377,181,IRMNG,
328,GOULDIA,Gouldia,36782,36789,3.67,1,NO_ANNOT,,,Exact,0,"Gouldia C. B. Adams, 1847",Gouldia,87G8J,1,Catalogue of Life,
329,"CRENULATA,",Crenulata,36848,36858,3.12,1,NO_ANNOT,,,Exact,0,Reseda ser. Crenulata (Rouy & Fouc.) Abdallah & de Wit,Crenulata,44365-1,167,IPNI,
330,"Mactra lateralis,",Mactra lateralis,36902,36919,11.49,2,NO_ANNOT,,,Exact,0,"Mactra lateralis Say, 1822",Mactra lateralis,3XDDY,1,Catalogue of Life,
331,Mytiloconcha incurva.,Mytiloconcha incurva,36930,36951,10.77,2,NO_ANNOT,,,PartialExact,0,"Mytiloconcha Conrad, 1862",Mytiloconcha,urn:lsid:irmng.org:taxname:1438952,181,IRMNG,
332,"Mytilus incrassatus,",Mytilus incrassatus,36952,36972,13.65,2,NO_ANNOT,,,Exact,0,"Mytilus incrassatus Sheppard, 1821",Mytilus incrassatus,985154,3,ITIS,
333,"Mysia acclinis,",Mysia acclinis,36983,36998,4.75,2,NO_ANNOT,,,PartialExact,0,"Mysia Lamarck, 1818",Mysia,7P9FH,1,Catalogue of Life,
334,OsTREA,Ostrea,37050,37056,3.76,1,NO_ANNOT,,,Exact,0,"Ostrea Linnaeus, 1758",Ostrea,7PBDT,1,Catalogue of Life,
335,OSTREA,Ostrea,37087,37093,3.76,1,NO_ANNOT,,,Exact,0,"Ostrea Linnaeus, 1758",Ostrea,7PBDT,1,Catalogue of Life,
336,Pecten vicenarius.,Pecten vicenarius,37174,37192,9.61,2,NO_ANNOT,,,Exact,0,Pecten vicenarius,Pecten vicenarius,403068,183,Sherborn Index Animalium,
337,Pecten comparilis.,Pecten comparilis,37224,37242,9.92,2,NO_ANNOT,,,Exact,0,Pecten (Chlamys) comparilis (Tuomey and Holmes 1855),Pecten comparilis,95133,172,PaleoBioDB,
338,"Pectunculus parilis,",Pectunculus parilis,37243,37263,13.15,2,NO_ANNOT,,,Exact,0,Pectunculus parilis (Conrad 1843),Pectunculus parilis,98547,172,PaleoBioDB,
339,"Pectunculus lentiformis,",Pectunculus lentiformis,37269,37293,13.42,2,NO_ANNOT,,,Exact,0,Pectunculus lentiformis,Pectunculus lentiformis,224765,183,Sherborn Index Animalium,
340,"Perna maxillata,",Perna maxillata,37299,37315,11.21,2,NO_ANNOT,,,Exact,0,Perna maxillata (Lamarck 1819),Perna maxillata,98523,172,PaleoBioDB,
341,"Saxicava arctica,",Saxicava arctica,37326,37343,10.04,2,NO_ANNOT,,,Exact,0,"Saxicava arctica (Linnaeus, 1767)",Saxicava arctica,79QZH,1,Catalogue of Life,
342,Tellina subreflexa.,Tellina subreflexa,37349,37368,9.64,2,NO_ANNOT,,,PartialExact,0,"Tellina Linnaeus, 1758",Tellina,7PJ5H,1,Catalogue of Life,
343,"Tellina declivis,",Tellina declivis,37369,37386,10.01,2,NO_ANNOT,,,Exact,0,"Tellina declivis G. B. Sowerby II, 1868",Tellina declivis,557G3,1,Catalogue of Life,
344,YoLDiA,Yoldia,37392,37398,3.37,1,NO_ANNOT,,,Exact,0,"Yoldia Møller, 1842",Yoldia,7PL8G,1,Catalogue of Life,
345,VoLvuLA,Volvula,37413,37420,4.59,1,NO_ANNOT,,,Exact,0,"Volvula Gistl, 1848",Volvula,urn:lsid:irmng.org:taxname:1301282,181,IRMNG,
346,"DiSCINA lugubris,",Discina lugubris,37487,37504,10.79,2,NO_ANNOT,,,PartialExact,0,"Discina Lamarck, 1819",Discina,87FMZ,1,Catalogue of Life,
347,Cerithium,Cerithium,37505,37514,5.28,1,NO_ANNOT,,,Exact,0,"Cerithium Bruguière, 1789",Cerithium,7NSCM,1,Catalogue of Life,
348,CoLUMBELLA,Columbella,37525,37535,6.37,1,NO_ANNOT,,,Exact,0,"Columbella Lamarck, 1799",Columbella,7NTCV,1,Catalogue of Life,
349,(AmYCLA),Amycla,37536,37544,3.75,1,NO_ANNOT,,,Exact,0,"Amycla Koch, 1857",Amycla,urn:lsid:irmng.org:taxname:1336090,181,IRMNG,
350,"COMMUNIS,",Communis,37545,37554,5.23,1,NO_ANNOT,,,Exact,0,"Communis Balatsky, 1999",Communis,urn:lsid:irmng.org:taxname:1158089,181,IRMNG,
351,Cylichna,Cylichna,37560,37568,4.29,1,NO_ANNOT,,,Exact,0,"Cylichna Lovén, 1846",Cylichna,7NV5C,1,Catalogue of Life,
352,Crepidula,Crepidula,37575,37584,5.01,1,NO_ANNOT,,,Exact,0,"Crepidula Lamarck, 1799",Crepidula,7NTS3,1,Catalogue of Life,
353,AEROPE,Aerope,37687,37693,2.10,1,NO_ANNOT,,,Exact,0,Aerope (Endl.) Rchb.,Aerope,5T5BS,1,Catalogue of Life,
354,"Dentalium dentalis,",Dentalium dentalis,37751,37770,11.05,2,NO_ANNOT,,,Exact,0,"Dentalium dentalis Linnaeus, 1758",Dentalium dentalis,34TFK,1,Catalogue of Life,
355,FuLGUR,Fulgur,37779,37785,2.87,1,NO_ANNOT,,,Exact,0,"Fulgur Montfort, 1810",Fulgur,urn:lsid:irmng.org:taxname:1247350,181,IRMNG,
356,FuLGUR,Fulgur,37805,37811,2.87,1,NO_ANNOT,,,Exact,0,"Fulgur Montfort, 1810",Fulgur,urn:lsid:irmng.org:taxname:1247350,181,IRMNG,
357,"Fusus devexa,",Fusus devexa,37834,37847,8.62,2,NO_ANNOT,,,PartialExact,0,"Fusus Röding, 1798",Fusus,urn:lsid:irmng.org:taxname:1297458,181,IRMNG,
358,"Natica catenoides,",Natica catenoides,37879,37897,9.22,2,NO_ANNOT,,,Exact,0,Natica catenoides (Wood 1842),Natica catenoides,136060,172,PaleoBioDB,
359,"Natica duplicata,",Natica duplicata,37913,37930,10.68,2,NO_ANNOT,,,Exact,0,"Natica duplicata Say, 1822",Natica duplicata,45TL2,1,Catalogue of Life,
360,"Neptunea migrans,",Neptunea migrans,37943,37960,10.20,2,NO_ANNOT,,,PartialExact,0,"Neptunea Röding, 1798",Neptunea,7P9QX,1,Catalogue of Life,
361,Neptunea,Neptunea,37971,37979,5.02,1,NO_ANNOT,,,Exact,0,"Neptunea Röding, 1798",Neptunea,7P9QX,1,Catalogue of Life,
362,Oliva,Oliva,37991,37996,3.13,1,NO_ANNOT,,,Exact,0,"Oliva Bruguière, 1789",Oliva,7PB75,1,Catalogue of Life,
363,PeRISTERNIA,Peristernia,38035,38046,4.33,1,NO_ANNOT,,,Exact,0,"Peristernia Mörch, 1852",Peristernia,7PC83,1,Catalogue of Life,
364,Pleurotoma,Pleurotoma,38062,38072,5.28,1,NO_ANNOT,,,Exact,0,"Pleurotoma Lamarck, 1799",Pleurotoma,urn:lsid:marinespecies.org:taxname:205912,9,WoRMS,
365,"Pleurotoma pseudeburnea,",Pleurotoma pseudeburnea,38093,38117,12.15,2,NO_ANNOT,,,Exact,0,Pleurotoma pseudeburnea (Heilprin 1887),Pleurotoma pseudeburnea,157056,172,PaleoBioDB,
366,Pleurotoma limatula,Pleurotoma limatula,38129,38148,12.11,2,NO_ANNOT,,,Exact,0,Pleurotoma limatula (Conrad 1830),Pleurotoma limatula,97409,172,PaleoBioDB,
367,"Petaloconchus sculpturatus,",Petaloconchus sculpturatus,38160,38187,13.48,2,NO_ANNOT,,,Exact,0,"Petaloconchus sculpturatus H. C. Lea, 1843",Petaloconchus sculpturatus,4FCKX,1,Catalogue of Life,
368,Turritella,Turritella,38196,38206,6.37,1,NO_ANNOT,,,Exact,0,"Turritella Lamarck, 1799",Turritella,87HM6,1,Catalogue of Life,
369,"Cumberlandia,",Cumberlandia,38207,38220,4.61,1,NO_ANNOT,,,Exact,0,"Cumberlandia Ortmann, 1912",Cumberlandia,7NTZM,1,Catalogue of Life,
370,"Turritella plebeia,",Turritella plebeia,38259,38278,10.72,2,NO_ANNOT,,,Exact,0,Turritella (Turritella) plebeia (Say 1824),Turritella plebeia,116538,172,PaleoBioDB,
371,Turritella indenta,Turritella indenta,38284,38302,12.38,2,NO_ANNOT,,,Exact,0,"Turritella indenta Conrad, 1841",Turritella indenta,84DY2,1,Catalogue of Life,
372,"Turritella secta,",Turritella secta,38305,38322,12.03,2,NO_ANNOT,,,Exact,0,Turritella secta Conrad 1855,Turritella secta,423045,172,PaleoBioDB,
373,Turbinella,Turbinella,38339,38349,6.37,1,NO_ANNOT,,,Exact,0,"Turbinella Lamarck, 1799",Turbinella,7PK9M,1,Catalogue of Life,
374,"Tritia trivitata,",Tritia trivitata,38357,38374,12.48,2,NO_ANNOT,,,Fuzzy,1,"Tritia trivittata (Say, 1822)",Tritia trivittata,84ZTW,1,Catalogue of Life,
375,"Tritia peralta,",Tritia peralta,38385,38400,9.81,2,NO_ANNOT,,,PartialExact,0,"Tritia Risso, 1826",Tritia,87HKK,1,Catalogue of Life,
376,Tritia obsoleta.,Tritia obsoleta,38406,38422,10.82,2,NO_ANNOT,,,Exact,0,"Tritia obsoleta (Say, 1822)",Tritia obsoleta,84ZTV,1,Catalogue of Life,
377,"Trochita centralis,",Trochita centralis,38423,38442,12.02,2,NO_ANNOT,,,Exact,0,Trochita centralis (Conrad 1841),Trochita centralis,81410,172,PaleoBioDB,
378,"Turbo eboreus,",Turbo eboreus,38453,38467,9.29,2,NO_ANNOT,,,PartialExact,0,"Turbo Linnaeus, 1758",Turbo,7PK9T,1,Catalogue of Life,
379,"Terebra indenta,",Terebra indenta,38473,38489,10.62,2,NO_ANNOT,,,PartialExact,0,"Terebra Bruguière, 1789",Terebra,7PJ77,1,Catalogue of Life,
380,"Terebra simplex,",Terebra simplex,38495,38511,7.07,2,NO_ANNOT,,,Exact,0,"Terebra simplex Tenison Woods, 1876",Terebra simplex,7TC6M,1,Catalogue of Life,
381,Placocyathus.,Placocyathus,38524,38537,5.35,1,NO_ANNOT,,,Exact,0,"Placocyathus Milne Edwards & Haime, 1848",Placocyathus,84SKS,1,Catalogue of Life,
382,AsTREA.,Astrea,38547,38554,3.76,1,NO_ANNOT,,,Exact,0,"Astrea Lamarck, 1801",Astrea,87DSL,1,Catalogue of Life,
383,Lamna,Lamna,38575,38580,3.91,1,NO_ANNOT,,,Exact,0,Lamna,Lamna,62W58,1,Catalogue of Life,
384,Odontaspis,Odontaspis,38595,38605,5.86,1,NO_ANNOT,,,Exact,0,Odontaspis,Odontaspis,63FSQ,1,Catalogue of Life,
385,Mylobates,Mylobates,38626,38635,3.38,1,NO_ANNOT,,,NoMatch,,,,,,,,
386,Balanus,Balanus,38780,38787,5.34,1,NO_ANNOT,,,Exact,0,Balanus,Balanus,37JS,1,Catalogue of Life,
387,CoMPSONEMA.,Compsonema,39374,39385,5.92,1,NO_ANNOT,,,Exact,0,"Compsonema Kuckuck, 1899",Compsonema,7NTDF,1,Catalogue of Life,
388,Cardita granulata.,Cardita granulata,39404,39422,12.37,2,NO_ANNOT,,,Exact,0,Cardita granulata (Say 1824),Cardita granulata,93579,172,PaleoBioDB,
389,Cerithium.,Cerithium,39450,39460,5.28,1,NO_ANNOT,,,Exact,0,"Cerithium Bruguière, 1789",Cerithium,7NSCM,1,Catalogue of Life,
390,CORBULA.,Corbula,39461,39469,4.59,1,NO_ANNOT,,,Exact,0,"Corbula Bruguière, 1797",Corbula,87F85,1,Catalogue of Life,
391,FULGUR.,Fulgur,39470,39477,2.87,1,NO_ANNOT,,,Exact,0,"Fulgur Montfort, 1810",Fulgur,urn:lsid:irmng.org:taxname:1247350,181,IRMNG,
392,CRENULATA.,Crenulata,39486,39496,3.12,1,NO_ANNOT,,,Exact,0,Reseda ser. Crenulata (Rouy & Fouc.) Abdallah & de Wit,Crenulata,44365-1,167,IPNI,
393,Lyrosoma sulcosa.,Lyrosoma sulcosa,39517,39534,12.05,2,NO_ANNOT,,,Fuzzy,1,Lirosoma sulcosa (Conrad 1830),Lirosoma sulcosa,85846,172,PaleoBioDB,
394,Natica catenoides.,Natica catenoides,39547,39565,9.22,2,NO_ANNOT,,,Exact,0,Natica catenoides (Wood 1842),Natica catenoides,136060,172,PaleoBioDB,
395,Pleurotoma,Pleurotoma,39602,39612,5.28,1,NO_ANNOT,,,Exact,0,"Pleurotoma Lamarck, 1799",Pleurotoma,urn:lsid:marinespecies.org:taxname:205912,9,WoRMS,
396,Pleurotoma limatula.,Pleurotoma limatula,39626,39646,12.11,2,NO_ANNOT,,,Exact,0,Pleurotoma limatula (Conrad 1830),Pleurotoma limatula,97409,172,PaleoBioDB,
397,TURRITELLA,Turritella,39659,39669,6.37,1,NO_ANNOT,,,Exact,0,"Turritella Lamarck, 1799",Turritella,87HM6,1,Catalogue of Life,
398,'Tritia trivittata.,Tritia trivittata,39677,39696,12.59,2,NO_ANNOT,,,Exact,0,"Tritia trivittata (Say, 1822)",Tritia trivittata,84ZTW,1,Catalogue of Life,
399,Balanus.,Balanus,39802,39810,5.34,1,NO_ANNOT,,,Exact,0,Balanus,Balanus,37JS,1,Catalogue of Life,
400,OSTREA.,Ostrea,39811,39818,3.76,1,NO_ANNOT,,,Exact,0,"Ostrea Linnaeus, 1758",Ostrea,7PBDT,1,Catalogue of Life,
401,Petalaconchas sculpturatus.,Petalaconchas sculpturatus,39839,39866,6.33,2,NO_ANNOT,,,Fuzzy,1,Petalaconchus sculpturatus Lea,Petalaconchus sculpturatus,gn_112506,186,MCZbase,
402,Cardita granulata,Cardita granulata,39867,39884,12.37,2,NO_ANNOT,,,Exact,0,Cardita granulata (Say 1824),Cardita granulata,93579,172,PaleoBioDB,
403,Dentalium dentalis.,Dentalium dentalis,40045,40064,11.05,2,NO_ANNOT,,,Exact,0,"Dentalium dentalis Linnaeus, 1758",Dentalium dentalis,34TFK,1,Catalogue of Life,
404,GOULDIA,Gouldia,40065,40072,3.67,1,NO_ANNOT,,,Exact,0,"Gouldia C. B. Adams, 1847",Gouldia,87G8J,1,Catalogue of Life,
405,LIMATULA,Limatula,40073,40081,4.84,1,NO_ANNOT,,,Exact,0,"Limatula S. V. Wood, 1839",Limatula,7P7HH,1,Catalogue of Life,
406,CRENULATA.,Crenulata,40101,40111,3.12,1,NO_ANNOT,,,Exact,0,Reseda ser. Crenulata (Rouy & Fouc.) Abdallah & de Wit,Crenulata,44365-1,167,IPNI,
407,Ly^rosoma sulcosa.,Ly�rosoma sulcosa,40125,40143,6.20,2,NO_ANNOT,,,NoMatch,,,,,,,,
408,Pecten comparilis.,Pecten comparilis,40170,40188,9.92,2,NO_ANNOT,,,Exact,0,Pecten (Chlamys) comparilis (Tuomey and Holmes 1855),Pecten comparilis,95133,172,PaleoBioDB,
409,VoLVULA,Volvula,40207,40214,4.59,1,NO_ANNOT,,,Exact,0,"Volvula Gistl, 1848",Volvula,urn:lsid:irmng.org:taxname:1301282,181,IRMNG,
410,(Placocyathus),Placocyathus,40260,40274,5.35,1,NO_ANNOT,,,Exact,0,"Placocyathus Milne Edwards & Haime, 1848",Placocyathus,84SKS,1,Catalogue of Life,
411,Turritella plebeia,Turritella plebeia,40733,40751,10.72,2,NO_ANNOT,,,Exact,0,Turritella (Turritella) plebeia (Say 1824),Turritella plebeia,116538,172,PaleoBioDB,
412,Turritella plebeia,Turritella plebeia,40798,40816,10.72,2,NO_ANNOT,,,Exact,0,Turritella (Turritella) plebeia (Say 1824),Turritella plebeia,116538,172,PaleoBioDB,
413,"Perna,",Perna,42815,42821,3.30,1,NO_ANNOT,,,Exact,0,"Perna Philipsson, 1788",Perna,7PC8J,1,Catalogue of Life,
414,Perna beds.,Perna beds,42879,42890,2.16,2,NO_ANNOT,,,PartialExact,0,"Perna Philipsson, 1788",Perna,7PC8J,1,Catalogue of Life,
415,Perna beds,Perna beds,42914,42924,2.16,2,NO_ANNOT,,,PartialExact,0,"Perna Philipsson, 1788",Perna,7PC8J,1,Catalogue of Life,
416,Bidimus exilis.,Bidimus exilis,43541,43556,3.55,2,NO_ANNOT,,,NoMatch,,,,,,,,
417,Bnlimus exilis,Bnlimus exilis,43617,43631,11.57,2,NO_ANNOT,,,Fuzzy,1,Bulimus exilis,Bulimus exilis,3947820,168,ION,
418,B. exilis,B. exilis,44610,44619,6.32,2,NO_ANNOT,,,NoMatch,,,,,,,,
419,"Eutameia sirtalis,",Eutameia sirtalis,45296,45314,5.72,2,NO_ANNOT,,,NoMatch,,,,,,,,
420,Platyceras,Platyceras,46998,47008,4.90,1,NO_ANNOT,,,Exact,0,"Platyceras Conrad, 1840",Platyceras,7PCSB,1,Catalogue of Life,
421,Capulus,Capulus,47106,47113,5.50,1,NO_ANNOT,,,Exact,0,"Capulus Montfort, 1810",Capulus,7NRTW,1,Catalogue of Life,
422,Actita,Actita,47145,47151,4.17,1,NO_ANNOT,,,Exact,0,"Actita Fischer von Waldheim, 1823",Actita,urn:lsid:marinespecies.org:taxname:564827,9,WoRMS,
423,Platyceras,Platyceras,47174,47184,4.90,1,NO_ANNOT,,,Exact,0,"Platyceras Conrad, 1840",Platyceras,7PCSB,1,Catalogue of Life,
424,Acroculia,Acroculia,47194,47203,4.56,1,NO_ANNOT,,,Exact,0,"Acroculia Phillips, 1841",Acroculia,urn:lsid:irmng.org:taxname:1430826,181,IRMNG,
425,Capulus,Capulus,47261,47268,5.50,1,NO_ANNOT,,,Exact,0,"Capulus Montfort, 1810",Capulus,7NRTW,1,Catalogue of Life,
426,Platyceras,Platyceras,47273,47283,4.90,1,NO_ANNOT,,,Exact,0,"Platyceras Conrad, 1840",Platyceras,7PCSB,1,Catalogue of Life,
427,Platyceras,Platyceras,47699,47709,4.90,1,NO_ANNOT,,,Exact,0,"Platyceras Conrad, 1840",Platyceras,7PCSB,1,Catalogue of Life,
428,"Platyceras,",Platyceras,47936,47947,4.90,1,NO_ANNOT,,,Exact,0,"Platyceras Conrad, 1840",Platyceras,7PCSB,1,Catalogue of Life,
429,Latreille,Latreille,47983,47992,1.11,1,NO_ANNOT,,,Exact,0,"Temnochilidae (Latreille) Léveillé, 1839",Latreille,141469801,164,BioLib.cz,
430,Acroculia,Acroculia,48152,48161,4.56,1,NO_ANNOT,,,Exact,0,"Acroculia Phillips, 1841",Acroculia,urn:lsid:irmng.org:taxname:1430826,181,IRMNG,
431,Platyceras,Platyceras,48170,48180,4.90,1,NO_ANNOT,,,Exact,0,"Platyceras Conrad, 1840",Platyceras,7PCSB,1,Catalogue of Life,
432,"Capulus,",Capulus,49510,49518,5.50,1,NO_ANNOT,,,Exact,0,"Capulus Montfort, 1810",Capulus,7NRTW,1,Catalogue of Life,
433,C. paralius,C. paralius,49870,49881,6.50,2,NO_ANNOT,,,NoMatch,,,,,,,,
434,Capulus.,Capulus,50843,50851,5.50,1,NO_ANNOT,,,Exact,0,"Capulus Montfort, 1810",Capulus,7NRTW,1,Catalogue of Life,
435,Capulus,Capulus,51082,51089,5.50,1,NO_ANNOT,,,Exact,0,"Capulus Montfort, 1810",Capulus,7NRTW,1,Catalogue of Life,
436,Capulus,Capulus,51105,51112,5.50,1,NO_ANNOT,,,Exact,0,"Capulus Montfort, 1810",Capulus,7NRTW,1,Catalogue of Life,
437,"Capulus acutirostris,",Capulus acutirostris,54074,54095,13.06,2,NO_ANNOT,,,Exact,0,Capulus acutirostris (Hall 1856),Capulus acutirostris,72924,172,PaleoBioDB,
438,Capulus,Capulus,54860,54867,5.50,1,NO_ANNOT,,,Exact,0,"Capulus Montfort, 1810",Capulus,7NRTW,1,Catalogue of Life,
439,Crinoidea,Crinoidea,56913,56922,5.49,1,NO_ANNOT,,,Exact,0,Crinoidea,Crinoidea,9Z,1,Catalogue of Life,
440,Strotocrinus,Strotocrinus,58543,58555,6.29,1,NO_ANNOT,,,Exact,0,"Strotocrinus Meek & Worthen, 1866",Strotocrinus,urn:lsid:irmng.org:taxname:1055103,181,IRMNG,
441,Capulus,Capulus,58637,58644,5.50,1,NO_ANNOT,,,Exact,0,"Capulus Montfort, 1810",Capulus,7NRTW,1,Catalogue of Life,
442,Capulus,Capulus,59798,59805,5.50,1,NO_ANNOT,,,Exact,0,"Capulus Montfort, 1810",Capulus,7NRTW,1,Catalogue of Life,
443,Capulus,Capulus,60383,60390,5.50,1,NO_ANNOT,,,Exact,0,"Capulus Montfort, 1810",Capulus,7NRTW,1,Catalogue of Life,
444,Cromyocrinus,Cromyocrinus,60701,60713,6.29,1,NO_ANNOT,,,Exact,0,"Cromyocrinus Trautschold, 1867",Cromyocrinus,urn:lsid:irmng.org:taxname:1209209,181,IRMNG,
445,Capttlus parasiticus,Capttlus parasiticus,60750,60770,7.03,2,NO_ANNOT,,,NoMatch,,,,,,,,
446,Processus,Processus,60891,60900,4.31,1,NO_ANNOT,,,Exact,0,Processus,Processus,6W7Y,1,Catalogue of Life,
447,"Gilbertsocrinus,",Gilbertsocrinus,61164,61180,6.57,1,NO_ANNOT,,,Exact,0,"Gilbertsocrinus Phillips, 1836",Gilbertsocrinus,urn:lsid:irmng.org:taxname:1038193,181,IRMNG,
448,"Gilbertsoerinus tuberosus,",Gilbertsoerinus tuberosus,62375,62401,7.36,2,NO_ANNOT,,,Fuzzy,1,Gilbertsocrinus tuberosus (S.& C.),Gilbertsocrinus tuberosus,gn_101953,186,MCZbase,
449,Capulus,Capulus,63125,63132,5.50,1,NO_ANNOT,,,Exact,0,"Capulus Montfort, 1810",Capulus,7NRTW,1,Catalogue of Life,
450,Capulus injundibulum,Capulus injundibulum,64387,64407,7.71,2,NO_ANNOT,,,Fuzzy,1,Capulus infundibulum (M. & W. ),Capulus infundibulum,3947072,168,ION,
451,Platycrimis hemisphericus,Platycrimis hemisphericus,64619,64644,6.94,2,NO_ANNOT,,,NoMatch,,,,,,,,
452,Capulus,Capulus,65142,65149,5.50,1,NO_ANNOT,,,Exact,0,"Capulus Montfort, 1810",Capulus,7NRTW,1,Catalogue of Life,
453,Capulus,Capulus,66001,66008,5.50,1,NO_ANNOT,,,Exact,0,"Capulus Montfort, 1810",Capulus,7NRTW,1,Catalogue of Life,
454,Capulus equilateralis,Capulus equilateralis,66196,66217,13.15,2,NO_ANNOT,,,Exact,0,Capulus equilateralis (Hall 1859),Capulus equilateralis,77153,172,PaleoBioDB,
455,Capulus equilateralis,Capulus equilateralis,66789,66810,13.15,2,NO_ANNOT,,,Exact,0,Capulus equilateralis (Hall 1859),Capulus equilateralis,77153,172,PaleoBioDB,
456,C. infundihulum,C. infundihulum,66815,66830,6.90,2,NO_ANNOT,,,NoMatch,,,,,,,,
457,Gilbertsocrinus tuberosus.,Gilbertsocrinus tuberosus,67207,67233,13.67,2,NO_ANNOT,,,Exact,0,Gilbertsocrinus tuberosus (S.& C.),Gilbertsocrinus tuberosus,gn_101953,186,MCZbase,
458,Gilbertsocrinus typus.,Gilbertsocrinus typus,67234,67256,11.81,2,NO_ANNOT,,,Exact,0,Gilbertsocrinus typus (Hall),Gilbertsocrinus typus,gn_100564,186,MCZbase,
459,Actinocrinus verrucosus.,Actinocrinus verrucosus,67257,67281,13.50,2,NO_ANNOT,,,Exact,0,Actinocrinus verrucosus,Actinocrinus verrucosus,gn_172250,186,MCZbase,
460,Physetocrinus ventricosus.,Physetocrinus ventricosus,67282,67308,13.90,2,NO_ANNOT,,,Exact,0,"Physetocrinus ventricosus (Hall, 1858)",Physetocrinus ventricosus,gn_51793,186,MCZbase,
461,Strotocrinus regalis.,Strotocrinus regalis,67309,67330,13.23,2,NO_ANNOT,,,Exact,0,Strotocrinus regalis (Hall),Strotocrinus regalis,gn_260231,186,MCZbase,
462,Dorycrinus immahirus.,Dorycrinus immahirus,67331,67352,7.87,2,NO_ANNOT,,,PartialExact,0,"Dorycrinus Roemer, 1853",Dorycrinus,urn:lsid:irmng.org:taxname:1321174,181,IRMNG,
463,Agaricocrinus americanus.,Agaricocrinus americanus,67353,67378,13.74,2,NO_ANNOT,,,Exact,0,Agaricocrinus americanus (Roemer),Agaricocrinus americanus,gn_35342,186,MCZbase,
464,Pterotocrinus depressus.,Pterotocrinus depressus,67464,67488,13.48,2,NO_ANNOT,,,Exact,0,Pterotocrinus depressus,Pterotocrinus depressus,7673437,179,Open Tree of Life,
465,Pterotocrinus bifurcatus.,Pterotocrinus bifurcatus,67489,67514,14.21,2,NO_ANNOT,,,Exact,0,Pterotocrinus bifurcatus Wetherby 1879,Pterotocrinus bifurcatus,99553498,169,uBio NameBank,
466,Poteriocrinus coceinus.,Poteriocrinus coceinus,67515,67538,8.43,2,NO_ANNOT,,,PartialExact,0,"Poteriocrinus Agassiz, 1836",Poteriocrinus,urn:lsid:irmng.org:taxname:1450422,181,IRMNG,
467,Platycrinus hemisphericus.,Platycrinus hemisphericus,67539,67565,13.56,2,NO_ANNOT,,,Exact,0,Platycrinus hemisphericus Meek & Worthen,Platycrinus hemisphericus,gn_35639,186,MCZbase,
468,Platycrinus pileijormis.,Platycrinus pileijormis,67566,67590,8.24,2,NO_ANNOT,,,Fuzzy,1,Platycrinus pileiformis (Hall),Platycrinus pileiformis,gn_95474,186,MCZbase,
469,Acrocrinus shumardi.,Acrocrinus shumardi,67591,67611,11.88,2,NO_ANNOT,,,Exact,0,Acrocrinus shumardi,Acrocrinus shumardi,2350034,168,ION,
470,Marsupiocrinus ccelatus.,Marsupiocrinus ccelatus,67634,67658,14.16,2,NO_ANNOT,,,Fuzzy,1,Marsupiocrinus caelatus,Marsupiocrinus caelatus,99739392,169,uBio NameBank,
471,Melocrinus globosus.,Melocrinus globosus,67659,67679,12.87,2,NO_ANNOT,,,PartialExact,0,"Melocrinus Agassiz, 1836",Melocrinus,urn:lsid:irmng.org:taxname:1405497,181,IRMNG,
472,Pentremifes godoni.,Pentremifes godoni,67680,67699,4.09,2,NO_ANNOT,,,Fuzzy,1,Pentremides godoni (Defrance),Pentremides godoni,gn_70563,186,MCZbase,
473,C. equilateralis,C. equilateralis,68388,68404,7.32,2,NO_ANNOT,,,NoMatch,,,,,,,,
474,Capulus infundihulum,Capulus infundihulum,68848,68868,12.73,2,NO_ANNOT,,,Fuzzy,1,Capulus infundibulum (M. & W. ),Capulus infundibulum,3947072,168,ION,
475,Platycrinus,Platycrinus,68936,68947,6.05,1,NO_ANNOT,,,Exact,0,"Platycrinus Agassiz, 1836",Platycrinus,urn:lsid:irmng.org:taxname:1436291,181,IRMNG,
476,Capulus,Capulus,70179,70186,5.50,1,NO_ANNOT,,,Exact,0,"Capulus Montfort, 1810",Capulus,7NRTW,1,Catalogue of Life,
477,Capulus,Capulus,71855,71862,5.50,1,NO_ANNOT,,,Exact,0,"Capulus Montfort, 1810",Capulus,7NRTW,1,Catalogue of Life,
478,"C. acutirostris,",C. acutirostris,71943,71959,7.22,2,NO_ANNOT,,,NoMatch,,,,,,,,
479,"C. parvus,",C. parvus,71960,71970,5.21,2,NO_ANNOT,,,NoMatch,,,,,,,,
480,Kaskaskia,Kaskaskia,72655,72664,5.24,1,NO_ANNOT,,,Exact,0,Kaskaskia,Kaskaskia,57N7,1,Catalogue of Life,
481,C. acutirostris,C. acutirostris,72730,72745,7.22,2,NO_ANNOT,,,NoMatch,,,,,,,,
482,Capulus piso,Capulus piso,73473,73485,4.92,2,NO_ANNOT,,,Exact,0,Capulus piso (Walcott 1884),Capulus piso,80937,172,PaleoBioDB,
483,Capulus formosus,Capulus formosus,73534,73550,12.44,2,NO_ANNOT,,,Exact,0,Capulus formosus (Keyes ),Capulus formosus,3947070,168,ION,
484,Capulus biserialis,Capulus biserialis,73715,73733,12.92,2,NO_ANNOT,,,Exact,0,Capulus biserialis (Hall ),Capulus biserialis,3947063,168,ION,
485,Capulus acxdirostris,Capulus acxdirostris,73947,73967,8.03,2,NO_ANNOT,,,PartialExact,0,"Capulus Montfort, 1810",Capulus,7NRTW,1,Catalogue of Life,
486,Capulus,Capulus,74102,74109,5.50,1,NO_ANNOT,,,Exact,0,"Capulus Montfort, 1810",Capulus,7NRTW,1,Catalogue of Life,
487,Capulus acutirostris,Capulus acutirostris,74182,74202,13.06,2,NO_ANNOT,,,Exact,0,Capulus acutirostris (Hall 1856),Capulus acutirostris,72924,172,PaleoBioDB,
488,Kaskaskia,Kaskaskia,74209,74218,5.24,1,NO_ANNOT,,,Exact,0,Kaskaskia,Kaskaskia,57N7,1,Catalogue of Life,
489,Capulus chesterensis,Capulus chesterensis,74230,74250,13.33,2,NO_ANNOT,,,Exact,0,Capulus chesterensis (Meek and Worthen 1867),Capulus chesterensis,79208,172,PaleoBioDB,
490,Capulus,Capulus,74326,74333,5.50,1,NO_ANNOT,,,Exact,0,"Capulus Montfort, 1810",Capulus,7NRTW,1,Catalogue of Life,
491,Capulus,Capulus,74379,74386,5.50,1,NO_ANNOT,,,Exact,0,"Capulus Montfort, 1810",Capulus,7NRTW,1,Catalogue of Life,
492,Platyceras present,Platyceras present,74753,74771,4.22,2,NO_ANNOT,,,PartialExact,0,"Platyceras Conrad, 1840",Platyceras,7PCSB,1,Catalogue of Life,
493,Platystoma,Platystoma,75217,75227,5.28,1,NO_ANNOT,,,Exact,0,Platystoma,Platystoma,6S5R,1,Catalogue of Life,
494,Capulus,Capulus,76696,76703,5.50,1,NO_ANNOT,,,Exact,0,"Capulus Montfort, 1810",Capulus,7NRTW,1,Catalogue of Life,
495,Capulus protei,Capulus protei,77217,77231,10.67,2,NO_ANNOT,,,PartialExact,0,"Capulus Montfort, 1810",Capulus,7NRTW,1,Catalogue of Life,
496,Capulus occidens,Capulus occidens,77716,77732,11.77,2,NO_ANNOT,,,Exact,0,Capulus occidens (Walcott 1884),Capulus occidens,200450,172,PaleoBioDB,
497,Platyeeras occidens,Platyeeras occidens,77744,77763,4.87,2,NO_ANNOT,,,Fuzzy,1,Platyceras (Orthonychia) occidens (Walcott 1884),Platyceras occidens,200451,172,PaleoBioDB,
498,Pala;.,Pala,77779,77785,3.80,1,NO_ANNOT,,,Exact,0,Pala Juss.,Pala,7NB86,1,Catalogue of Life,
499,Capulus occidens,Capulus occidens,77830,77846,11.77,2,NO_ANNOT,,,Exact,0,Capulus occidens (Walcott 1884),Capulus occidens,200450,172,PaleoBioDB,
500,C. cyrtolites,C. cyrtolites,78319,78332,4.71,2,NO_ANNOT,,,NoMatch,,,,,,,,
501,Capulus,Capulus,78587,78594,5.50,1,NO_ANNOT,,,Exact,0,"Capulus Montfort, 1810",Capulus,7NRTW,1,Catalogue of Life,
502,Capulus,Capulus,79283,79290,5.50,1,NO_ANNOT,,,Exact,0,"Capulus Montfort, 1810",Capulus,7NRTW,1,Catalogue of Life,
503,Capulus formosus,Capulus formosus,79368,79384,12.44,2,NO_ANNOT,,,Exact,0,Capulus formosus (Keyes ),Capulus formosus,3947070,168,ION,
504,Capulus,Capulus,79526,79533,5.50,1,NO_ANNOT,,,Exact,0,"Capulus Montfort, 1810",Capulus,7NRTW,1,Catalogue of Life,
505,Dorycrinus immaturus,Dorycrinus immaturus,80086,80106,12.90,2,NO_ANNOT,,,Exact,0,Dorycrinus immaturus,Dorycrinus immaturus,7672209,179,Open Tree of Life,
506,C. paralius,C. paralius,80225,80236,6.50,2,NO_ANNOT,,,NoMatch,,,,,,,,
507,Capulus cornuformis,Capulus cornuformis,80294,80313,12.72,2,NO_ANNOT,,,Fuzzy,2,Capulus cornuforme (Winchell 1863),Capulus cornuforme,77011,172,PaleoBioDB,
508,Platyceras,Platyceras,80346,80356,4.90,1,NO_ANNOT,,,Exact,0,"Platyceras Conrad, 1840",Platyceras,7PCSB,1,Catalogue of Life,
509,Platyceras cornuforme,Platyceras cornuforme,80431,80452,11.08,2,NO_ANNOT,,,Exact,0,Platyceras cornuforme (Winchell 1863),Platyceras cornuforme,80503,172,PaleoBioDB,
510,Platyceras cornuforme,Platyceras cornuforme,81031,81052,11.08,2,NO_ANNOT,,,Exact,0,Platyceras cornuforme (Winchell 1863),Platyceras cornuforme,80503,172,PaleoBioDB,
511,C. paralius,C. paralius,81097,81108,6.50,2,NO_ANNOT,,,NoMatch,,,,,,,,
512,Capulus haliotoides,Capulus haliotoides,81150,81169,12.25,2,NO_ANNOT,,,PartialExact,0,"Capulus Montfort, 1810",Capulus,7NRTW,1,Catalogue of Life,
513,Platyceras haliotoides,Platyceras haliotoides,81188,81210,11.65,2,NO_ANNOT,,,Exact,0,Platyceras haliotoides Meek and Worthen 1866,Platyceras haliotoides,75260,172,PaleoBioDB,
514,Platyceras,Platyceras,81286,81296,4.90,1,NO_ANNOT,,,Exact,0,"Platyceras Conrad, 1840",Platyceras,7PCSB,1,Catalogue of Life,
515,Capulus lodiensis,Capulus lodiensis,82145,82162,13.01,2,NO_ANNOT,,,Exact,0,Capulus lodiensis (Meek 1871),Capulus lodiensis,397457,172,PaleoBioDB,
516,Platyceras,Platyceras,82171,82181,4.90,1,NO_ANNOT,,,Exact,0,"Platyceras Conrad, 1840",Platyceras,7PCSB,1,Catalogue of Life,
517,Platyceras,Platyceras,82263,82273,4.90,1,NO_ANNOT,,,Exact,0,"Platyceras Conrad, 1840",Platyceras,7PCSB,1,Catalogue of Life,
518,Capulus lodiensis,Capulus lodiensis,82765,82782,13.01,2,NO_ANNOT,,,Exact,0,Capulus lodiensis (Meek 1871),Capulus lodiensis,397457,172,PaleoBioDB,
519,Capulus paralius,Capulus paralius,83322,83338,12.34,2,NO_ANNOT,,,Exact,0,Capulus paralius (White and Whitfield 1862),Capulus paralius,79327,172,PaleoBioDB,
520,Platyceras,Platyceras,83387,83397,4.90,1,NO_ANNOT,,,Exact,0,"Platyceras Conrad, 1840",Platyceras,7PCSB,1,Catalogue of Life,
521,Platyceras paralium,Platyceras paralium,83485,83504,11.66,2,NO_ANNOT,,,Exact,0,Platyceras paralium (White and Whitfield 1862),Platyceras paralium,75281,172,PaleoBioDB,
522,Capulus paralius,Capulus paralius,83563,83579,12.34,2,NO_ANNOT,,,Exact,0,Capulus paralius (White and Whitfield 1862),Capulus paralius,79327,172,PaleoBioDB,
523,Capulus subplicatus,Capulus subplicatus,84595,84614,13.65,2,NO_ANNOT,,,PartialExact,0,"Capulus Montfort, 1810",Capulus,7NRTW,1,Catalogue of Life,
524,Platyceras,Platyceras,84633,84643,4.90,1,NO_ANNOT,,,Exact,0,"Platyceras Conrad, 1840",Platyceras,7PCSB,1,Catalogue of Life,
525,Platyceras,Platyceras,84736,84746,4.90,1,NO_ANNOT,,,Exact,0,"Platyceras Conrad, 1840",Platyceras,7PCSB,1,Catalogue of Life,
526,Capulus cyrtolites,Capulus cyrtolites,85484,85502,10.54,2,NO_ANNOT,,,Exact,0,Capulus cyrtolites (McC. ),Capulus cyrtolites,3947065,168,ION,
527,Ptatyceras cyrtolites,Ptatyceras cyrtolites,85536,85557,3.64,2,NO_ANNOT,,,NoMatch,,,,,,,,
528,Platyceras cyrtolites,Platyceras cyrtolites,85627,85648,9.94,2,NO_ANNOT,,,PartialExact,0,"Platyceras Conrad, 1840",Platyceras,7PCSB,1,Catalogue of Life,
529,Capiiliis cyrtolites,Capiiliis cyrtolites,85708,85728,2.72,2,NO_ANNOT,,,NoMatch,,,,,,,,
530,C. cyrtolites,C. cyrtolites,86378,86391,4.71,2,NO_ANNOT,,,NoMatch,,,,,,,,
531,Capulus biserialis,Capulus biserialis,86533,86551,12.92,2,NO_ANNOT,,,Exact,0,Capulus biserialis (Hall ),Capulus biserialis,3947063,168,ION,
532,Platyceras biserialis,Platyceras biserialis,86560,86581,12.32,2,NO_ANNOT,,,PartialExact,0,"Platyceras Conrad, 1840",Platyceras,7PCSB,1,Catalogue of Life,
533,Platyceras biserialis,Platyceras biserialis,86640,86661,12.32,2,NO_ANNOT,,,PartialExact,0,"Platyceras Conrad, 1840",Platyceras,7PCSB,1,Catalogue of Life,
534,Capulus biserialis,Capulus biserialis,86745,86763,12.92,2,NO_ANNOT,,,Exact,0,Capulus biserialis (Hall ),Capulus biserialis,3947063,168,ION,
535,Capulus latus,Capulus latus,87653,87666,12.06,2,NO_ANNOT,,,Exact,0,Capulus latus (Keyes 1888),Capulus latus,79321,172,PaleoBioDB,
536,Platyccras latum,Platyccras latum,87785,87801,4.83,2,NO_ANNOT,,,Fuzzy,1,Platyceras latum (Keyes 1888),Platyceras latum,75266,172,PaleoBioDB,
537,Capulus latus,Capulus latus,87866,87879,12.06,2,NO_ANNOT,,,Exact,0,Capulus latus (Keyes 1888),Capulus latus,79321,172,PaleoBioDB,
538,Capulus obliquus,Capulus obliquus,88711,88727,11.30,2,NO_ANNOT,,,Exact,0,Capulus obliquus,Capulus obliquus,277954,183,Sherborn Index Animalium,
539,Platyceras,Platyceras,88872,88882,4.90,1,NO_ANNOT,,,Exact,0,"Platyceras Conrad, 1840",Platyceras,7PCSB,1,Catalogue of Life,
540,Capulus obliquus,Capulus obliquus,88949,88965,11.30,2,NO_ANNOT,,,Exact,0,Capulus obliquus,Capulus obliquus,277954,183,Sherborn Index Animalium,
541,"Orthonychia""",Orthonychia,89751,89763,4.71,1,NO_ANNOT,,,Exact,0,"Orthonychia Hall, 1843",Orthonychia,urn:lsid:irmng.org:taxname:1104682,181,IRMNG,
542,"Platyceras""",Platyceras,89770,89781,4.90,1,NO_ANNOT,,,Exact,0,"Platyceras Conrad, 1840",Platyceras,7PCSB,1,Catalogue of Life,
543,Capulus quinoyensis,Capulus quinoyensis,89862,89881,8.41,2,NO_ANNOT,,,Fuzzy,1,Capulus quincyensis (McC ),Capulus quincyensis,3947081,168,ION,
544,Platyceras,Platyceras,90004,90014,4.90,1,NO_ANNOT,,,Exact,0,"Platyceras Conrad, 1840",Platyceras,7PCSB,1,Catalogue of Life,
545,Platyceras,Platyceras,90108,90118,4.90,1,NO_ANNOT,,,Exact,0,"Platyceras Conrad, 1840",Platyceras,7PCSB,1,Catalogue of Life,
546,Platyceras,Platyceras,90229,90239,4.90,1,NO_ANNOT,,,Exact,0,"Platyceras Conrad, 1840",Platyceras,7PCSB,1,Catalogue of Life,
547,C. quincyensis,C. quincyensis,91606,91620,7.60,2,NO_ANNOT,,,NoMatch,,,,,,,,
548,C. quincyensis,C. quincyensis,92034,92048,7.60,2,NO_ANNOT,,,NoMatch,,,,,,,,
549,Physetocvinus ventricosus,Physetocvinus ventricosus,92087,92112,7.59,2,NO_ANNOT,,,Fuzzy,1,"Physetocrinus ventricosus (Hall, 1858)",Physetocrinus ventricosus,gn_51793,186,MCZbase,
550,Capulus tribulosus,Capulus tribulosus,92459,92477,12.72,2,NO_ANNOT,,,Exact,0,Capulus tribulosus (White ),Capulus tribulosus,3947086,168,ION,
551,Platyceras,Platyceras,92625,92635,4.90,1,NO_ANNOT,,,Exact,0,"Platyceras Conrad, 1840",Platyceras,7PCSB,1,Catalogue of Life,
552,Capulus tribulosus,Capulus tribulosus,92706,92724,12.72,2,NO_ANNOT,,,Exact,0,Capulus tribulosus (White ),Capulus tribulosus,3947086,168,ION,
553,Capulus,Capulus,93541,93548,5.50,1,NO_ANNOT,,,Exact,0,"Capulus Montfort, 1810",Capulus,7NRTW,1,Catalogue of Life,
554,C. biserialis,C. biserialis,93665,93678,7.08,2,NO_ANNOT,,,NoMatch,,,,,,,,
555,Capulus acutirostris,Capulus acutirostris,94133,94153,13.06,2,NO_ANNOT,,,Exact,0,Capulus acutirostris (Hall 1856),Capulus acutirostris,72924,172,PaleoBioDB,
556,Capulus acutirostris,Capulus acutirostris,94160,94180,13.06,2,NO_ANNOT,,,Exact,0,Capulus acutirostris (Hall 1856),Capulus acutirostris,72924,172,PaleoBioDB,
557,Capulus acutirostris,Capulus acutirostris,94234,94254,13.06,2,NO_ANNOT,,,Exact,0,Capulus acutirostris (Hall 1856),Capulus acutirostris,72924,172,PaleoBioDB,
558,Platyceras,Platyceras,94333,94343,4.90,1,NO_ANNOT,,,Exact,0,"Platyceras Conrad, 1840",Platyceras,7PCSB,1,Catalogue of Life,
559,{Capulus),Capulus,94344,94353,5.50,1,NO_ANNOT,,,Exact,0,"Capulus Montfort, 1810",Capulus,7NRTW,1,Catalogue of Life,
560,Platyceras,Platyceras,94427,94437,4.90,1,NO_ANNOT,,,Exact,0,"Platyceras Conrad, 1840",Platyceras,7PCSB,1,Catalogue of Life,
561,Platyceras,Platyceras,94511,94521,4.90,1,NO_ANNOT,,,Exact,0,"Platyceras Conrad, 1840",Platyceras,7PCSB,1,Catalogue of Life,
562,Platyceras,Platyceras,94606,94616,4.90,1,NO_ANNOT,,,Exact,0,"Platyceras Conrad, 1840",Platyceras,7PCSB,1,Catalogue of Life,
563,Platyceras acutirostris,Platyceras acutirostris,94691,94714,12.46,2,NO_ANNOT,,,Exact,0,Platyceras acutirostris (Hall 1856),Platyceras acutirostris,194713,172,PaleoBioDB,
564,Capulus acutirostris,Capulus acutirostris,94787,94807,13.06,2,NO_ANNOT,,,Exact,0,Capulus acutirostris (Hall 1856),Capulus acutirostris,72924,172,PaleoBioDB,
565,Spurgeon,Spurgeon,95528,95536,3.81,1,NO_ANNOT,,,Exact,0,Spurgeon,Spurgeon,7LPD,1,Catalogue of Life,
566,Spurgeon,Spurgeon,95757,95765,3.81,1,NO_ANNOT,,,Exact,0,Spurgeon,Spurgeon,7LPD,1,Catalogue of Life,
567,PlaUjceras uncum,Plaujceras uncum,95865,95881,4.46,2,NO_ANNOT,,,NoMatch,,,,,,,,
568,Capulus equilateralis,Capulus equilateralis,96071,96092,13.15,2,NO_ANNOT,,,Exact,0,Capulus equilateralis (Hall 1859),Capulus equilateralis,77153,172,PaleoBioDB,
569,Platyceras equilatera,Platyceras equilatera,96122,96143,11.95,2,NO_ANNOT,,,Exact,0,Platyceras equilatera (Hall 1859),Platyceras equilatera,77150,172,PaleoBioDB,
570,Platyce7-as equilatera,Platyce�-as equilatera,96198,96220,4.94,2,NO_ANNOT,,,NoMatch,,,,,,,,
571,Platyceras equilateralis,Platyceras equilateralis,96299,96323,12.55,2,NO_ANNOT,,,Exact,0,Platyceras (Platyceras) equilateralis (Hall 1859),Platyceras equilateralis,193370,172,PaleoBioDB,
572,Platyceras equilatera,Platyceras equilatera,96370,96391,11.95,2,NO_ANNOT,,,Exact,0,Platyceras equilatera (Hall 1859),Platyceras equilatera,77150,172,PaleoBioDB,
573,Platyceras,Platyceras,96460,96470,4.90,1,NO_ANNOT,,,Exact,0,"Platyceras Conrad, 1840",Platyceras,7PCSB,1,Catalogue of Life,
574,Platyceras,Platyceras,96559,96569,4.90,1,NO_ANNOT,,,Exact,0,"Platyceras Conrad, 1840",Platyceras,7PCSB,1,Catalogue of Life,
575,Platyceras,Platyceras,96629,96639,4.90,1,NO_ANNOT,,,Exact,0,"Platyceras Conrad, 1840",Platyceras,7PCSB,1,Catalogue of Life,
576,Capulus equilateralis,Capulus equilateralis,96710,96731,13.15,2,NO_ANNOT,,,Exact,0,Capulus equilateralis (Hall 1859),Capulus equilateralis,77153,172,PaleoBioDB,
577,"Niota,",Niota,97424,97430,2.82,1,NO_ANNOT,,,Exact,0,Niota Lam.,Niota,5TDJV,1,Catalogue of Life,
578,Capulus,Capulus,98099,98106,5.50,1,NO_ANNOT,,,Exact,0,"Capulus Montfort, 1810",Capulus,7NRTW,1,Catalogue of Life,
579,C. equilateralis,C. equilateralis,98635,98651,7.32,2,NO_ANNOT,,,NoMatch,,,,,,,,
580,C. equilateralis,C. equilateralis,98843,98859,7.32,2,NO_ANNOT,,,NoMatch,,,,,,,,
581,Gilbertsocrinus tuberosus,Gilbertsocrinus tuberosus,98896,98921,13.67,2,NO_ANNOT,,,Exact,0,Gilbertsocrinus tuberosus (S.& C.),Gilbertsocrinus tuberosus,gn_101953,186,MCZbase,
582,Capulus,Capulus,99091,99098,5.50,1,NO_ANNOT,,,Exact,0,"Capulus Montfort, 1810",Capulus,7NRTW,1,Catalogue of Life,
583,Platijcrinus hemisphericus,Platijcrinus hemisphericus,99143,99169,7.49,2,NO_ANNOT,,,NoMatch,,,,,,,,
584,Gilbertsocrinus,Gilbertsocrinus,99286,99301,6.57,1,NO_ANNOT,,,Exact,0,"Gilbertsocrinus Phillips, 1836",Gilbertsocrinus,urn:lsid:irmng.org:taxname:1038193,181,IRMNG,
585,G. tuberosus,G. tuberosus,99423,99435,6.77,2,NO_ANNOT,,,NoMatch,,,,,,,,
586,Platycrinus,Platycrinus,100817,100828,6.05,1,NO_ANNOT,,,Exact,0,"Platycrinus Agassiz, 1836",Platycrinus,urn:lsid:irmng.org:taxname:1436291,181,IRMNG,
587,Capulus fissurella,Capulus fissurella,101058,101076,12.73,2,NO_ANNOT,,,Exact,0,Capulus fissurella (Hall ),Capulus fissurella,3947068,168,ION,
588,Platyceras fissurella,Platyceras fissurella,101085,101106,12.13,2,NO_ANNOT,,,PartialExact,0,"Platyceras Conrad, 1840",Platyceras,7PCSB,1,Catalogue of Life,
589,Platyceras fissurella,Platyceras fissurella,101160,101181,12.13,2,NO_ANNOT,,,PartialExact,0,"Platyceras Conrad, 1840",Platyceras,7PCSB,1,Catalogue of Life,
590,Platyceras fissurella,Platyceras fissurella,101259,101280,12.13,2,NO_ANNOT,,,PartialExact,0,"Platyceras Conrad, 1840",Platyceras,7PCSB,1,Catalogue of Life,
591,Capulus fissurella,Capulus fissurella,101339,101357,12.73,2,NO_ANNOT,,,Exact,0,Capulus fissurella (Hall ),Capulus fissurella,3947068,168,ION,
592,C. fissurella,C. fissurella,102384,102397,6.90,2,NO_ANNOT,,,NoMatch,,,,,,,,
593,Capulus infundibulum,Capulus infundibulum,103311,103331,9.24,2,NO_ANNOT,,,Exact,0,Capulus infundibulum (M. & W. ),Capulus infundibulum,3947072,168,ION,
594,Platyceras,Platyceras,103372,103382,4.90,1,NO_ANNOT,,,Exact,0,"Platyceras Conrad, 1840",Platyceras,7PCSB,1,Catalogue of Life,
595,Platycems subrectum,Platycems subrectum,103502,103521,5.07,2,NO_ANNOT,,,NoMatch,,,,,,,,
596,Platyceras infundibulum,Platyceras infundibulum,103608,103631,8.64,2,NO_ANNOT,,,Exact,0,Platyceras infundibulum (Meek & Worthen),Platyceras infundibulum,gn_61329,186,MCZbase,
597,Platyceras infundibulum,Platyceras infundibulum,103700,103723,8.64,2,NO_ANNOT,,,Exact,0,Platyceras infundibulum (Meek & Worthen),Platyceras infundibulum,gn_61329,186,MCZbase,
598,Platyceras,Platyceras,103801,103811,4.90,1,NO_ANNOT,,,Exact,0,"Platyceras Conrad, 1840",Platyceras,7PCSB,1,Catalogue of Life,
599,Platyceras,Platyceras,103894,103904,4.90,1,NO_ANNOT,,,Exact,0,"Platyceras Conrad, 1840",Platyceras,7PCSB,1,Catalogue of Life,
600,Capulus,Capulus,103976,103983,5.50,1,NO_ANNOT,,,Exact,0,"Capulus Montfort, 1810",Capulus,7NRTW,1,Catalogue of Life,
601,Platycrinus hemisphericus,Platycrinus hemisphericus,105529,105554,13.56,2,NO_ANNOT,,,Exact,0,Platycrinus hemisphericus Meek & Worthen,Platycrinus hemisphericus,gn_35639,186,MCZbase,
602,Endadoci-inus mUlehrachlutus,Endadoci-inus mulehrachlutus,105628,105656,3.17,2,NO_ANNOT,,,NoMatch,,,,,,,,
603,Capulus sulcatinus,Capulus sulcatinus,106968,106986,12.87,2,SP_NOV,,,Exact,0,Capulus sulcatinus,Capulus sulcatinus,3947084,168,ION,
604,C. equilateralis,C. equilateralis,107732,107748,7.32,2,NO_ANNOT,,,NoMatch,,,,,,,,
605,Capulus ovalis,Capulus ovalis,107956,107970,12.16,2,NO_ANNOT,,,Fuzzy,1,"Cadulus (Dischides) ovalis Boissevain, 1906",Cadulus ovalis,P7GZ,1,Catalogue of Life,
606,Acroculia ovalis,Acroculia ovalis,107982,107998,11.22,2,NO_ANNOT,,,PartialExact,0,"Acroculia Phillips, 1841",Acroculia,urn:lsid:irmng.org:taxname:1430826,181,IRMNG,
607,Platyceras laevigatum,Platyceras laevigatum,108053,108074,12.41,2,NO_ANNOT,,,PartialExact,0,"Platyceras Conrad, 1840",Platyceras,7PCSB,1,Catalogue of Life,
608,Acroculia hcvigata,Acroculia hcvigata,108148,108166,7.27,2,NO_ANNOT,,,PartialExact,0,"Acroculia Phillips, 1841",Acroculia,urn:lsid:irmng.org:taxname:1430826,181,IRMNG,
609,Capulus ovalis,Capulus ovalis,108639,108653,12.16,2,NO_ANNOT,,,Fuzzy,1,"Cadulus (Dischides) ovalis Boissevain, 1906",Cadulus ovalis,P7GZ,1,Catalogue of Life,
610,Capulus chesterensis,Capulus chesterensis,108801,108821,13.33,2,NO_ANNOT,,,Exact,0,Capulus chesterensis (Meek and Worthen 1867),Capulus chesterensis,79208,172,PaleoBioDB,
611,Platyceras,Platyceras,108882,108892,4.90,1,NO_ANNOT,,,Exact,0,"Platyceras Conrad, 1840",Platyceras,7PCSB,1,Catalogue of Life,
612,Platyceras chesterense,Platyceras chesterense,108990,109012,11.30,2,NO_ANNOT,,,Exact,0,Platyceras chesterense (Meek and Worthen 1867),Platyceras chesterense,79207,172,PaleoBioDB,
613,"Aperture pentagonal,",Aperture pentagonal,109534,109554,,2,NO_ANNOT,,,NoMatch,,,,,,,,
614,Pentremites godoni,Pentremites godoni,109985,110003,9.79,2,NO_ANNOT,,,Exact,0,Pentremites godoni,Pentremites godoni,gn_136299,186,MCZbase,
615,P. acutus,P. acutus,110177,110186,6.75,2,NO_ANNOT,,,NoMatch,,,,,,,,
616,"Pterotocrinus,",Pterotocrinus,111576,111590,6.38,1,NO_ANNOT,,,Exact,0,"Pterotocrinus Lyon & Casseday, 1860",Pterotocrinus,urn:lsid:irmng.org:taxname:1320023,181,IRMNG,
617,Capulus parvus,Capulus parvus,112323,112337,11.05,2,NO_ANNOT,,,Exact,0,Capulus parvus (Shumard and Swallow 1858),Capulus parvus,95689,172,PaleoBioDB,
618,Platyceras,Platyceras,112457,112467,4.90,1,NO_ANNOT,,,Exact,0,"Platyceras Conrad, 1840",Platyceras,7PCSB,1,Catalogue of Life,
619,Platyceras nebrascense,Platyceras nebrascense,112542,112564,11.30,2,NO_ANNOT,,,Exact,0,Platyceras nebrascense Meek 1872,Platyceras nebrascense,95685,172,PaleoBioDB,
620,Platyceras nebrascense,Platyceras nebrascense,112637,112659,11.30,2,NO_ANNOT,,,Exact,0,Platyceras nebrascense Meek 1872,Platyceras nebrascense,95685,172,PaleoBioDB,
621,Capiihis pannis,Capiihis pannis,112738,112753,3.13,2,NO_ANNOT,,,NoMatch,,,,,,,,
622,C. parvus.,C. parvus,113617,113627,5.21,2,NO_ANNOT,,,NoMatch,,,,,,,,
623,Platyceras nebrascense,Platyceras nebrascense,113907,113929,11.30,2,NO_ANNOT,,,Exact,0,Platyceras nebrascense Meek 1872,Platyceras nebrascense,95685,172,PaleoBioDB,
624,Capulus spinigerus,Capulus spinigerus,114019,114037,12.59,2,NO_ANNOT,,,Exact,0,Capulus spinigerus (Worthen 1883),Capulus spinigerus,349919,172,PaleoBioDB,
625,Platyceras,Platyceras,114049,114059,4.90,1,NO_ANNOT,,,Exact,0,"Platyceras Conrad, 1840",Platyceras,7PCSB,1,Catalogue of Life,
626,Capidus spinigerus,Capidus spinigerus,114143,114161,5.32,2,NO_ANNOT,,,NoMatch,,,,,,,,
627,Capulus,Capulus,114715,114722,5.50,1,NO_ANNOT,,,Exact,0,"Capulus Montfort, 1810",Capulus,7NRTW,1,Catalogue of Life,
628,C. spinigerus,C. spinigerus,114877,114890,6.75,2,NO_ANNOT,,,NoMatch,,,,,,,,
629,C. trigonalis,C. trigonalis,115014,115027,7.08,2,NO_ANNOT,,,NoMatch,,,,,,,,
630,Platyceras bivolve,Platyceras bivolve,115513,115531,9.96,2,NO_ANNOT,,,Exact,0,Platyceras bivolve (White and Whitfield 1862),Platyceras bivolve,77129,172,PaleoBioDB,
631,Platystoma,Platystoma,115696,115706,5.28,1,NO_ANNOT,,,Exact,0,Platystoma,Platystoma,6S5R,1,Catalogue of Life,
632,Platyceras,Platyceras,115813,115823,4.90,1,NO_ANNOT,,,Exact,0,"Platyceras Conrad, 1840",Platyceras,7PCSB,1,Catalogue of Life,
633,Platystoma bivolve,Platystoma bivolve,116098,116116,10.33,2,NO_ANNOT,,,PartialExact,0,Platystoma,Platystoma,6S5R,1,Catalogue of Life,
634,Platystoma niagarense,Platystoma niagarense,116205,116226,11.36,2,NO_ANNOT,,,Fuzzy,1,Platyostoma niagarense (Hall 1852),Platyostoma niagarense,200712,172,PaleoBioDB,
635,Platyceras,Platyceras,116268,116278,4.90,1,NO_ANNOT,,,Exact,0,"Platyceras Conrad, 1840",Platyceras,7PCSB,1,Catalogue of Life,
636,C. equilateralis,C. equilateralis,116351,116367,7.32,2,NO_ANNOT,,,NoMatch,,,,,,,,
637,Platyceras capulus,Platyceras capulus,116376,116394,11.68,2,NO_ANNOT,,,PartialExact,0,"Platyceras Conrad, 1840",Platyceras,7PCSB,1,Catalogue of Life,
638,Capulus.,Capulus,116541,116549,5.50,1,NO_ANNOT,,,Exact,0,"Capulus Montfort, 1810",Capulus,7NRTW,1,Catalogue of Life,
639,Platyceras extinctor,Platyceras extinctor,116550,116570,10.77,2,NO_ANNOT,,,PartialExact,0,"Platyceras Conrad, 1840",Platyceras,7PCSB,1,Catalogue of Life,
640,Capulus infundibulum,Capulus infundibulum,116704,116724,9.24,2,NO_ANNOT,,,Exact,0,Capulus infundibulum (M. & W. ),Capulus infundibulum,3947072,168,ION,
641,Platyceras,Platyceras,116736,116746,4.90,1,NO_ANNOT,,,Exact,0,"Platyceras Conrad, 1840",Platyceras,7PCSB,1,Catalogue of Life,
642,Capulus ovalis,Capulus ovalis,116832,116846,12.16,2,NO_ANNOT,,,Fuzzy,1,"Cadulus (Dischides) ovalis Boissevain, 1906",Cadulus ovalis,P7GZ,1,Catalogue of Life,
643,Platyceras nebrascense,Platyceras nebrascense,116893,116915,11.30,2,NO_ANNOT,,,Exact,0,Platyceras nebrascense Meek 1872,Platyceras nebrascense,95685,172,PaleoBioDB,
644,Capulus parvus,Capulus parvus,116998,117012,11.05,2,NO_ANNOT,,,Exact,0,Capulus parvus (Shumard and Swallow 1858),Capulus parvus,95689,172,PaleoBioDB,
645,Platyceras pabulocrinus,Platyceras pabulocrinus,117022,117045,12.47,2,NO_ANNOT,,,PartialExact,0,"Platyceras Conrad, 1840",Platyceras,7PCSB,1,Catalogue of Life,
646,Platyceras reversum,Platyceras reversum,117178,117197,11.69,2,NO_ANNOT,,,Exact,0,Platyceras reversum Hall,Platyceras reversum,gn_46489,186,MCZbase,
647,Capulus.,Capulus,117274,117282,5.50,1,NO_ANNOT,,,Exact,0,"Capulus Montfort, 1810",Capulus,7NRTW,1,Catalogue of Life,
648,Platyceras subrectum,Platyceras subrectum,117330,117350,12.30,2,NO_ANNOT,,,Exact,0,Platyceras (Orthonychia) subrectum (Hall 1859),Platyceras subrectum,196412,172,PaleoBioDB,
649,Platyceras tortum,Platyceras tortum,117503,117520,11.66,2,NO_ANNOT,,,Exact,0,Platyceras tortum (Meek 1872),Platyceras tortum,75303,172,PaleoBioDB,
650,Capulus.,Capulus,117606,117614,5.50,1,NO_ANNOT,,,Exact,0,"Capulus Montfort, 1810",Capulus,7NRTW,1,Catalogue of Life,
651,"Naticopsis,",Naticopsis,117930,117941,5.11,1,NO_ANNOT,,,Exact,0,"Naticopsis M'Coy, 1842",Naticopsis,7P9K2,1,Catalogue of Life,
652,N. ventricosa,N. ventricosa,117972,117985,7.25,2,NO_ANNOT,,,NoMatch,,,,,,,,
653,Naticopsis gigantea,Naticopsis gigantea,118069,118088,11.17,2,NO_ANNOT,,,Exact,0,Naticopsis gigantea (Hall and Whitfield 1873),Naticopsis gigantea,74871,172,PaleoBioDB,
654,Platystoma niagarense,Platystoma niagarense,118128,118149,11.36,2,NO_ANNOT,,,Fuzzy,1,Platyostoma niagarense (Hall 1852),Platyostoma niagarense,200712,172,PaleoBioDB,
655,Naticopsis torta,Naticopsis torta,118192,118208,10.20,2,NO_ANNOT,,,Exact,0,Naticopsis torta (Meek 1872),Naticopsis torta,79333,172,PaleoBioDB,
656,Capulus triplicatus,Capulus triplicatus,118375,118394,13.65,2,NO_ANNOT,,,PartialExact,0,"Capulus Montfort, 1810",Capulus,7NRTW,1,Catalogue of Life,
657,Myalina,Myalina,118565,118572,3.72,1,NO_ANNOT,,,Exact,0,"Myalina Koninck, 1842",Myalina,urn:lsid:irmng.org:taxname:1350413,181,IRMNG,
658,Platyceras uncum,Platyceras uncum,118575,118591,10.77,2,NO_ANNOT,,,Exact,0,Platyceras uncum Meek & Worthen 1866,Platyceras uncum,2208129,168,ION,
659,Capulus acutirostris,Capulus acutirostris,118667,118687,13.06,2,NO_ANNOT,,,Exact,0,Capulus acutirostris (Hall 1856),Capulus acutirostris,72924,172,PaleoBioDB,
660,Platyceras hertzeri,Platyceras hertzeri,119007,119026,12.10,2,NO_ANNOT,,,Fuzzy,1,Platyceras (Orthonychia) herzeri (Winchell 1871),Platyceras herzeri,160465,172,PaleoBioDB,
661,Platijceras vomerium,Platijceras vomerium,119037,119057,5.48,2,NO_ANNOT,,,NoMatch,,,,,,,,
662,Acroculia trigonalis,Acroculia trigonalis,119124,119144,11.97,2,NO_ANNOT,,,PartialExact,0,"Acroculia Phillips, 1841",Acroculia,urn:lsid:irmng.org:taxname:1430826,181,IRMNG,
663,Capulus par alius,Capulus par alius,119187,119204,4.84,3,NO_ANNOT,,,Fuzzy,1,Capulus paralius (White and Whitfield 1862),Capulus paralius,79327,172,PaleoBioDB,
664,Capulus,Capulus,119319,119326,5.50,1,NO_ANNOT,,,Exact,0,"Capulus Montfort, 1810",Capulus,7NRTW,1,Catalogue of Life,
665,Capulus obliquus,Capulus obliquus,119369,119385,11.30,2,NO_ANNOT,,,Exact,0,Capulus obliquus,Capulus obliquus,277954,183,Sherborn Index Animalium,
666,Capulus tribulosus,Capulus tribulosus,119425,119443,12.72,2,NO_ANNOT,,,Exact,0,Capulus tribulosus (White ),Capulus tribulosus,3947086,168,ION,
667,Capulus cornuformis,Capulus cornuformis,119519,119538,12.72,2,NO_ANNOT,,,Fuzzy,2,Capulus cornuforme (Winchell 1863),Capulus cornuforme,77011,172,PaleoBioDB,
668,Plah/crliius pileiformis,Plah�crliius pileiformis,119628,119652,6.73,2,NO_ANNOT,,,NoMatch,,,,,,,,
669,Capulus.,Capulus,119870,119878,5.50,1,NO_ANNOT,,,Exact,0,"Capulus Montfort, 1810",Capulus,7NRTW,1,Catalogue of Life,
670,Capulus formosus,Capulus formosus,119887,119903,12.44,2,NO_ANNOT,,,Exact,0,Capulus formosus (Keyes ),Capulus formosus,3947070,168,ION,
671,Dorycrinus immaturus,Dorycrinus immaturus,119954,119974,12.90,2,NO_ANNOT,,,Exact,0,Dorycrinus immaturus,Dorycrinus immaturus,7672209,179,Open Tree of Life,
672,Capulus quincyensis,Capulus quincyensis,120024,120043,13.43,2,NO_ANNOT,,,Exact,0,Capulus quincyensis (McC ),Capulus quincyensis,3947081,168,ION,
673,Capulus,Capulus,120092,120099,5.50,1,NO_ANNOT,,,Exact,0,"Capulus Montfort, 1810",Capulus,7NRTW,1,Catalogue of Life,
674,Platycrinus hemisphericus,Platycrinus hemisphericus,120163,120188,13.56,2,NO_ANNOT,,,Exact,0,Platycrinus hemisphericus Meek & Worthen,Platycrinus hemisphericus,gn_35639,186,MCZbase,
675,Capulus equilateralis,Capulus equilateralis,120207,120228,13.15,2,NO_ANNOT,,,Exact,0,Capulus equilateralis (Hall 1859),Capulus equilateralis,77153,172,PaleoBioDB,
676,Platycrinus hemisphericus,Platycrinus hemisphericus,120273,120298,13.56,2,NO_ANNOT,,,Exact,0,Platycrinus hemisphericus Meek & Worthen,Platycrinus hemisphericus,gn_35639,186,MCZbase,
677,Capulus sulcatinus,Capulus sulcatinus,120348,120366,12.87,2,NO_ANNOT,,,Exact,0,Capulus sulcatinus,Capulus sulcatinus,3947084,168,ION,
678,Capulus,Capulus,120456,120463,5.50,1,NO_ANNOT,,,Exact,0,"Capulus Montfort, 1810",Capulus,7NRTW,1,Catalogue of Life,
679,Pterotocrimis acutus,Pterotocrimis acutus,120560,120580,6.83,2,NO_ANNOT,,,NoMatch,,,,,,,,
680,Cajndus parvus,Cajndus parvus,120781,120795,3.78,2,NO_ANNOT,,,NoMatch,,,,,,,,
681,C. nebrascensis,C. nebrascensis,120922,120937,7.49,2,NO_ANNOT,,,NoMatch,,,,,,,,
682,Myxomycetes,Myxomycetes,121139,121150,3.67,1,NO_ANNOT,,,Exact,0,Myxomycetes,Myxomycetes,F2,1,Catalogue of Life,
683,Equus major,Equus major,121808,121819,4.76,2,NO_ANNOT,,,Exact,0,Equus major DeKay 1842,Equus major,46285,172,PaleoBioDB,
684,H. ingenuum,H. ingenuum,122270,122281,5.22,2,NO_ANNOT,,,NoMatch,,,,,,,,
685,H. occidentale,H. occidentale,122630,122644,6.07,2,NO_ANNOT,,,NoMatch,,,,,,,,
686,HippotheRIUM,Hippotherium,122986,122998,5.81,1,NO_ANNOT,,,Exact,0,"Hippotherium Kaup, 1833",Hippotherium,urn:lsid:irmng.org:taxname:1196014,181,IRMNG,
687,H. ingenuum.,H. ingenuum,123051,123063,5.22,2,NO_ANNOT,,,NoMatch,,,,,,,,
688,H. plicatile.,H. plicatile,123064,123077,5.32,2,NO_ANNOT,,,NoMatch,,,,,,,,
689,E. proterus.,E. proterus,123405,123417,6.47,2,NO_ANNOT,,,NoMatch,,,,,,,,
690,"R. proterus,",R. proterus,124185,124197,6.47,2,NO_ANNOT,,,NoMatch,,,,,,,,
691,R. proterus.,R. proterus,124326,124338,6.47,2,NO_ANNOT,,,NoMatch,,,,,,,,
692,R. proterus,R. proterus,124673,124684,6.47,2,NO_ANNOT,,,NoMatch,,,,,,,,
693,R. proterus.,R. proterus,124894,124906,6.47,2,NO_ANNOT,,,NoMatch,,,,,,,,
694,Rhinoceros longipes,Rhinoceros longipes,125280,125299,10.02,2,NO_ANNOT,,,Exact,0,Rhinoceros longipes (Leidy 1890),Rhinoceros longipes,51349,172,PaleoBioDB,
695,"M. florldanus,",M. florldanus,126526,126540,7.03,2,NO_ANNOT,,,NoMatch,,,,,,,,
696,M. americanus.,M. americanus,126614,126628,7.03,2,NO_ANNOT,,,NoMatch,,,,,,,,
697,"M. americanus,",M. americanus,126999,127013,7.03,2,NO_ANNOT,,,NoMatch,,,,,,,,
698,Mastodon rugosidens.,Mastodon rugosidens,127513,127533,9.18,2,NO_ANNOT,,,Exact,0,Mastodon rugosidens (Leidy 1890),Mastodon rugosidens,47946,172,PaleoBioDB,
699,M. rugosidens.,M. rugosidens,127589,127603,6.21,2,NO_ANNOT,,,NoMatch,,,,,,,,
700,Hydrochoerus rohustus,Hydrochoerus rohustus,128591,128612,13.52,2,NO_ANNOT,,,Fuzzy,1,Hydrochoerus robustus (Leidy 1886),Hydrochoerus robustus,47148,172,PaleoBioDB,
701,"H. magnus,",H. magnus,128706,128716,6.27,2,NO_ANNOT,,,NoMatch,,,,,,,,
702,H. rohustus,H. rohustus,129037,129048,7.23,2,NO_ANNOT,,,NoMatch,,,,,,,,
703,"H. magnus,",H. magnus,129123,129133,6.27,2,NO_ANNOT,,,NoMatch,,,,,,,,
704,Helicina,Helicina,129781,129789,3.96,1,NO_ANNOT,,,Exact,0,"Helicina Rafinesque, 1815",Helicina,7NVZP,1,Catalogue of Life,
705,Nanina,Nanina,130862,130868,3.42,1,NO_ANNOT,,,Exact,0,"Nanina Gray, 1834",Nanina,urn:lsid:irmng.org:taxname:1351491,181,IRMNG,
706,H. pallasiana,H. pallasiana,132687,132700,6.88,2,NO_ANNOT,,,NoMatch,,,,,,,,
