Index,Verbatim,Name,Start,End,OddsLog10,Cardinality,AnnotNomenType,WordsBefore,WordsAfter,VerifMatchType,VerifEditDistance,VerifMatchedName,VerifMatchedCanonical,VerifTaxonId,VerifDataSourceId,VerifDataSourceTitle,VerifError
0,BATRACHIA,Batrachia,19,28,4.42,1,NO_ANNOT,,,Exact,0,Conophytum sect. Batrachia Opel & S.A.Hammer,Batrachia,1008552-1,167,IPNI,
1,Hyla arborea,Hyla arborea,288,300,7.23,2,NO_ANNOT,,,Exact,0,"Hyla arborea (Linnaeus, 1758)",Hyla arborea,3NCKV,1,Catalogue of Life,
2,H\jla arborea,H�jla arborea,360,373,1.94,2,NO_ANNOT,,,NoMatch,,,,,,,,
3,"Oligodon,",Oligodon,3096,3105,4.01,1,NO_ANNOT,,,Exact,0,"Oligodon Pellegrin, 1910",Oligodon,87GWQ,1,Catalogue of Life,
4,"H. ancorus,",H. ancorus,3213,3224,6.28,2,NO_ANNOT,,,NoMatch,,,,,,,,
5,"H. dolleyanus,",H. dolleyanus,3249,3263,7.03,2,NO_ANNOT,,,NoMatch,,,,,,,,
6,Pareas,Pareas,3525,3531,2.57,1,NO_ANNOT,,,Exact,0,Pareas,Pareas,63LH5,1,Catalogue of Life,
7,"Leptognathus,",Leptognathus,3702,3715,5.35,1,NO_ANNOT,,,Exact,0,"Leptognathus Copei Günther, 1872",Leptognathus,87HYB,1,Catalogue of Life,
8,Amphiesma stolatum,Amphiesma stolatum,4327,4345,12.39,2,NO_ANNOT,,,Exact,0,"Amphiesma stolatum (Linnaeus, 1758)",Amphiesma stolatum,66G25,1,Catalogue of Life,
9,A. stolatum,A. stolatum,4633,4644,6.90,2,NO_ANNOT,,,NoMatch,,,,,,,,
10,Amphiesma,Amphiesma,4853,4862,5.16,1,NO_ANNOT,,,Exact,0,Amphiesma,Amphiesma,62BBY,1,Catalogue of Life,
11,"A. ceylonense,",A. ceylonense,5094,5108,5.75,2,NO_ANNOT,,,NoMatch,,,,,,,,
12,"Bothrodytes,",Bothrodytes,5137,5149,3.67,1,NO_ANNOT,,,Exact,0,"Bothrodytes Cope, 1886",Bothrodytes,urn:lsid:irmng.org:taxname:1239900,181,IRMNG,
13,Amphiesma,Amphiesma,5186,5195,5.16,1,NO_ANNOT,,,Exact,0,Amphiesma,Amphiesma,62BBY,1,Catalogue of Life,
14,"Prodromus,",Prodromus,5212,5222,5.32,1,NO_ANNOT,,,Exact,0,Prodromus,Prodromus,6WFF,1,Catalogue of Life,
15,Haldea,Haldea,5417,5423,4.78,1,NO_ANNOT,,,Exact,0,Haldea,Haldea,4SNL,1,Catalogue of Life,
16,Amphiardis,Amphiardis,5464,5474,4.15,1,NO_ANNOT,,,Exact,0,"Amphiardis Cope, 1889",Amphiardis,urn:lsid:irmng.org:taxname:1419571,181,IRMNG,
17,Storeria,Storeria,5794,5802,4.68,1,NO_ANNOT,,,Exact,0,Storeria,Storeria,7NY5,1,Catalogue of Life,
18,Natrix,Natrix,5841,5847,4.42,1,NO_ANNOT,,,Exact,0,"Natrix Gené, 1839",Natrix,87HRN,1,Catalogue of Life,
19,Trimerodytes,Trimerodytes,5900,5912,3.91,1,NO_ANNOT,,,Exact,0,Trimerodytes,Trimerodytes,8GFHS,1,Catalogue of Life,
20,Amphiesma,Amphiesma,5979,5988,5.16,1,NO_ANNOT,,,Exact,0,Amphiesma,Amphiesma,62BBY,1,Catalogue of Life,
21,Liodytes,Liodytes,6029,6037,3.21,1,NO_ANNOT,,,Exact,0,Liodytes,Liodytes,5F3B,1,Catalogue of Life,
22,Bothrodytes,Bothrodytes,6291,6302,3.67,1,NO_ANNOT,,,Exact,0,"Bothrodytes Cope, 1886",Bothrodytes,urn:lsid:irmng.org:taxname:1239900,181,IRMNG,
23,Trimerodytes balteatus,Trimerodytes balteatus,6309,6331,11.63,2,SP_NOV,,,Exact,0,"Trimerodytes balteatus Cope, 1895",Trimerodytes balteatus,89B49,1,Catalogue of Life,
24,"Natrix,",Natrix,6393,6400,4.42,1,NO_ANNOT,,,Exact,0,"Natrix Gené, 1839",Natrix,87HRN,1,Catalogue of Life,
25,"Bascanium,",Bascanium,6868,6878,5.28,1,NO_ANNOT,,,Exact,0,"Bascanium Cope, 1862",Bascanium,urn:lsid:irmng.org:taxname:1240076,181,IRMNG,
26,Bothrops erythrurus,Bothrops erythrurus,8407,8426,11.31,2,NO_ANNOT,,,Exact,0,"Bothrops erythrurus Lidth De Jeude, 1890",Bothrops erythrurus,5221032,11,GBIF Backbone Taxonomy,
27,Anomalodon,Anomalodon,8611,8621,4.35,1,NO_ANNOT,,,Exact,0,"Anomalodon Jan, 1863",Anomalodon,urn:lsid:irmng.org:taxname:1346312,181,IRMNG,
28,(Lioheterodon,Lioheterodon,8626,8639,4.71,1,NO_ANNOT,,,Exact,0,"Lioheterodon Boulenger, 1893",Lioheterodon,urn:lsid:irmng.org:taxname:1066965,181,IRMNG,
29,"Prodromus,",Prodromus,8832,8842,5.32,1,NO_ANNOT,,,Exact,0,Prodromus,Prodromus,6WFF,1,Catalogue of Life,
30,Dipsas,Dipsas,8968,8974,1.70,1,NO_ANNOT,,,Exact,0,"Dipsas Peters, 1867",Dipsas,87FMT,1,Catalogue of Life,
31,Dipsas,Dipsas,9011,9017,1.70,1,NO_ANNOT,,,Exact,0,"Dipsas Peters, 1867",Dipsas,87FMT,1,Catalogue of Life,
32,"Liophallus,",Liophallus,9141,9152,6.09,1,NO_ANNOT,,,Exact,0,"Liophallus Cope, 1895",Liophallus,urn:lsid:irmng.org:taxname:1430319,181,IRMNG,
33,Drymohius percarinatus,Drymohius percarinatus,9200,9222,6.71,2,NO_ANNOT,,,Fuzzy,1,"Drymobius percarinatus Cope, 1893",Drymobius percarinatus,6DN7J,1,Catalogue of Life,
34,Drymobius,Drymobius,9233,9242,4.98,1,NO_ANNOT,,,Exact,0,"Herpetodryas (Drymobius) Peters, 1868",Drymobius,8H6VH,1,Catalogue of Life,
35,Cacocalyx.,Cacocalyx,9293,9303,4.58,1,NO_ANNOT,,,Exact,0,"Cacocalyx Cope, 1895",Cacocalyx,urn:lsid:irmng.org:taxname:1432216,181,IRMNG,
36,D. pantherinvs,D. pantherinvs,9748,9762,4.80,2,NO_ANNOT,,,NoMatch,,,,,,,,
37,D. reticulatus;,D. reticulatus,9765,9780,7.81,2,NO_ANNOT,,,NoMatch,,,,,,,,
38,"D. boddaertii,",D. boddaertii,9781,9795,6.60,2,NO_ANNOT,,,NoMatch,,,,,,,,
39,Cacocalyx,Cacocalyx,9861,9870,4.58,1,NO_ANNOT,,,Exact,0,"Cacocalyx Cope, 1895",Cacocalyx,urn:lsid:irmng.org:taxname:1432216,181,IRMNG,
40,Cyclophis major,Cyclophis major,9929,9944,4.00,2,NO_ANNOT,,,Exact,0,"Cyclophis major Günther, 1858",Cyclophis major,883J2,1,Catalogue of Life,
41,Entechinus.,Entechinus,10427,10438,5.93,1,NO_ANNOT,,,Exact,0,"Entechinus Cope, 1895",Entechinus,urn:lsid:irmng.org:taxname:1004463,181,IRMNG,
42,Liopeltis,Liopeltis,10482,10491,5.81,1,NO_ANNOT,,,Exact,0,Liopeltis,Liopeltis,5F58,1,Catalogue of Life,
43,Cyclophis,Cyclophis,10496,10505,3.07,1,NO_ANNOT,,,Exact,0,"Cyclophis Günther, 1858",Cyclophis,urn:lsid:irmng.org:taxname:1295647,181,IRMNG,
44,Macroprotodon,Macroprotodon,10531,10544,4.80,1,NO_ANNOT,,,Exact,0,Macroprotodon,Macroprotodon,5JLS,1,Catalogue of Life,
45,Psammodynastes,Psammodynastes,10797,10811,4.22,1,NO_ANNOT,,,Exact,0,Psammodynastes,Psammodynastes,6YB4,1,Catalogue of Life,
46,Psammophis,Psammophis,10991,11001,3.23,1,NO_ANNOT,,,Exact,0,"Psammophis Duméril, Bibron & Duméril, 1854",Psammophis,87K4W,1,Catalogue of Life,
47,Osceola,Osceola,11051,11058,5.27,1,NO_ANNOT,,,Exact,0,"Osceola Baird & Girard, 1853",Osceola,urn:lsid:irmng.org:taxname:1164484,181,IRMNG,
48,Ophibolus doliatus;,Ophibolus doliatus,11112,11131,13.48,2,NO_ANNOT,,,Exact,0,"Ophibolus doliatus Baird & Girard, 1853",Ophibolus doliatus,2459240,11,GBIF Backbone Taxonomy,
49,Osceola.,Osceola,11266,11274,5.27,1,NO_ANNOT,,,Exact,0,"Osceola Baird & Girard, 1853",Osceola,urn:lsid:irmng.org:taxname:1164484,181,IRMNG,
50,Ophibolus,Ophibolus,11294,11303,5.92,1,NO_ANNOT,,,Exact,0,"Ophibolus Baird & Girard, 1853",Ophibolus,urn:lsid:irmng.org:taxname:1431690,181,IRMNG,
51,Dromicus flavilatus,Dromicus flavilatus,11341,11360,13.83,2,NO_ANNOT,,,Exact,0,"Dromicus flavilatus Cope, 1871",Dromicus flavilatus,37PX8,1,Catalogue of Life,
52,Rhadinaea,Rhadinaea,11444,11453,5.69,1,NO_ANNOT,,,Exact,0,"Rhadinaea Boulenger, 1905",Rhadinaea,87KC7,1,Catalogue of Life,
53,Dromicus.,Dromicus,11483,11492,6.00,1,NO_ANNOT,,,Exact,0,"Dromicus Lesson, 1844",Dromicus,urn:lsid:irmng.org:taxname:1277141,181,IRMNG,
54,Helicops.,Helicops,11656,11665,4.23,1,NO_ANNOT,,,Exact,0,"Helicops Duméril, Bibron & Duméril, 1854",Helicops,87GCZ,1,Catalogue of Life,
55,"C. rhombeatus,",C. rhombeatus,11903,11917,7.50,2,NO_ANNOT,,,NoMatch,,,,,,,,
56,Anomalodon madagascariensis there,Anomalodon madagascariensis there,12243,12276,10.46,3,NO_ANNOT,,,PartialExact,0,"Anomalodon madagascariensis Jan, 1865",Anomalodon madagascariensis,7751943,11,GBIF Backbone Taxonomy,
57,Psammo2:)liis irregularis,Psammo���liis irregularis,12383,12408,6.40,2,NO_ANNOT,,,NoMatch,,,,,,,,
58,Calotes versicolor,Calotes versicolor,12517,12535,6.36,2,NO_ANNOT,,,Exact,0,"Calotes versicolor (Daudin, 1802)",Calotes versicolor,Q467,1,Catalogue of Life,
