Index,Verbatim,Name,Start,End,OddsLog10,Cardinality,AnnotNomenType,WordsBefore,WordsAfter,VerifMatchType,VerifEditDistance,VerifMatchedName,VerifMatchedCanonical,VerifTaxonId,VerifDataSourceId,VerifDataSourceTitle,VerifError
0,"Abama,",Abama,29,35,1.97,1,NO_ANNOT,,,Exact,0,Abama Adans.,Abama,23933-1,167,IPNI,
1,"Abudefduf,",Abudefduf,49,59,3.58,1,NO_ANNOT,,,Exact,0,Abudefduf,Abudefduf,LSZ,1,Catalogue of Life,
2,"Acanthis,",Acanthis,62,71,2.90,1,NO_ANNOT,,,Exact,0,"Acanthis von Borkhausen, 1797",Acanthis,M2J,1,Catalogue of Life,
3,Acanthobdella,Acanthobdella,72,85,6.82,1,NO_ANNOT,,,Exact,0,Acanthobdella,Acanthobdella,M2Y,1,Catalogue of Life,
4,"Acanthurus,",Acanthurus,86,97,5.60,1,NO_ANNOT,,,Exact,0,"Acanthurus Kirby, 1827",Acanthurus,MG5,1,Catalogue of Life,
5,"Acarina,",Acarina,98,106,3.72,1,NO_ANNOT,,,Exact,0,"Omaloplia (Acarina) Baraud, 1965",Acarina,63XSS,1,Catalogue of Life,
6,"Acer,",Acer,117,122,2.96,1,NO_ANNOT,,,Exact,0,Acer L.,Acer,MLD,1,Catalogue of Life,
7,"Achatina,",Achatina,136,145,3.96,1,NO_ANNOT,,,Exact,0,"Achatina Lamarck, 1799",Achatina,7NMQS,1,Catalogue of Life,
8,"Achillea,",Achillea,254,263,5.03,1,NO_ANNOT,,,Exact,0,Achillea L.,Achillea,MRG,1,Catalogue of Life,
9,"Acrosoma,",Acrosoma,316,325,4.94,1,NO_ANNOT,,,Exact,0,"Acrosoma Perty, 1833",Acrosoma,urn:lsid:irmng.org:taxname:1349614,181,IRMNG,
10,"Adiantum,",Adiantum,342,351,4.72,1,NO_ANNOT,,,Exact,0,Adiantum L.,Adiantum,P9F,1,Catalogue of Life,
11,"Agapostemon,",Agapostemon,389,401,4.87,1,NO_ANNOT,,,Exact,0,"Agapostemon Guérin-Méneville, 1844",Agapostemon,QJR,1,Catalogue of Life,
12,"Aglena,",Aglena,404,411,4.76,1,NO_ANNOT,,,Exact,0,Aglena,Aglena,QS3,1,Catalogue of Life,
13,"Agnatha,",Agnatha,429,437,3.01,1,NO_ANNOT,,,Exact,0,"Agnatha Cope, 1889",Agnatha,urn:lsid:marinespecies.org:taxname:1829,9,WoRMS,
14,Agriolimax,Agriolimax,501,511,3.75,1,NO_ANNOT,,,Exact,0,"Agriolimax Mörch, 1865",Agriolimax,362327,2,Wikispecies,
15,"Agrostis,",Agrostis,512,521,5.64,1,NO_ANNOT,,,Exact,0,Agrostis,Agrostis,R29,1,Catalogue of Life,
16,"Aira,",Aira,536,541,3.28,1,NO_ANNOT,,,Exact,0,Aira,Aira,R7G,1,Catalogue of Life,
17,"Aletris,",Aletris,697,705,4.64,1,NO_ANNOT,,,Exact,0,Aletris,Aletris,RRK,1,Catalogue of Life,
18,"Alisina,",Alisina,708,716,3.72,1,NO_ANNOT,,,Exact,0,"Alisina Rowell, 1962",Alisina,urn:lsid:irmng.org:taxname:1439885,181,IRMNG,
19,"Allocosa,",Allocosa,732,741,4.61,1,NO_ANNOT,,,Exact,0,Allocosa,Allocosa,S8Q,1,Catalogue of Life,
20,"Alsine,",Alsine,742,749,2.16,1,NO_ANNOT,,,Exact,0,Alsine Scop.,Alsine,5T5J3,1,Catalogue of Life,
21,"Ameiurus,",Ameiurus,830,839,5.26,1,NO_ANNOT,,,Exact,0,Ameiurus,Ameiurus,628WM,1,Catalogue of Life,
22,"Ammophila,",Ammophila,870,880,4.16,1,NO_ANNOT,,,Exact,0,"Ammophila W. Kirby, 1798",Ammophila,TY5,1,Catalogue of Life,
23,"Anagallis,",Anagallis,955,965,4.29,1,NO_ANNOT,,,Exact,0,Anagallis L.,Anagallis,5T5P8,1,Catalogue of Life,
24,"Anaphalis,",Anaphalis,991,1001,4.29,1,NO_ANNOT,,,Exact,0,Anaphalis DC.,Anaphalis,V52,1,Catalogue of Life,
25,"Anaulus,",Anaulus,1004,1012,5.50,1,NO_ANNOT,,,Exact,0,"Anaulus Ehrenberg, 1844",Anaulus,urn:lsid:irmng.org:taxname:1280466,181,IRMNG,
26,"Andrena,",Andrena,1022,1030,5.06,1,NO_ANNOT,,,Exact,0,"Andrena Fabricius, 1775",Andrena,62BS5,1,Catalogue of Life,
27,Andropogon.,Andropogon,1031,1042,4.09,1,NO_ANNOT,,,Exact,0,Andropogon,Andropogon,62C5G,1,Catalogue of Life,
28,"Anser,",Anser,1068,1074,2.53,1,NO_ANNOT,,,Exact,0,"Anser Brisson, 1760",Anser,X5D,1,Catalogue of Life,
29,"Aphyllon,",Aphyllon,1423,1432,4.09,1,NO_ANNOT,,,Exact,0,Aphyllon Mitch.,Aphyllon,YJZ,1,Catalogue of Life,
30,"Apogon,",Apogon,1435,1442,3.21,1,NO_ANNOT,,,Exact,0,Apogon Elliott,Apogon,5T5YX,1,Catalogue of Life,
31,"Aprion,",Aprion,1451,1458,2.23,1,NO_ANNOT,,,Exact,0,Aprion,Aprion,62CNV,1,Catalogue of Life,
32,Aralia,Aralia,1531,1537,3.85,1,NO_ANNOT,,,Exact,0,Aralia,Aralia,ZQ4,1,Catalogue of Life,
33,"Arctonetta,",Arctonetta,1566,1577,5.03,1,NO_ANNOT,,,Exact,0,"Arctonetta G. R. Gray, 1856",Arctonetta,32D2,1,Catalogue of Life,
34,"Arctostaphylos,",Arctostaphylos,1585,1600,5.12,1,NO_ANNOT,,,Exact,0,Arctostaphylos Adans.,Arctostaphylos,62CT9,1,Catalogue of Life,
35,"Arenaria,",Arenaria,1601,1610,4.68,1,NO_ANNOT,,,Exact,0,Arenaria L.,Arenaria,4GD,1,Catalogue of Life,
36,"Argiope,",Argiope,1630,1638,2.40,1,NO_ANNOT,,,Exact,0,"Argiope Eudes-Deslongchamps, 1842",Argiope,87DGK,1,Catalogue of Life,
37,"Argyrodes,",Argyrodes,1645,1655,4.93,1,NO_ANNOT,,,Exact,0,Argyrodes,Argyrodes,32QS,1,Catalogue of Life,
38,"Argyroepeira,",Argyroepeira,1658,1671,5.31,1,NO_ANNOT,,,Exact,0,"Argyroepeira Emerton, 1885",Argyroepeira,urn:lsid:irmng.org:taxname:1001167,181,IRMNG,
39,"Arionta,",Arionta,1752,1760,3.21,1,NO_ANNOT,,,Exact,0,"Arionta Martens, 1860",Arionta,urn:lsid:marinespecies.org:taxname:1322915,9,WoRMS,
40,"Aristida,",Aristida,1819,1828,3.81,1,NO_ANNOT,,,Exact,0,Aristida,Aristida,32WP,1,Catalogue of Life,
41,"Aronia,",Aronia,1839,1846,3.32,1,NO_ANNOT,,,Exact,0,Aronia Medik.,Aronia,335P,1,Catalogue of Life,
42,"Artibeus,",Artibeus,1882,1891,5.52,1,NO_ANNOT,,,Exact,0,"Artibeus Leach, 1821",Artibeus,62CJH,1,Catalogue of Life,
43,"Arvicola,",Arvicola,1904,1913,5.51,1,NO_ANNOT,,,Exact,0,"Arvicola Lacépède, 1799",Arvicola,33J7,1,Catalogue of Life,
44,"Asaphis,",Asaphis,1923,1931,2.65,1,NO_ANNOT,,,Exact,0,"Asaphis Modeer, 1793",Asaphis,87DGW,1,Catalogue of Life,
45,"Baccharis,",Baccharis,1976,1986,5.06,1,NO_ANNOT,,,Exact,0,Baccharis L.,Baccharis,372Q,1,Catalogue of Life,
46,"Ascyrum,",Ascyrum,2148,2156,5.00,1,NO_ANNOT,,,Exact,0,Ascyrum L.,Ascyrum,5T66P,1,Catalogue of Life,
47,"Ashmunella,",Ashmunella,2161,2172,6.37,1,NO_ANNOT,,,Exact,0,"Ashmunella Pilsbry & Cockerell, 1899",Ashmunella,7NPTV,1,Catalogue of Life,
48,"Asio,",Asio,2190,2195,2.78,1,NO_ANNOT,,,Exact,0,"Asio Brisson, 1760",Asio,33VY,1,Catalogue of Life,
49,"Athoracophoridae,",Athoracophoridae,2257,2274,5.41,1,NO_ANNOT,,,Exact,0,"Athoracophoridae P. Fischer, 1883 (1860)",Athoracophoridae,7NG39,1,Catalogue of Life,
50,"Atriplex,",Atriplex,2285,2294,5.02,1,NO_ANNOT,,,Exact,0,Atriplex L.,Atriplex,35CY,1,Catalogue of Life,
51,"Attus,",Attus,2336,2342,4.59,1,NO_ANNOT,,,Exact,0,"Attus Hahn, 1832",Attus,urn:lsid:irmng.org:taxname:1315544,181,IRMNG,
52,"Augochlora,",Augochlora,2347,2358,6.23,1,NO_ANNOT,,,Exact,0,"Augochlora Smith, 1853",Augochlora,35M2,1,Catalogue of Life,
53,"Augochloropsis,",Augochloropsis,2368,2383,5.78,1,NO_ANNOT,,,Exact,0,"Augochloropsis Cockerell, 1897",Augochloropsis,35M5,1,Catalogue of Life,
54,"Aulacodiscus,",Aulacodiscus,2394,2407,6.69,1,NO_ANNOT,,,Exact,0,"Aulacodiscus C.G. Ehrenberg, 1844",Aulacodiscus,urn:lsid:marinespecies.org:taxname:149279,9,WoRMS,
55,"Aulacopoda,",Aulacopoda,2420,2431,3.74,1,NO_ANNOT,,,Exact,0,Aulacopoda,Aulacopoda,77064,3,ITIS,
56,"Autodax,",Autodax,2505,2513,3.17,1,NO_ANNOT,,,Exact,0,"Autodax Boulenger, 1887",Autodax,36LF,1,Catalogue of Life,
57,"Balistapus,",Balistapus,2570,2581,6.06,1,NO_ANNOT,,,Exact,0,Balistapus,Balistapus,37MK,1,Catalogue of Life,
58,"Balistes,",Balistes,2584,2593,3.21,1,NO_ANNOT,,,Exact,0,Balistes,Balistes,37ML,1,Catalogue of Life,
59,"Bartonia,",Bartonia,2636,2645,3.87,1,NO_ANNOT,,,Exact,0,"Bartonia Cossmann, 1901",Bartonia,84JMG,1,Catalogue of Life,
60,"Bathyphantes,",Bathyphantes,2663,2676,3.91,1,NO_ANNOT,,,Exact,0,Bathyphantes,Bathyphantes,38PV,1,Catalogue of Life,
61,"Bdella,",Bdella,2679,2686,5.49,1,NO_ANNOT,,,Exact,0,Bdella,Bdella,62F3F,1,Catalogue of Life,
62,"Berendtia,",Berendtia,2703,2713,5.29,1,NO_ANNOT,,,Exact,0,"Berendtia Crosse & P. Fischer, 1869",Berendtia,7NT3H,1,Catalogue of Life,
63,"Biddulphia,",Biddulphia,2716,2727,4.59,1,NO_ANNOT,,,Exact,0,"Biddulphia S.F. Gray, 1821",Biddulphia,urn:lsid:irmng.org:taxname:1089957,181,IRMNG,
64,"Bidens,",Bidens,2803,2810,3.77,1,NO_ANNOT,,,Exact,0,Bidens L.,Bidens,62GF8,1,Catalogue of Life,
65,"Bifidaria,",Bifidaria,2831,2841,4.85,1,NO_ANNOT,,,Exact,0,"Bifidaria Pilsbry, 1891",Bifidaria,urn:lsid:irmng.org:taxname:1307956,181,IRMNG,
66,"Binneyia,",Binneyia,2884,2893,5.24,1,NO_ANNOT,,,Exact,0,"Binneyia Kobelt, 1881",Binneyia,urn:lsid:irmng.org:taxname:1413267,181,IRMNG,
67,"Blennechis,",Blennechis,2898,2909,3.23,1,NO_ANNOT,,,Exact,0,"Blennechis Valenciennes in Cuvier & Valenciennes, 1836",Blennechis,urn:lsid:irmng.org:taxname:1026957,181,IRMNG,
68,"Blennius,",Blennius,2929,2938,4.81,1,NO_ANNOT,,,Exact,0,Blennius,Blennius,62HJL,1,Catalogue of Life,
69,"Bothriopupa,",Bothriopupa,2943,2955,4.27,1,NO_ANNOT,,,Exact,0,"Bothriopupa Pilsbry, 1898",Bothriopupa,7NQYW,1,Catalogue of Life,
70,Branta,Branta,2968,2974,2.91,1,NO_ANNOT,,,Exact,0,"Branta Scopoli, 1769",Branta,62H39,1,Catalogue of Life,
71,"Bromus,",Bromus,2978,2985,4.61,1,NO_ANNOT,,,Exact,0,Bromus,Bromus,3DBW,1,Catalogue of Life,
72,"Budytes,",Budytes,3029,3037,2.96,1,NO_ANNOT,,,Exact,0,"Budytes Cuvier, 1817",Budytes,urn:lsid:irmng.org:taxname:1146365,181,IRMNG,
73,"Buliminus,",Buliminus,3045,3055,5.76,1,NO_ANNOT,,,Exact,0,"Buliminus H. Beck, 1837",Buliminus,87FF5,1,Catalogue of Life,
74,"Bulimulus,",Bulimulus,3116,3126,5.92,1,NO_ANNOT,,,Exact,0,"Bulimulus Leach, 1814",Bulimulus,7NRBH,1,Catalogue of Life,
75,"Bulinus,",Bulinus,3143,3151,5.34,1,NO_ANNOT,,,Exact,0,"Bulinus O. F. Müller, 1781",Bulinus,7NRBK,1,Catalogue of Life,
76,"Cakile,",Cakile,3166,3173,2.08,1,NO_ANNOT,,,Exact,0,Cakile,Cakile,62J3F,1,Catalogue of Life,
77,"Calcarius,",Calcarius,3195,3205,4.98,1,NO_ANNOT,,,Exact,0,"Calcarius Bechstein, 1802",Calcarius,3F36,1,Catalogue of Life,
78,"Calidris,",Calidris,3220,3229,4.89,1,NO_ANNOT,,,Exact,0,"Calidris Merrem, 1804",Calidris,3F8J,1,Catalogue of Life,
79,"Callyodon,",Callyodon,3260,3270,4.18,1,NO_ANNOT,,,Exact,0,"Callyodon Gronow, 1763",Callyodon,urn:lsid:marinespecies.org:taxname:206374,9,WoRMS,
80,"Cambarus,",Cambarus,3275,3284,5.26,1,NO_ANNOT,,,Exact,0,"Cambarus Erichson, 1846",Cambarus,7NRQP,1,Catalogue of Life,
81,"Canis,",Canis,3340,3346,4.54,1,NO_ANNOT,,,Exact,0,"Canis Linnaeus, 1758",Canis,3GTH,1,Catalogue of Life,
82,"Caprolagus,",Caprolagus,3408,3419,5.75,1,NO_ANNOT,,,Exact,0,"Caprolagus Blyth, 1845",Caprolagus,3H6L,1,Catalogue of Life,
83,"Caracanthus,",Caracanthus,3449,3461,5.11,1,NO_ANNOT,,,Exact,0,Caracanthus,Caracanthus,3H8W,1,Catalogue of Life,
84,"Carduus,",Carduus,3486,3494,4.27,1,NO_ANNOT,,,Exact,0,Carduus L.,Carduus,3HGD,1,Catalogue of Life,
85,"Carex,",Carex,3507,3513,4.72,1,NO_ANNOT,,,Exact,0,Carex,Carex,3HH7,1,Catalogue of Life,
86,"Carya,",Carya,3528,3534,3.83,1,NO_ANNOT,,,Exact,0,Carya Nutt.,Carya,3HXZ,1,Catalogue of Life,
87,"Castracania,",Castracania,3616,3628,4.33,1,NO_ANNOT,,,Exact,0,"Castracania G.B. De Toni, 1892",Castracania,urn:lsid:irmng.org:taxname:1257511,181,IRMNG,
88,"Caucalis,",Caucalis,3629,3638,4.12,1,NO_ANNOT,,,Exact,0,Caucalis L.,Caucalis,3JM8,1,Catalogue of Life,
89,"Cenchrus,",Cenchrus,3647,3656,5.26,1,NO_ANNOT,,,Exact,0,Cenchrus,Cenchrus,3K4R,1,Catalogue of Life,
90,"Cepphus,",Cepphus,3719,3727,4.40,1,NO_ANNOT,,,Exact,0,"Cepphus Pallas, 1769",Cepphus,3KKN,1,Catalogue of Life,
91,"Cerataulus,",Cerataulus,3736,3747,6.09,1,NO_ANNOT,,,Exact,0,Cerataulus Ehrenberg,Cerataulus,2709,3,ITIS,
92,"Charadrius,",Charadrius,3825,3836,5.15,1,NO_ANNOT,,,Exact,0,"Charadrius Linnaeus, 1758",Charadrius,3M7T,1,Catalogue of Life,
93,"Charopa,",Charopa,3839,3847,4.34,1,NO_ANNOT,,,Exact,0,"Charopa Albers, 1860",Charopa,7NYD4,1,Catalogue of Life,
94,"Cheilio,",Cheilio,3859,3867,4.34,1,NO_ANNOT,,,Exact,0,Cheilio,Cheilio,3MGT,1,Catalogue of Life,
95,"Chelifer,",Chelifer,3887,3896,4.72,1,NO_ANNOT,,,Exact,0,"Chelifer Geoffroy, 1762",Chelifer,3MMZ,1,Catalogue of Life,
96,"Cheu,",Cheu,3906,3911,2.08,1,NO_ANNOT,,,Exact,0,"Cheu Bonaparte, 1828",Cheu,urn:lsid:irmng.org:taxname:1212525,181,IRMNG,
97,"Chimaphila,",Chimaphila,3942,3953,4.33,1,NO_ANNOT,,,Exact,0,Chimaphila Pursh,Chimaphila,3N66,1,Catalogue of Life,
98,"Chondrotus,",Chondrotus,3995,4006,5.62,1,NO_ANNOT,,,Exact,0,"Chondrotus Cope, 1887",Chondrotus,3NZV,1,Catalogue of Life,
99,"Chrysophrys,",Chrysophrys,4021,4033,5.48,1,NO_ANNOT,,,Exact,0,"Chrysophrys Quoy & Gaimard, 1824",Chrysophrys,102093,2,Wikispecies,
100,"Chrysopsis,",Chrysopsis,4052,4063,5.11,1,NO_ANNOT,,,Exact,0,Chrysopsis (Nutt.) Elliott,Chrysopsis,62LNS,1,Catalogue of Life,
101,"Circinaria,",Circinaria,4079,4090,5.02,1,NO_ANNOT,,,Exact,0,Circinaria,Circinaria,3Q3T,1,Catalogue of Life,
102,"Cirrhites,",Cirrhites,4130,4140,3.38,1,NO_ANNOT,,,Exact,0,"Cirrhites Lacepède, 1803",Cirrhites,645419,3,ITIS,
103,"Clangula,",Clangula,4189,4198,4.84,1,NO_ANNOT,,,Exact,0,"Clangula Leach, 1819",Clangula,3QG6,1,Catalogue of Life,
104,Clausilia,Clausilia,4205,4214,4.56,1,NO_ANNOT,,,Exact,0,"Clausilia Draparnaud, 1805",Clausilia,7NZRK,1,Catalogue of Life,
105,"Clivicola,",Clivicola,4281,4291,5.68,1,NO_ANNOT,,,Exact,0,"Clivicola Forster, 1817",Clivicola,urn:lsid:irmng.org:taxname:1193165,181,IRMNG,
106,"Clubiona,",Clubiona,4301,4310,3.85,1,NO_ANNOT,,,Exact,0,Clubiona,Clubiona,3R86,1,Catalogue of Life,
107,"Cochlicopa,",Cochlicopa,4401,4412,4.93,1,NO_ANNOT,,,Exact,0,"Cochlicopa A. Férussac, 1821",Cochlicopa,7NT7W,1,Catalogue of Life,
108,"Comptonia,",Comptonia,4521,4531,4.04,1,NO_ANNOT,,,Exact,0,"Comptonia Gray, 1840",Comptonia,7NDZX,1,Catalogue of Life,
109,"Conoclinium,",Conoclinium,4562,4574,5.57,1,NO_ANNOT,,,Exact,0,Conoclinium DC.,Conoclinium,3TBX,1,Catalogue of Life,
110,"Contopus,",Contopus,4579,4588,5.73,1,NO_ANNOT,,,Exact,0,"Contopus Cabanis, 1855",Contopus,3TJF,1,Catalogue of Life,
111,"Conulus,",Conulus,4595,4603,5.50,1,NO_ANNOT,,,Exact,0,"Conulus Leske, 1778",Conulus,7P293,1,Catalogue of Life,
112,"Corema,",Corema,4662,4669,5.04,1,NO_ANNOT,,,Exact,0,Corema D. Don,Corema,62MLH,1,Catalogue of Life,
113,"Coris,",Coris,4693,4699,4.20,1,NO_ANNOT,,,Exact,0,Coris L.,Coris,62N32,1,Catalogue of Life,
114,"Cornus,",Cornus,4721,4728,5.05,1,NO_ANNOT,,,Exact,0,Cornus,Cornus,62MBV,1,Catalogue of Life,
115,"Coscinodiscus,",Coscinodiscus,4735,4749,6.78,1,NO_ANNOT,,,Exact,0,Coscinodiscus Ehrenberg,Coscinodiscus,2546,3,ITIS,
116,"Costigo,",Costigo,4753,4761,3.57,1,NO_ANNOT,,,Exact,0,"Costigo O. Boettger, 1891",Costigo,7P2F4,1,Catalogue of Life,
117,"Cracca,",Cracca,4768,4775,3.97,1,NO_ANNOT,,,Exact,0,"Cracca Medikus, 1787",Cracca,urn:lsid:irmng.org:taxname:1369737,181,IRMNG,
118,"Crustulina,",Crustulina,4799,4810,4.30,1,NO_ANNOT,,,Exact,0,Crustulina,Crustulina,3WBG,1,Catalogue of Life,
119,"Crymophilus,",Crymophilus,4817,4829,6.21,1,NO_ANNOT,,,Exact,0,"Crymophilus Vieillot, 1816",Crymophilus,urn:lsid:irmng.org:taxname:1374659,181,IRMNG,
120,"Cryptotomus,",Cryptotomus,4853,4865,5.62,1,NO_ANNOT,,,Exact,0,Cryptotomus,Cryptotomus,62PXX,1,Catalogue of Life,
121,"Ctenus,",Ctenus,4883,4890,5.05,1,NO_ANNOT,,,Exact,0,Ctenus,Ctenus,3X4M,1,Catalogue of Life,
122,"Cyclosa,",Cyclosa,5157,5165,4.36,1,NO_ANNOT,,,Exact,0,Cyclosa,Cyclosa,3Y3Q,1,Catalogue of Life,
123,"Cymbella,",Cymbella,5228,5237,6.03,1,NO_ANNOT,,,Exact,0,"Cymbella C.Agardh, 1830",Cymbella,urn:lsid:irmng.org:taxname:1354230,181,IRMNG,
124,"Cyperus,",Cyperus,5270,5278,5.01,1,NO_ANNOT,,,Exact,0,Cyperus,Cyperus,3YM7,1,Catalogue of Life,
125,Cyrba,Cyrba,5322,5327,2.73,1,NO_ANNOT,,,Exact,0,Cyrba,Cyrba,62PSW,1,Catalogue of Life,
126,"Dactylopterus,",Dactylopterus,5356,5370,6.05,1,NO_ANNOT,,,Exact,0,Dactylopterus,Dactylopterus,3ZDD,1,Catalogue of Life,
127,"Danthonia,",Danthonia,5383,5393,4.04,1,NO_ANNOT,,,Exact,0,Danthonia,Danthonia,3ZRX,1,Catalogue of Life,
128,"Daucus,",Daucus,5415,5422,5.46,1,NO_ANNOT,,,Exact,0,Daucus L.,Daucus,426Q,1,Catalogue of Life,
129,"Delphinapterus,",Delphinapterus,5427,5442,6.27,1,NO_ANNOT,,,Exact,0,"Delphinapterus Lacépède, 1804",Delphinapterus,42QS,1,Catalogue of Life,
130,"Dermanura,",Dermanura,5516,5526,5.48,1,NO_ANNOT,,,Exact,0,"Dermanura Gervais, 1856",Dermanura,62PM4,1,Catalogue of Life,
131,"Diatoma,",Diatoma,5615,5623,4.69,1,NO_ANNOT,,,Exact,0,Diatoma Lour.,Diatoma,5T8S2,1,Catalogue of Life,
132,"Dictyna,",Dictyna,5691,5699,4.34,1,NO_ANNOT,,,Exact,0,Dictyna,Dictyna,44XN,1,Catalogue of Life,
133,Diodia,Diodia,5756,5762,3.37,1,NO_ANNOT,,,Exact,0,Diodia,Diodia,45VM,1,Catalogue of Life,
134,"Diomedea,",Diomedea,5772,5781,5.32,1,NO_ANNOT,,,Exact,0,"Diomedea Linnaeus, 1758",Diomedea,45WV,1,Catalogue of Life,
135,"Diomedia,",Diomedia,5800,5809,3.92,1,NO_ANNOT,,,Exact,0,"Diomedia Linnaeus, 1758",Diomedia,urn:lsid:irmng.org:taxname:1438602,181,IRMNG,
136,"Diospyros,",Diospyros,5813,5823,5.10,1,NO_ANNOT,,,Exact,0,Diospyros,Diospyros,45ZZ,1,Catalogue of Life,
137,Diplommatina.,Diplommatina,5842,5855,4.66,1,NO_ANNOT,,,Exact,0,"Diplommatina Benson, 1849",Diplommatina,7NVSX,1,Catalogue of Life,
138,Discopleura,Discopleura,5870,5881,5.77,1,NO_ANNOT,,,Exact,0,Discopleura DC.,Discopleura,5T8ZV,1,Catalogue of Life,
139,"Distichlis,",Distichlis,5886,5897,4.46,1,NO_ANNOT,,,Exact,0,Distichlis,Distichlis,46ZF,1,Catalogue of Life,
140,Ditylum,Ditylum,5942,5949,5.45,1,NO_ANNOT,,,Exact,0,Ditylum J. W. Bailey,Ditylum,2926,3,ITIS,
141,"Dolomedes,",Dolomedes,5981,5991,4.93,1,NO_ANNOT,,,Exact,0,Dolomedes,Dolomedes,47MQ,1,Catalogue of Life,
142,"Donax,",Donax,6010,6016,4.03,1,NO_ANNOT,,,Exact,0,"Donax Linnaeus, 1758",Donax,7NXCF,1,Catalogue of Life,
143,"Doryrhamphus,",Doryrhamphus,6058,6071,5.35,1,NO_ANNOT,,,Exact,0,Doryrhamphus,Doryrhamphus,47YP,1,Catalogue of Life,
144,"Drosera,",Drosera,6100,6108,4.73,1,NO_ANNOT,,,Exact,0,Drosera,Drosera,48DS,1,Catalogue of Life,
145,"Eleocharis,",Eleocharis,6363,6374,5.22,1,NO_ANNOT,,,Exact,0,Eleocharis,Eleocharis,632FV,1,Catalogue of Life,
146,"Endodonta,",Endodonta,6439,6449,3.63,1,NO_ANNOT,,,Exact,0,"Endodonta Albers, 1850",Endodonta,7P3F9,1,Catalogue of Life,
147,"Eptesicus,",Eptesicus,6641,6651,6.17,1,NO_ANNOT,,,Exact,0,"Eptesicus Rafinesque, 1820",Eptesicus,4DKW,1,Catalogue of Life,
148,"Equula,",Equula,6658,6665,4.29,1,NO_ANNOT,,,Exact,0,"Equula Cuvier, 1815",Equula,249231,2,Wikispecies,
149,"Ericaceae,",Ericaceae,6746,6756,3.71,1,NO_ANNOT,,,Exact,0,Ericaceae Juss.,Ericaceae,623P8,1,Catalogue of Life,
150,Erignathus.,Erignathus,6775,6786,4.99,1,NO_ANNOT,,,Exact,0,"Erignathus Gill, 1866",Erignathus,633LM,1,Catalogue of Life,
151,"Eriophorum,",Eriophorum,6790,6801,5.59,1,NO_ANNOT,,,Exact,0,Eriophorum,Eriophorum,633NH,1,Catalogue of Life,
152,"Eryngium,",Eryngium,6811,6820,5.11,1,NO_ANNOT,,,Exact,0,Eryngium L.,Eryngium,62RRS,1,Catalogue of Life,
153,"Eubifidaria,",Eubifidaria,6827,6839,5.14,1,NO_ANNOT,,,Exact,0,"Eubifidaria Sterki, 1893",Eubifidaria,urn:lsid:irmng.org:taxname:1139338,181,IRMNG,
154,"Eucampia,",Eucampia,6844,6853,5.13,1,NO_ANNOT,,,Exact,0,"Eucampia Ehrenberg, 1839",Eucampia,urn:lsid:irmng.org:taxname:1270800,181,IRMNG,
155,"Eudromias,",Eudromias,6889,6899,5.50,1,NO_ANNOT,,,Exact,0,"Eudromias Brehm, 1830",Eudromias,62TCZ,1,Catalogue of Life,
156,"Eulota,",Eulota,6912,6919,2.96,1,NO_ANNOT,,,Exact,0,Eulota,Eulota,7P3PJ,1,Catalogue of Life,
157,"Eunotia,",Eunotia,6926,6934,4.87,1,NO_ANNOT,,,Exact,0,"Eunotia C.G. Ehrenberg, 1837",Eunotia,urn:lsid:marinespecies.org:taxname:149402,9,WoRMS,
158,"Eupomacentrus,",Eupomacentrus,7090,7104,6.05,1,NO_ANNOT,,,Exact,0,"Eupomacentrus Bleeker, 1877",Eupomacentrus,urn:lsid:marinespecies.org:taxname:296611,9,WoRMS,
159,"Eurymetopus,",Eurymetopus,7105,7117,6.19,1,NO_ANNOT,,,Exact,0,Eurymetopus,Eurymetopus,6357H,1,Catalogue of Life,
160,"Euthamia,",Euthamia,7118,7127,4.61,1,NO_ANNOT,,,Exact,0,Euthamia Elliott,Euthamia,6358B,1,Catalogue of Life,
161,"Exoccetus,",Exoccetus,7145,7155,5.45,1,NO_ANNOT,,,NoMatch,,,,,,,,
162,"Falco,",Falco,7168,7174,3.43,1,NO_ANNOT,,,Exact,0,"Falco Linnaeus, 1758",Falco,62SZ6,1,Catalogue of Life,
163,"Fauxulus,",Fauxulus,7179,7188,5.75,1,NO_ANNOT,,,Exact,0,"Fauxulus Schaufuss, 1869",Fauxulus,7P3WW,1,Catalogue of Life,
164,"Festuca,",Festuca,7191,7199,4.84,1,NO_ANNOT,,,Exact,0,Festuca,Festuca,4JWK,1,Catalogue of Life,
165,"Fierasfer,",Fierasfer,7202,7212,4.89,1,NO_ANNOT,,,Exact,0,"Fierasfer Oken, 1817",Fierasfer,urn:lsid:marinespecies.org:taxname:296638,9,WoRMS,
166,"Filistata,",Filistata,7228,7238,4.74,1,NO_ANNOT,,,Exact,0,Filistata,Filistata,4K4M,1,Catalogue of Life,
167,"Fimbrystylis,",Fimbrystylis,7255,7268,3.20,1,NO_ANNOT,,,Exact,0,Fimbrystylis D.Dietr.,Fimbrystylis,13769-1,167,IPNI,
168,"Fistularia,",Fistularia,7269,7280,5.02,1,NO_ANNOT,,,Exact,0,Fistularia,Fistularia,4K8T,1,Catalogue of Life,
169,"Forcipiger,",Forcipiger,7296,7307,3.31,1,NO_ANNOT,,,Exact,0,Forcipiger,Forcipiger,4KR6,1,Catalogue of Life,
170,"Fragilaria,",Fragilaria,7310,7321,5.02,1,NO_ANNOT,,,Exact,0,Fragilaria Lyngbye,Fragilaria,2932,3,ITIS,
171,"Fratercula,",Fratercula,7324,7335,5.17,1,NO_ANNOT,,,Exact,0,"Fratercula Brisson, 1760",Fratercula,62T2G,1,Catalogue of Life,
172,"Galeopithecus,",Galeopithecus,7347,7361,6.78,1,NO_ANNOT,,,Exact,0,"Galeopithecus Pallas, 1783",Galeopithecus,urn:lsid:irmng.org:taxname:1037393,181,IRMNG,
173,"Galium,",Galium,7362,7369,4.57,1,NO_ANNOT,,,Exact,0,Galium,Galium,4LWS,1,Catalogue of Life,
174,"Galtonia,",Galtonia,7370,7379,3.87,1,NO_ANNOT,,,Exact,0,Galtonia Decne.,Galtonia,24278-1,167,IPNI,
175,"Gamasus,",Gamasus,7380,7388,3.89,1,NO_ANNOT,,,Exact,0,"Gamasus Latreille, 1802",Gamasus,urn:lsid:irmng.org:taxname:1326905,181,IRMNG,
176,"Gaucelmus,",Gaucelmus,7427,7437,5.32,1,NO_ANNOT,,,Exact,0,Gaucelmus,Gaucelmus,4MFY,1,Catalogue of Life,
177,"Gavia,",Gavia,7440,7446,3.62,1,NO_ANNOT,,,Exact,0,"Gavia J. R. Forster, 1788",Gavia,4MHK,1,Catalogue of Life,
178,"Genyoroge,",Genyoroge,7494,7504,3.98,1,NO_ANNOT,,,Exact,0,"Genyoroge Cantor, 1849",Genyoroge,urn:lsid:irmng.org:taxname:1030229,181,IRMNG,
179,"Georissa,",Georissa,7507,7516,4.57,1,NO_ANNOT,,,Exact,0,"Georissa W. T. Blanford, 1864",Georissa,7P3H4,1,Catalogue of Life,
180,"Gerardia,",Gerardia,7554,7563,3.92,1,NO_ANNOT,,,Exact,0,Gerardia St.-Lag.,Gerardia,7MZ2Y,1,Catalogue of Life,
181,"Glabaris,",Glabaris,7595,7604,4.89,1,NO_ANNOT,,,Exact,0,"Glabaris Gray, 1847",Glabaris,urn:lsid:irmng.org:taxname:1386076,181,IRMNG,
182,"Glaux,",Glaux,7628,7634,3.13,1,NO_ANNOT,,,Exact,0,Glaux Hill,Glaux,7MZ3F,1,Catalogue of Life,
183,"Glossiphonia,",Glossiphonia,7665,7678,4.56,1,NO_ANNOT,,,Exact,0,Glossiphonia,Glossiphonia,4P8P,1,Catalogue of Life,
184,"Glyphisodon,",Glyphisodon,7885,7897,4.47,1,NO_ANNOT,,,Exact,0,"Glyphisodon Lacepède, 1802",Glyphisodon,urn:lsid:marinespecies.org:taxname:205802,9,WoRMS,
185,"Gnaphalium,",Gnaphalium,7898,7909,5.45,1,NO_ANNOT,,,Exact,0,Gnaphalium L.,Gnaphalium,4PJ3,1,Catalogue of Life,
186,"Gnaphosa,",Gnaphosa,7910,7919,4.61,1,NO_ANNOT,,,Exact,0,Gnaphosa,Gnaphosa,4PJC,1,Catalogue of Life,
187,Gnathobdellida?,Gnathobdellida,7922,7937,3.21,1,NO_ANNOT,,,Exact,0,"Gnathobdellida Vaillant, 1890",Gnathobdellida,69406,3,ITIS,
188,"Gobius,",Gobius,7948,7955,4.27,1,NO_ANNOT,,,Exact,0,Gobius,Gobius,4PQL,1,Catalogue of Life,
189,"Gomphonema,",Gomphonema,7958,7969,5.92,1,NO_ANNOT,,,Exact,0,"Gomphonema Ehrenberg, 1832",Gomphonema,urn:lsid:irmng.org:taxname:1270958,181,IRMNG,
190,"Gomphosus,",Gomphosus,7970,7980,4.31,1,NO_ANNOT,,,Exact,0,Gomphosus,Gomphosus,4PWR,1,Catalogue of Life,
191,"Goniobasis,",Goniobasis,7981,7992,5.11,1,NO_ANNOT,,,Exact,0,"Goniobasis I. Lea, 1862",Goniobasis,urn:lsid:irmng.org:taxname:1195058,181,IRMNG,
192,"Grammistes,",Grammistes,8008,8019,3.55,1,NO_ANNOT,,,Exact,0,Grammistes,Grammistes,4QP4,1,Catalogue of Life,
193,"Gratiola,",Gratiola,8020,8029,5.51,1,NO_ANNOT,,,Exact,0,Gratiola L.,Gratiola,4QXP,1,Catalogue of Life,
194,"Guppya,",Guppya,8060,8067,3.27,1,NO_ANNOT,,,Exact,0,"Guppya Mörch, 1867",Guppya,7P4MF,1,Catalogue of Life,
195,"Gyrinophilus,",Gyrinophilus,8090,8103,6.45,1,NO_ANNOT,,,Exact,0,"Gyrinophilus Cope, 1869",Gyrinophilus,4S44,1,Catalogue of Life,
196,"Gyrostachys,",Gyrostachys,8104,8116,5.62,1,NO_ANNOT,,,Exact,0,Gyrostachys Blume,Gyrostachys,30019381-2,167,IPNI,
197,"Habrocestum,",Habrocestum,8122,8134,5.18,1,NO_ANNOT,,,Exact,0,Habrocestum,Habrocestum,4S8P,1,Catalogue of Life,
198,"Haplopupa,",Haplopupa,8190,8200,3.98,1,NO_ANNOT,,,Exact,0,"Haplopupa Pilsbry, 1898",Haplopupa,urn:lsid:irmng.org:taxname:1442871,181,IRMNG,
199,"Happia,",Happia,8201,8208,4.59,1,NO_ANNOT,,,Exact,0,"Happia Bourguignat, 1890",Happia,7P4SH,1,Catalogue of Life,
200,"Helianthemum,",Helianthemum,8211,8224,5.91,1,NO_ANNOT,,,Exact,0,Helianthemum Mill.,Helianthemum,62TKD,1,Catalogue of Life,
201,"Helicella,",Helicella,8238,8248,6.20,1,NO_ANNOT,,,Exact,0,"Helicella A. Férussac, 1821",Helicella,7P4WZ,1,Catalogue of Life,
202,"Helicodiscus,",Helicodiscus,8315,8328,6.69,1,NO_ANNOT,,,Exact,0,"Helicodiscus Morse, 1864",Helicodiscus,7P4XB,1,Catalogue of Life,
203,"Herpobdella,",Herpobdella,8789,8801,6.49,1,NO_ANNOT,,,Exact,0,"Herpobdella Agassiz, 1846",Herpobdella,urn:lsid:irmng.org:taxname:1309789,181,IRMNG,
204,"Herpyllus,",Herpyllus,8847,8857,5.92,1,NO_ANNOT,,,Exact,0,Herpyllus,Herpyllus,4VY5,1,Catalogue of Life,
205,Heterurethra.,Heterurethra,8862,8875,3.20,1,NO_ANNOT,,,Exact,0,Heterurethra,Heterurethra,76907,3,ITIS,
206,"Hieracium,",Hieracium,8925,8935,5.28,1,NO_ANNOT,,,Exact,0,Hieracium L.,Hieracium,4X5R,1,Catalogue of Life,
207,"Hirudo,",Hirudo,8951,8958,3.27,1,NO_ANNOT,,,Exact,0,Hirudo,Hirudo,4XKP,1,Catalogue of Life,
208,"Holcus,",Holcus,8961,8968,5.46,1,NO_ANNOT,,,Exact,0,Holcus,Holcus,4XVH,1,Catalogue of Life,
209,"Holocentrus,",Holocentrus,9066,9078,5.72,1,NO_ANNOT,,,Exact,0,Holocentrus,Holocentrus,4XXQ,1,Catalogue of Life,
210,"Holopoda,",Holopoda,9098,9107,3.40,1,NO_ANNOT,,,Exact,0,Holopoda,Holopoda,77407,3,ITIS,
211,"Homalattus,",Homalattus,9132,9143,5.62,1,NO_ANNOT,,,Exact,0,Homalattus,Homalattus,4Y67,1,Catalogue of Life,
212,"Horizopus,",Horizopus,9153,9163,5.90,1,NO_ANNOT,,,Exact,0,"Horizopus Oberholser, 1899",Horizopus,urn:lsid:irmng.org:taxname:1413236,181,IRMNG,
213,"Hudsonia,",Hudsonia,9167,9176,3.87,1,NO_ANNOT,,,Exact,0,Hudsonia L.,Hudsonia,4Z5K,1,Catalogue of Life,
214,"Huttonia,",Huttonia,9201,9210,3.87,1,NO_ANNOT,,,Exact,0,Huttonia,Huttonia,4ZBN,1,Catalogue of Life,
215,"Hydrocotyle,",Hydrocotyle,9237,9249,4.97,1,NO_ANNOT,,,Exact,0,Hydrocotyle L.,Hydrocotyle,4ZRT,1,Catalogue of Life,
216,"Hydrosera,",Hydrosera,9250,9260,5.15,1,NO_ANNOT,,,Exact,0,"Hydrosera G.C. Wallich, 1858",Hydrosera,urn:lsid:marinespecies.org:taxname:180375,9,WoRMS,
217,"Hylobates,",Hylobates,9263,9273,3.38,1,NO_ANNOT,,,Exact,0,"Hylobates Illiger, 1811",Hylobates,5237,1,Catalogue of Life,
218,"Hylocichla,",Hylocichla,9276,9287,4.45,1,NO_ANNOT,,,Exact,0,"Hylocichla S. F. Baird, 1864",Hylocichla,523J,1,Catalogue of Life,
219,"Hypericum,",Hypericum,9290,9300,5.70,1,NO_ANNOT,,,Exact,0,Hypericum L.,Hypericum,6372V,1,Catalogue of Life,
220,"Hypopitys,",Hypopitys,9301,9311,4.58,1,NO_ANNOT,,,Exact,0,Hypopitys Hill,Hypopitys,638GG,1,Catalogue of Life,
221,"Hyporhampus,",Hyporhampus,9314,9326,6.19,1,NO_ANNOT,,,Exact,0,Hyporhampus,Hyporhampus,urn:lsid:irmng.org:taxname:1098393,181,IRMNG,
222,"Hypoxys,",Hypoxys,9327,9335,4.41,1,NO_ANNOT,,,Exact,0,"Hypoxys Amyot & Serville, 1843",Hypoxys,urn:lsid:irmng.org:taxname:1327713,181,IRMNG,
223,"Hypselostoma,",Hypselostoma,9338,9351,5.63,1,NO_ANNOT,,,Exact,0,"Hypselostoma Benson, 1856",Hypselostoma,7P5LK,1,Catalogue of Life,
224,"Icius,",Icius,9352,9358,4.12,1,NO_ANNOT,,,Exact,0,Icius,Icius,62WHQ,1,Catalogue of Life,
225,"Immersidens,",Immersidens,9512,9524,4.77,1,NO_ANNOT,,,Exact,0,"Immersidens Pilsbry & Vanatta, 1900",Immersidens,urn:lsid:irmng.org:taxname:1145352,181,IRMNG,
226,"Isthmia,",Isthmia,9610,9618,4.36,1,NO_ANNOT,,,Exact,0,Isthmia Agardh,Isthmia,2720,3,ITIS,
227,"Juglans,",Juglans,9709,9717,1.70,1,NO_ANNOT,,,Exact,0,Juglans L.,Juglans,56VV,1,Catalogue of Life,
228,"Julis,",Julis,9722,9728,3.43,1,NO_ANNOT,,,Exact,0,"Julis Cuvier, 1814",Julis,urn:lsid:marinespecies.org:taxname:206452,9,WoRMS,
229,"Juncus,",Juncus,9767,9774,5.46,1,NO_ANNOT,,,Exact,0,Juncus L.,Juncus,56Y4,1,Catalogue of Life,
230,"Kaliella,",Kaliella,9861,9870,6.03,1,NO_ANNOT,,,Exact,0,"Kaliella W. T. Blanford, 1863",Kaliella,7P69M,1,Catalogue of Life,
231,"Kneiffia,",Kneiffia,9931,9940,4.59,1,NO_ANNOT,,,Exact,0,Kneiffia Spach,Kneiffia,5TBJX,1,Catalogue of Life,
232,"Kosteletskya,",Kosteletskya,9945,9958,4.11,1,NO_ANNOT,,,Exact,0,Kosteletskya Brongn.,Kosteletskya,145192790,165,Tropicos,
233,"Kuhlia,",Kuhlia,10015,10022,3.85,1,NO_ANNOT,,,Exact,0,Kuhlia Kunth,Kuhlia,5TBM4,1,Catalogue of Life,
234,"Labrus,",Labrus,10055,10062,4.72,1,NO_ANNOT,,,Exact,0,Labrus,Labrus,59Q8,1,Catalogue of Life,
235,"Lacinaria,",Lacinaria,10065,10075,4.85,1,NO_ANNOT,,,Exact,0,Lacinaria Hill.,Lacinaria,4LG,1,Catalogue of Life,
236,"Lactuca,",Lactuca,10076,10084,4.84,1,NO_ANNOT,,,Exact,0,Lactuca L.,Lactuca,7NF36,1,Catalogue of Life,
237,"Lagopus,",Lagopus,10085,10093,5.48,1,NO_ANNOT,,,Exact,0,"Lagopus Brisson, 1760",Lagopus,63836,1,Catalogue of Life,
238,"Lampsilis,",Lampsilis,10094,10104,4.29,1,NO_ANNOT,,,Exact,0,"Lampsilis Rafinesque, 1820",Lampsilis,7P6X2,1,Catalogue of Life,
239,"Larinia,",Larinia,10105,10113,3.62,1,NO_ANNOT,,,Exact,0,Larinia,Larinia,62XCN,1,Catalogue of Life,
240,"Larus,",Larus,10116,10122,4.57,1,NO_ANNOT,,,Exact,0,"Larus Linnaeus, 1758",Larus,62XFH,1,Catalogue of Life,
241,"Lathyrus,",Lathyrus,10145,10154,5.26,1,NO_ANNOT,,,Exact,0,Lathyrus,Lathyrus,5BBK,1,Catalogue of Life,
242,"Lauderia,",Lauderia,10155,10164,4.68,1,NO_ANNOT,,,Exact,0,"Lauderia Cleve, 1873",Lauderia,848921,2,Wikispecies,
243,"Lechea,",Lechea,10178,10185,4.35,1,NO_ANNOT,,,Exact,0,Lechea Kalm ex L.,Lechea,5BP5,1,Catalogue of Life,
244,"Leiuranus,",Leiuranus,10201,10211,5.76,1,NO_ANNOT,,,Exact,0,Leiuranus,Leiuranus,638VH,1,Catalogue of Life,
245,"Lemmus,",Lemmus,10214,10221,4.61,1,NO_ANNOT,,,Exact,0,"Lemmus Link, 1795",Lemmus,5C5M,1,Catalogue of Life,
246,"Leptamnium,",Leptamnium,10222,10233,5.45,1,NO_ANNOT,,,Exact,0,Leptamnium Raf.,Leptamnium,5TBXJ,1,Catalogue of Life,
247,"Leptilon,",Leptilon,10234,10243,4.09,1,NO_ANNOT,,,Exact,0,Leptilon Raf.,Leptilon,7NC65,1,Catalogue of Life,
248,"Leptinaria,",Leptinaria,10244,10255,5.02,1,NO_ANNOT,,,Exact,0,"Leptinaria Beck, 1837",Leptinaria,7P77Z,1,Catalogue of Life,
249,"Leptocephalus,",Leptocephalus,10506,10520,6.54,1,NO_ANNOT,,,Exact,0,Leptocephalus,Leptocephalus,87GV2,1,Catalogue of Life,
250,"Lestris,",Lestris,10585,10593,4.64,1,NO_ANNOT,,,Exact,0,"Lestris Illiger, 1811",Lestris,urn:lsid:marinespecies.org:taxname:1300875,9,WoRMS,
251,"Leucochila,",Leucochila,10598,10609,4.33,1,NO_ANNOT,,,Exact,0,"Leucochila Martens in Albers, 1860",Leucochila,urn:lsid:irmng.org:taxname:1367111,181,IRMNG,
252,"Leucochiloides,",Leucochiloides,10614,10629,5.77,1,NO_ANNOT,,,Exact,0,"Leucochiloides Pfeiffer, 1879",Leucochiloides,urn:lsid:irmng.org:taxname:1248149,181,IRMNG,
253,"Leurognathus,",Leurognathus,10640,10653,5.35,1,NO_ANNOT,,,Exact,0,"Leurognathus Moore, 1899",Leurognathus,62WP3,1,Catalogue of Life,
254,"Liatris,",Liatris,10667,10675,4.64,1,NO_ANNOT,,,Exact,0,Liatris Gaertn. ex Schreb.,Liatris,62X3K,1,Catalogue of Life,
255,"Liliaceae,",Liliaceae,10690,10700,3.71,1,NO_ANNOT,,,Exact,0,Liliaceae,Liliaceae,6259D,1,Catalogue of Life,
256,"Lilium,",Lilium,10705,10712,4.57,1,NO_ANNOT,,,Exact,0,Lilium,Lilium,6395W,1,Catalogue of Life,
257,"Limax,",Limax,10759,10765,2.73,1,NO_ANNOT,,,Exact,0,"Limax Linnaeus, 1758",Limax,7P7HM,1,Catalogue of Life,
258,"Limodorum,",Limodorum,10843,10853,5.42,1,NO_ANNOT,,,Exact,0,Limodorum,Limodorum,62YNB,1,Catalogue of Life,
259,"Limonium,",Limonium,10863,10872,5.11,1,NO_ANNOT,,,Exact,0,Limonium Mill.,Limonium,62YMP,1,Catalogue of Life,
260,"Limosa,",Limosa,10897,10904,4.07,1,NO_ANNOT,,,Exact,0,"Limosa Brisson, 1760",Limosa,62YMT,1,Catalogue of Life,
261,"Linyphia,",Linyphia,11021,11030,4.25,1,NO_ANNOT,,,Exact,0,Linyphia,Linyphia,62YGM,1,Catalogue of Life,
262,"Liobunum,",Liobunum,11031,11040,4.79,1,NO_ANNOT,,,Exact,0,"Liobunum Agassiz, 1846",Liobunum,urn:lsid:irmng.org:taxname:1440302,181,IRMNG,
263,"Lipeurus,",Lipeurus,11043,11052,5.26,1,NO_ANNOT,,,Exact,0,Lipeurus,Lipeurus,639XM,1,Catalogue of Life,
264,"Lippia,",Lippia,11053,11060,4.59,1,NO_ANNOT,,,Exact,0,Lippia,Lippia,5FBC,1,Catalogue of Life,
265,"Lonicera,",Lonicera,11105,11114,4.98,1,NO_ANNOT,,,Exact,0,Lonicera L.,Lonicera,5GFJ,1,Catalogue of Life,
266,"Lophiola,",Lophiola,11115,11124,5.51,1,NO_ANNOT,,,Exact,0,Lophiola,Lophiola,5GHF,1,Catalogue of Life,
267,"Lophius,",Lophius,11125,11133,4.56,1,NO_ANNOT,,,Exact,0,Lophius,Lophius,5GHW,1,Catalogue of Life,
268,"Lygodium,",Lygodium,11237,11246,5.11,1,NO_ANNOT,,,Exact,0,Lygodium Sw.,Lygodium,639RW,1,Catalogue of Life,
269,"Lyropupa,",Lyropupa,11259,11268,3.81,1,NO_ANNOT,,,Exact,0,"Lyropupa Pilsbry, 1900",Lyropupa,7P84J,1,Catalogue of Life,
270,"Lysimachia,",Lysimachia,11271,11282,4.59,1,NO_ANNOT,,,Exact,0,Lysimachia L.,Lysimachia,62XTM,1,Catalogue of Life,
271,"Lyssomanes,",Lyssomanes,11283,11294,3.56,1,NO_ANNOT,,,Exact,0,Lyssomanes,Lyssomanes,5HVY,1,Catalogue of Life,
272,"Macoma,",Macoma,11323,11330,4.40,1,NO_ANNOT,,,Exact,0,"Macoma Leach, 1819",Macoma,7P85J,1,Catalogue of Life,
273,"Macrorhamphus,",Macrorhamphus,11367,11381,5.44,1,NO_ANNOT,,,Exact,0,"Macrorhamphus Jakovlev, 1876",Macrorhamphus,urn:lsid:irmng.org:taxname:1336042,181,IRMNG,
274,"Mahadeva,",Mahadeva,11421,11430,4.11,1,NO_ANNOT,,,Exact,0,"Mahadeva Keyserling, 1890",Mahadeva,urn:lsid:irmng.org:taxname:1227927,181,IRMNG,
275,"Marptusa,",Marptusa,11446,11455,4.72,1,NO_ANNOT,,,Exact,0,"Marptusa Thorell, 1877",Marptusa,urn:lsid:irmng.org:taxname:1356064,181,IRMNG,
276,"Marrubium,",Marrubium,11458,11468,5.28,1,NO_ANNOT,,,Exact,0,Marrubium,Marrubium,5LK5,1,Catalogue of Life,
277,"Mastogloia,",Mastogloia,11469,11480,4.15,1,NO_ANNOT,,,Exact,0,"Mastogloia Thwaites ex W. Smith, 1856",Mastogloia,urn:lsid:irmng.org:taxname:1004586,181,IRMNG,
278,"Medionidus,",Medionidus,11483,11494,5.13,1,NO_ANNOT,,,Exact,0,"Medionidus Simpson, 1900",Medionidus,7P8KY,1,Catalogue of Life,
279,"Megalopta,",Megalopta,11495,11505,4.76,1,NO_ANNOT,,,Exact,0,"Megalopta Smith, 1853",Megalopta,62ZBB,1,Catalogue of Life,
280,"Melania,",Melania,11758,11766,3.62,1,NO_ANNOT,,,Exact,0,"Melania Caziot, 1910",Melania,urn:lsid:irmng.org:taxname:1384483,181,IRMNG,
281,"Melosira,",Melosira,11782,11791,4.61,1,NO_ANNOT,,,Exact,0,"Melosira C.Agardh, 1824",Melosira,848780,2,Wikispecies,
282,"Menopon,",Menopon,11794,11802,3.15,1,NO_ANNOT,,,Exact,0,Menopon,Menopon,5P59,1,Catalogue of Life,
283,"Microbdella,",Microbdella,11826,11838,6.49,1,NO_ANNOT,,,Exact,0,"Microbdella Moore, 1900",Microbdella,urn:lsid:irmng.org:taxname:1436434,181,IRMNG,
284,"Microcystis,",Microcystis,11839,11851,6.10,1,NO_ANNOT,,,Exact,0,"Microcystis Lemmermann, 1907",Microcystis,5RQG,1,Catalogue of Life,
285,"Micropus,",Micropus,11852,11861,5.73,1,NO_ANNOT,,,Exact,0,Micropus L.,Micropus,63B76,1,Catalogue of Life,
286,"Misumena,",Misumena,11874,11883,5.30,1,NO_ANNOT,,,Exact,0,Misumena,Misumena,63C4P,1,Catalogue of Life,
287,"Monacanthus,",Monacanthus,11926,11938,5.11,1,NO_ANNOT,,,Exact,0,Monacanthus,Monacanthus,63BN6,1,Catalogue of Life,
288,"Monotremata,",Monotremata,11968,11980,5.03,1,NO_ANNOT,,,Exact,0,"Monotremata Bonaparte, 1837",Monotremata,3L5,1,Catalogue of Life,
289,"Monotropa,",Monotropa,11981,11991,4.76,1,NO_ANNOT,,,Exact,0,Monotropa L.,Monotropa,63CVZ,1,Catalogue of Life,
290,"Mugil,",Mugil,11994,12000,3.43,1,NO_ANNOT,,,Exact,0,Mugil,Mugil,5VL8,1,Catalogue of Life,
291,"Mullus,",Mullus,12045,12052,5.21,1,NO_ANNOT,,,Exact,0,Mullus,Mullus,5VMV,1,Catalogue of Life,
292,"Munona,",Munona,12057,12064,3.31,1,NO_ANNOT,,,Exact,0,Munona,Munona,5VR9,1,Catalogue of Life,
293,"!Myctophum,",Myctophum,12108,12119,5.21,1,NO_ANNOT,,,Exact,0,Myctophum,Myctophum,63CQM,1,Catalogue of Life,
294,"Myodes,",Myodes,12132,12139,4.21,1,NO_ANNOT,,,Exact,0,"Myodes Pallas, 1811",Myodes,63CSH,1,Catalogue of Life,
295,"Myrichthys,",Myrichthys,12172,12183,5.49,1,NO_ANNOT,,,Exact,0,Myrichthys,Myrichthys,5WHX,1,Catalogue of Life,
296,"Myripristis,",Myripristis,12201,12213,6.10,1,NO_ANNOT,,,Exact,0,Myripristis,Myripristis,5WKP,1,Catalogue of Life,
297,Myrmecophila.,Myrmecophila,12232,12245,4.69,1,NO_ANNOT,,,Exact,0,Myrmecophila Christ,Myrmecophila,5TD9B,1,Catalogue of Life,
298,"Nabalus,",Nabalus,12260,12268,5.50,1,NO_ANNOT,,,Exact,0,Nabalus Cass.,Nabalus,5WYN,1,Catalogue of Life,
299,"Nearctula,.",Nearctula,12659,12670,5.01,1,NO_ANNOT,,,Exact,0,"Nearctula Sterki, 1892",Nearctula,urn:lsid:irmng.org:taxname:1352058,181,IRMNG,
300,"Neosubulina,",Neosubulina,12686,12698,4.42,1,NO_ANNOT,,,Exact,0,"Neosubulina E. A. Smith, 1898",Neosubulina,7P9Q2,1,Catalogue of Life,
301,"Nirmus,",Nirmus,12728,12735,4.61,1,NO_ANNOT,,,Exact,0,"Nirmus Nitzsch, 1818",Nirmus,urn:lsid:irmng.org:taxname:1326893,181,IRMNG,
302,"Nitzschia,",Nitzschia,12738,12748,4.42,1,NO_ANNOT,,,Exact,0,"Nitzschia Baer, 1826",Nitzschia,7PMJL,1,Catalogue of Life,
303,"Nodularia,",Nodularia,12749,12759,4.85,1,NO_ANNOT,,,Exact,0,"Nodularia Conrad, 1853",Nodularia,7P9X6,1,Catalogue of Life,
304,"Nyctea,",Nyctea,12792,12799,4.42,1,NO_ANNOT,,,Exact,0,"Nyctea Stephens, 1826",Nyctea,65YK,1,Catalogue of Life,
305,"Nyssa,",Nyssa,12802,12808,3.88,1,NO_ANNOT,,,Exact,0,Nyssa,Nyssa,665H,1,Catalogue of Life,
306,"Obolella,",Obolella,12811,12820,6.03,1,NO_ANNOT,,,Exact,0,"Obolella Billings, 1861",Obolella,urn:lsid:irmng.org:taxname:1356265,181,IRMNG,
307,"Obovaria,",Obovaria,12823,12832,4.68,1,NO_ANNOT,,,Exact,0,"Obovaria Rafinesque, 1819",Obovaria,7PB3K,1,Catalogue of Life,
308,"Odontella,",Odontella,12846,12856,6.20,1,NO_ANNOT,,,Exact,0,"Odontella Schäffer, 1897",Odontella,63G4P,1,Catalogue of Life,
309,"Odontostomus,",Odontostomus,12859,12872,5.85,1,NO_ANNOT,,,Exact,0,"Odontostomus H. Beck, 1837",Odontostomus,7PB55,1,Catalogue of Life,
310,"Oidemia,",Oidemia,13060,13068,4.36,1,NO_ANNOT,,,Exact,0,"Oidemia Fleming, 1822",Oidemia,urn:lsid:irmng.org:taxname:1397962,181,IRMNG,
311,"Olenellus,",Olenellus,13071,13081,5.92,1,NO_ANNOT,,,Exact,0,Olenellus,Olenellus,67KY,1,Catalogue of Life,
312,"Olor,",Olor,13095,13100,2.08,1,NO_ANNOT,,,Exact,0,"Olor Wagler, 1832",Olor,63FXB,1,Catalogue of Life,
313,"Omphalina,",Omphalina,13101,13111,4.13,1,NO_ANNOT,,,Exact,0,Omphalina,Omphalina,684D,1,Catalogue of Life,
314,"Opeas,",Opeas,13141,13147,2.43,1,NO_ANNOT,,,Exact,0,"Opeas Albers, 1850",Opeas,7PB9P,1,Catalogue of Life,
315,"Ophioglossum,",Ophioglossum,13182,13195,5.89,1,NO_ANNOT,,,Exact,0,Ophioglossum L.,Ophioglossum,68T2,1,Catalogue of Life,
316,"Ophisurus,",Ophisurus,13196,13206,5.43,1,NO_ANNOT,,,Exact,0,Ophisurus,Ophisurus,63FMD,1,Catalogue of Life,
317,"Ordgarius,",Ordgarius,13222,13232,4.98,1,NO_ANNOT,,,Exact,0,Ordgarius,Ordgarius,69GN,1,Catalogue of Life,
318,"Orobdella,",Orobdella,13235,13245,6.20,1,NO_ANNOT,,,Exact,0,"Orobdella Oka, 1895",Orobdella,urn:lsid:irmng.org:taxname:1417363,181,IRMNG,
319,"Orthotomium,",Orthotomium,13248,13260,5.57,1,NO_ANNOT,,,Exact,0,"Orthotomium Crosse & Fischer, 1875",Orthotomium,urn:lsid:irmng.org:taxname:1388104,181,IRMNG,
320,"Orthurethra,",Orthurethra,13261,13273,2.96,1,NO_ANNOT,,,Exact,0,Orthurethra,Orthurethra,76756,3,ITIS,
321,"Ostodes,",Ostodes,13303,13311,4.51,1,NO_ANNOT,,,Exact,0,"Ostodes A. A. Gould, 1862",Ostodes,7PBDR,1,Catalogue of Life,
322,"Ovoides,",Ovoides,13314,13322,4.51,1,NO_ANNOT,,,Exact,0,"Ovoides Anonymous, 1798",Ovoides,urn:lsid:marinespecies.org:taxname:297322,9,WoRMS,
323,"Oxybeles,",Oxybeles,13323,13332,3.16,1,NO_ANNOT,,,Exact,0,"Oxybeles Richardson, 1846",Oxybeles,urn:lsid:irmng.org:taxname:1301000,181,IRMNG,
324,"Oxycoccus,",Oxycoccus,13333,13343,6.17,1,NO_ANNOT,,,Exact,0,Oxycoccus Hill,Oxycoccus,5TDZJ,1,Catalogue of Life,
325,"Oxygraphis,",Oxygraphis,13346,13357,3.23,1,NO_ANNOT,,,Exact,0,Oxygraphis Bunge,Oxygraphis,6BBV,1,Catalogue of Life,
326,"Oxypolis,",Oxypolis,13501,13510,4.12,1,NO_ANNOT,,,Exact,0,Oxypolis Raf.,Oxypolis,6BFW,1,Catalogue of Life,
327,"Oxyptila,",Oxyptila,13530,13539,3.99,1,NO_ANNOT,,,Exact,0,"Oxyptila Thorell, 1869",Oxyptila,urn:lsid:marinespecies.org:taxname:231982,9,WoRMS,
328,Pachylomerus,Pachylomerus,13544,13556,5.96,1,NO_ANNOT,,,Exact,0,"Pachylomerus Bertoloni, 1849",Pachylomerus,63JKS,1,Catalogue of Life,
329,"Pagophila,",Pagophila,13561,13571,4.16,1,NO_ANNOT,,,Exact,0,"Pagophila Kaup, 1829",Pagophila,63JMV,1,Catalogue of Life,
330,"Pardosa,",Pardosa,13625,13633,4.36,1,NO_ANNOT,,,Exact,0,Pardosa,Pardosa,6HK8,1,Catalogue of Life,
331,"Parthenocissus,",Parthenocissus,13642,13657,5.15,1,NO_ANNOT,,,Exact,0,Parthenocissus Planch.,Parthenocissus,6J8R,1,Catalogue of Life,
332,"Partula,",Partula,13658,13666,4.59,1,NO_ANNOT,,,Exact,0,"Partula A. Férussac, 1821",Partula,7PBZ7,1,Catalogue of Life,
333,"Parexocoetus,",Parexocoetus,13701,13714,5.97,1,NO_ANNOT,,,Exact,0,Parexocoetus,Parexocoetus,6HS5,1,Catalogue of Life,
334,"Paspalum,",Paspalum,13715,13724,5.69,1,NO_ANNOT,,,Exact,0,Paspalum,Paspalum,6JFD,1,Catalogue of Life,
335,"Pedicularis,",Pedicularis,13736,13748,5.35,1,NO_ANNOT,,,Exact,0,Pedicularis L.,Pedicularis,6JYZ,1,Catalogue of Life,
336,"Perca,",Perca,13749,13755,3.73,1,NO_ANNOT,,,Exact,0,Perca,Perca,6L2L,1,Catalogue of Life,
337,"Petroskirtes,",Petroskirtes,13767,13780,3.91,1,NO_ANNOT,,,Exact,0,"Petroskirtes Cuvier & Valenciennes, 1836",Petroskirtes,urn:lsid:irmng.org:taxname:1195282,181,IRMNG,
338,"Peucetia,",Peucetia,13781,13790,5.12,1,NO_ANNOT,,,Exact,0,Peucetia,Peucetia,6M7M,1,Catalogue of Life,
339,"Phalacrocorax,",Phalacrocorax,13791,13805,5.75,1,NO_ANNOT,,,Exact,0,"Phalacrocorax Brisson, 1760",Phalacrocorax,6MN5,1,Catalogue of Life,
340,"Phalaropus,",Phalaropus,13818,13829,6.06,1,NO_ANNOT,,,Exact,0,"Phalaropus Brisson, 1760",Phalaropus,6MPL,1,Catalogue of Life,
341,"Phegopteris,",Phegopteris,13830,13842,5.35,1,NO_ANNOT,,,Exact,0,Phegopteris (C. Presl) Fée,Phegopteris,6N3D,1,Catalogue of Life,
342,"Phidippus,",Phidippus,13843,13853,5.90,1,NO_ANNOT,,,Exact,0,Phidippus,Phidippus,63N5N,1,Catalogue of Life,
343,"Philodromus,",Philodromus,13856,13868,5.62,1,NO_ANNOT,,,Exact,0,Philodromus,Philodromus,6NGM,1,Catalogue of Life,
344,"Philomycus,",Philomycus,13888,13899,6.34,1,NO_ANNOT,,,Exact,0,"Philomycus Rafinesque, 1820",Philomycus,7PCFQ,1,Catalogue of Life,
345,"Phoca,",Phoca,13902,13908,3.91,1,NO_ANNOT,,,Exact,0,"Phoca Linnaeus, 1758",Phoca,63MGG,1,Catalogue of Life,
346,"Pholcus,",Pholcus,13920,13928,5.75,1,NO_ANNOT,,,Exact,0,Pholcus,Pholcus,6NWM,1,Catalogue of Life,
347,"Phyllostoma,",Phyllostoma,13952,13964,5.40,1,NO_ANNOT,,,Exact,0,"Phyllostoma Fall, 1901",Phyllostoma,6PS8,1,Catalogue of Life,
348,"Physa,",Physa,13965,13971,3.83,1,NO_ANNOT,,,Exact,0,"Physa Draparnaud, 1801",Physa,7PCJZ,1,Catalogue of Life,
349,"Phytolacca,",Phytolacca,13972,13983,4.85,1,NO_ANNOT,,,Exact,0,Phytolacca L.,Phytolacca,63MCK,1,Catalogue of Life,
350,"Pieris,",Pieris,13986,13993,4.34,1,NO_ANNOT,,,Exact,0,Pieris D. Don,Pieris,6QB3,1,Catalogue of Life,
351,"Pinus,",Pinus,13994,14000,4.91,1,NO_ANNOT,,,Exact,0,Pinus,Pinus,6QPY,1,Catalogue of Life,
352,"Pisoodonophis,",Pisoodonophis,14026,14040,3.68,1,NO_ANNOT,,,Exact,0,"Pisoodonophis Kaup, 1860",Pisoodonophis,urn:lsid:irmng.org:taxname:1035258,181,IRMNG,
353,"Placobdella,",Placobdella,14041,14053,6.49,1,NO_ANNOT,,,Exact,0,Placobdella,Placobdella,6R4G,1,Catalogue of Life,
354,"Placostylus,",Placostylus,14054,14066,6.21,1,NO_ANNOT,,,Exact,0,"Placostylus H. Beck, 1837",Placostylus,7PCPY,1,Catalogue of Life,
355,"Planorbis,",Planorbis,14081,14091,4.83,1,NO_ANNOT,,,Exact,0,"Planorbis O. F. Müller, 1773",Planorbis,7PCRT,1,Catalogue of Life,
356,"Plantago,",Plantago,14108,14117,3.10,1,NO_ANNOT,,,Exact,0,Plantago L.,Plantago,6RHN,1,Catalogue of Life,
357,"Platytrochus,",Platytrochus,14118,14131,5.35,1,NO_ANNOT,,,Exact,0,"Platytrochus Milne Edwards & Haime, 1848",Platytrochus,87JTY,1,Catalogue of Life,
358,"Plectana,",Plectana,14132,14141,3.59,1,NO_ANNOT,,,Exact,0,"Plectana Walckenaer, 1836",Plectana,urn:lsid:irmng.org:taxname:1347320,181,IRMNG,
359,"Polygonatum,",Polygonatum,14668,14680,5.18,1,NO_ANNOT,,,Exact,0,Polygonatum,Polygonatum,63NF6,1,Catalogue of Life,
360,"Plethodon,",Plethodon,14770,14780,4.18,1,NO_ANNOT,,,Exact,0,"Plethodon Tschudi, 1838",Plethodon,6SNZ,1,Catalogue of Life,
361,"Pleurobema,",Pleurobema,14801,14812,5.92,1,NO_ANNOT,,,Exact,0,"Pleurobema Rafinesque, 1819",Pleurobema,7PCVT,1,Catalogue of Life,
362,"Pleurocera,",Pleurocera,14813,14824,5.31,1,NO_ANNOT,,,Exact,0,"Pleurocera Rafinesque, 1818",Pleurocera,7PCVY,1,Catalogue of Life,
363,"Ploiaria,",Ploiaria,14857,14866,4.68,1,NO_ANNOT,,,Exact,0,"Ploiaria Scopoli, 1786",Ploiaria,6T3N,1,Catalogue of Life,
364,"Pluchea,",Pluchea,14867,14875,4.65,1,NO_ANNOT,,,Exact,0,Pluchea Cass.,Pluchea,63NJ8,1,Catalogue of Life,
365,"Podophyllum,",Podophyllum,14917,14929,6.15,1,NO_ANNOT,,,Exact,0,Podophyllum L.,Podophyllum,63NLM,1,Catalogue of Life,
366,"Poecilia,",Poecilia,14930,14939,4.39,1,NO_ANNOT,,,Exact,0,Poecilia,Poecilia,6TGT,1,Catalogue of Life,
367,"Polydactylus,",Polydactylus,14967,14980,6.45,1,NO_ANNOT,,,Exact,0,Polydactylus,Polydactylus,63NC4,1,Catalogue of Life,
368,Polygala,Polygala,14981,14989,5.13,1,NO_ANNOT,,,Exact,0,Polygala L.,Polygala,63NFF,1,Catalogue of Life,
369,"Polygyratia,",Polygyratia,14990,15002,5.58,1,NO_ANNOT,,,Exact,0,"Polygyratia Gray, 1847",Polygyratia,7PD3H,1,Catalogue of Life,
370,Polymita.,Polymita,15003,15012,4.72,1,NO_ANNOT,,,Exact,0,"Polymita H. Beck, 1837",Polymita,7PD3P,1,Catalogue of Life,
371,"Polynemus,",Polynemus,15026,15036,5.32,1,NO_ANNOT,,,Exact,0,Polynemus,Polynemus,63N8N,1,Catalogue of Life,
372,"Pontederia,",Pontederia,15082,15093,5.02,1,NO_ANNOT,,,Exact,0,Pontederia,Pontederia,64275,1,Catalogue of Life,
373,"Populus,",Populus,15096,15104,5.50,1,NO_ANNOT,,,Exact,0,Populus L.,Populus,63PVP,1,Catalogue of Life,
374,"Porpeia,",Porpeia,15107,15115,4.65,1,NO_ANNOT,,,Exact,0,"Porpeia J.W. Bailey ex J. Ralfs in A. Pritchard, 1861",Porpeia,urn:lsid:marinespecies.org:taxname:415853,9,WoRMS,
375,"Privatula,",Privatula,15131,15141,5.01,1,NO_ANNOT,,,Exact,0,"Privatula Sterki, 1893",Privatula,urn:lsid:irmng.org:taxname:1234885,181,IRMNG,
376,"Prosthesima,",Prosthesima,15171,15183,4.57,1,NO_ANNOT,,,Exact,0,"Prosthesima Koch, 1872",Prosthesima,urn:lsid:irmng.org:taxname:1335728,181,IRMNG,
377,"Protoglyptus,",Protoglyptus,15184,15197,5.97,1,NO_ANNOT,,,Exact,0,"Protoglyptus Pilsbry, 1897",Protoglyptus,7PDLQ,1,Catalogue of Life,
378,"Prunus,",Prunus,15198,15205,5.05,1,NO_ANNOT,,,Exact,0,Prunus L.,Prunus,6Y6H,1,Catalogue of Life,
379,"Psammobia,",Psammobia,15206,15216,3.87,1,NO_ANNOT,,,Exact,0,"Psammobia Cossmann, 1886",Psammobia,urn:lsid:irmng.org:taxname:1368954,181,IRMNG,
380,"Pseudodon,",Pseudodon,15263,15273,4.18,1,NO_ANNOT,,,Exact,0,"Pseudodon Gould, 1844",Pseudodon,7PDT5,1,Catalogue of Life,
381,"Pseudoscorpionida,",Pseudoscorpionida,15276,15294,3.33,1,NO_ANNOT,,,Exact,0,Pseudoscorpionida,Pseudoscorpionida,3X4,1,Catalogue of Life,
382,"Pterois,",Pterois,15459,15467,2.53,1,NO_ANNOT,,,Exact,0,Pterois,Pterois,63QTP,1,Catalogue of Life,
383,"Ptilimnium,",Ptilimnium,15472,15483,5.45,1,NO_ANNOT,,,Exact,0,Ptilimnium Raf.,Ptilimnium,74Z8,1,Catalogue of Life,
384,"Ptychobranchus,",Ptychobranchus,15508,15523,5.66,1,NO_ANNOT,,,Exact,0,"Ptychobranchus Simpson, 1900",Ptychobranchus,7PF6K,1,Catalogue of Life,
385,"Puffinus,",Puffinus,15531,15540,5.59,1,NO_ANNOT,,,Exact,0,"Puffinus Brisson, 1760",Puffinus,75BM,1,Catalogue of Life,
386,"Pupoides,",Pupoides,15665,15674,4.76,1,NO_ANNOT,,,Exact,0,"Pupoides L. Pfeiffer, 1854",Pupoides,7PF9Q,1,Catalogue of Life,
387,"Putorius,",Putorius,15708,15717,4.81,1,NO_ANNOT,,,Exact,0,"Putorius Cuvier, 1817",Putorius,75LV,1,Catalogue of Life,
388,"Pyramidula,",Pyramidula,15731,15742,5.17,1,NO_ANNOT,,,Exact,0,"Pyramidula Fitzinger, 1833",Pyramidula,7P75B,1,Catalogue of Life,
389,"Pyrola,",Pyrola,15772,15779,4.97,1,NO_ANNOT,,,Exact,0,Pyrola L.,Pyrola,7657,1,Catalogue of Life,
390,"Quadrula,",Quadrula,15782,15791,4.84,1,NO_ANNOT,,,Exact,0,"Quadrula Rafinesque, 1820",Quadrula,7PFFZ,1,Catalogue of Life,
391,"Quercus,",Quercus,15792,15800,5.75,1,NO_ANNOT,,,Exact,0,Quercus,Quercus,76HN,1,Catalogue of Life,
392,"Rangifer,",Rangifer,15918,15927,4.72,1,NO_ANNOT,,,Exact,0,"Rangifer C. H. Smith, 1827",Rangifer,773G,1,Catalogue of Life,
393,"Ranzania,",Ranzania,15982,15991,3.87,1,NO_ANNOT,,,Exact,0,Ranzania T. Itô,Ranzania,774Q,1,Catalogue of Life,
394,"Rhexia,",Rhexia,16027,16034,4.35,1,NO_ANNOT,,,Exact,0,Rhexia Gronov.,Rhexia,78JY,1,Catalogue of Life,
395,"Rhinoscopelus,",Rhinoscopelus,16037,16051,6.54,1,NO_ANNOT,,,Exact,0,"Rhinoscopelus Lütken, 1892",Rhinoscopelus,urn:lsid:marinespecies.org:taxname:297682,9,WoRMS,
396,"Rhipidoglossa,",Rhipidoglossa,16052,16066,5.35,1,NO_ANNOT,,,Exact,0,"Rhipidoglossa Troschel, 1848",Rhipidoglossa,urn:lsid:marinespecies.org:taxname:390800,9,WoRMS,
397,"Rhizosolenia,",Rhizosolenia,16067,16080,4.56,1,NO_ANNOT,,,Exact,0,"Rhizosolenia T. Brightwell, 1858",Rhizosolenia,urn:lsid:irmng.org:taxname:1343509,181,IRMNG,
398,"Rhoicosphenia,",Rhoicosphenia,16096,16110,4.65,1,NO_ANNOT,,,Exact,0,"Rhoicosphenia Grunow, 1860",Rhoicosphenia,urn:lsid:irmng.org:taxname:1006988,181,IRMNG,
399,Rissa,Rissa,16222,16227,3.88,1,NO_ANNOT,,,Exact,0,"Rissa Stephens, 1826",Rissa,643QY,1,Catalogue of Life,
400,Rosacea\,Rosacea,16289,16297,4.57,1,NO_ANNOT,,,Exact,0,"Rosacea Quoy & Gaimard, 1827",Rosacea,7PXXM,1,Catalogue of Life,
401,"Rubus,",Rubus,16317,16323,3.62,1,NO_ANNOT,,,Exact,0,Rubus L.,Rubus,643JJ,1,Catalogue of Life,
402,Rumina..,Rumina,16389,16397,3.42,1,NO_ANNOT,,,Exact,0,"Rumina Risso, 1826",Rumina,7PG2G,1,Catalogue of Life,
403,"Ruppia,",Ruppia,16416,16423,4.59,1,NO_ANNOT,,,Exact,0,Ruppia,Ruppia,7B6N,1,Catalogue of Life,
404,"Sabbatia,",Sabbatia,16438,16447,5.12,1,NO_ANNOT,,,Exact,0,Sabbatia Moench,Sabbatia,145324174,165,Tropicos,
405,"■Sagina,",Sagina,16477,16485,3.42,1,NO_ANNOT,,,Exact,0,Sagina L.,Sagina,7BMY,1,Catalogue of Life,
406,"Saitis,",Saitis,16490,16497,5.10,1,NO_ANNOT,,,Exact,0,Saitis,Saitis,7BQL,1,Catalogue of Life,
407,"Salacia,",Salacia,16502,16510,5.30,1,NO_ANNOT,,,Exact,0,Salacia L.,Salacia,7BRV,1,Catalogue of Life,
408,"Salarias,",Salarias,16515,16524,5.33,1,NO_ANNOT,,,Exact,0,Salarias,Salarias,7BSV,1,Catalogue of Life,
409,"Salicornia,",Salicornia,16539,16550,4.20,1,NO_ANNOT,,,Exact,0,Salicornia L.,Salicornia,63RMC,1,Catalogue of Life,
410,"Salmo,",Salmo,16570,16576,3.60,1,NO_ANNOT,,,Exact,0,Salmo,Salmo,7BWX,1,Catalogue of Life,
411,"Salsola,",Salsola,16581,16589,5.27,1,NO_ANNOT,,,Exact,0,Salsola L.,Salsola,7BYH,1,Catalogue of Life,
412,"Sardinella,",Sardinella,16670,16681,6.37,1,NO_ANNOT,,,Exact,0,Sardinella,Sardinella,7CHP,1,Catalogue of Life,
413,"Saurida,",Saurida,16715,16723,3.57,1,NO_ANNOT,,,Exact,0,Saurida,Saurida,7CSB,1,Catalogue of Life,
414,"Savastana,",Savastana,16728,16738,3.76,1,NO_ANNOT,,,Exact,0,Savastana Schrank,Savastana,145097020,165,Tropicos,
415,"Saxicola,",Saxicola,16753,16762,5.51,1,NO_ANNOT,,,Exact,0,"Saxicola Bechstein, 1802",Saxicola,7CV9,1,Catalogue of Life,
416,"Scarichthys,",Scarichthys,16765,16777,5.62,1,NO_ANNOT,,,Exact,0,"Scarichthys Bleeker, 1859",Scarichthys,urn:lsid:irmng.org:taxname:1361658,181,IRMNG,
417,"Scirpus,",Scirpus,16894,16902,5.48,1,NO_ANNOT,,,Exact,0,Scirpus,Scirpus,645BJ,1,Catalogue of Life,
418,"Sciuropterus,",Sciuropterus,16934,16947,5.96,1,NO_ANNOT,,,Exact,0,"Sciuropterus F. Cuvier, 1825",Sciuropterus,63TBN,1,Catalogue of Life,
419,"Scleria,",Scleria,16960,16968,4.43,1,NO_ANNOT,,,Exact,0,Scleria,Scleria,63TC4,1,Catalogue of Life,
420,"Scolithus,",Scolithus,16990,17000,4.82,1,NO_ANNOT,,,Exact,0,Scolithus,Scolithus,6455X,1,Catalogue of Life,
421,"Scolodonta,",Scolodonta,17016,17027,3.79,1,NO_ANNOT,,,Exact,0,"Scolodonta Doering, 1875",Scolodonta,7PGFQ,1,Catalogue of Life,
422,"Scomber,",Scomber,17030,17038,2.09,1,NO_ANNOT,,,Exact,0,Scomber,Scomber,644V4,1,Catalogue of Life,
423,"Scorpionida,",Scorpionida,17080,17092,2.66,1,NO_ANNOT,,,Exact,0,Scorpionida,Scorpionida,urn:lsid:irmng.org:taxname:11379,181,IRMNG,
424,"Scutalus,",Scutalus,17109,17118,5.75,1,NO_ANNOT,,,Exact,0,"Scutalus Albers, 1850",Scutalus,7PGGD,1,Catalogue of Life,
425,"Sebastopsis,",Sebastopsis,17148,17160,5.23,1,NO_ANNOT,,,Exact,0,"Sebastopsis Sauvage, 1873",Sebastopsis,urn:lsid:irmng.org:taxname:1130681,181,IRMNG,
426,"Selenites,",Selenites,17163,17173,3.38,1,NO_ANNOT,,,Exact,0,"Selenites Fischer in Shuttleworth, 1877",Selenites,urn:lsid:irmng.org:taxname:1318001,181,IRMNG,
427,"Senecio,",Senecio,17201,17209,4.91,1,NO_ANNOT,,,Exact,0,Senecio L.,Senecio,7FJL,1,Catalogue of Life,
428,"556Sergiolus,",Sergiolus,17314,17327,5.92,1,NO_ANNOT,,,Exact,0,Sergiolus,Sergiolus,7FRS,1,Catalogue of Life,
429,"Sericocarpus,",Sericocarpus,17330,17343,6.42,1,NO_ANNOT,,,Exact,0,Sericocarpus Nees,Sericocarpus,7FSP,1,Catalogue of Life,
430,"Sesuvium,",Sesuvium,17372,17381,5.11,1,NO_ANNOT,,,Exact,0,Sesuvium L.,Sesuvium,7G2S,1,Catalogue of Life,
431,"Sieglingia,",Sieglingia,17397,17408,4.47,1,NO_ANNOT,,,Exact,0,Sieglingia Bernh.,Sieglingia,145102618,165,Tropicos,
432,"Sigmurethra,",Sigmurethra,17423,17435,2.96,1,NO_ANNOT,,,Exact,0,Sigmurethra,Sigmurethra,76957,3,ITIS,
433,"Sisyrinchium,",Sisyrinchium,17471,17484,5.81,1,NO_ANNOT,,,Exact,0,Sisyrinchium,Sisyrinchium,7HV4,1,Catalogue of Life,
434,"Sonorella,",Sonorella,17639,17649,6.20,1,NO_ANNOT,,,Exact,0,"Sonorella Pilsbry, 1900",Sonorella,7PH3Y,1,Catalogue of Life,
435,"Sorex,",Sorex,17650,17656,4.72,1,NO_ANNOT,,,Exact,0,"Sorex Linnaeus, 1758",Sorex,7JRJ,1,Catalogue of Life,
436,"Sparosomus,",Sparosomus,17669,17680,5.49,1,NO_ANNOT,,,Exact,0,"Sparosomus Gill, 1893",Sparosomus,urn:lsid:marinespecies.org:taxname:297836,9,WoRMS,
437,"Spelerpes,",Spelerpes,17698,17708,3.94,1,NO_ANNOT,,,Exact,0,"Spelerpes Rafinesque, 1832",Spelerpes,7K8Y,1,Catalogue of Life,
438,"Spermophilus,",Spermophilus,17711,17724,6.45,1,NO_ANNOT,,,Exact,0,"Spermophilus F. Cuvier, 1825",Spermophilus,7KBZ,1,Catalogue of Life,
439,"Spermophora,",Spermophora,17725,17737,6.35,1,NO_ANNOT,,,Exact,0,Spermophora,Spermophora,7KC2,1,Catalogue of Life,
440,"Spiropalpus,",Spiropalpus,17798,17810,6.19,1,NO_ANNOT,,,Exact,0,"Spiropalpus Emerton, 1882",Spiropalpus,urn:lsid:irmng.org:taxname:1414335,181,IRMNG,
441,"Squatarola,",Squatarola,17811,17822,5.85,1,NO_ANNOT,,,Exact,0,"Squatarola Forster, 1817",Squatarola,urn:lsid:irmng.org:taxname:1336864,181,IRMNG,
442,"Statice,",Statice,17825,17833,1.86,1,NO_ANNOT,,,Exact,0,Statice L.,Statice,145102359,165,Tropicos,
443,"Stauroneis,",Stauroneis,17849,17860,5.19,1,NO_ANNOT,,,Exact,0,Stauroneis Ehrenberg,Stauroneis,4127,3,ITIS,
444,"Slenogyra,",Slenogyra,17863,17873,4.94,1,NO_ANNOT,,,NoMatch,,,,,,,,
445,"Stercorarius,",Stercorarius,17916,17929,5.51,1,NO_ANNOT,,,Exact,0,"Stercorarius Brisson, 1760",Stercorarius,7N5S,1,Catalogue of Life,
446,"Sterkia,",Sterkia,17947,17955,4.82,1,NO_ANNOT,,,Exact,0,"Sterkia Pilsbry, 1898",Sterkia,76812,3,ITIS,
447,"Stethojulis,",Stethojulis,17966,17978,4.58,1,NO_ANNOT,,,Exact,0,Stethojulis,Stethojulis,7NBW,1,Catalogue of Life,
448,"Stictodiscus,",Stictodiscus,17981,17994,6.69,1,NO_ANNOT,,,Exact,0,Stictodiscus Greville,Stictodiscus,969968,3,ITIS,
449,"Stolephorus,",Stolephorus,17995,18007,5.72,1,NO_ANNOT,,,Exact,0,Stolephorus,Stolephorus,645LX,1,Catalogue of Life,
450,"Stolidoma,",Stolidoma,18243,18253,5.11,1,NO_ANNOT,,,Exact,0,"Stolidoma Deshayes, 1863",Stolidoma,7PHJ7,1,Catalogue of Life,
451,"Strix,",Strix,18283,18289,4.27,1,NO_ANNOT,,,Exact,0,"Strix Linnaeus, 1758",Strix,7PCR,1,Catalogue of Life,
452,"Strobilops,",Strobilops,18290,18301,4.57,1,NO_ANNOT,,,Exact,0,"Strobilops Pilsbry, 1893",Strobilops,7PHMD,1,Catalogue of Life,
453,"Strophocheilus,",Strophocheilus,18302,18317,6.76,1,NO_ANNOT,,,Exact,0,"Strophocheilus Spix in J. A. Wagner, 1827",Strophocheilus,7PHMY,1,Catalogue of Life,
454,"Strophostyles,",Strophostyles,18332,18346,3.95,1,NO_ANNOT,,,Exact,0,Strophostyles,Strophostyles,7PHT,1,Catalogue of Life,
455,"Stylommatophora,",Stylommatophora,18379,18395,6.87,1,NO_ANNOT,,,Exact,0,"Stylommatophora A. Schmidt, 1855",Stylommatophora,7NFGB,1,Catalogue of Life,
456,"Subulina,",Subulina,18406,18415,3.96,1,NO_ANNOT,,,Exact,0,"Subulina H. Beck, 1837",Subulina,7PHRK,1,Catalogue of Life,
457,"Synedra,",Synedra,18490,18498,4.68,1,NO_ANNOT,,,Exact,0,"Synedra Ehrenberg, 1830",Synedra,urn:lsid:irmng.org:taxname:1323436,181,IRMNG,
458,"Surirella,",Surirella,18535,18545,6.20,1,NO_ANNOT,,,Exact,0,"Surirella Turpin, 1828",Surirella,urn:lsid:irmng.org:taxname:1372330,181,IRMNG,
459,"Synodus,",Synodus,18560,18568,4.54,1,NO_ANNOT,,,Exact,0,Synodus,Synodus,7RBS,1,Catalogue of Life,
460,"Tagelus,",Tagelus,18583,18591,5.50,1,NO_ANNOT,,,Exact,0,"Tagelus Gray, 1847",Tagelus,7PHXP,1,Catalogue of Life,
461,"Taxeodonta,",Taxeodonta,18606,18617,3.79,1,NO_ANNOT,,,Exact,0,"Taxeodonta Pilsbry, 1898",Taxeodonta,urn:lsid:irmng.org:taxname:1234831,181,IRMNG,
462,"Taxodium,",Taxodium,18618,18627,5.11,1,NO_ANNOT,,,Exact,0,Taxodium,Taxodium,7T6Q,1,Catalogue of Life,
463,"Tegenaria,",Tegenaria,18630,18640,4.85,1,NO_ANNOT,,,Exact,0,Tegenaria,Tegenaria,645LS,1,Catalogue of Life,
464,"Tellina,",Tellina,18643,18651,3.72,1,NO_ANNOT,,,Exact,0,"Tellina Linnaeus, 1758",Tellina,7PJ5H,1,Catalogue of Life,
465,"Tellinacea,",Tellinacea,18656,18667,3.54,1,NO_ANNOT,,,Exact,0,Tellinacea,Tellinacea,urn:lsid:marinespecies.org:taxname:246044,9,WoRMS,
466,"Teuthis,",Teuthis,18820,18828,2.65,1,NO_ANNOT,,,Exact,0,"Teuthis Browne, 1789",Teuthis,urn:lsid:irmng.org:taxname:1464442,181,IRMNG,
467,"Thalarctos,",Thalarctos,18831,18842,3.75,1,NO_ANNOT,,,Exact,0,"Thalarctos Gray, 1825",Thalarctos,urn:lsid:irmng.org:taxname:1038974,181,IRMNG,
468,"Thargalia,",Thargalia,18881,18891,4.56,1,NO_ANNOT,,,Exact,0,"Thargalia Karsch, 1880",Thargalia,urn:lsid:irmng.org:taxname:1389591,181,IRMNG,
469,"Thelypteris,",Thelypteris,18894,18906,5.35,1,NO_ANNOT,,,Exact,0,Thelypteris Schmidel,Thelypteris,7VLR,1,Catalogue of Life,
470,"Theridium,",Theridium,19165,19175,5.28,1,NO_ANNOT,,,Exact,0,"Theridium Leach, 1816",Theridium,urn:lsid:irmng.org:taxname:1355982,181,IRMNG,
471,"Theridula,",Theridula,19178,19188,5.01,1,NO_ANNOT,,,Exact,0,Theridula,Theridula,7VQM,1,Catalogue of Life,
472,"Thyrsoidea,",Thyrsoidea,19206,19217,5.66,1,NO_ANNOT,,,Exact,0,"Thyrsoidea Kaup, 1856",Thyrsoidea,urn:lsid:marinespecies.org:taxname:205498,9,WoRMS,
473,"Thysa,",Thysa,19220,19226,3.83,1,NO_ANNOT,,,Exact,0,"Thysa Kempelen, 1867",Thysa,urn:lsid:irmng.org:taxname:1440074,181,IRMNG,
474,"Tiedemannia,",Tiedemannia,19240,19252,4.33,1,NO_ANNOT,,,Exact,0,Tiedemannia DC.,Tiedemannia,63WF7,1,Catalogue of Life,
475,"Tissa,",Tissa,19265,19271,3.88,1,NO_ANNOT,,,Exact,0,Tissa Adans.,Tissa,5THG2,1,Catalogue of Life,
476,"Tmarsus,",Tmarsus,19274,19282,3.89,1,NO_ANNOT,,,Exact,0,"Tmarsus Keyserling, 1880",Tmarsus,urn:lsid:irmng.org:taxname:1134123,181,IRMNG,
477,"Torix,",Torix,19293,19299,4.27,1,NO_ANNOT,,,Exact,0,Torix,Torix,7XTC,1,Catalogue of Life,
478,"Tornatellina,",Tornatellina,19300,19313,4.66,1,NO_ANNOT,,,Exact,0,"Tornatellina L. Pfeiffer, 1842",Tornatellina,7PJN8,1,Catalogue of Life,
479,"Torquilla,",Torquilla,19336,19346,6.20,1,NO_ANNOT,,,Exact,0,"Torquilla Brisson, 1760",Torquilla,urn:lsid:irmng.org:taxname:1398088,181,IRMNG,
480,"Trachurops,",Trachurops,19365,19376,4.57,1,NO_ANNOT,,,Exact,0,"Trachurops Gill, 1862",Trachurops,urn:lsid:irmng.org:taxname:1292373,181,IRMNG,
481,"Triceratium,",Triceratium,19407,19419,5.57,1,NO_ANNOT,,,Exact,0,"Triceratium Ehrenberg, 1839",Triceratium,urn:lsid:irmng.org:taxname:1269049,181,IRMNG,
482,"Trochocyathus,",Trochocyathus,19626,19640,5.44,1,NO_ANNOT,,,Exact,0,"Trochocyathus Milne Edwards & Haime, 1848",Trochocyathus,84VGB,1,Catalogue of Life,
483,"Trochomorpha,",Trochomorpha,19641,19654,6.08,1,NO_ANNOT,,,Exact,0,"Trochomorpha Albers, 1850",Trochomorpha,7PK2T,1,Catalogue of Life,
484,"Trochosa,",Trochosa,19657,19666,4.61,1,NO_ANNOT,,,Exact,0,Trochosa,Trochosa,82S4,1,Catalogue of Life,
485,"Tryngites,",Tryngites,19667,19677,3.38,1,NO_ANNOT,,,Exact,0,"Tryngites Cabanis, 1857",Tryngites,839M,1,Catalogue of Life,
486,"Typha,",Typha,19680,19686,4.70,1,NO_ANNOT,,,Exact,0,Typha,Typha,846Z,1,Catalogue of Life,
487,Umbellifera?,Umbellifera,19748,19760,5.44,1,NO_ANNOT,,,Exact,0,Umbellifera Honigberger,Umbellifera,40657-1,167,IPNI,
488,"Unio,",Unio,19761,19766,2.35,1,NO_ANNOT,,,Exact,0,"Unio Philipsson, 1788",Unio,7PKHN,1,Catalogue of Life,
489,"Uria,",Uria,19799,19804,3.34,1,NO_ANNOT,,,Exact,0,"Uria Brisson, 1760",Uria,855Y,1,Catalogue of Life,
490,"Heurckia,",Heurckia,20090,20099,5.07,1,NO_ANNOT,,,Exact,0,Heurckia Müll.Arg.,Heurckia,7MZKN,1,Catalogue of Life,
491,"Vernonia,",Vernonia,20148,20157,3.87,1,NO_ANNOT,,,Exact,0,Vernonia Schreb.,Vernonia,647MF,1,Catalogue of Life,
492,"Vertigopsis,",Vertigopsis,20193,20205,5.23,1,NO_ANNOT,,,Exact,0,"Vertigopsis Sterki, 1892",Vertigopsis,urn:lsid:irmng.org:taxname:1190808,181,IRMNG,
493,"Vertilla,",Vertilla,20206,20215,6.03,1,NO_ANNOT,,,Exact,0,"Vertilla Moquin-Tandon, 1855",Vertilla,urn:lsid:irmng.org:taxname:1418675,181,IRMNG,
494,"Vespertilio,",Vespertilio,20222,20234,5.05,1,NO_ANNOT,,,Exact,0,"Vespertilio Linnaeus, 1758",Vespertilio,86JY,1,Catalogue of Life,
495,"Vesperus,",Vesperus,20237,20246,5.26,1,NO_ANNOT,,,Exact,0,Vesperus,Vesperus,86K3,1,Catalogue of Life,
496,"Vitis,",Vitis,20289,20295,4.95,1,NO_ANNOT,,,Exact,0,Vitis L.,Vitis,872G,1,Catalogue of Life,
497,"Vitrea,",Vitrea,20305,20312,3.76,1,NO_ANNOT,,,Exact,0,"Vitrea Fitzinger, 1833",Vitrea,7PKVF,1,Catalogue of Life,
498,"Vitrinizonites,",Vitrinizonites,20327,20342,4.22,1,NO_ANNOT,,,Exact,0,"Vitrinizonites W.G. Binney, 1879",Vitrinizonites,7PKVW,1,Catalogue of Life,
499,Vulpes,Vulpes,20563,20569,3.23,1,NO_ANNOT,,,Exact,0,"Vulpes Frisch, 1775",Vulpes,87C5,1,Catalogue of Life,
500,"Xanthium,",Xanthium,20599,20608,5.11,1,NO_ANNOT,,,Exact,0,Xanthium L.,Xanthium,649GW,1,Catalogue of Life,
501,"Xysticus,",Xysticus,20678,20687,6.00,1,NO_ANNOT,,,Exact,0,Xysticus,Xysticus,89NC,1,Catalogue of Life,
502,"Zanclidae,",Zanclidae,20692,20702,4.28,1,NO_ANNOT,,,Exact,0,Zanclidae,Zanclidae,HZN,1,Catalogue of Life,
503,"Zanclus,",Zanclus,20707,20715,5.50,1,NO_ANNOT,,,Exact,0,Zanclus,Zanclus,63X6Z,1,Catalogue of Life,
504,"Zaptyx,",Zaptyx,20720,20727,3.27,1,NO_ANNOT,,,Exact,0,"Zaptyx Pilsbry, 1900",Zaptyx,7PLBJ,1,Catalogue of Life,
505,"Zonites,",Zonites,20732,20740,2.96,1,NO_ANNOT,,,Exact,0,"Zonites Montfort, 1810",Zonites,7PLG3,1,Catalogue of Life,
506,"Zonitoides,",Zonitoides,20781,20792,5.09,1,NO_ANNOT,,,Exact,0,"Zonitoides Lehmann, 1862",Zonitoides,7PLG4,1,Catalogue of Life,
507,"Zonotrichia,",Zonotrichia,20822,20834,4.71,1,NO_ANNOT,,,Exact,0,"Zonotrichia Swainson, 1832",Zonotrichia,8B4V,1,Catalogue of Life,
508,"Zora,",Zora,20843,20848,4.56,1,NO_ANNOT,,,Exact,0,Zora,Zora,8B6S,1,Catalogue of Life,
509,"Zostera,",Zostera,20860,20868,4.73,1,NO_ANNOT,,,Exact,0,Zostera,Zostera,8B7W,1,Catalogue of Life,
510,"Zygoballus,",Zygoballus,20871,20882,6.09,1,NO_ANNOT,,,Exact,0,Zygoballus,Zygoballus,8BC6,1,Catalogue of Life,
511,Arachnida,Arachnida,21137,21146,2.37,1,NO_ANNOT,,,Exact,0,Arachnida,Arachnida,RC,1,Catalogue of Life,
512,Hylobates leuciscus,Hylobates leuciscus,21942,21961,10.54,2,NO_ANNOT,,,Exact,0,Hylobates leuciscus (Schreber 1799),Hylobates leuciscus,232341,172,PaleoBioDB,
513,"Chiromys raadagascariensis,",Chiromys raadagascariensis,21966,21993,8.09,2,NO_ANNOT,,,PartialExact,0,"Chiromys Illiger, 1811",Chiromys,3NC6,1,Catalogue of Life,
514,Galapagos,Galapagos,22531,22540,2.37,1,NO_ANNOT,,,Exact,0,Galapagos,Galapagos,3059652,168,ION,
515,Notes,Notes,22764,22769,2.52,1,NO_ANNOT,,,Exact,0,Notes,Notes,3950760,168,ION,
516,"Ameiurus prosthistius,",Ameiurus prosthistius,22773,22795,12.58,2,NO_ANNOT,,,Fuzzy,1,Amiurus prosthistius Cope 1883,Amiurus prosthistius,141041687,151,Catalog of Fishes,
517,Notes,Notes,23354,23359,2.52,1,NO_ANNOT,,,Exact,0,Notes,Notes,3950760,168,ION,
518,Shinkai,Shinkai,23426,23433,3.17,1,NO_ANNOT,,,Exact,0,"Shinkai Miura & Laubier, 1990",Shinkai,84TLV,1,Catalogue of Life,
519,Microbdella biannulata,Microbdella biannulata,24346,24368,14.51,2,NO_ANNOT,,,Exact,0,Microbdella biannulata Moore 1900,Microbdella biannulata,3803202,168,ION,
520,Notes,Notes,24449,24454,2.52,1,NO_ANNOT,,,Exact,0,Notes,Notes,3950760,168,ION,
521,Spelerpes,Spelerpes,24515,24524,3.94,1,NO_ANNOT,,,Exact,0,"Spelerpes Rafinesque, 1832",Spelerpes,7K8Y,1,Catalogue of Life,
522,Crustacea,Crustacea,24854,24863,4.98,1,NO_ANNOT,,,Exact,0,"Crustacea Brünnich, 1772",Crustacea,83677,3,ITIS,
523,Notes,Notes,25060,25065,2.52,1,NO_ANNOT,,,Exact,0,Notes,Notes,3950760,168,ION,
524,"Ashmunella,",Ashmunella,25102,25113,6.37,1,NO_ANNOT,,,Exact,0,"Ashmunella Pilsbry & Cockerell, 1899",Ashmunella,7NPTV,1,Catalogue of Life,
525,Mollusca,Mollusca,25123,25131,4.51,1,NO_ANNOT,,,Exact,0,Mollusca,Mollusca,M2L,1,Catalogue of Life,
526,Notes,Notes,25476,25481,2.52,1,NO_ANNOT,,,Exact,0,Notes,Notes,3950760,168,ION,
527,^Mollusca,Mollusca,25493,25502,4.51,1,NO_ANNOT,,,Exact,0,Mollusca,Mollusca,M2L,1,Catalogue of Life,
528,Partula,Partula,25571,25578,4.59,1,NO_ANNOT,,,Exact,0,"Partula A. Férussac, 1821",Partula,7PBZ7,1,Catalogue of Life,
529,Coelocentrum,Coelocentrum,25647,25659,5.95,1,NO_ANNOT,,,Exact,0,"Coelocentrum Crosse & P. Fischer, 1872",Coelocentrum,7P248,1,Catalogue of Life,
530,"Berendtia,",Berendtia,25664,25674,5.29,1,NO_ANNOT,,,Exact,0,"Berendtia Crosse & P. Fischer, 1869",Berendtia,7NT3H,1,Catalogue of Life,
531,"Sonorella,",Sonorella,25685,25695,6.20,1,NO_ANNOT,,,Exact,0,"Sonorella Pilsbry, 1900",Sonorella,7PH3Y,1,Catalogue of Life,
532,Crustacea,Crustacea,25886,25895,4.98,1,NO_ANNOT,,,Exact,0,"Crustacea Brünnich, 1772",Crustacea,83677,3,ITIS,
533,Notes,Notes,26221,26226,2.52,1,NO_ANNOT,,,Exact,0,Notes,Notes,3950760,168,ION,
534,Echinoderms,Echinoderms,26363,26374,1.26,1,NO_ANNOT,,,Exact,0,Echinoderms,Echinoderms,3926528,168,ION,
535,Notes,Notes,26521,26526,2.52,1,NO_ANNOT,,,Exact,0,Notes,Notes,3950760,168,ION,
536,"Chiroptera,",Chiroptera,26530,26541,3.70,1,NO_ANNOT,,,Exact,0,"Chiroptera Blumenbach, 1779",Chiroptera,XC,1,Catalogue of Life,
537,"Vulpes macrotis,",Vulpes macrotis,27492,27508,9.82,2,NO_ANNOT,,,Exact,0,"Vulpes macrotis Merriam, 1888",Vulpes macrotis,5BSFW,1,Catalogue of Life,
538,"Psittaci,",Psittaci,27536,27545,1.80,1,NO_ANNOT,,,Exact,0,Ninox (Psittaci) Meyer 1884,Psittaci,4341781,168,ION,
539,"Staudinger,",Staudinger,27784,27795,1.69,1,NO_ANNOT,,,Exact,0,"Hypsophila (Staudinger) Staudinger, 1888",Staudinger,1020641,2,Wikispecies,
540,Trochocyathus,Trochocyathus,28159,28172,5.44,1,NO_ANNOT,,,Exact,0,"Trochocyathus Milne Edwards & Haime, 1848",Trochocyathus,84VGB,1,Catalogue of Life,
541,Musculus cruciformis,Musculus cruciformis,28260,28280,12.96,2,NO_ANNOT,,,PartialExact,0,"Musculus Röding, 1798",Musculus,7P9CT,1,Catalogue of Life,
542,"Tellinacea,",Tellinacea,28294,28305,3.54,1,NO_ANNOT,,,Exact,0,Tellinacea,Tellinacea,urn:lsid:marinespecies.org:taxname:246044,9,WoRMS,
543,MICROBDELLA,Microbdella,28681,28692,6.49,1,NO_ANNOT,,,Exact,0,"Microbdella Moore, 1900",Microbdella,urn:lsid:irmng.org:taxname:1436434,181,IRMNG,
544,BIANNULATA.,Biannulata,28693,28704,4.90,1,NO_ANNOT,,,Exact,0,"Latrunculia (Biannulata) Samaai, Gibbons & Kelly, 2006",Biannulata,85KJJ,1,Catalogue of Life,
545,MALLOPHAGA,Mallophaga,28737,28747,3.65,1,NO_ANNOT,,,Exact,0,Mallophaga,Mallophaga,urn:lsid:marinespecies.org:taxname:384782,9,WoRMS,
546,PARTULA,Partula,29366,29373,4.59,1,NO_ANNOT,,,Exact,0,"Partula A. Férussac, 1821",Partula,7PBZ7,1,Catalogue of Life,
547,ACHATINELLA.,Achatinella,29378,29390,6.49,1,NO_ANNOT,,,Exact,0,"Achatinella Swainson, 1828",Achatinella,7NMQT,1,Catalogue of Life,
548,STOLEPHORUS,Stolephorus,29469,29480,5.72,1,NO_ANNOT,,,Exact,0,Stolephorus,Stolephorus,645LX,1,Catalogue of Life,
549,SYNODUS,Synodus,29496,29503,4.54,1,NO_ANNOT,,,Exact,0,Synodus,Synodus,7RBS,1,Catalogue of Life,
550,HEMIRAMPHUS,Hemiramphus,29519,29530,5.11,1,NO_ANNOT,,,Exact,0,Hemiramphus,Hemiramphus,4VCK,1,Catalogue of Life,
551,MUGIL,Mugil,29546,29551,3.43,1,NO_ANNOT,,,Exact,0,Mugil,Mugil,5VL8,1,Catalogue of Life,
552,FIERASFER,Fierasfer,29570,29579,4.89,1,NO_ANNOT,,,Exact,0,"Fierasfer Oken, 1817",Fierasfer,urn:lsid:marinespecies.org:taxname:296638,9,WoRMS,
553,HEMIPTERONOTUS,Hemipteronotus,29655,29669,6.29,1,NO_ANNOT,,,Exact,0,"Hemipteronotus Lacépède, 1801",Hemipteronotus,170535,3,ITIS,
554,OVOIDES,Ovoides,29684,29691,4.51,1,NO_ANNOT,,,Exact,0,"Ovoides Anonymous, 1798",Ovoides,urn:lsid:marinespecies.org:taxname:297322,9,WoRMS,
555,SPHEROIDES,Spheroides,29734,29744,5.09,1,NO_ANNOT,,,Exact,0,"Spheroides Bosc, 1803",Spheroides,urn:lsid:irmng.org:taxname:1356116,181,IRMNG,
556,CARACANTHUS,Caracanthus,29763,29774,5.11,1,NO_ANNOT,,,Exact,0,Caracanthus,Caracanthus,3H8W,1,Catalogue of Life,
557,MACULATUS,Maculatus,29775,29784,5.45,1,NO_ANNOT,,,Exact,0,"Maculatus Westerlund, 1883",Maculatus,urn:lsid:irmng.org:taxname:1149419,181,IRMNG,
558,SONORELLA.,Sonorella,29871,29881,6.20,1,NO_ANNOT,,,Exact,0,"Sonorella Pilsbry, 1900",Sonorella,7PH3Y,1,Catalogue of Life,
