Index,Verbatim,Name,Start,End,OddsLog10,Cardinality,AnnotNomenType,WordsBefore,WordsAfter,VerifMatchType,VerifEditDistance,VerifMatchedName,VerifMatchedCanonical,VerifTaxonId,VerifDataSourceId,VerifDataSourceTitle,VerifError
0,Ampullaria,Ampullaria,145,155,5.02,1,NO_ANNOT,,,Exact,0,Ampullaria,Ampullaria,62CD3,1,Catalogue of Life,
1,Vivipara henzadensis,Vivipara henzadensis,297,317,11.58,2,SP_NOV,,,Exact,0,Vivipara (Idiopoma) henzadensis Pils,Vivipara henzadensis,gn_92226,186,MCZbase,
2,Ampullaria,Ampullaria,1657,1667,5.02,1,NO_ANNOT,,,Exact,0,Ampullaria,Ampullaria,62CD3,1,Catalogue of Life,
3,"Paludina,",Paludina,1688,1697,3.96,1,NO_ANNOT,,,Exact,0,"Paludina Férussac, 1812",Paludina,urn:lsid:irmng.org:taxname:1310550,181,IRMNG,
4,"Idiopoma,",Idiopoma,2034,2043,4.94,1,NO_ANNOT,,,Exact,0,"Idiopoma Pilsbry, 1901",Idiopoma,7P5NJ,1,Catalogue of Life,
5,Donax,Donax,3307,3312,4.03,1,SP_NOV,,,Exact,0,"Donax Linnaeus, 1758",Donax,7NXCF,1,Catalogue of Life,
6,Donax,Donax,4986,4991,4.03,1,NO_ANNOT,,,Exact,0,"Donax Linnaeus, 1758",Donax,7NXCF,1,Catalogue of Life,
7,Fossarus capensis,Fossarus capensis,5111,5128,12.61,2,SP_NOV,,,Exact,0,"Fossarus capensis Pilsbry, 1901",Fossarus capensis,6JKLC,1,Catalogue of Life,
8,F. ambiguus,F. ambiguus,5853,5864,5.46,2,NO_ANNOT,,,NoMatch,,,,,,,,
9,F. pusillus,F. pusillus,5873,5884,6.64,2,NO_ANNOT,,,NoMatch,,,,,,,,
10,Mollusca,Mollusca,6360,6368,4.51,1,NO_ANNOT,,,Exact,0,Mollusca,Mollusca,M2L,1,Catalogue of Life,
11,MOLLUSCA,Mollusca,6976,6984,4.51,1,NO_ANNOT,,,Exact,0,Mollusca,Mollusca,M2L,1,Catalogue of Life,
12,Eulota succincta var.␤amblytropis,Eulota succincta var. amblytropis,7466,7499,17.48,3,NO_ANNOT,,,Exact,0,"Eulota succincta var. amblytropis Pilsbry, 1901",Eulota succincta amblytropis,7V6DS,1,Catalogue of Life,
13,Eulota,Eulota,7973,7979,2.96,1,SP_NOV,,,Exact,0,Eulota,Eulota,7P3PJ,1,Catalogue of Life,
14,"E. succincta,",E. succincta,8844,8857,6.49,2,NO_ANNOT,,,NoMatch,,,,,,,,
15,Lamprocystis spadix,Lamprocystis spadix,9088,9107,6.91,2,NO_ANNOT,,,Exact,0,"Lamprocystis spadix Schmacker & Boettger, 1891",Lamprocystis spadix,7RTCF,1,Catalogue of Life,
16,Vitrinoconus,Vitrinoconus,9292,9304,6.29,1,SP_NOV,,,Exact,0,"Vitrinoconus C. Semper, 1873",Vitrinoconus,7PKW6,1,Catalogue of Life,
17,"V. cyathellus""",V. cyathellus,10304,10318,6.91,2,NO_ANNOT,,,NoMatch,,,,,,,,
18,Succinea,Succinea,11078,11086,5.02,1,SP_NOV,,,Exact,0,"Succinea Draparnaud, 1801",Succinea,87HG8,1,Catalogue of Life,
19,Ogasawara,Ogasawara,11753,11762,3.82,1,NO_ANNOT,,,Exact,0,"Ogasawara Gressitt, 1937",Ogasawara,urn:lsid:irmng.org:taxname:1134205,181,IRMNG,
20,Succinea,Succinea,12166,12174,5.02,1,SP_NOV,,,Exact,0,"Succinea Draparnaud, 1801",Succinea,87HG8,1,Catalogue of Life,
21,"Ogasawara,",Ogasawara,12914,12924,3.82,1,NO_ANNOT,,,Exact,0,"Ogasawara Gressitt, 1937",Ogasawara,urn:lsid:irmng.org:taxname:1134205,181,IRMNG,
22,"Succinea,",Succinea,13046,13055,5.02,1,NO_ANNOT,,,Exact,0,"Succinea Draparnaud, 1801",Succinea,87HG8,1,Catalogue of Life,
23,S. lauta,S. lauta,13244,13252,5.01,2,NO_ANNOT,,,NoMatch,,,,,,,,
24,Succinea lauta,Succinea lauta,13419,13433,10.36,2,NO_ANNOT,,,Exact,0,"Succinea lauta A. A. Gould, 1859",Succinea lauta,7T9LM,1,Catalogue of Life,
25,"Mabille.""",Mabille,13464,13473,0.70,1,NO_ANNOT,,,Exact,0,Mabille,Mabille,4213392,168,ION,
26,Columbella polynyma,Columbella polynyma,13553,13572,12.02,2,NO_ANNOT,,,Exact,0,"Columbella polynyma Pilsbry, 1901",Columbella polynyma,XBZG,1,Catalogue of Life,
27,Oolumbella misera,Oolumbella misera,13577,13594,6.35,2,NO_ANNOT,,,Fuzzy,1,Columbella misera Sby.,Columbella misera,gn_111371,186,MCZbase,
28,Thes.,Thes,13659,13664,2.99,1,NO_ANNOT,,,Exact,0,"Thes Semenov, 1910",Thes,urn:lsid:irmng.org:taxname:1131965,181,IRMNG,
29,Columbella japonica,Columbella japonica,13706,13725,10.14,2,NO_ANNOT,,,Exact,0,"Columbella japonica Reeve, 1858",Columbella japonica,5ZQ95,1,Catalogue of Life,
30,Columbella,Columbella,14765,14775,6.37,1,NO_ANNOT,,,Exact,0,"Columbella Lamarck, 1799",Columbella,7NTCV,1,Catalogue of Life,
31,C. polynyma,C. polynyma,15131,15142,5.31,2,NO_ANNOT,,,NoMatch,,,,,,,,
32,C. japonlca;,C. japonlca,15687,15699,4.61,2,NO_ANNOT,,,NoMatch,,,,,,,,
33,"C. misera,",C. misera,15763,15773,5.95,2,NO_ANNOT,,,NoMatch,,,,,,,,
34,Chrysodomus intersculptus var.␤frater,Chrysodomus intersculptus var. frater,15853,15890,15.41,3,NO_ANNOT,,,Exact,0,"Chrysodomus intersculptus var. frater Pilsbry, 1901",Chrysodomus intersculptus frater,5N35N,1,Catalogue of Life,
35,C. intersculptus,C. intersculptus,16226,16242,7.74,2,NO_ANNOT,,,NoMatch,,,,,,,,
36,Peristernia ustulata var.␤luchuana,Peristernia ustulata var. luchuana,16363,16397,20.29,3,NO_ANNOT,,,Exact,0,"Peristernia ustulata var. luchuana Pilsbry, 1901",Peristernia ustulata luchuana,5QLMG,1,Catalogue of Life,
37,P. ustulata,P. ustulata,16434,16445,7.41,2,NO_ANNOT,,,NoMatch,,,,,,,,
38,P. ustulata.,P. ustulata,16745,16757,7.41,2,NO_ANNOT,,,NoMatch,,,,,,,,
39,Peristernia infracincta,Peristernia infracincta,16859,16882,11.57,2,NO_ANNOT,,,PartialExact,0,"Peristernia Mörch, 1852",Peristernia,7PC83,1,Catalogue of Life,
40,"""Turbinella,",Turbinella,17230,17242,6.37,1,NO_ANNOT,,,Exact,0,"Turbinella Lamarck, 1799",Turbinella,7PK9M,1,Catalogue of Life,
41,Echinella,Echinella,17462,17471,6.20,1,NO_ANNOT,,,Exact,0,Echinella,Echinella,49GJ,1,Catalogue of Life,
42,Turbonilla varicifera,Turbonilla varicifera,18353,18374,13.41,2,SP_NOV,,,Exact,0,"Turbonilla varicifera Tate, 1898",Turbonilla varicifera,7CZ4Z,1,Catalogue of Life,
43,T. varicosa,T. varicosa,19083,19094,6.97,2,NO_ANNOT,,,NoMatch,,,,,,,,
44,Cantharidus,Cantharidus,19244,19255,5.25,1,NO_ANNOT,,,Exact,0,"Cantharidus Montfort, 1810",Cantharidus,7NRT7,1,Catalogue of Life,
45,Phasianotrochus,Phasianotrochus,19258,19273,5.63,1,NO_ANNOT,,,Exact,0,"Phasianotrochus P. Fischer, 1885",Phasianotrochus,7PCDN,1,Catalogue of Life,
46,"Phasianella,",Phasianella,20202,20214,6.49,1,NO_ANNOT,,,Exact,0,"Phasianella Lamarck, 1804",Phasianella,7PCDL,1,Catalogue of Life,
47,Cantharidus bisbalteatus,Cantharidus bisbalteatus,20281,20305,13.29,2,SP_NOV,,,Exact,0,"Cantharidus bisbalteatus Pilsbry, 1901",Cantharidus bisbalteatus,68Y6J,1,Catalogue of Life,
48,C. japonicus,C. japonicus,21428,21440,6.83,2,NO_ANNOT,,,NoMatch,,,,,,,,
49,"Zmjphhius japonicus,",Zmjphhius japonicus,21465,21485,5.84,2,NO_ANNOT,,,NoMatch,,,,,,,,
50,Clanoulus gemmulifer,Clanoulus gemmulifer,21681,21701,5.34,2,SP_NOV,,,Fuzzy,1,"Clanculus gemmulifer Pilsbry, 1901",Clanculus gemmulifer,5Z7VW,1,Catalogue of Life,
51,Clanculus microdon var.␤ater,Clanculus microdon var. ater,23329,23357,15.27,3,NO_ANNOT,,,Exact,0,"Clanculus microdon var. ater Pilsbry, 1901",Clanculus microdon ater,7LJCX,1,Catalogue of Life,
52,Clanculus hizenensis,Clanculus hizenensis,24021,24041,13.54,2,NO_ANNOT,,,Exact,0,"Clanculus hizenensis Pilsbry, 1901",Clanculus hizenensis,VQRH,1,Catalogue of Life,
53,Euchelus ruber,Euchelus ruber,25258,25272,8.67,2,NO_ANNOT,,,Exact,0,"Euchelus ruber (A. Adams, 1851)",Euchelus ruber,3BSR7,1,Catalogue of Life,
54,"E. ruber,",E. ruber,25318,25327,2.59,2,NO_ANNOT,,,NoMatch,,,,,,,,
55,E. ruber,E. ruber,25434,25442,2.59,2,NO_ANNOT,,,NoMatch,,,,,,,,
56,Chlorostoma argyrostomum,Chlorostoma argyrostomum,25582,25606,11.43,2,NO_ANNOT,,,Exact,0,"Chlorostoma argyrostomum (Gmelin, 1791)",Chlorostoma argyrostomum,7QNQZ,1,Catalogue of Life,
57,C. argyrostomum,C. argyrostomum,25953,25968,5.70,2,NO_ANNOT,,,NoMatch,,,,,,,,
58,Acmaea,Acmaea,25990,25996,4.98,1,NO_ANNOT,,,Exact,0,"Acmaea Eschscholtz, 1833",Acmaea,7NMSC,1,Catalogue of Life,
59,"Helcioniscus,",Helcioniscus,26653,26666,6.69,1,NO_ANNOT,,,Exact,0,"Helcioniscus (Dall, 1871)",Helcioniscus,60662,2,Wikispecies,
60,Patella grata,Patella grata,26770,26783,11.15,2,NO_ANNOT,,,Exact,0,"Patella grata Gould, 1859",Patella grata,4DZSS,1,Catalogue of Life,
61,Helcion'iscus eucosmius,Helcion�iscus eucosmius,26818,26841,7.66,2,NO_ANNOT,,,Fuzzy,1,Helcioniscus eucosmius Pils.,Helcioniscus eucosmius,gn_117573,186,MCZbase,
62,Patella luchuana,Patella luchuana,26988,27004,11.35,2,SP_NOV,,,Exact,0,"Patella luchuana Pilsbry, 1901",Patella luchuana,7SMYD,1,Catalogue of Life,
63,Onithochiton,Onithochiton,27986,27998,3.70,1,SP_NOV,,,Exact,0,"Onithochiton Gray, 1847",Onithochiton,7PB8T,1,Catalogue of Life,
64,Onithochiton.,Onithochiton,30119,30132,3.70,1,NO_ANNOT,,,Exact,0,"Onithochiton Gray, 1847",Onithochiton,7PB8T,1,Catalogue of Life,
65,Tonicia,Tonicia,30173,30180,5.30,1,NO_ANNOT,,,Exact,0,"Tonicia Gray, 1847",Tonicia,7PJMD,1,Catalogue of Life,
66,"Cryptoplax,",Cryptoplax,30309,30320,4.35,1,NO_ANNOT,,,Exact,0,"Cryptoplax Blainville, 1818",Cryptoplax,7NTX7,1,Catalogue of Life,
67,C. japonicus,C. japonicus,30439,30451,6.83,2,SP_NOV,,,NoMatch,,,,,,,,
68,G. striatus,G. striatus,30712,30723,7.23,2,NO_ANNOT,,,NoMatch,,,,,,,,
69,C. striatus.,C. striatus,30791,30803,7.23,2,NO_ANNOT,,,NoMatch,,,,,,,,
70,C. rhodoplax,C. rhodoplax,30902,30914,4.30,2,SP_NOV,,,NoMatch,,,,,,,,
71,"C. japonicus,",C. japonicus,30958,30971,6.83,2,NO_ANNOT,,,NoMatch,,,,,,,,
72,Petricola cyclus,Petricola cyclus,31513,31529,12.17,2,SP_NOV,,,Exact,0,"Petricola cyclus Pilsbry, 1901",Petricola cyclus,4FDQ8,1,Catalogue of Life,
73,P. lithophaga,P. lithophaga,32687,32700,5.49,2,NO_ANNOT,,,NoMatch,,,,,,,,
74,Petricola cyclus,Petricola cyclus,33261,33277,12.17,2,NO_ANNOT,,,Exact,0,"Petricola cyclus Pilsbry, 1901",Petricola cyclus,4FDQ8,1,Catalogue of Life,
75,"Rupellaria,*",Rupellaria,33301,33313,5.02,1,NO_ANNOT,,,Exact,0,"Rupellaria Fleuriau de Bellevue, 1802",Rupellaria,81635,3,ITIS,
76,"P. monstrosa,",P. monstrosa,33436,33449,7.14,2,NO_ANNOT,,,NoMatch,,,,,,,,
77,Petricolaria,Petricolaria,33466,33478,5.37,1,NO_ANNOT,,,Exact,0,"Petricolaria Stoliczka, 1870",Petricolaria,7PCC6,1,Catalogue of Life,
78,V. jedoensis,V. jedoensis,34904,34916,7.17,2,NO_ANNOT,,,NoMatch,,,,,,,,
79,Tapes platyptycha,Tapes platyptycha,35082,35099,9.87,2,SP_NOV,,,Exact,0,"Tapes platyptycha Pilsbry, 1901",Tapes platyptycha,54RQL,1,Catalogue of Life,
80,T. adspersa.,T. adspersa,35834,35846,5.57,2,NO_ANNOT,,,NoMatch,,,,,,,,
81,Tapes,Tapes,36607,36612,3.09,1,SP_NOV,,,Exact,0,"Tapes Megerle von Mühlfeld, 1811",Tapes,7PJ2T,1,Catalogue of Life,
82,T. quadriradiata,T. quadriradiata,37872,37888,7.92,2,NO_ANNOT,,,NoMatch,,,,,,,,
83,Donaz kiusiuensis,Donaz kiusiuensis,38031,38048,4.35,2,SP_NOV,,,Fuzzy,1,"Donax kiusiuensis Pilsbry, 1901",Donax kiusiuensis,379R4,1,Catalogue of Life,
84,"Chion,",Chion,38996,39002,2.08,1,NO_ANNOT,,,Exact,0,"Chion Newman, 1840",Chion,urn:lsid:irmng.org:taxname:1321950,181,IRMNG,
85,Anatina impura,Anatina impura,39082,39096,9.44,2,SP_NOV,,,Exact,0,"Anatina impura Pilsbry, 1901",Anatina impura,DJ4F,1,Catalogue of Life,
86,Anatina,Anatina,40316,40323,3.72,1,NO_ANNOT,,,Exact,0,"Anatina Schumacher, 1817",Anatina,7NNZR,1,Catalogue of Life,
87,"A. kamakurana,",A. kamakurana,40476,40490,6.88,2,NO_ANNOT,,,NoMatch,,,,,,,,
88,L. orientalis,L. orientalis,41268,41281,7.08,2,NO_ANNOT,,,NoMatch,,,,,,,,
89,Area (Scapharca) nipponensis,Area nipponensis,41914,41942,5.42,2,SP_NOV,,,PartialExact,0,Area,Area,32GH,1,Catalogue of Life,
90,(Scapharca),Scapharca,41919,41930,4.58,1,SP_NOV,,,Exact,0,"Scapharca Gray, 1847",Scapharca,urn:lsid:irmng.org:taxname:1029901,181,IRMNG,
91,Odontostomus,Odontostomus,44435,44447,5.85,1,NO_ANNOT,,,Exact,0,"Odontostomus H. Beck, 1837",Odontostomus,7PB55,1,Catalogue of Life,
92,"Evermannia,",Evermannia,44903,44914,4.20,1,NO_ANNOT,,,Exact,0,Evermannia,Evermannia,4HMT,1,Catalogue of Life,
93,Evermanella.,Evermanella,44960,44972,6.49,1,NO_ANNOT,,,Exact,0,"Evermanella Fowler, 1901",Evermanella,urn:lsid:irmng.org:taxname:1322006,181,IRMNG,
94,EVERMANNELLA.,Evermannella,45238,45251,6.73,1,NO_ANNOT,,,Exact,0,Evermannella,Evermannella,4HMS,1,Catalogue of Life,
95,Odondostomus,Odondostomus,45252,45264,5.85,1,NO_ANNOT,,,Exact,0,"Odondostomus Cocco, 1838",Odondostomus,urn:lsid:irmng.org:taxname:1404052,181,IRMNG,
96,Odontostomus,Odontostomus,45400,45412,5.85,1,NO_ANNOT,,,Exact,0,"Odontostomus H. Beck, 1837",Odontostomus,7PB55,1,Catalogue of Life,
97,"Challenger,",Challenger,45443,45454,1.69,1,NO_ANNOT,,,Exact,0,Challenger i Man 1911,Challenger,3547646,168,ION,
98,Odontostomus,Odontostomus,45481,45493,5.85,1,NO_ANNOT,,,Exact,0,"Odontostomus H. Beck, 1837",Odontostomus,7PB55,1,Catalogue of Life,
99,Odontostomus,Odontostomus,45551,45563,5.85,1,NO_ANNOT,,,Exact,0,"Odontostomus H. Beck, 1837",Odontostomus,7PB55,1,Catalogue of Life,
100,Evermannella balbo,Evermannella balbo,45630,45648,6.78,2,NO_ANNOT,,,Exact,0,"Evermannella balbo (Risso, 1820)",Evermannella balbo,6HLVC,1,Catalogue of Life,
101,Scopelus balbo,Scopelus balbo,45760,45774,7.93,2,NO_ANNOT,,,Exact,0,"Scopelus balbo Risso, 1820",Scopelus balbo,4VV8B,1,Catalogue of Life,
102,Odontostomus balbo,Odontostomus balbo,45825,45843,5.91,2,NO_ANNOT,,,Exact,0,"Odontostomus balbo (Risso, 1820)",Odontostomus balbo,48RP2,1,Catalogue of Life,
103,Odondostomus hyalinus,Odondostomus hyalinus,45893,45914,12.94,2,NO_ANNOT,,,Fuzzy,1,"Odontostomus hyalinus Cocco, 1838",Odontostomus hyalinus,48RP4,1,Catalogue of Life,
104,Odontostomus,Odontostomus,46006,46018,5.85,1,NO_ANNOT,,,Exact,0,"Odontostomus H. Beck, 1837",Odontostomus,7PB55,1,Catalogue of Life,
105,"Italica,",Italica,46044,46052,3.07,1,NO_ANNOT,,,Exact,0,Italica,Italica,55SK,1,Catalogue of Life,
106,Odontostomus hyalinus,Odontostomus hyalinus,46105,46126,12.94,2,NO_ANNOT,,,Exact,0,"Odontostomus hyalinus Cocco, 1838",Odontostomus hyalinus,48RP4,1,Catalogue of Life,
107,Odontostomus liyalinus,Odontostomus liyalinus,46176,46198,8.07,2,NO_ANNOT,,,PartialExact,0,"Odontostomus H. Beck, 1837",Odontostomus,7PB55,1,Catalogue of Life,
108,Odontostomus hyalinus,Odontostomus hyalinus,46263,46284,12.94,2,NO_ANNOT,,,Exact,0,"Odontostomus hyalinus Cocco, 1838",Odontostomus hyalinus,48RP4,1,Catalogue of Life,
109,Odontostomus hyalinus,Odontostomus hyalinus,46334,46355,12.94,2,NO_ANNOT,,,Exact,0,"Odontostomus hyalinus Cocco, 1838",Odontostomus hyalinus,48RP4,1,Catalogue of Life,
110,"Challenger,",Challenger,46386,46397,1.69,1,NO_ANNOT,,,Exact,0,Challenger i Man 1911,Challenger,3547646,168,ION,
111,Odontostomus hyalinus,Odontostomus hyalinus,46442,46463,12.94,2,NO_ANNOT,,,Exact,0,"Odontostomus hyalinus Cocco, 1838",Odontostomus hyalinus,48RP4,1,Catalogue of Life,
112,Odontostomus hyalinus,Odontostomus hyalinus,46525,46546,12.94,2,NO_ANNOT,,,Exact,0,"Odontostomus hyalinus Cocco, 1838",Odontostomus hyalinus,48RP4,1,Catalogue of Life,
113,Evermannella atrata,Evermannella atrata,46614,46633,13.99,2,NO_ANNOT,,,Exact,0,Evermannella atrata,Evermannella atrata,urn:lsid:marinespecies.org:taxname:298170,9,WoRMS,
114,Odontostomus atratus,Odontostomus atratus,46644,46664,13.22,2,NO_ANNOT,,,Exact,0,"Odontostomus atratus Alcock, 1894",Odontostomus atratus,48RNZ,1,Catalogue of Life,
115,Odontostomus atratus,Odontostomus atratus,46744,46764,13.22,2,NO_ANNOT,,,Exact,0,"Odontostomus atratus Alcock, 1894",Odontostomus atratus,48RNZ,1,Catalogue of Life,
116,Odontostomus atratus,Odontostomus atratus,46822,46842,13.22,2,NO_ANNOT,,,Exact,0,"Odontostomus atratus Alcock, 1894",Odontostomus atratus,48RNZ,1,Catalogue of Life,
117,Odontostomus atratus,Odontostomus atratus,46907,46927,13.22,2,NO_ANNOT,,,Exact,0,"Odontostomus atratus Alcock, 1894",Odontostomus atratus,48RNZ,1,Catalogue of Life,
118,OMOSUDIS.,Omosudis,47012,47021,3.81,1,NO_ANNOT,,,Exact,0,Omosudis,Omosudis,683M,1,Catalogue of Life,
119,Omosudis,Omosudis,47022,47030,3.81,1,NO_ANNOT,,,Exact,0,Omosudis,Omosudis,683M,1,Catalogue of Life,
120,"Challenger,",Challenger,47061,47072,1.69,1,NO_ANNOT,,,Exact,0,Challenger i Man 1911,Challenger,3547646,168,ION,
121,Omosudis,Omosudis,47100,47108,3.81,1,NO_ANNOT,,,Exact,0,Omosudis,Omosudis,683M,1,Catalogue of Life,
122,Omosudis,Omosudis,47160,47168,3.81,1,NO_ANNOT,,,Exact,0,Omosudis,Omosudis,683M,1,Catalogue of Life,
123,Omosudis,Omosudis,47238,47246,3.81,1,NO_ANNOT,,,Exact,0,Omosudis,Omosudis,683M,1,Catalogue of Life,
124,Omosudis lowii,Omosudis lowii,47314,47328,8.54,2,NO_ANNOT,,,Exact,0,"Omosudis lowii Günther, 1887",Omosudis lowii,6SM73,1,Catalogue of Life,
125,Omosudis,Omosudis,47338,47346,3.81,1,NO_ANNOT,,,Exact,0,Omosudis,Omosudis,683M,1,Catalogue of Life,
126,"Challenger,",Challenger,47382,47393,1.69,1,NO_ANNOT,,,Exact,0,Challenger i Man 1911,Challenger,3547646,168,ION,
127,Omosudis lowii,Omosudis lowii,47442,47456,8.54,2,NO_ANNOT,,,Exact,0,"Omosudis lowii Günther, 1887",Omosudis lowii,6SM73,1,Catalogue of Life,
128,Omosudis,Omosudis,47518,47526,3.81,1,NO_ANNOT,,,Exact,0,Omosudis,Omosudis,683M,1,Catalogue of Life,
129,Omosudis,Omosudis,47603,47611,3.81,1,NO_ANNOT,,,Exact,0,Omosudis,Omosudis,683M,1,Catalogue of Life,
130,Lithurgus corumbae,Lithurgus corumbae,53189,53207,11.01,2,SP_NOV,,,Exact,0,"Lithurgus corumbae Cockerell, 1901",Lithurgus corumbae,'25892351',7,Union 4,
131,Lithurgus,Lithurgus,54400,54409,5.58,1,NO_ANNOT,,,Exact,0,"Lithurgus Berthold, 1827",Lithurgus,5FPZ,1,Catalogue of Life,
132,L. nifipes,L. nifipes,54432,54442,5.60,2,NO_ANNOT,,,NoMatch,,,,,,,,
133,Ceratina maculifrons,Ceratina maculifrons,54729,54749,8.82,2,NO_ANNOT,,,Exact,0,"Ceratina maculifrons Smith, 1854",Ceratina maculifrons,SLGL,1,Catalogue of Life,
134,Temnosoma metallicum,Temnosoma metallicum,55453,55473,12.25,2,NO_ANNOT,,,Exact,0,"Temnosoma metallicum Smith, 1853",Temnosoma metallicum,7BP6C,1,Catalogue of Life,
135,T. metallicum.,T. metallicum,56197,56211,6.81,2,NO_ANNOT,,,NoMatch,,,,,,,,
136,Temnosoma,Temnosoma,56269,56278,5.11,1,NO_ANNOT,,,Exact,0,"Temnosoma Smith, 1853",Temnosoma,7TPX,1,Catalogue of Life,
137,T. smaragdinum,T. smaragdinum,56490,56504,7.22,2,NO_ANNOT,,,NoMatch,,,,,,,,
138,T. smaragdinum,T. smaragdinum,56581,56595,7.22,2,NO_ANNOT,,,NoMatch,,,,,,,,
139,"Cordia,",Cordia,56687,56694,3.37,1,NO_ANNOT,,,Exact,0,Cordia L.,Cordia,62MK7,1,Catalogue of Life,
140,Corynura atromarginata,Corynura atromarginata,56715,56737,13.56,2,SP_NOV,,,Exact,0,"Corynura atromarginata Cockerell, 1901",Corynura atromarginata,'25887758',7,Union 4,
141,"Corynura,",Corynura,57998,58007,5.31,1,NO_ANNOT,,,Exact,0,"Corynura Spinola, 1851",Corynura,62NYB,1,Catalogue of Life,
142,Cacosoma,Cacosoma,58025,58033,4.94,1,NO_ANNOT,,,Exact,0,"Cacosoma Felder, 1874",Cacosoma,urn:lsid:irmng.org:taxname:1450198,181,IRMNG,
143,Cacosoma,Cacosoma,58079,58087,4.94,1,NO_ANNOT,,,Exact,0,"Cacosoma Felder, 1874",Cacosoma,urn:lsid:irmng.org:taxname:1450198,181,IRMNG,
144,"Baccha clavata,",Baccha clavata,58517,58532,11.54,2,NO_ANNOT,,,Exact,0,Baccha clavata,Baccha clavata,118822,183,Sherborn Index Animalium,
145,Corynura jucunda,Corynura jucunda,58844,58860,11.39,2,NO_ANNOT,,,Exact,0,Corynura jucunda Sm.,Corynura jucunda,3775429,168,ION,
146,C. jucunda,C. jucunda,58961,58971,5.74,2,NO_ANNOT,,,NoMatch,,,,,,,,
147,"Corynura,",Corynura,59226,59235,5.31,1,NO_ANNOT,,,Exact,0,"Corynura Spinola, 1851",Corynura,62NYB,1,Catalogue of Life,
148,C. chapadicola may,C. chapadicola may,59278,59296,4.41,3,NO_ANNOT,,,NoMatch,,,,,,,,
149,"C. jucunda,",C. jucunda,59318,59329,5.74,2,NO_ANNOT,,,NoMatch,,,,,,,,
150,Corynura pseudobaccha,Corynura pseudobaccha,59404,59425,12.00,2,SP_NOV,,,Exact,0,"Corynura pseudobaccha Cockerell, 1901",Corynura pseudobaccha,'25887820',7,Union 4,
151,"C. jueunda,",C. jueunda,59478,59489,5.74,2,NO_ANNOT,,,NoMatch,,,,,,,,
152,Corynura semiinarginata,Corynura semiinarginata,60143,60166,8.60,2,SP_NOV,,,PartialExact,0,"Corynura Spinola, 1851",Corynura,62NYB,1,Catalogue of Life,
153,Temnosoma vietallicum,Temnosoma vietallicum,60905,60926,7.53,2,NO_ANNOT,,,PartialExact,0,"Temnosoma Smith, 1853",Temnosoma,7TPX,1,Catalogue of Life,
154,Corynura',Corynura,61154,61163,5.31,1,SP_NOV,,,Exact,0,"Corynura Spinola, 1851",Corynura,62NYB,1,Catalogue of Life,
155,Corynura,Corynura,62566,62574,5.31,1,NO_ANNOT,,,Exact,0,"Corynura Spinola, 1851",Corynura,62NYB,1,Catalogue of Life,
156,Augochlora.,Augochlora,62633,62644,6.23,1,NO_ANNOT,,,Exact,0,"Augochlora Smith, 1853",Augochlora,35M2,1,Catalogue of Life,
157,CORYNUROPSIS,Corynuropsis,62937,62949,5.47,1,NO_ANNOT,,,Exact,0,"Corynuropsis Cockerell, 1901",Corynuropsis,urn:lsid:irmng.org:taxname:1404348,181,IRMNG,
158,Corynura (Corynuropsis) darwini,Corynura darwini,63237,63268,11.41,2,SP_NOV,,,Fuzzy,1,Corynura (Corynuropsis) daruini,Corynura daruini,3741246,168,ION,
159,(Corynuropsis),Corynuropsis,63246,63260,5.47,1,SP_NOV,,,Exact,0,"Corynuropsis Cockerell, 1901",Corynuropsis,urn:lsid:irmng.org:taxname:1404348,181,IRMNG,
160,Corynura (Corynuropsis) sublata,Corynura sublata,64966,64997,12.86,2,SP_NOV,,,Exact,0,Corynura sublata,Corynura sublata,3775435,168,ION,
161,(Corynuropsis),Corynuropsis,64975,64989,5.47,1,SP_NOV,,,Exact,0,"Corynuropsis Cockerell, 1901",Corynuropsis,urn:lsid:irmng.org:taxname:1404348,181,IRMNG,
162,"C. darwini,",C. darwini,65047,65058,5.76,2,NO_ANNOT,,,NoMatch,,,,,,,,
163,C. darwini,C. darwini,65415,65425,5.76,2,NO_ANNOT,,,NoMatch,,,,,,,,
164,C. sublata,C. sublata,65540,65550,7.21,2,NO_ANNOT,,,NoMatch,,,,,,,,
165,AugocMora calli chroma,Augocmora calli chroma,65638,65660,4.57,3,SP_NOV,,,NoMatch,,,,,,,,
166,A. nana,A. nana,66950,66957,4.96,2,NO_ANNOT,,,NoMatch,,,,,,,,
167,Nomioides.,Nomioides,67134,67144,4.93,1,NO_ANNOT,,,Exact,0,"Nomioides Schenck, 1867",Nomioides,64R9,1,Catalogue of Life,
168,AugocMora beatissima,Augocmora beatissima,67145,67165,6.58,2,NO_ANNOT,,,NoMatch,,,,,,,,
169,(BUFO,Bufo,68537,68542,2.48,1,NO_ANNOT,,,Exact,0,"Bufo Garsault, 1764",Bufo,62GTW,1,Catalogue of Life,
170,LENTIGINOSUS).,Lentiginosus,68543,68557,3.22,1,NO_ANNOT,,,Exact,0,Astragalus sect. Lentiginosus E. Sheld.,Lentiginosus,145848754,165,Tropicos,
171,Bufo lentighiosus.^,Bufo lentighiosus,70073,70092,4.87,2,NO_ANNOT,,,PartialExact,0,"Bufo Garsault, 1764",Bufo,62GTW,1,Catalogue of Life,
172,Anura,Anura,70214,70219,4.63,1,NO_ANNOT,,,Exact,0,"Anura Agassiz, 1846",Anura,PX,1,Catalogue of Life,
173,"Bomhinator igneus,",Bomhinator igneus,70366,70384,4.19,2,NO_ANNOT,,,Fuzzy,1,"Bombinator igneus (Laurenti, 1768)",Bombinator igneus,MFB5,1,Catalogue of Life,
174,Rana temporaria.^,Rana temporaria,70611,70628,7.20,2,NO_ANNOT,,,Exact,0,"Rana temporaria Linnaeus, 1758",Rana temporaria,6WR99,1,Catalogue of Life,
175,Bufo.,Bufo,72160,72165,2.48,1,NO_ANNOT,,,Exact,0,"Bufo Garsault, 1764",Bufo,62GTW,1,Catalogue of Life,
176,"Kana temporaria,""",Kana temporaria,72535,72552,3.10,2,NO_ANNOT,,,PartialExact,0,Kana,Kana,57CR,1,Catalogue of Life,
177,Micros.,Micros,72568,72575,4.39,1,NO_ANNOT,,,Exact,0,Micros Finlay 1939,Micros,94985372,169,uBio NameBank,
178,"Eana temporaria,""",Eana temporaria,72781,72798,8.58,2,NO_ANNOT,,,PartialExact,0,Eana,Eana,62R9D,1,Catalogue of Life,
179,Eustachian cokI,Eustachian coki,131044,131059,,2,NO_ANNOT,,,NoMatch,,,,,,,,
180,Chorda.,Chorda,156559,156566,3.57,1,NO_ANNOT,,,Exact,0,"Chorda Stackhouse, 1797",Chorda,7NSS4,1,Catalogue of Life,
181,Columella auris.,Columella auris,156573,156589,6.80,2,NO_ANNOT,,,PartialExact,0,"Columella Westerlund, 1878",Columella,7NTCX,1,Catalogue of Life,
182,Processus ascendens.,Processus ascendens,157129,157149,10.74,2,NO_ANNOT,,,PartialExact,0,Processus,Processus,6W7Y,1,Catalogue of Life,
183,Processus muscularis.,Processus muscularis,157209,157230,8.17,2,NO_ANNOT,,,PartialExact,0,Processus,Processus,6W7Y,1,Catalogue of Life,
184,Trabecula cranii.,Trabecula cranii,157293,157310,11.56,2,NO_ANNOT,,,PartialExact,0,"Trabecula Monterosato, 1884",Trabecula,7PJQH,1,Catalogue of Life,
185,Ramus hyomaudibularis.,Ramus hyomaudibularis,157708,157730,7.67,2,NO_ANNOT,,,PartialExact,0,"Ramus Zhang & Wu, 1981",Ramus,urn:lsid:irmng.org:taxname:1468537,181,IRMNG,
186,Ramus palatinus.,Ramus palatinus,157742,157758,11.72,2,NO_ANNOT,,,PartialExact,0,"Ramus Zhang & Wu, 1981",Ramus,urn:lsid:irmng.org:taxname:1468537,181,IRMNG,
187,HEMIPTERA,Hemiptera,162366,162375,5.15,1,NO_ANNOT,,,Exact,0,Hemiptera,Hemiptera,HP,1,Catalogue of Life,
188,HETEROPTERA.,Heteroptera,162376,162388,5.44,1,NO_ANNOT,,,Exact,0,Heteroptera Steud.,Heteroptera,40085-1,167,IPNI,
189,"(Tingis clavata,",Tingis clavata,162926,162942,10.82,2,NO_ANNOT,,,Exact,0,"Tingis clavata Stål, 1873",Tingis clavata,104350,3,ITIS,
190,"Corixa verticalis,",Corixa verticalis,162943,162961,10.99,2,NO_ANNOT,,,Fuzzy,1,"Corisa verticalis Fieber, 1851",Corisa verticalis,6B4W5,1,Catalogue of Life,
191,"Cyvius luridus,",Cyvius luridus,162962,162977,4.36,2,NO_ANNOT,,,NoMatch,,,,,,,,
192,Lygus jnatensis'),Lygus jnatensis,162978,162995,7.21,2,NO_ANNOT,,,PartialExact,0,Lygus,Lygus,5HPQ,1,Catalogue of Life,
193,"{Nabis annulatus,",Nabis annulatus,163262,163279,11.69,2,NO_ANNOT,,,Exact,0,"Nabis annulatus Reuter, 1872",Nabis annulatus,107102,3,ITIS,
194,Corizii-s alternatus,Corizii-s alternatus,163280,163300,5.11,2,NO_ANNOT,,,NoMatch,,,,,,,,
195,Harviostes reflexulus),Harviostes reflexulus,163305,163327,4.49,2,NO_ANNOT,,,NoMatch,,,,,,,,
196,Tingis clavata,Tingis clavata,164052,164066,10.82,2,NO_ANNOT,,,Exact,0,"Tingis clavata Stål, 1873",Tingis clavata,104350,3,ITIS,
197,Corixa verticalis,Corixa verticalis,165498,165515,10.99,2,NO_ANNOT,,,Fuzzy,1,"Corisa verticalis Fieber, 1851",Corisa verticalis,6B4W5,1,Catalogue of Life,
198,Hemiptera,Hemiptera,166424,166433,5.15,1,NO_ANNOT,,,Exact,0,Hemiptera,Hemiptera,HP,1,Catalogue of Life,
199,Cymus luridus,Cymus luridus,166959,166972,10.87,2,NO_ANNOT,,,Exact,0,"Cymus luridus Stal, C., 1874",Cymus luridus,338D3,1,Catalogue of Life,
200,"Hemiptera,",Hemiptera,167282,167292,5.15,1,NO_ANNOT,,,Exact,0,Hemiptera,Hemiptera,HP,1,Catalogue of Life,
201,"G. angustatus,",G. angustatus,168167,168181,7.50,2,NO_ANNOT,,,NoMatch,,,,,,,,
202,Lygus pratensis,Lygus pratensis,168230,168245,12.24,2,NO_ANNOT,,,Exact,0,"Lygus pratensis (Linnaeus, 1758)",Lygus pratensis,3WRDF,1,Catalogue of Life,
203,Lygus,Lygus,168324,168329,4.73,1,NO_ANNOT,,,Exact,0,Lygus,Lygus,5HPQ,1,Catalogue of Life,
204,Hemiptera,Hemiptera,169422,169431,5.15,1,NO_ANNOT,,,Exact,0,Hemiptera,Hemiptera,HP,1,Catalogue of Life,
205,"Leptopterna dolobrata,",Leptopterna dolobrata,169917,169939,12.35,2,NO_ANNOT,,,Exact,0,"Leptopterna dolobrata Linnaeus, 1758",Leptopterna dolobrata,10730173,11,GBIF Backbone Taxonomy,
206,"Calocoris rapidus,",Calocoris rapidus,169944,169962,11.45,2,NO_ANNOT,,,Exact,0,Calocoris rapidus,Calocoris rapidus,3500166,168,ION,
207,"Poeciloc((psus lineatas,",Poeciloc��psus lineatas,169967,169991,3.59,2,NO_ANNOT,,,NoMatch,,,,,,,,
208,"Hemiptera heteroptera,",Hemiptera heteroptera,170576,170598,12.50,2,NO_ANNOT,,,PartialExact,0,Hemiptera,Hemiptera,HP,1,Catalogue of Life,
209,Nabis annulatus,Nabis annulatus,170785,170800,11.69,2,NO_ANNOT,,,Exact,0,"Nabis annulatus Reuter, 1872",Nabis annulatus,107102,3,ITIS,
210,Hemiptera,Hemiptera,174649,174658,5.15,1,NO_ANNOT,,,Exact,0,Hemiptera,Hemiptera,HP,1,Catalogue of Life,
211,Hemiptera,Hemiptera,174732,174741,5.15,1,NO_ANNOT,,,Exact,0,Hemiptera,Hemiptera,HP,1,Catalogue of Life,
212,Hemiptera,Hemiptera,175420,175429,5.15,1,NO_ANNOT,,,Exact,0,Hemiptera,Hemiptera,HP,1,Catalogue of Life,
213,Hemiptera,Hemiptera,176157,176166,5.15,1,NO_ANNOT,,,Exact,0,Hemiptera,Hemiptera,HP,1,Catalogue of Life,
214,Coriscus,Coriscus,176343,176351,6.00,1,NO_ANNOT,,,Exact,0,"Coriscus Schrank, 1796",Coriscus,urn:lsid:irmng.org:taxname:1403720,181,IRMNG,
215,Nabis.,Nabis,176751,176757,3.97,1,NO_ANNOT,,,Exact,0,Nabis,Nabis,63CG3,1,Catalogue of Life,
216,Coriscus,Coriscus,177023,177031,6.00,1,NO_ANNOT,,,Exact,0,"Coriscus Schrank, 1796",Coriscus,urn:lsid:irmng.org:taxname:1403720,181,IRMNG,
217,Corizus alternatus,Corizus alternatus,177042,177060,11.00,2,NO_ANNOT,,,PartialExact,0,Corizus,Corizus,62N35,1,Catalogue of Life,
218,Hemiptera.^,Hemiptera,177963,177974,5.15,1,NO_ANNOT,,,Exact,0,Hemiptera,Hemiptera,HP,1,Catalogue of Life,
219,Anasa iristis,Anasa iristis,178303,178316,10.30,2,NO_ANNOT,,,Fuzzy,1,"Anasa tristis (De Geer, 1773)",Anasa tristis,DGSK,1,Catalogue of Life,
220,Myodocha,Myodocha,178436,178444,4.54,1,NO_ANNOT,,,Exact,0,Myodocha,Myodocha,5WDG,1,Catalogue of Life,
221,Corizus annulatus,Corizus annulatus,179937,179954,10.89,2,NO_ANNOT,,,Exact,0,"Corizus annulatus Signoret, 1859",Corizus annulatus,YFM6,1,Catalogue of Life,
222,C. lateralis,C. lateralis,180017,180029,6.97,2,NO_ANNOT,,,NoMatch,,,,,,,,
223,Harmostes reflexulus,Harmostes reflexulus,180066,180086,10.62,2,NO_ANNOT,,,Exact,0,"Harmostes (Harmostes) reflexulus (Say, 1832)",Harmostes reflexulus,3JR9P,1,Catalogue of Life,
224,Harmonies reflexulus,Harmonies reflexulus,180162,180182,3.04,2,NO_ANNOT,,,NoMatch,,,,,,,,
225,Hemiptera,Hemiptera,180454,180463,5.15,1,NO_ANNOT,,,Exact,0,Hemiptera,Hemiptera,HP,1,Catalogue of Life,
226,Hemiptera,Hemiptera,180814,180823,5.15,1,NO_ANNOT,,,Exact,0,Hemiptera,Hemiptera,HP,1,Catalogue of Life,
227,"Protenor belfragei,",Protenor belfragei,181582,181601,9.02,2,NO_ANNOT,,,Exact,0,"Protenor belfragei Haglund, 1868",Protenor belfragei,77YRW,1,Catalogue of Life,
228,Ahjdus eurinus,Ahjdus eurinus,181602,181616,4.83,2,NO_ANNOT,,,NoMatch,,,,,,,,
229,Protenor,Protenor,181765,181773,3.21,1,NO_ANNOT,,,Exact,0,Protenor,Protenor,6XFS,1,Catalogue of Life,
230,Harmostes,Harmostes,181944,181953,3.38,1,NO_ANNOT,,,Exact,0,Harmostes,Harmostes,4TRB,1,Catalogue of Life,
231,Harmostes,Harmostes,182268,182277,3.38,1,NO_ANNOT,,,Exact,0,Harmostes,Harmostes,4TRB,1,Catalogue of Life,
232,"Protenor,",Protenor,182363,182372,3.21,1,NO_ANNOT,,,Exact,0,Protenor,Protenor,6XFS,1,Catalogue of Life,
233,"Tingis clavata,",Tingis clavata,184954,184969,10.82,2,NO_ANNOT,,,Exact,0,"Tingis clavata Stål, 1873",Tingis clavata,104350,3,ITIS,
234,Corixa,Corixa,185089,185095,3.57,1,NO_ANNOT,,,Exact,0,"Corixa Geoffroy, 1762",Corixa,62N2S,1,Catalogue of Life,
235,"Cymus luridus,",Cymus luridus,185278,185292,10.87,2,NO_ANNOT,,,Exact,0,"Cymus luridus Stal, C., 1874",Cymus luridus,338D3,1,Catalogue of Life,
236,Lygus pratensis,Lygus pratensis,185416,185431,12.24,2,NO_ANNOT,,,Exact,0,"Lygus pratensis (Linnaeus, 1758)",Lygus pratensis,3WRDF,1,Catalogue of Life,
237,"Corizus alternatus,",Corizus alternatus,186031,186050,11.00,2,NO_ANNOT,,,PartialExact,0,Corizus,Corizus,62N35,1,Catalogue of Life,
238,Harmostes,Harmostes,186299,186308,3.38,1,NO_ANNOT,,,Exact,0,Harmostes,Harmostes,4TRB,1,Catalogue of Life,
239,Chordodes morgan!,Chordodes morgan,186767,186784,5.12,2,NO_ANNOT,,,Fuzzy,1,"Chordodes morgani Montgomery, 1898",Chordodes morgani,5YCK5,1,Catalogue of Life,
240,CRUSTACEA,Crustacea,187384,187393,4.98,1,NO_ANNOT,,,Exact,0,"Crustacea Brünnich, 1772",Crustacea,83677,3,ITIS,
241,ODONATA,Odonata,187454,187461,2.71,1,NO_ANNOT,,,Exact,0,Odonata,Odonata,3P7,1,Catalogue of Life,
242,ZYGOPTERA.,Zygoptera,187462,187472,5.15,1,NO_ANNOT,,,Exact,0,"Zygoptera Popofsky, 1904",Zygoptera,urn:lsid:irmng.org:taxname:1395611,181,IRMNG,
243,ODONATA,Odonata,187504,187511,2.71,1,NO_ANNOT,,,Exact,0,Odonata,Odonata,3P7,1,Catalogue of Life,
244,ZYGOPTERA.,Zygoptera,187512,187522,5.15,1,NO_ANNOT,,,Exact,0,"Zygoptera Popofsky, 1904",Zygoptera,urn:lsid:irmng.org:taxname:1395611,181,IRMNG,
245,ODONATA,Odonata,187553,187560,2.71,1,NO_ANNOT,,,Exact,0,Odonata,Odonata,3P7,1,Catalogue of Life,
246,ZYGOPTERA.,Zygoptera,187561,187571,5.15,1,NO_ANNOT,,,Exact,0,"Zygoptera Popofsky, 1904",Zygoptera,urn:lsid:irmng.org:taxname:1395611,181,IRMNG,
247,HEMIPTERA,Hemiptera,187909,187918,5.15,1,NO_ANNOT,,,Exact,0,Hemiptera,Hemiptera,HP,1,Catalogue of Life,
248,HETEROPTERA.,Heteroptera,187919,187931,5.44,1,NO_ANNOT,,,Exact,0,Heteroptera Steud.,Heteroptera,40085-1,167,IPNI,
249,Orthoptera,Orthoptera,188626,188636,5.31,1,NO_ANNOT,,,Exact,0,Orthoptera,Orthoptera,62294,1,Catalogue of Life,
250,Orthoptera,Orthoptera,188686,188696,5.31,1,NO_ANNOT,,,Exact,0,Orthoptera,Orthoptera,62294,1,Catalogue of Life,
251,Labidura,Labidura,188893,188901,5.31,1,NO_ANNOT,,,Exact,0,Labidura,Labidura,59MZ,1,Catalogue of Life,
252,Anisolabis moesta,Anisolabis moesta,188997,189014,10.94,2,NO_ANNOT,,,Fuzzy,1,"Anisolabis modesta Steinmann, 1979",Anisolabis modesta,673KP,1,Catalogue of Life,
253,Forficesila,Forficesila,189033,189044,4.45,1,NO_ANNOT,,,Exact,0,"Forficesila Berthold in Latreille, 1827",Forficesila,urn:lsid:irmng.org:taxname:1143151,181,IRMNG,
254,Anisolabis,Anisolabis,189177,189187,5.00,1,NO_ANNOT,,,Exact,0,Anisolabis,Anisolabis,62BG5,1,Catalogue of Life,
255,Apterygida,Apterygida,189260,189270,4.15,1,SP_NOV,,,Exact,0,Apterygida,Apterygida,62D28,1,Catalogue of Life,
256,Aphlebia algerica,Aphlebia algerica,191283,191300,10.96,2,NO_ANNOT,,,Exact,0,"Aphlebia algerica Bolívar, 1881",Aphlebia algerica,FFNW,1,Catalogue of Life,
257,Aphlebia,Aphlebia,191316,191324,3.70,1,NO_ANNOT,,,Exact,0,"Aphlebia K.B. Presl in Sternberg, 1838",Aphlebia,urn:lsid:irmng.org:taxname:1363376,181,IRMNG,
258,Theganopteryx senegalensis,Theganopteryx senegalensis,191447,191473,13.54,2,NO_ANNOT,,,Exact,0,Theganopteryx senegalensis,Theganopteryx senegalensis,3694353,168,ION,
259,Blatta senegalensis,Blatta senegalensis,191490,191509,11.97,2,NO_ANNOT,,,Exact,0,"Blatta senegalensis Saussure, 1868",Blatta senegalensis,M3C4,1,Catalogue of Life,
260,Blatta germanica,Blatta germanica,191621,191637,8.08,2,NO_ANNOT,,,Exact,0,"Blatta germanica Linnaeus, 1767",Blatta germanica,M35W,1,Catalogue of Life,
261,Blatta germanica,Blatta germanica,191654,191670,8.08,2,NO_ANNOT,,,Exact,0,"Blatta germanica Linnaeus, 1767",Blatta germanica,M35W,1,Catalogue of Life,
262,Ischnoptera picea,Ischnoptera picea,191767,191784,10.95,2,NO_ANNOT,,,Exact,0,Ischnoptera picea,Ischnoptera picea,5019891,179,Open Tree of Life,
263,Ischnoptera picea,Ischnoptera picea,191803,191820,10.95,2,NO_ANNOT,,,Exact,0,Ischnoptera picea,Ischnoptera picea,5019891,179,Open Tree of Life,
264,Periplaneta atricollis,Periplaneta atricollis,191961,191983,12.89,2,NO_ANNOT,,,Exact,0,"Periplaneta atricollis Saussure, 1899",Periplaneta atricollis,4F358,1,Catalogue of Life,
265,Periplaneta atricollis,Periplaneta atricollis,192001,192023,12.89,2,NO_ANNOT,,,Exact,0,"Periplaneta atricollis Saussure, 1899",Periplaneta atricollis,4F358,1,Catalogue of Life,
266,Deropeltis autraniana,Deropeltis autraniana,192177,192198,13.19,2,NO_ANNOT,,,Exact,0,"Deropeltis autraniana Saussure, 1895",Deropeltis autraniana,6CN49,1,Catalogue of Life,
267,Deropeltis autraniana,Deropeltis autraniana,192215,192236,13.19,2,NO_ANNOT,,,Exact,0,"Deropeltis autraniana Saussure, 1895",Deropeltis autraniana,6CN49,1,Catalogue of Life,
268,"Jara,",Jara,192296,192301,2.32,1,NO_ANNOT,,,NoMatch,,,,,,,,
269,Orthoptera,Orthoptera,192374,192384,5.31,1,NO_ANNOT,,,Exact,0,Orthoptera,Orthoptera,62294,1,Catalogue of Life,
270,Deropeltis schweinfurthi,Deropeltis schweinfurthi,192432,192456,12.44,2,NO_ANNOT,,,Exact,0,"Deropeltis schweinfurthi Saussure, 1895",Deropeltis schweinfurthi,34YF8,1,Catalogue of Life,
271,Deropeltis schweinfurthi,Deropeltis schweinfurthi,192473,192497,12.44,2,NO_ANNOT,,,Exact,0,"Deropeltis schweinfurthi Saussure, 1895",Deropeltis schweinfurthi,34YF8,1,Catalogue of Life,
272,Deropeltis wahlbergi,Deropeltis wahlbergi,192602,192622,11.79,2,NO_ANNOT,,,Exact,0,"Deropeltis wahlbergi (Stål, 1856)",Deropeltis wahlbergi,34YFH,1,Catalogue of Life,
273,Periplaneta,Periplaneta,192637,192648,5.48,1,NO_ANNOT,,,Exact,0,Periplaneta,Periplaneta,6LDR,1,Catalogue of Life,
274,Heterogamia africana,Heterogamia africana,192770,192790,12.00,2,NO_ANNOT,,,PartialExact,0,"Heterogamia Kolbe, 1882",Heterogamia,urn:lsid:irmng.org:taxname:1420248,181,IRMNG,
275,Blatta africana,Blatta africana,192809,192824,11.08,2,NO_ANNOT,,,Exact,0,"Blatta africana Linnaeus, 1758",Blatta africana,M2ZC,1,Catalogue of Life,
276,Heterogamia,Heterogamia,192919,192930,5.07,1,NO_ANNOT,,,Exact,0,"Heterogamia Kolbe, 1882",Heterogamia,urn:lsid:irmng.org:taxname:1420248,181,IRMNG,
277,Oxyhaloa,Oxyhaloa,193214,193222,4.93,1,NO_ANNOT,,,Exact,0,Oxyhaloa,Oxyhaloa,6BC2,1,Catalogue of Life,
278,Blatta,Blatta,193262,193268,4.15,1,NO_ANNOT,,,Exact,0,Blatta,Blatta,62HHD,1,Catalogue of Life,
279,Nauphoeta gestriana,Nauphoeta gestriana,193458,193477,7.25,2,NO_ANNOT,,,Exact,0,Nauphoeta gestriana,Nauphoeta gestriana,3876020,168,ION,
280,Stenopilema capucina,Stenopilema capucina,193626,193646,13.03,2,NO_ANNOT,,,PartialExact,0,"Stenopilema Saussure & Zehntner, 1895",Stenopilema,urn:lsid:irmng.org:taxname:1433673,181,IRMNG,
281,JJerocalymriui capucina,Jjerocalymriui capucina,193668,193691,5.11,2,NO_ANNOT,,,NoMatch,,,,,,,,
282,Stenopilema somali,Stenopilema somali,193859,193877,7.80,2,NO_ANNOT,,,Exact,0,"Stenopilema somali Saussure & Zehntner, 1895",Stenopilema somali,523KT,1,Catalogue of Life,
283,Stenopilema somali,Stenopilema somali,193908,193926,7.80,2,NO_ANNOT,,,Exact,0,"Stenopilema somali Saussure & Zehntner, 1895",Stenopilema somali,523KT,1,Catalogue of Life,
284,Derocalymma,Derocalymma,194005,194016,5.70,1,NO_ANNOT,,,Exact,0,Derocalymma,Derocalymma,43GN,1,Catalogue of Life,
285,Derocalymma,Derocalymma,194057,194068,5.70,1,NO_ANNOT,,,Exact,0,Derocalymma,Derocalymma,43GN,1,Catalogue of Life,
286,Calolampra aptera,Calolampra aptera,194301,194318,10.14,2,NO_ANNOT,,,Exact,0,"Calolampra aptera Schulthess, 1898",Calolampra aptera,PYCC,1,Catalogue of Life,
287,Calolampra aptera,Calolampra aptera,194337,194354,10.14,2,NO_ANNOT,,,Exact,0,"Calolampra aptera Schulthess, 1898",Calolampra aptera,PYCC,1,Catalogue of Life,
288,"Laga,",Laga,194446,194451,3.59,1,NO_ANNOT,,,Exact,0,"Laga Gistl, 1848",Laga,urn:lsid:irmng.org:taxname:1439334,181,IRMNG,
289,Phenacisma peltata,Phenacisma peltata,194483,194501,12.87,2,NO_ANNOT,,,Exact,0,"Phenacisma peltata Karsch, 1896",Phenacisma peltata,4G25B,1,Catalogue of Life,
290,"Phenacisma peltata,",Phenacisma peltata,194517,194536,12.87,2,NO_ANNOT,,,Exact,0,"Phenacisma peltata Karsch, 1896",Phenacisma peltata,4G25B,1,Catalogue of Life,
291,Eremiaphila somalica,Eremiaphila somalica,194704,194724,11.71,2,NO_ANNOT,,,Exact,0,"Eremiaphila somalica Rehn, 1901",Eremiaphila somalica,6GDSJ,1,Catalogue of Life,
292,E. arabica,E. arabica,195006,195016,6.74,2,NO_ANNOT,,,NoMatch,,,,,,,,
293,"E. arabica,",E. arabica,195779,195790,6.74,2,NO_ANNOT,,,NoMatch,,,,,,,,
294,E. arabica,E. arabica,197299,197309,6.74,2,NO_ANNOT,,,NoMatch,,,,,,,,
295,Tarachodes,Tarachodes,197457,197467,5.09,1,NO_ANNOT,,,Exact,0,Tarachodes,Tarachodes,7SQY,1,Catalogue of Life,
296,Tarachodes schulthessi,Tarachodes schulthessi,201175,201197,11.33,2,NO_ANNOT,,,Exact,0,"Tarachodes (Tarachodes) schulthessi Rehn, 1901",Tarachodes schulthessi,54TR9,1,Catalogue of Life,
297,Chiropaclca modesta,Chiropaclca modesta,201210,201229,3.80,2,NO_ANNOT,,,NoMatch,,,,,,,,
298,Tarachodes modesta,Tarachodes modesta,201480,201498,11.32,2,NO_ANNOT,,,Exact,0,"Tarachodes (Chiropacha) modesta Schulthess, 1894",Tarachodes modesta,54TPS,1,Catalogue of Life,
299,"Chiropacha,",Chiropacha,201656,201667,4.88,1,NO_ANNOT,,,Exact,0,Chiropacha,Chiropacha,8CKD,1,Catalogue of Life,
300,Elaea somalica,Elaea somalica,202067,202081,12.10,2,NO_ANNOT,,,Exact,0,"Elaea somalica Schulthess, 1898",Elaea somalica,38X8L,1,Catalogue of Life,
301,FAcen somalica,Facen somalica,202100,202114,4.08,2,NO_ANNOT,,,NoMatch,,,,,,,,
302,Compsotliespis falcifera,Compsotliespis falcifera,202308,202332,7.15,2,SP_NOV,,,NoMatch,,,,,,,,
303,Raia,Raia,202382,202386,3.26,1,NO_ANNOT,,,Exact,0,Raia Cothen.,Raia,145291103,165,Tropicos,
304,Ligaria producta,Ligaria producta,204945,204961,11.10,2,SP_NOV,,,Exact,0,"Ligaria producta Rehn, 1901",Ligaria producta,11572769,8,IRMNG (old),
305,Sphodropoda rudolfae,Sphodropoda rudolfae,207087,207107,10.42,2,SP_NOV,,,Exact,0,Sphodropoda rudolfae,Sphodropoda rudolfae,3778612,168,ION,
306,Sphodromantis bioculata,Sphodromantis bioculata,209891,209914,14.33,2,NO_ANNOT,,,Exact,0,"Sphodromantis bioculata Burmeister, 1838",Sphodromantis bioculata,6YYM2,1,Catalogue of Life,
307,Sphodromantis bioculata,Sphodromantis bioculata,209933,209956,14.33,2,NO_ANNOT,,,Exact,0,"Sphodromantis bioculata Burmeister, 1838",Sphodromantis bioculata,6YYM2,1,Catalogue of Life,
308,Mantis sacra,Mantis sacra,210085,210097,7.67,2,NO_ANNOT,,,Exact,0,Mantis sacra,Mantis sacra,342215,183,Sherborn Index Animalium,
309,Mantis sacra,Mantis sacra,210114,210126,7.67,2,NO_ANNOT,,,Exact,0,Mantis sacra,Mantis sacra,342215,183,Sherborn Index Animalium,
310,Hoplocorypha bottegi,Hoplocorypha bottegi,210230,210250,11.13,2,NO_ANNOT,,,Exact,0,"Hoplocorypha bottegi Saussure, 1895",Hoplocorypha bottegi,3MLGK,1,Catalogue of Life,
311,Hoplocoi'ypha bottegi,Hoplocoi�ypha bottegi,210267,210288,5.10,2,NO_ANNOT,,,NoMatch,,,,,,,,
312,Hoplocorypha rapax,Hoplocorypha rapax,210393,210411,10.03,2,NO_ANNOT,,,Exact,0,"Hoplocorypha rapax Saussure, 1881",Hoplocorypha rapax,3MLHC,1,Catalogue of Life,
313,Hoplocorypha rapax,Hoplocorypha rapax,210427,210445,10.03,2,NO_ANNOT,,,Exact,0,"Hoplocorypha rapax Saussure, 1881",Hoplocorypha rapax,3MLHC,1,Catalogue of Life,
314,Miomantis fenestrata,Miomantis fenestrata,210742,210762,13.83,2,NO_ANNOT,,,Exact,0,"Miomantis fenestrata Fabricius, 1781",Miomantis fenestrata,43L3L,1,Catalogue of Life,
315,Mantis fenestrata,Mantis fenestrata,210780,210797,11.74,2,NO_ANNOT,,,Exact,0,Mantis fenestrata,Mantis fenestrata,20928,183,Sherborn Index Animalium,
316,Miomantis,Miomantis,210914,210923,5.81,1,NO_ANNOT,,,Exact,0,Miomantis,Miomantis,5THL,1,Catalogue of Life,
317,Fischeria,Fischeria,210992,211001,4.85,1,NO_ANNOT,,,Exact,0,Fischeria DC.,Fischeria,4K78,1,Catalogue of Life,
318,Ischnomantis media,Ischnomantis media,211108,211126,7.83,2,NO_ANNOT,,,Exact,0,"Ischnomantis media Rehn, 1901",Ischnomantis media,6N9VQ,1,Catalogue of Life,
319,Oxyophthalma gracila,Oxyophthalma gracila,213484,213504,11.22,2,NO_ANNOT,,,Exact,0,"Oxyophthalma gracila Rehn, 1901",Oxyophthalma gracila,11572102,8,IRMNG (old),
320,Oxyophthalmus gracilis,Oxyophthalmus gracilis,213521,213543,13.08,2,NO_ANNOT,,,Fuzzy,1,"Oxyophthalmus gracillis Saussure, 186",Oxyophthalmus gracillis,11572100,8,IRMNG (old),
321,Oxypila annulata,Oxypila annulata,213860,213876,11.48,2,NO_ANNOT,,,PartialExact,0,"Oxypila Audinet-Serville, 1838",Oxypila,urn:lsid:irmng.org:taxname:1408690,181,IRMNG,
322,Oxypila annulata,Oxypila annulata,213893,213909,11.48,2,NO_ANNOT,,,PartialExact,0,"Oxypila Audinet-Serville, 1838",Oxypila,urn:lsid:irmng.org:taxname:1408690,181,IRMNG,
323,Pseudocreobotra amarae,Pseudocreobotra amarae,214079,214101,11.45,2,SP_NOV,,,Exact,0,"Pseudocreobotra amarae Rehn, 1901",Pseudocreobotra amarae,4NV7K,1,Catalogue of Life,
324,"Amara,",Amara,214182,214188,2.97,1,NO_ANNOT,,,Exact,0,Amara,Amara,T8H,1,Catalogue of Life,
325,Pseudoharpax virescens,Pseudoharpax virescens,216817,216839,10.54,2,NO_ANNOT,,,Exact,0,"Pseudoharpax virescens Serville, 1839",Pseudoharpax virescens,4NXYT,1,Catalogue of Life,
326,Creobroier virescens,Creobroier virescens,216858,216878,2.99,2,NO_ANNOT,,,NoMatch,,,,,,,,
327,Popa undata,Popa undata,217114,217125,10.52,2,NO_ANNOT,,,Exact,0,Popa undata,Popa undata,10627081,11,GBIF Backbone Taxonomy,
328,Empusa egena,Empusa egena,217701,217713,9.50,2,NO_ANNOT,,,Exact,0,"Empusa egena Charpentier, 1841",Empusa egena,5048825,11,GBIF Backbone Taxonomy,
329,Empusa,Empusa,217733,217739,4.17,1,NO_ANNOT,,,Exact,0,Empusa,Empusa,84PWL,1,Catalogue of Life,
330,"Laga,",Laga,217812,217817,3.59,1,NO_ANNOT,,,Exact,0,"Laga Gistl, 1848",Laga,urn:lsid:irmng.org:taxname:1439334,181,IRMNG,
331,Idolomorpha dentifrons,Idolomorpha dentifrons,217848,217870,10.39,2,NO_ANNOT,,,Exact,0,"Idolomorpha dentifrons Saussure & Zehntner, 1895",Idolomorpha dentifrons,3PDTH,1,Catalogue of Life,
332,Idolomorpha dentifrons,Idolomorpha dentifrons,217887,217909,10.39,2,NO_ANNOT,,,Exact,0,"Idolomorpha dentifrons Saussure & Zehntner, 1895",Idolomorpha dentifrons,3PDTH,1,Catalogue of Life,
333,Blepharis cornuta,Blepharis cornuta,218067,218084,11.21,2,NO_ANNOT,,,Exact,0,"Blepharis cornuta Schulthess-Rechberg, 1894",Blepharis cornuta,11670092,8,IRMNG (old),
334,Blepharis cornuta,Blepharis cornuta,218103,218120,11.21,2,NO_ANNOT,,,Exact,0,"Blepharis cornuta Schulthess-Rechberg, 1894",Blepharis cornuta,11670092,8,IRMNG (old),
335,"Laga,",Laga,218219,218224,3.59,1,NO_ANNOT,,,Exact,0,"Laga Gistl, 1848",Laga,urn:lsid:irmng.org:taxname:1439334,181,IRMNG,
336,Palophus reyi,Palophus reyi,218554,218567,9.35,2,NO_ANNOT,,,Exact,0,"Palophus reyi (Grandidier, 1869)",Palophus reyi,75K2T,1,Catalogue of Life,
337,Ischnopoda reyi,Ischnopoda reyi,218588,218603,10.06,2,NO_ANNOT,,,Exact,0,"Ischnopoda reyi Grandidier, 1869",Ischnopoda reyi,3Q5DS,1,Catalogue of Life,
338,Clonaria gracila,Clonaria gracila,218836,218852,10.69,2,NO_ANNOT,,,Exact,0,Clonaria gracila (Burmeister 1838),Clonaria gracila,103604347,169,uBio NameBank,
