Index,Verbatim,Name,Start,End,OddsLog10,Cardinality,AnnotNomenType,WordsBefore,WordsAfter,VerifMatchType,VerifEditDistance,VerifMatchedName,VerifMatchedCanonical,VerifTaxonId,VerifDataSourceId,VerifDataSourceTitle,VerifError
0,SMYNTHURUS.,Smynthurus,32,43,5.60,1,NO_ANNOT,,,Exact,0,"Smynthurus Folsom, JW, 1896",Smynthurus,GD6,1,Catalogue of Life,
1,Smynthurus qnadrimaculata,Smynthurus qnadrimaculata,63,88,8.88,2,NO_ANNOT,,,Fuzzy,1,"Smynthurus quadrimaculata Ryder, 1878",Smynthurus quadrimaculata,4XY5N,1,Catalogue of Life,
2,Gerv.,Gerv,725,730,0.47,1,NO_ANNOT,,,Exact,0,Gerv,Gerv,4339573,168,ION,
3,P. ornafus,P. ornafus,960,970,4.02,2,NO_ANNOT,,,NoMatch,,,,,,,,
4,Nonionina,Nonionina,2730,2739,4.13,1,NO_ANNOT,,,Exact,0,"Nonionina d'Orbigny, 1826",Nonionina,urn:lsid:irmng.org:taxname:1049189,181,IRMNG,
5,Hippa talpoidea,Hippa talpoidea,3556,3571,9.99,2,NO_ANNOT,,,Exact,0,Hippa talpoidea (Say ),Hippa talpoidea,4044328,168,ION,
6,Calaiyiagrostis arenaria,Calaiyiagrostis arenaria,4373,4397,6.35,2,NO_ANNOT,,,NoMatch,,,,,,,,
7,Ocypoda arenaria,Ocypoda arenaria,4427,4443,9.44,2,NO_ANNOT,,,Exact,0,Ocypoda arenaria (Catesby ),Ocypoda arenaria,4045806,168,ION,
8,Lycosa scutulata,Lycosa scutulata,5387,5403,10.60,2,NO_ANNOT,,,Exact,0,Lycosa scutulata,Lycosa scutulata,348742,183,Sherborn Index Animalium,
9,Attus vitlatus,Attus vitlatus,5803,5817,12.15,2,NO_ANNOT,,,Fuzzy,1,Attus vittatus,Attus vittatus,406742,183,Sherborn Index Animalium,
10,Hylobates,Hylobates,11381,11390,3.38,1,NO_ANNOT,,,Exact,0,"Hylobates Illiger, 1811",Hylobates,5237,1,Catalogue of Life,
11,Sylvius,Sylvius,12097,12104,4.56,1,NO_ANNOT,,,Exact,0,Sylvius,Sylvius,375026,183,Sherborn Index Animalium,
12,Tetrarhynchus.,Tetrarhynchus,12845,12859,5.44,1,NO_ANNOT,,,Exact,0,"Tetrarhynchus Rudolphi, 1809",Tetrarhynchus,urn:lsid:irmng.org:taxname:1308667,181,IRMNG,
13,Tetrarhynchus tenuicaudatus.,Tetrarhynchus tenuicaudatus,14565,14593,13.51,2,NO_ANNOT,,,PartialExact,0,"Tetrarhynchus Rudolphi, 1809",Tetrarhynchus,urn:lsid:irmng.org:taxname:1308667,181,IRMNG,
14,Callima,Callima,25276,25283,3.87,1,NO_ANNOT,,,Exact,0,Callima,Callima,3FFF,1,Catalogue of Life,
15,Vulgaris.,Vulgaris,25284,25293,3.27,1,NO_ANNOT,,,Exact,0,Scutellaria ser. Vulgaris Briq.,Vulgaris,145904876,165,Tropicos,
16,Ichneumon odiosus,Ichneumon odiosus,26988,27005,5.85,2,NO_ANNOT,,,Exact,0,Ichneumon odiosus Cresson 1877,Ichneumon odiosus,134355,168,ION,
17,Amblyteles,Amblyteles,27935,27945,3.50,1,NO_ANNOT,,,Exact,0,Amblyteles,Amblyteles,TK9,1,Catalogue of Life,
18,Ichneumonides,Ichneumonides,28030,28043,5.54,1,NO_ANNOT,,,Exact,0,Ichneumonides,Ichneumonides,8543592,11,GBIF Backbone Taxonomy,
19,Icliiieiimon neutralis,Icliiieiimon neutralis,28263,28285,6.11,2,NO_ANNOT,,,NoMatch,,,,,,,,
20,Ichneumon salvus,Ichneumon salvus,29172,29188,8.76,2,NO_ANNOT,,,Exact,0,Ichneumon salvus,Ichneumon salvus,4100319,168,ION,
21,Ichneumon indemnis,Ichneumon indemnis,30190,30208,10.23,2,NO_ANNOT,,,Exact,0,Ichneumon indemnis,Ichneumon indemnis,4100306,168,ION,
22,Ichneumon purpuripennis,Ichneumon purpuripennis,31262,31285,10.74,2,NO_ANNOT,,,Exact,0,"Ichneumon purpuripennis Cresson, 1877",Ichneumon purpuripennis,6MS74,1,Catalogue of Life,
23,Ichneumon cupitus,Ichneumon cupitus,32129,32146,10.58,2,NO_ANNOT,,,Exact,0,"Ichneumon cupitus Cresson, 1877",Ichneumon cupitus,3P9BP,1,Catalogue of Life,
24,Ichueamon crudosus,Ichueamon crudosus,32702,32720,5.22,2,NO_ANNOT,,,NoMatch,,,,,,,,
25,Idmeumon compar,Idmeumon compar,33273,33288,2.58,2,NO_ANNOT,,,NoMatch,,,,,,,,
26,Ichneumon difficilis,Ichneumon difficilis,34244,34264,10.63,2,NO_ANNOT,,,Exact,0,"Ichneumon difficilis Cresson, 1877",Ichneumon difficilis,3P9CW,1,Catalogue of Life,
27,Ichneumon nuncius,Ichneumon nuncius,35191,35208,5.75,2,NO_ANNOT,,,Exact,0,Ichneumon nuncius Cresson 1877,Ichneumon nuncius,100049360,169,uBio NameBank,
28,Ichneumon sequax,Ichneumon sequax,36104,36120,7.28,2,NO_ANNOT,,,Exact,0,Ichneumon sequax,Ichneumon sequax,4100323,168,ION,
29,Ichneumon hiemalis,Ichneumon hiemalis,36896,36914,6.25,2,NO_ANNOT,,,Exact,0,Ichneumon hiemalis,Ichneumon hiemalis,gn_2279131,170,Arctos,
30,Iclmeumoii russatus,Iclmeumoii russatus,38651,38670,5.40,2,NO_ANNOT,,,NoMatch,,,,,,,,
31,Ichneumon semissis,Ichneumon semissis,39641,39659,10.56,2,NO_ANNOT,,,Exact,0,Ichneumon semissis,Ichneumon semissis,4100321,168,ION,
32,Ichneumon petulcus,Ichneumon petulcus,40418,40436,6.11,2,NO_ANNOT,,,Fuzzy,1,Ichneumon pelulcus,Ichneumon pelulcus,4100315,168,ION,
33,Hoplismenus pacificus,Hoplismenus pacificus,41288,41309,13.21,2,NO_ANNOT,,,Exact,0,Hoplismenus pacificus,Hoplismenus pacificus,4100287,168,ION,
34,Amblyteles mormonus,Amblyteles mormonus,42447,42466,10.58,2,NO_ANNOT,,,Exact,0,Amblyteles mormonus,Amblyteles mormonus,4100260,168,ION,
35,Amblyt.lcs hiulcus,Amblyt�lcs hiulcus,43239,43257,4.61,2,NO_ANNOT,,,NoMatch,,,,,,,,
36,Trogus,Trogus,44165,44171,4.87,1,NO_ANNOT,,,Exact,0,Trogus,Trogus,82XG,1,Catalogue of Life,
37,Trogus buccatus,Trogus buccatus,45238,45253,12.43,2,NO_ANNOT,,,PartialExact,0,Trogus,Trogus,82XG,1,Catalogue of Life,
38,Platylabus censors,Platylabus censors,45877,45895,5.13,2,NO_ANNOT,,,Exact,0,Platylabus censors C.,Platylabus censors,2709650,168,ION,
39,Platylabus,Platylabus,46832,46842,4.64,1,NO_ANNOT,,,Exact,0,Platylabus,Platylabus,6RVB,1,Catalogue of Life,
40,Phygadeuon,Phygadeuon,47537,47547,4.15,1,NO_ANNOT,,,Exact,0,Phygadeuon,Phygadeuon,6PGC,1,Catalogue of Life,
41,Phygadeuon albirictus,Phygadeuon albirictus,48400,48421,11.99,2,SP_NOV,,,Exact,0,"Phygadeuon albirictus Cresson, 1879",Phygadeuon albirictus,4GYTN,1,Catalogue of Life,
42,Phygadeuon limatus,Phygadeuon limatus,48942,48960,11.52,2,SP_NOV,,,Exact,0,Phygadeuon limatus Cresson,Phygadeuon limatus,2367659,168,ION,
43,Phygadeuon crassipes,Phygadeuon crassipes,49597,49617,10.44,2,NO_ANNOT,,,Exact,0,Phygadeuon crassipes (Prov. ),Phygadeuon crassipes,4100360,168,ION,
44,Phygadeuon californicus,Phygadeuon californicus,50281,50304,11.63,2,SP_NOV,,,Exact,0,Phygadeuon californicus,Phygadeuon californicus,4100358,168,ION,
45,Phygadeuon fulvescens,Phygadeuon fulvescens,50785,50806,10.70,2,SP_NOV,,,Exact,0,Phygadeuon fulvescens,Phygadeuon fulvescens,4100364,168,ION,
46,Cryptus proximus,Cryptus proximus,51421,51437,11.48,2,NO_ANNOT,,,Exact,0,"Cryptus proximus Fonscolombe, 1850",Cryptus proximus,323V4,1,Catalogue of Life,
47,Cryptus dirus,Cryptus dirus,51895,51908,10.84,2,SP_NOV,,,Exact,0,Cryptus dirus,Cryptus dirus,4100274,168,ION,
48,Cryptus relativus,Cryptus relativus,52382,52399,11.22,2,SP_NOV,,,PartialExact,0,Cryptus,Cryptus,3WVL,1,Catalogue of Life,
49,Cryptus pictifrons,Cryptus pictifrons,53658,53676,9.58,2,NO_ANNOT,,,PartialExact,0,Cryptus,Cryptus,3WVL,1,Catalogue of Life,
50,Cryptus tejonensis,Cryptus tejonensis,54452,54470,12.65,2,NO_ANNOT,,,PartialExact,0,Cryptus,Cryptus,3WVL,1,Catalogue of Life,
51,Cryptus pacificus,Cryptus pacificus,54931,54948,12.19,2,SP_NOV,,,PartialExact,0,Cryptus,Cryptus,3WVL,1,Catalogue of Life,
52,Cryptus latus,Cryptus latus,55881,55894,11.59,2,NO_ANNOT,,,PartialExact,0,Cryptus,Cryptus,3WVL,1,Catalogue of Life,
53,Cryptus atriceps,Cryptus atriceps,56363,56379,11.26,2,SP_NOV,,,Exact,0,Cryptus atriceps Cresson 1879,Cryptus atriceps,134120,168,ION,
54,Cryptus calipterus,Cryptus calipterus,57166,57184,12.11,2,NO_ANNOT,,,Exact,0,Cryptus calipterus,Cryptus calipterus,101302,183,Sherborn Index Animalium,
55,Cryptus,Cryptus,57858,57865,5.03,1,NO_ANNOT,,,Exact,0,Cryptus,Cryptus,3WVL,1,Catalogue of Life,
56,Cryptus turbatus,Cryptus turbatus,59090,59106,12.59,2,SP_NOV,,,PartialExact,0,Cryptus,Cryptus,3WVL,1,Catalogue of Life,
57,Cryptus resolutus,Cryptus resolutus,59602,59619,12.75,2,SP_NOV,,,PartialExact,0,Cryptus,Cryptus,3WVL,1,Catalogue of Life,
58,Cryptus,Cryptus,60494,60501,5.03,1,SP_NOV,,,Exact,0,Cryptus,Cryptus,3WVL,1,Catalogue of Life,
59,Cryptus punicus,Cryptus punicus,61606,61621,11.84,2,SP_NOV,,,PartialExact,0,Cryptus,Cryptus,3WVL,1,Catalogue of Life,
60,Cryptus purpuripennis,Cryptus purpuripennis,63181,63202,12.56,2,SP_NOV,,,PartialExact,0,Cryptus,Cryptus,3WVL,1,Catalogue of Life,
61,Linoceras,Linoceras,64215,64224,4.74,1,NO_ANNOT,,,Exact,0,"Linoceras Taschenberg, 1865",Linoceras,urn:lsid:irmng.org:taxname:1416792,181,IRMNG,
62,Mesostenus gracilipes,Mesostenus gracilipes,64908,64929,12.33,2,SP_NOV,,,Exact,0,"Mesostenus gracilipes Cresson, 1879",Mesostenus gracilipes,426VT,1,Catalogue of Life,
63,Ophion costale,Ophion costale,65821,65835,7.85,2,SP_NOV,,,PartialExact,0,Ophion,Ophion,63FMT,1,Catalogue of Life,
64,Nototrachys californicus,Nototrachys californicus,66671,66695,13.10,2,NO_ANNOT,,,Exact,0,"Nototrachys californicus Cresson, 1879",Nototrachys californicus,10287517,11,GBIF Backbone Taxonomy,
65,Exochilum occidentale,Exochilum occidentale,67442,67463,12.27,2,SP_NOV,,,PartialExact,0,"Exochilum Wesmael, 1849",Exochilum,urn:lsid:irmng.org:taxname:1150118,181,IRMNG,
66,Anomalon,Anomalon,68306,68314,4.09,1,SP_NOV,,,Exact,0,Anomalon,Anomalon,WSB,1,Catalogue of Life,
67,Anomalon californicum,Anomalon californicum,69508,69529,11.44,2,SP_NOV,,,Exact,0,"Anomalon californicum (Cresson, 1879)",Anomalon californicum,5V769,1,Catalogue of Life,
68,Anomalon,Anomalon,70386,70394,4.09,1,SP_NOV,,,Exact,0,Anomalon,Anomalon,WSB,1,Catalogue of Life,
69,Anomalon maceratum,Anomalon maceratum,71192,71210,11.48,2,SP_NOV,,,Exact,0,Anomalon maceratum,Anomalon maceratum,4100266,168,ION,
70,Anomalon vivum,Anomalon vivum,72087,72101,9.18,2,SP_NOV,,,Exact,0,"Anomalon vivum Cresson, 1879",Anomalon vivum,67778,1,Catalogue of Life,
71,Campoplex major,Campoplex major,72690,72705,6.12,2,SP_NOV,,,Exact,0,"Campoplex major (Szepligeti, 1916)",Campoplex major,698BW,1,Catalogue of Life,
72,Avhitish pubescence,Avhitish pubescence,72750,72769,,2,NO_ANNOT,,,NoMatch,,,,,,,,
73,Limneria californica,Limneria californica,73492,73512,12.53,2,SP_NOV,,,Exact,0,Limneria californica,Limneria californica,4101534,168,ION,
74,Mesochorus iridescens,Mesochorus iridescens,74044,74065,12.15,2,SP_NOV,,,Exact,0,"Mesochorus iridescens Cresson, 1879",Mesochorus iridescens,422HG,1,Catalogue of Life,
75,PristomeruB pacificus,Pristomerub pacificus,74620,74641,4.73,2,NO_ANNOT,,,Fuzzy,1,"Pristomerus pacificus Cresson, 1879",Pristomerus pacificus,4MKB6,1,Catalogue of Life,
76,Ezetastes maurus,Ezetastes maurus,75168,75184,3.40,2,SP_NOV,,,Fuzzy,1,"Exetastes maurus Desvignes, 1856",Exetastes maurus,3DKTY,1,Catalogue of Life,
77,Exetastes zelotypus,Exetastes zelotypus,75571,75590,9.79,2,NO_ANNOT,,,Exact,0,"Exetastes zelotypus Cresson, 1879",Exetastes zelotypus,3DKX3,1,Catalogue of Life,
78,Grotea californica,Grotea californica,76021,76039,12.27,2,NO_ANNOT,,,Exact,0,"Grotea californica Cresson, 1879",Grotea californica,6L696,1,Catalogue of Life,
79,Mesoleptus,Mesoleptus,76731,76741,5.62,1,NO_ANNOT,,,Exact,0,Mesoleptus,Mesoleptus,5PT8,1,Catalogue of Life,
80,Mesoleius,Mesoleius,77423,77432,4.98,1,NO_ANNOT,,,Exact,0,Mesoleius,Mesoleius,5PSY,1,Catalogue of Life,
81,Mesoleius,Mesoleius,78393,78402,4.98,1,SP_NOV,,,Exact,0,Mesoleius,Mesoleius,5PSY,1,Catalogue of Life,
82,Mesoleius ␤laetus,Mesoleius laetus,79127,79144,12.06,2,SP_NOV,,,PartialExact,0,Mesoleius,Mesoleius,5PSY,1,Catalogue of Life,
83,MesoleiusT rubiginosus,Mesoleiust rubiginosus,79843,79865,4.16,2,SP_NOV,,,NoMatch,,,,,,,,
84,Tryphon tejonicus,Tryphon tejonicus,80282,80299,11.68,2,SP_NOV,,,Exact,0,Tryphon tejonicus,Tryphon tejonicus,4100383,168,ION,
85,Tryphon lusorius,Tryphon lusorius,80979,80995,11.35,2,SP_NOV,,,Exact,0,"Tryphon lusorius Cresson, 1879",Tryphon lusorius,7D9TZ,1,Catalogue of Life,
86,Tryphon,Tryphon,81759,81766,4.52,1,SP_NOV,,,Exact,0,Tryphon,Tryphon,83BR,1,Catalogue of Life,
87,Erromenus obscurellus,Erromenus obscurellus,82613,82634,13.31,2,SP_NOV,,,Exact,0,Erromenus obscurellus Cresson 1879,Erromenus obscurellus,566730,168,ION,
88,Ctenistes californicus,Ctenistes californicus,83306,83328,10.86,2,SP_NOV,,,PartialExact,0,Ctenistes,Ctenistes,3WXT,1,Catalogue of Life,
89,Exochus brunnipes,Exochus brunnipes,84070,84087,10.69,2,SP_NOV,,,Exact,0,Exochus brunnipes,Exochus brunnipes,4100283,168,ION,
90,Bassus maculifrons,Bassus maculifrons,84510,84528,8.45,2,NO_ANNOT,,,Exact,0,"Bassus maculifrons Cresson, 1865",Bassus maculifrons,8941086,11,GBIF Backbone Taxonomy,
91,Bassus cinctulus,Bassus cinctulus,85540,85556,10.73,2,SP_NOV,,,Exact,0,Bassus cinctulus,Bassus cinctulus,4100270,168,ION,
92,Bassus decoratus,Bassus decoratus,86586,86602,11.32,2,SP_NOV,,,PartialExact,0,Bassus,Bassus,38GH,1,Catalogue of Life,
93,BasBUB pacificus,Basbub pacificus,87578,87594,3.73,2,SP_NOV,,,NoMatch,,,,,,,,
94,Coleocentrus occidentalis,Coleocentrus occidentalis,89149,89174,13.58,2,SP_NOV,,,Exact,0,"Coleocentrus occidentalis Cresson, 1879",Coleocentrus occidentalis,5ZKH8,1,Catalogue of Life,
95,Ephialtes thoracicus,Ephialtes thoracicus,89657,89677,9.28,2,SP_NOV,,,Exact,0,Ephialtes thoracicus,Ephialtes thoracicus,4100279,168,ION,
96,Pimpla,Pimpla,90532,90538,3.87,1,SP_NOV,,,Exact,0,Pimpla,Pimpla,6QKX,1,Catalogue of Life,
97,Black  palpi tegulae,Black palpi tegulae,90564,90584,,3,NO_ANNOT,,,PartialExact,0,Black Friday,Black,94823226,169,uBio NameBank,
98,Lampronota gelida,Lampronota gelida,91225,91242,10.22,2,SP_NOV,,,Exact,0,Lampronota gelida Cresson 1878,Lampronota gelida,99998779,169,uBio NameBank,
99,Lampronota,Lampronota,92107,92117,3.84,1,SP_NOV,,,Exact,0,"Lampronota Curtis, 1832",Lampronota,urn:lsid:irmng.org:taxname:1444870,181,IRMNG,
100,Lampronota segnis,Lampronota segnis,92771,92788,10.38,2,SP_NOV,,,Exact,0,Lampronota segnis Cresson 1879,Lampronota segnis,134421,168,ION,
101,Lampronota hilaris,Lampronota hilaris,93410,93428,10.72,2,NO_ANNOT,,,Exact,0,Lampronota hilaris Cresson 1879,Lampronota hilaris,100049479,169,uBio NameBank,
102,Lampronota,Lampronota,94145,94155,3.84,1,SP_NOV,,,Exact,0,"Lampronota Curtis, 1832",Lampronota,urn:lsid:irmng.org:taxname:1444870,181,IRMNG,
103,Lampronota,Lampronota,94604,94614,3.84,1,SP_NOV,,,Exact,0,"Lampronota Curtis, 1832",Lampronota,urn:lsid:irmng.org:taxname:1444870,181,IRMNG,
104,Phytodietus obscurellus,Phytodietus obscurellus,95253,95276,13.29,2,SP_NOV,,,Exact,0,Phytodietus obscurellus Cresson 1879,Phytodietus obscurellus,134590,168,ION,
105,Fhytodietus californicus,Fhytodietus californicus,95889,95913,6.91,2,NO_ANNOT,,,Fuzzy,1,"Phytodietus californicus Cresson, 1879",Phytodietus californicus,4HLGZ,1,Catalogue of Life,
106,Xorides occidentalis,Xorides occidentalis,96510,96530,12.13,2,SP_NOV,,,Exact,0,Xorides occidentalis,Xorides occidentalis,4101564,168,ION,
107,Poemeria insularis,Poemeria insularis,97135,97153,5.61,2,SP_NOV,,,Fuzzy,1,Poemenia insularis,Poemenia insularis,4100372,168,ION,
108,Xylonomus californicus,Xylonomus californicus,97825,97847,12.81,2,SP_NOV,,,Exact,0,Xylonomus californicus,Xylonomus californicus,4101563,168,ION,
109,Echthrus␤maurus,Echthrus maurus,98319,98334,11.58,2,SP_NOV,,,PartialExact,0,Echthrus,Echthrus,49QM,1,Catalogue of Life,
110,Donax,Donax,99288,99293,4.03,1,NO_ANNOT,,,Exact,0,"Donax Linnaeus, 1758",Donax,7NXCF,1,Catalogue of Life,
111,Donax,Donax,99504,99509,4.03,1,NO_ANNOT,,,Exact,0,"Donax Linnaeus, 1758",Donax,7NXCF,1,Catalogue of Life,
112,Distomum cornifrons.,Distomum cornifrons,101771,101791,9.76,2,NO_ANNOT,,,PartialExact,0,"Distomum Diesing, 1850",Distomum,urn:lsid:irmng.org:taxname:11903581,181,IRMNG,
113,Trichodina,Trichodina,101978,101988,4.30,1,NO_ANNOT,,,Exact,0,Trichodina,Trichodina,7ZB7,1,Catalogue of Life,
114,Trichodina,Trichodina,102379,102389,4.30,1,NO_ANNOT,,,Exact,0,Trichodina,Trichodina,7ZB7,1,Catalogue of Life,
115,Mitchella repens.,Mitchella repens,102480,102497,11.99,2,NO_ANNOT,,,Exact,0,Mitchella repens L.,Mitchella repens,43P8Q,1,Catalogue of Life,
116,Mitchella repens,Mitchella repens,102612,102628,11.99,2,NO_ANNOT,,,Exact,0,Mitchella repens L.,Mitchella repens,43P8Q,1,Catalogue of Life,
117,Gordius,Gordius,103232,103239,4.56,1,NO_ANNOT,,,Exact,0,"Gordius Linnaeus, 1758",Gordius,84NTY,1,Catalogue of Life,
118,Gordius,Gordius,103291,103298,4.56,1,NO_ANNOT,,,Exact,0,"Gordius Linnaeus, 1758",Gordius,84NTY,1,Catalogue of Life,
119,Blatta orieutalis,Blatta orieutalis,103424,103441,6.53,2,NO_ANNOT,,,Fuzzy,1,"Blatta orientalis Linnaeus, 1758",Blatta orientalis,M39Q,1,Catalogue of Life,
120,Gordius,Gordius,103583,103590,4.56,1,NO_ANNOT,,,Exact,0,"Gordius Linnaeus, 1758",Gordius,84NTY,1,Catalogue of Life,
121,Gordius dquaticus.,Gordius dquaticus,103878,103896,6.70,2,NO_ANNOT,,,Fuzzy,1,"Gordius aquaticus Linnaeus, 1758",Gordius aquaticus,3H2QC,1,Catalogue of Life,
122,Clepsines,Clepsines,104141,104150,3.39,1,NO_ANNOT,,,Exact,0,"Clepsines Westwood in Blyth, 1840",Clepsines,urn:lsid:irmng.org:taxname:1211854,181,IRMNG,
123,Gordius,Gordius,104437,104444,4.56,1,NO_ANNOT,,,Exact,0,"Gordius Linnaeus, 1758",Gordius,84NTY,1,Catalogue of Life,
124,Gordius tenuis.,Gordius tenuis,104493,104508,6.38,2,NO_ANNOT,,,Exact,0,"Gordius tenuis Weyenbergh, 1880",Gordius tenuis,699962,3,ITIS,
