Index,Verbatim,Name,Start,End,OddsLog10,Cardinality,AnnotNomenType,WordsBefore,WordsAfter,VerifMatchType,VerifEditDistance,VerifMatchedName,VerifMatchedCanonical,VerifTaxonId,VerifDataSourceId,VerifDataSourceTitle,VerifError
0,CREODONTA,Creodonta,33,42,3.63,1,NO_ANNOT,,,Exact,0,Creodonta,Creodonta,urn:lsid:irmng.org:taxname:12202,181,IRMNG,
1,NOTES,Notes,48,53,2.52,1,NO_ANNOT,,,Exact,0,Notes,Notes,3950760,168,ION,
2,Creodonta,Creodonta,129,138,3.63,1,NO_ANNOT,,,Exact,0,Creodonta,Creodonta,urn:lsid:irmng.org:taxname:12202,181,IRMNG,
3,Creodonta,Creodonta,561,570,3.63,1,NO_ANNOT,,,Exact,0,Creodonta,Creodonta,urn:lsid:irmng.org:taxname:12202,181,IRMNG,
4,Creodonta,Creodonta,862,871,3.63,1,NO_ANNOT,,,Exact,0,Creodonta,Creodonta,urn:lsid:irmng.org:taxname:12202,181,IRMNG,
5,Insectivora,Insectivora,925,936,6.35,1,NO_ANNOT,,,Exact,0,Insectivora,Insectivora,623CC,1,Catalogue of Life,
6,Creodonta,Creodonta,1031,1040,3.63,1,NO_ANNOT,,,Exact,0,Creodonta,Creodonta,urn:lsid:irmng.org:taxname:12202,181,IRMNG,
7,Mesodonta,Mesodonta,1041,1050,3.63,1,NO_ANNOT,,,Exact,0,"Mesodonta Matsumura, 1920",Mesodonta,urn:lsid:irmng.org:taxname:1386906,181,IRMNG,
8,Insectivora,Insectivora,1051,1062,6.35,1,NO_ANNOT,,,Exact,0,Insectivora,Insectivora,623CC,1,Catalogue of Life,
9,Insectivora,Insectivora,1193,1204,6.35,1,NO_ANNOT,,,Exact,0,Insectivora,Insectivora,623CC,1,Catalogue of Life,
10,Carnivora,Carnivora,1239,1248,6.06,1,NO_ANNOT,,,Exact,0,"Carnivora Bowdich, 1821",Carnivora,VS,1,Catalogue of Life,
11,Creodonta,Creodonta,1480,1489,3.63,1,NO_ANNOT,,,Exact,0,Creodonta,Creodonta,urn:lsid:irmng.org:taxname:12202,181,IRMNG,
12,Pantolestes,Pantolestes,2432,2443,3.67,1,NO_ANNOT,,,Exact,0,"Pantolestes Cope, 1872",Pantolestes,urn:lsid:irmng.org:taxname:1301803,181,IRMNG,
13,Stypolophus,Stypolophus,3350,3361,5.11,1,NO_ANNOT,,,Exact,0,"Stypolophus Cope, 1872",Stypolophus,urn:lsid:irmng.org:taxname:1232174,181,IRMNG,
14,Pterodon,Pterodon,3362,3370,4.01,1,NO_ANNOT,,,Exact,0,Pterodon,Pterodon,63R62,1,Catalogue of Life,
15,Arctocyon,Arctocyon,3421,3430,3.61,1,NO_ANNOT,,,Exact,0,"Arctocyon de Blainville, 1841",Arctocyon,urn:lsid:irmng.org:taxname:1368636,181,IRMNG,
16,Miacis,Miacis,3444,3450,3.97,1,NO_ANNOT,,,Exact,0,"Miacis Cope, 1872",Miacis,urn:lsid:irmng.org:taxname:1035285,181,IRMNG,
17,Creodonta,Creodonta,3523,3532,3.63,1,NO_ANNOT,,,Exact,0,Creodonta,Creodonta,urn:lsid:irmng.org:taxname:12202,181,IRMNG,
18,Insectivora,Insectivora,3537,3548,6.35,1,NO_ANNOT,,,Exact,0,Insectivora,Insectivora,623CC,1,Catalogue of Life,
19,Vertebrata,Vertebrata,3887,3897,4.90,1,NO_ANNOT,,,Exact,0,"Vertebrata S.F. Gray, 1821",Vertebrata,urn:lsid:irmng.org:taxname:1086832,181,IRMNG,
20,Diacodon,Diacodon,4273,4281,4.01,1,NO_ANNOT,,,Exact,0,"Diacodon Cope, 1875",Diacodon,urn:lsid:irmng.org:taxname:1358131,181,IRMNG,
21,Insectivora,Insectivora,4292,4303,6.35,1,NO_ANNOT,,,Exact,0,Insectivora,Insectivora,623CC,1,Catalogue of Life,
22,Carnivora,Carnivora,4331,4340,6.06,1,NO_ANNOT,,,Exact,0,"Carnivora Bowdich, 1821",Carnivora,VS,1,Catalogue of Life,
23,Creodonta,Creodonta,4357,4366,3.63,1,NO_ANNOT,,,Exact,0,Creodonta,Creodonta,urn:lsid:irmng.org:taxname:12202,181,IRMNG,
24,Heteroborus,Heteroborus,4424,4435,5.72,1,NO_ANNOT,,,Exact,0,"Heteroborus Cope, 1880",Heteroborus,urn:lsid:irmng.org:taxname:1391680,181,IRMNG,
25,Deltatherium,Deltatherium,4474,4486,5.81,1,NO_ANNOT,,,Exact,0,"Deltatherium Cope, 1881",Deltatherium,urn:lsid:irmng.org:taxname:1102988,181,IRMNG,
26,Stypolophus,Stypolophus,4508,4519,5.11,1,NO_ANNOT,,,Exact,0,"Stypolophus Cope, 1872",Stypolophus,urn:lsid:irmng.org:taxname:1232174,181,IRMNG,
27,Proviverra,Proviverra,4535,4545,3.40,1,NO_ANNOT,,,Exact,0,"Proviverra Rütimeyer, 1862",Proviverra,urn:lsid:irmng.org:taxname:1041366,181,IRMNG,
28,Pterodon,Pterodon,4583,4591,4.01,1,NO_ANNOT,,,Exact,0,Pterodon,Pterodon,63R62,1,Catalogue of Life,
29,Protopsalis,Protopsalis,4705,4716,4.58,1,NO_ANNOT,,,Exact,0,"Protopsalis Cope, 1880",Protopsalis,urn:lsid:irmng.org:taxname:1388971,181,IRMNG,
30,Dissacus,Dissacus,4812,4820,6.00,1,NO_ANNOT,,,Exact,0,"Dissacus Cope, 1881",Dissacus,urn:lsid:irmng.org:taxname:1350231,181,IRMNG,
31,Patriofelis,Patriofelis,4837,4848,4.58,1,NO_ANNOT,,,Exact,0,"Patriofelis Leidy, 1870",Patriofelis,urn:lsid:irmng.org:taxname:1018970,181,IRMNG,
32,Thereutherium.,Thereutherium,4853,4867,5.90,1,NO_ANNOT,,,Exact,0,"Thereutherium Filhol, 1876",Thereutherium,urn:lsid:irmng.org:taxname:1064709,181,IRMNG,
33,Carnivora,Carnivora,4959,4968,6.06,1,NO_ANNOT,,,Exact,0,"Carnivora Bowdich, 1821",Carnivora,VS,1,Catalogue of Life,
34,Creodonta,Creodonta,5008,5017,3.63,1,NO_ANNOT,,,Exact,0,Creodonta,Creodonta,urn:lsid:irmng.org:taxname:12202,181,IRMNG,
35,Creodonta,Creodonta,5206,5215,3.63,1,NO_ANNOT,,,Exact,0,Creodonta,Creodonta,urn:lsid:irmng.org:taxname:12202,181,IRMNG,
36,Panto lestes,Panto lestes,5955,5967,,2,NO_ANNOT,,,NoMatch,,,,,,,,
37,Dissacus,Dissacus,7836,7844,6.00,1,NO_ANNOT,,,Exact,0,"Dissacus Cope, 1881",Dissacus,urn:lsid:irmng.org:taxname:1350231,181,IRMNG,
38,Mioclcenus cuspidatus,Mioclcenus cuspidatus,10243,10264,7.46,2,NO_ANNOT,,,Fuzzy,1,Mioclaenus cuspidatus (Cope 1884),Mioclaenus cuspidatus,48673,172,PaleoBioDB,
39,CHRIACUS3,Chriacus,10279,10288,6.00,1,NO_ANNOT,,,Exact,0,"Chriacus Cope, 1883",Chriacus,urn:lsid:irmng.org:taxname:1207752,181,IRMNG,
40,Pelycodus,Pelycodus,10299,10308,4.96,1,NO_ANNOT,,,Exact,0,"Pelycodus Cope, 1875",Pelycodus,urn:lsid:irmng.org:taxname:1345225,181,IRMNG,
41,Pelycodus pelvidens,Pelycodus pelvidens,11491,11510,11.39,2,NO_ANNOT,,,Exact,0,Pelycodus pelvidens (Cope 1881),Pelycodus pelvidens,309277,172,PaleoBioDB,
42,C. truncatus,C. truncatus,11520,11532,7.39,2,NO_ANNOT,,,NoMatch,,,,,,,,
43,C. stenops,C. stenops,11781,11791,4.42,2,NO_ANNOT,,,NoMatch,,,,,,,,
44,Pelycodiis angulatus,Pelycodiis angulatus,11820,11840,5.57,2,NO_ANNOT,,,NoMatch,,,,,,,,
45,Chriacus,Chriacus,11893,11901,6.00,1,NO_ANNOT,,,Exact,0,"Chriacus Cope, 1883",Chriacus,urn:lsid:irmng.org:taxname:1207752,181,IRMNG,
46,Chriacics priscus,Chriacics priscus,12216,12233,3.78,2,NO_ANNOT,,,NoMatch,,,,,,,,
47,Chriacus simplex,Chriacus simplex,12246,12262,8.46,2,NO_ANNOT,,,Exact,0,Chriacus simplex (Cope 1884),Chriacus simplex,45094,172,PaleoBioDB,
48,Chriacus,Chriacus,12305,12313,6.00,1,NO_ANNOT,,,Exact,0,"Chriacus Cope, 1883",Chriacus,urn:lsid:irmng.org:taxname:1207752,181,IRMNG,
49,Chriacus,Chriacus,12377,12385,6.00,1,NO_ANNOT,,,Exact,0,"Chriacus Cope, 1883",Chriacus,urn:lsid:irmng.org:taxname:1207752,181,IRMNG,
50,Chriacus schlosserianus,Chriacus schlosserianus,13275,13298,13.65,2,NO_ANNOT,,,Exact,0,Chriacus schlosserianus (Cope 1888),Chriacus schlosserianus,45093,172,PaleoBioDB,
51,PENTACODON,Pentacodon,13312,13322,4.35,1,NO_ANNOT,,,Exact,0,"Pentacodon Scott, 1892",Pentacodon,urn:lsid:irmng.org:taxname:1356451,181,IRMNG,
52,Chriacus,Chriacus,13338,13346,6.00,1,NO_ANNOT,,,Exact,0,"Chriacus Cope, 1883",Chriacus,urn:lsid:irmng.org:taxname:1207752,181,IRMNG,
53,Chriacus inversus,Chriacus inversus,13854,13871,12.94,2,NO_ANNOT,,,Exact,0,Chriacus inversus (Cope 1888),Chriacus inversus,45081,172,PaleoBioDB,
54,Chriacus,Chriacus,13909,13917,6.00,1,NO_ANNOT,,,Exact,0,"Chriacus Cope, 1883",Chriacus,urn:lsid:irmng.org:taxname:1207752,181,IRMNG,
55,L. hyattianus,L. hyattianus,14217,14230,7.03,2,NO_ANNOT,,,NoMatch,,,,,,,,
56,Chriacus hyattianus,Chriacus hyattianus,14241,14260,13.36,2,NO_ANNOT,,,Exact,0,Chriacus hyattianus (Cope 1885),Chriacus hyattianus,45080,172,PaleoBioDB,
57,Loxolophus adapinus,Loxolophus adapinus,14266,14285,12.07,2,NO_ANNOT,,,Exact,0,Loxolophus adapinus Cope 1885,Loxolophus adapinus,47786,172,PaleoBioDB,
58,TRICENTES,Tricentes,14300,14309,3.38,1,NO_ANNOT,,,Exact,0,"Tricentes Cope, 1883",Tricentes,urn:lsid:irmng.org:taxname:1445310,181,IRMNG,
59,Protochriacus,Protochriacus,14382,14395,6.78,1,NO_ANNOT,,,Exact,0,"Protochriacus Scott, 1892",Protochriacus,urn:lsid:irmng.org:taxname:1169935,181,IRMNG,
60,T. crassicollidens,T. crassicollidens,15107,15125,7.09,2,NO_ANNOT,,,NoMatch,,,,,,,,
61,Tricentes.,Tricentes,15300,15310,3.38,1,NO_ANNOT,,,Exact,0,"Tricentes Cope, 1883",Tricentes,urn:lsid:irmng.org:taxname:1445310,181,IRMNG,
62,ELLIPSODON.,Ellipsodon,15515,15526,4.35,1,NO_ANNOT,,,Exact,0,"Ellipsodon Scott, 1892",Ellipsodon,urn:lsid:irmng.org:taxname:1409599,181,IRMNG,
63,Primates,Primates,16306,16314,3.21,1,NO_ANNOT,,,Exact,0,"Primates Linnaeus, 1758",Primates,3W7,1,Catalogue of Life,
64,Arctocyon,Arctocyon,17249,17258,3.61,1,NO_ANNOT,,,Exact,0,"Arctocyon de Blainville, 1841",Arctocyon,urn:lsid:irmng.org:taxname:1368636,181,IRMNG,
65,Hyodectes,Hyodectes,17335,17344,3.38,1,NO_ANNOT,,,Exact,0,"Hyodectes Cope, 1880",Hyodectes,urn:lsid:irmng.org:taxname:1171430,181,IRMNG,
66,Heteroborus,Heteroborus,17509,17520,5.72,1,NO_ANNOT,,,Exact,0,"Heteroborus Cope, 1880",Heteroborus,urn:lsid:irmng.org:taxname:1391680,181,IRMNG,
67,Arctocyon,Arctocyon,18647,18656,3.61,1,NO_ANNOT,,,Exact,0,"Arctocyon de Blainville, 1841",Arctocyon,urn:lsid:irmng.org:taxname:1368636,181,IRMNG,
68,Miocljenus corrugatus,Miocljenus corrugatus,18839,18860,7.46,2,NO_ANNOT,,,Fuzzy,1,Mioclaenus corrugatus (Cope 1883),Mioclaenus corrugatus,48671,172,PaleoBioDB,
69,Mioclcenus protogonioides,Mioclcenus protogonioides,18885,18910,6.35,2,NO_ANNOT,,,Fuzzy,1,Mioclaenus protogonioides (Cope 1882),Mioclaenus protogonioides,48688,172,PaleoBioDB,
70,Trie.entes subtrigonus,Trie�entes subtrigonus,19178,19200,5.27,2,NO_ANNOT,,,NoMatch,,,,,,,,
71,Arctocyon.,Arctocyon,20069,20079,3.61,1,NO_ANNOT,,,Exact,0,"Arctocyon de Blainville, 1841",Arctocyon,urn:lsid:irmng.org:taxname:1368636,181,IRMNG,
72,Condylarthra.,Condylarthra,20642,20655,3.20,1,NO_ANNOT,,,Exact,0,Condylarthra,Condylarthra,urn:lsid:irmng.org:taxname:10697,181,IRMNG,
73,Dissacus,Dissacus,22467,22475,6.00,1,NO_ANNOT,,,Exact,0,"Dissacus Cope, 1881",Dissacus,urn:lsid:irmng.org:taxname:1350231,181,IRMNG,
74,T. quivirensis,T. quivirensis,23155,23169,7.60,2,NO_ANNOT,,,NoMatch,,,,,,,,
75,T. heilprinianus,T. heilprinianus,23274,23290,7.26,2,NO_ANNOT,,,NoMatch,,,,,,,,
76,Goniacodon,Goniacodon,23305,23315,4.35,1,NO_ANNOT,,,Exact,0,"Goniacodon Cope, 1888",Goniacodon,urn:lsid:irmng.org:taxname:1235041,181,IRMNG,
77,Triisodon.,Triisodon,23393,23403,4.18,1,NO_ANNOT,,,Exact,0,"Triisodon Cope, 1881",Triisodon,urn:lsid:irmng.org:taxname:1412613,181,IRMNG,
78,Triisodon,Triisodon,23449,23458,4.18,1,NO_ANNOT,,,Exact,0,"Triisodon Cope, 1881",Triisodon,urn:lsid:irmng.org:taxname:1412613,181,IRMNG,
79,Triisodon,Triisodon,23626,23635,4.18,1,NO_ANNOT,,,Exact,0,"Triisodon Cope, 1881",Triisodon,urn:lsid:irmng.org:taxname:1412613,181,IRMNG,
80,Sarcothraustes,Sarcothraustes,23656,23670,4.22,1,NO_ANNOT,,,Exact,0,"Sarcothraustes Cope, 1882",Sarcothraustes,urn:lsid:irmng.org:taxname:1154571,181,IRMNG,
81,G. rusticus,G. rusticus,24815,24826,6.67,2,NO_ANNOT,,,NoMatch,,,,,,,,
82,3Iioelcenus levisanus,Iioelcenus levisanus,24961,24982,6.87,2,NO_ANNOT,,,NoMatch,,,,,,,,
83,Mioclznus gaudryanus,Mioclznus gaudryanus,24991,25011,6.82,2,NO_ANNOT,,,NoMatch,,,,,,,,
84,Mioclcenus rusticus,Mioclcenus rusticus,25033,25052,6.62,2,NO_ANNOT,,,Fuzzy,1,Mioclaenus rusticus (Cope 1884),Mioclaenus rusticus,48690,172,PaleoBioDB,
85,Pentacodon,Pentacodon,25311,25321,4.35,1,NO_ANNOT,,,Exact,0,"Pentacodon Scott, 1892",Pentacodon,urn:lsid:irmng.org:taxname:1356451,181,IRMNG,
86,Mioclcenus assurgens,Mioclcenus assurgens,25483,25503,6.05,2,NO_ANNOT,,,Fuzzy,1,Mioclaenus assurgens (Cope 1884),Mioclaenus assurgens,48667,172,PaleoBioDB,
87,Goniacodon,Goniacodon,25745,25755,4.35,1,NO_ANNOT,,,Exact,0,"Goniacodon Cope, 1888",Goniacodon,urn:lsid:irmng.org:taxname:1235041,181,IRMNG,
88,Goniacodon,Goniacodon,26199,26209,4.35,1,NO_ANNOT,,,Exact,0,"Goniacodon Cope, 1888",Goniacodon,urn:lsid:irmng.org:taxname:1235041,181,IRMNG,
89,S. antiquus,S. antiquus,27734,27745,5.46,2,NO_ANNOT,,,NoMatch,,,,,,,,
90,S. bathygnathus,S. bathygnathus,27771,27786,6.59,2,NO_ANNOT,,,NoMatch,,,,,,,,
91,Dissacus,Dissacus,28029,28037,6.00,1,NO_ANNOT,,,Exact,0,"Dissacus Cope, 1881",Dissacus,urn:lsid:irmng.org:taxname:1350231,181,IRMNG,
92,Goniacodon,Goniacodon,28579,28589,4.35,1,NO_ANNOT,,,Exact,0,"Goniacodon Cope, 1888",Goniacodon,urn:lsid:irmng.org:taxname:1235041,181,IRMNG,
93,D. carnifex,D. carnifex,30755,30766,4.22,2,NO_ANNOT,,,NoMatch,,,,,,,,
94,Mesonyx ossifragus,Mesonyx ossifragus,31159,31177,9.97,2,NO_ANNOT,,,Exact,0,Mesonyx ossifragus (Cope 1874),Mesonyx ossifragus,309281,172,PaleoBioDB,
95,Mesonyx ossifraga,Mesonyx ossifraga,33536,33553,9.76,2,NO_ANNOT,,,Exact,0,Mesonyx ossifraga (Cope 1874),Mesonyx ossifraga,48406,172,PaleoBioDB,
96,Dromocyon vorax,Dromocyon vorax,35097,35112,8.16,2,NO_ANNOT,,,Exact,0,Dromocyon vorax (Marsh 1876),Dromocyon vorax,45928,172,PaleoBioDB,
97,Syiioplotherium lanius,Syiioplotherium lanius,35122,35144,6.13,2,NO_ANNOT,,,NoMatch,,,,,,,,
98,TMesonyx dakotensis,Tmesonyx dakotensis,35656,35675,5.61,2,NO_ANNOT,,,NoMatch,,,,,,,,
99,Mesonyx,Mesonyx,35886,35893,4.04,1,NO_ANNOT,,,Exact,0,"Mesonyx Cope, 1872",Mesonyx,urn:lsid:irmng.org:taxname:1374157,181,IRMNG,
100,M. obtusidens,M. obtusidens,36030,36043,6.21,2,NO_ANNOT,,,NoMatch,,,,,,,,
101,Lipodectes penetrans,Lipodectes penetrans,39632,39652,9.09,2,NO_ANNOT,,,Exact,0,Lipodectes penetrans Cope 1881,Lipodectes penetrans,47717,172,PaleoBioDB,
102,Limnocyon,Limnocyon,39687,39696,3.61,1,NO_ANNOT,,,Exact,0,"Limnocyon Marsh, 1872",Limnocyon,urn:lsid:irmng.org:taxname:1000134,181,IRMNG,
103,Prototomus,Prototomus,39727,39737,5.49,1,NO_ANNOT,,,Exact,0,"Prototomus Cope, 1874",Prototomus,urn:lsid:irmng.org:taxname:1443706,181,IRMNG,
104,Stypolophus,Stypolophus,40428,40439,5.11,1,NO_ANNOT,,,Exact,0,"Stypolophus Cope, 1872",Stypolophus,urn:lsid:irmng.org:taxname:1232174,181,IRMNG,
105,Sinopa,Sinopa,40445,40451,4.05,1,NO_ANNOT,,,Exact,0,"Sinopa Leidy, 1871",Sinopa,urn:lsid:irmng.org:taxname:1378800,181,IRMNG,
106,Deltatherium,Deltatherium,41436,41448,5.81,1,NO_ANNOT,,,Exact,0,"Deltatherium Cope, 1881",Deltatherium,urn:lsid:irmng.org:taxname:1102988,181,IRMNG,
107,Sinopa.,Sinopa,41680,41687,4.05,1,NO_ANNOT,,,Exact,0,"Sinopa Leidy, 1871",Sinopa,urn:lsid:irmng.org:taxname:1378800,181,IRMNG,
108,Deltatherium,Deltatherium,42428,42440,5.81,1,NO_ANNOT,,,Exact,0,"Deltatherium Cope, 1881",Deltatherium,urn:lsid:irmng.org:taxname:1102988,181,IRMNG,
109,Vertebrata,Vertebrata,42661,42671,4.90,1,NO_ANNOT,,,Exact,0,"Vertebrata S.F. Gray, 1821",Vertebrata,urn:lsid:irmng.org:taxname:1086832,181,IRMNG,
110,S. rapax,S. rapax,44056,44064,3.61,2,NO_ANNOT,,,NoMatch,,,,,,,,
111,Limnocyon verus,Limnocyon verus,44074,44089,9.42,2,NO_ANNOT,,,Exact,0,Limnocyon verus (Marsh 1872),Limnocyon verus,47679,172,PaleoBioDB,
112,Limnocyo7i agilis,Limnocyo�i agilis,44103,44120,4.46,2,NO_ANNOT,,,NoMatch,,,,,,,,
113,Stypolophus inseetivorus,Stypolophus inseetivorus,44158,44182,7.37,2,NO_ANNOT,,,Fuzzy,1,Stypolophus insectivorus (Cope 1871),Stypolophus insectivorus,51855,172,PaleoBioDB,
114,Sfypolophus aculeatus,Sfypolophus aculeatus,44241,44262,6.53,2,NO_ANNOT,,,Fuzzy,1,Stypolophus aculeatus (Cope 1871),Stypolophus aculeatus,51851,172,PaleoBioDB,
115,Prototomus,Prototomus,44293,44303,5.49,1,NO_ANNOT,,,Exact,0,"Prototomus Cope, 1874",Prototomus,urn:lsid:irmng.org:taxname:1443706,181,IRMNG,
116,Stypolophus viverrinus,Stypolophus viverrinus,44304,44326,12.47,2,NO_ANNOT,,,Exact,0,Stypolophus viverrinus (Cope 1874),Stypolophus viverrinus,51860,172,PaleoBioDB,
117,Prototomus,Prototomus,44335,44345,5.49,1,NO_ANNOT,,,Exact,0,"Prototomus Cope, 1874",Prototomus,urn:lsid:irmng.org:taxname:1443706,181,IRMNG,
118,Sfypolophus secundarius,Sfypolophus secundarius,44346,44369,6.22,2,NO_ANNOT,,,Fuzzy,1,Stypolophus secundarius (Cope 1875),Stypolophus secundarius,51858,172,PaleoBioDB,
119,Prototomus,Prototomus,44420,44430,5.49,1,NO_ANNOT,,,Exact,0,"Prototomus Cope, 1874",Prototomus,urn:lsid:irmng.org:taxname:1443706,181,IRMNG,
120,Sinopa,Sinopa,44641,44647,4.05,1,NO_ANNOT,,,Exact,0,"Sinopa Leidy, 1871",Sinopa,urn:lsid:irmng.org:taxname:1378800,181,IRMNG,
121,Primates.,Primates,44737,44746,3.21,1,NO_ANNOT,,,Exact,0,"Primates Linnaeus, 1758",Primates,3W7,1,Catalogue of Life,
122,Sinopa,Sinopa,45028,45034,4.05,1,NO_ANNOT,,,Exact,0,"Sinopa Leidy, 1871",Sinopa,urn:lsid:irmng.org:taxname:1378800,181,IRMNG,
123,P. americamis,P. americamis,45368,45381,6.57,2,SP_NOV,,,NoMatch,,,,,,,,
124,Sinopa rapax,Sinopa rapax,45396,45408,8.00,2,NO_ANNOT,,,Exact,0,Sinopa rapax (Leidy 1871),Sinopa rapax,51599,172,PaleoBioDB,
125,Didelphodus,Didelphodus,45674,45685,5.25,1,NO_ANNOT,,,Exact,0,"Didelphodus Cope, 1882",Didelphodus,urn:lsid:irmng.org:taxname:1012734,181,IRMNG,
126,Proviverra.,Proviverra,45740,45751,3.40,1,NO_ANNOT,,,Exact,0,"Proviverra Rütimeyer, 1862",Proviverra,urn:lsid:irmng.org:taxname:1041366,181,IRMNG,
127,Proviverra,Proviverra,45894,45904,3.40,1,NO_ANNOT,,,Exact,0,"Proviverra Rütimeyer, 1862",Proviverra,urn:lsid:irmng.org:taxname:1041366,181,IRMNG,
128,Sinopa,Sinopa,46017,46023,4.05,1,NO_ANNOT,,,Exact,0,"Sinopa Leidy, 1871",Sinopa,urn:lsid:irmng.org:taxname:1378800,181,IRMNG,
129,Deltatherium,Deltatherium,46376,46388,5.81,1,NO_ANNOT,,,Exact,0,"Deltatherium Cope, 1881",Deltatherium,urn:lsid:irmng.org:taxname:1102988,181,IRMNG,
130,Viverra,Viverra,47054,47061,2.81,1,NO_ANNOT,,,Exact,0,"Viverra Linnaeus, 1758",Viverra,874Q,1,Catalogue of Life,
131,P. occidentalis,P. occidentalis,48787,48802,7.29,2,NO_ANNOT,,,NoMatch,,,,,,,,
132,A. sinosus,A. sinosus,49902,49912,6.41,2,NO_ANNOT,,,NoMatch,,,,,,,,
133,Oreocyon,Oreocyon,49977,49985,3.44,1,NO_ANNOT,,,Exact,0,Oreocyon,Oreocyon,69KR,1,Catalogue of Life,
134,Oreocyon latidens,Oreocyon latidens,50636,50653,9.71,2,NO_ANNOT,,,Exact,0,Oreocyon latidens (Marsh 1872),Oreocyon latidens,49383,172,PaleoBioDB,
135,P.␤leidyanus,P. leidyanus,50757,50769,6.91,2,NO_ANNOT,,,NoMatch,,,,,,,,
136,Sinopa,Sinopa,52380,52386,4.05,1,NO_ANNOT,,,Exact,0,"Sinopa Leidy, 1871",Sinopa,urn:lsid:irmng.org:taxname:1378800,181,IRMNG,
137,PROTOPSALIS,Protopsalis,56079,56090,4.58,1,NO_ANNOT,,,Exact,0,"Protopsalis Cope, 1880",Protopsalis,urn:lsid:irmng.org:taxname:1388971,181,IRMNG,
138,Limnofelis,Limnofelis,56131,56141,4.46,1,NO_ANNOT,,,Exact,0,"Limnofelis Marsh, 1872",Limnofelis,urn:lsid:irmng.org:taxname:1392052,181,IRMNG,
139,Protopsalis,Protopsalis,57170,57181,4.58,1,NO_ANNOT,,,Exact,0,"Protopsalis Cope, 1880",Protopsalis,urn:lsid:irmng.org:taxname:1388971,181,IRMNG,
140,P. tigrinus,P. tigrinus,57292,57303,6.75,2,NO_ANNOT,,,NoMatch,,,,,,,,
141,Limnofelis,Limnofelis,57315,57325,4.46,1,NO_ANNOT,,,Exact,0,"Limnofelis Marsh, 1872",Limnofelis,urn:lsid:irmng.org:taxname:1392052,181,IRMNG,
142,Pterodon,Pterodon,57424,57432,4.01,1,NO_ANNOT,,,Exact,0,Pterodon,Pterodon,63R62,1,Catalogue of Life,
143,Protopsalis,Protopsalis,57963,57974,4.58,1,NO_ANNOT,,,Exact,0,"Protopsalis Cope, 1880",Protopsalis,urn:lsid:irmng.org:taxname:1388971,181,IRMNG,
144,H. grandis,H. grandis,58463,58473,6.04,2,NO_ANNOT,,,NoMatch,,,,,,,,
145,Plerodon,Plerodon,58788,58796,4.01,1,NO_ANNOT,,,Exact,0,"Plerodon Meyer, 1839",Plerodon,urn:lsid:irmng.org:taxname:1420440,181,IRMNG,
146,H. leptocephalus,H. leptocephalus,60614,60630,7.15,2,NO_ANNOT,,,NoMatch,,,,,,,,
147,H. horridas,H. horridas,61652,61663,4.22,2,NO_ANNOT,,,NoMatch,,,,,,,,
148,H. crucians,H. crucians,61670,61681,5.05,2,NO_ANNOT,,,NoMatch,,,,,,,,
149,H. leptocephalus,H. leptocephalus,61707,61723,7.15,2,NO_ANNOT,,,NoMatch,,,,,,,,
150,Creodonta,Creodonta,61996,62005,3.63,1,NO_ANNOT,,,Exact,0,Creodonta,Creodonta,urn:lsid:irmng.org:taxname:12202,181,IRMNG,
151,Carnivora,Carnivora,62014,62023,6.06,1,NO_ANNOT,,,Exact,0,"Carnivora Bowdich, 1821",Carnivora,VS,1,Catalogue of Life,
152,Cynogale,Cynogale,64894,64902,3.88,1,NO_ANNOT,,,Exact,0,"Cynogale Gray, 1837",Cynogale,3YKG,1,Catalogue of Life,
153,Cynogale,Cynogale,65581,65589,3.88,1,NO_ANNOT,,,Exact,0,"Cynogale Gray, 1837",Cynogale,3YKG,1,Catalogue of Life,
154,D. dawkinsianus,D. dawkinsianus,65859,65874,7.23,2,NO_ANNOT,,,NoMatch,,,,,,,,
155,Vulpavus,Vulpavus,66056,66064,4.29,1,NO_ANNOT,,,Exact,0,"Vulpavus Marsh, 1871",Vulpavus,urn:lsid:irmng.org:taxname:1046094,181,IRMNG,
156,Miacis,Miacis,66087,66093,3.97,1,NO_ANNOT,,,Exact,0,"Miacis Cope, 1872",Miacis,urn:lsid:irmng.org:taxname:1035285,181,IRMNG,
157,Uintacyon vorax,Uintacyon vorax,67418,67433,8.16,2,NO_ANNOT,,,Exact,0,Uintacyon vorax (Leidy 1872),Uintacyon vorax,52563,172,PaleoBioDB,
158,M. canavus,M. canavus,67497,67507,5.50,2,NO_ANNOT,,,NoMatch,,,,,,,,
159,SAGDA,Sagda,67915,67920,2.73,1,NO_ANNOT,,,Exact,0,"Sagda H. Beck, 1837",Sagda,7PG48,1,Catalogue of Life,
160,CYSTICOPSIS,Cysticopsis,67921,67932,5.23,1,NO_ANNOT,,,Exact,0,"Cysticopsis Mörch, 1852",Cysticopsis,7P2QH,1,Catalogue of Life,
161,M. brevirostris,M. brevirostris,67957,67972,7.22,2,NO_ANNOT,,,NoMatch,,,,,,,,
162,Ampliicyoii vulpinus,Ampliicyoii vulpinus,68034,68054,5.05,2,NO_ANNOT,,,NoMatch,,,,,,,,
163,F. gracilis,F. gracilis,68498,68509,6.80,2,NO_ANNOT,,,NoMatch,,,,,,,,
164,V. nitidus,V. nitidus,68518,68528,6.06,2,NO_ANNOT,,,NoMatch,,,,,,,,
165,Limnocyoii riparius,Limnocyoii riparius,68538,68557,4.68,2,NO_ANNOT,,,NoMatch,,,,,,,,
166,T. velox,T. velox,68791,68799,3.61,2,NO_ANNOT,,,NoMatch,,,,,,,,
167,Creodonta,Creodonta,68920,68929,3.63,1,NO_ANNOT,,,Exact,0,Creodonta,Creodonta,urn:lsid:irmng.org:taxname:12202,181,IRMNG,
168,M. turgidus,M. turgidus,69619,69630,6.26,2,NO_ANNOT,,,NoMatch,,,,,,,,
169,M. turgidus,M. turgidus,69733,69744,6.26,2,NO_ANNOT,,,NoMatch,,,,,,,,
170,M. opisthacus,M. opisthacus,69750,69763,6.94,2,NO_ANNOT,,,NoMatch,,,,,,,,
171,Condylarthra,Condylarthra,70295,70307,3.20,1,NO_ANNOT,,,Exact,0,Condylarthra,Condylarthra,urn:lsid:irmng.org:taxname:10697,181,IRMNG,
172,M. pentacus,M. pentacus,70543,70554,6.67,2,NO_ANNOT,,,NoMatch,,,,,,,,
173,Protogonia,Protogonia,70724,70734,4.20,1,NO_ANNOT,,,Exact,0,"Protogonia Townsend, 1912",Protogonia,urn:lsid:irmng.org:taxname:1401088,181,IRMNG,
174,Mioclcenus lydekkerianus,Mioclcenus lydekkerianus,70972,70996,7.22,2,NO_ANNOT,,,Fuzzy,1,Mioclaenus lydekkerianus (Cope 1888),Mioclaenus lydekkerianus,48683,172,PaleoBioDB,
175,PARADOXODON,Paradoxodon,71082,71093,4.47,1,NO_ANNOT,,,Exact,0,"Paradoxodon Scott, 1892",Paradoxodon,urn:lsid:irmng.org:taxname:1418275,181,IRMNG,
176,Chriacus,Chriacus,71109,71117,6.00,1,NO_ANNOT,,,Exact,0,"Chriacus Cope, 1883",Chriacus,urn:lsid:irmng.org:taxname:1207752,181,IRMNG,
177,Chriacus rutimeyeranus,Chriacus rutimeyeranus,72538,72560,8.56,2,NO_ANNOT,,,Fuzzy,1,Chriacus ruetimeyeranus Cope,Chriacus ruetimeyeranus,3922229,168,ION,
178,CARCINODON,Carcinodon,72575,72585,4.35,1,NO_ANNOT,,,Exact,0,"Carcinodon Scott, 1892",Carcinodon,urn:lsid:irmng.org:taxname:1149338,181,IRMNG,
179,Diacodon.,Diacodon,72800,72809,4.01,1,NO_ANNOT,,,Exact,0,"Diacodon Cope, 1875",Diacodon,urn:lsid:irmng.org:taxname:1358131,181,IRMNG,
180,Beltathernmi interruptus,Beltathernmi interruptus,73513,73537,5.95,2,NO_ANNOT,,,NoMatch,,,,,,,,
181,Hyopsodus acolylus,Hyopsodus acolylus,73567,73585,6.90,2,NO_ANNOT,,,Fuzzy,1,Hyopsodus acolytus (Cope 1882),Hyopsodus acolytus,47161,172,PaleoBioDB,
182,Pantolestes.,Pantolestes,73783,73795,3.67,1,NO_ANNOT,,,Exact,0,"Pantolestes Cope, 1872",Pantolestes,urn:lsid:irmng.org:taxname:1301803,181,IRMNG,
183,Onychodectes,Onychodectes,73857,73869,3.91,1,NO_ANNOT,,,Exact,0,"Onychodectes Cope, 1888",Onychodectes,urn:lsid:irmng.org:taxname:1200428,181,IRMNG,
184,Conoryctes',Conoryctes,73875,73886,3.55,1,NO_ANNOT,,,Exact,0,"Conoryctes Cope, 1881",Conoryctes,urn:lsid:irmng.org:taxname:1056148,181,IRMNG,
185,Hemiganus,Hemiganus,73896,73905,5.76,1,NO_ANNOT,,,Exact,0,"Hemiganus Cope, 1882",Hemiganus,urn:lsid:irmng.org:taxname:1366476,181,IRMNG,
