Index,Verbatim,Name,Start,End,OddsLog10,Cardinality,AnnotNomenType,WordsBefore,WordsAfter,VerifMatchType,VerifEditDistance,VerifMatchedName,VerifMatchedCanonical,VerifTaxonId,VerifDataSourceId,VerifDataSourceTitle,VerifError
0,Abranchus,Abranchus,41,50,4.82,1,NO_ANNOT,,,Exact,0,"Abranchus Boïé, 1824",Abranchus,urn:lsid:irmng.org:taxname:1415761,181,IRMNG,
1,Abromys,Abromys,59,66,4.82,1,NO_ANNOT,,,Exact,0,"Abromys Gray, 1868",Abromys,LRH,1,Catalogue of Life,
2,Acanthis,Acanthis,95,103,2.90,1,NO_ANNOT,,,Exact,0,"Acanthis von Borkhausen, 1797",Acanthis,M2J,1,Catalogue of Life,
3,Acer,Acer,143,147,2.96,1,NO_ANNOT,,,Exact,0,Acer L.,Acer,MLD,1,Catalogue of Life,
4,Actitis,Actitis,202,209,5.39,1,NO_ANNOT,,,Exact,0,"Actitis Illiger, 1811",Actitis,NT5,1,Catalogue of Life,
5,Agaricus,Agaricus,264,272,6.00,1,NO_ANNOT,,,Exact,0,Agaricus,Agaricus,QKG,1,Catalogue of Life,
6,Alope,Alope,361,366,1.96,1,NO_ANNOT,,,Exact,0,"Alope White, 1847",Alope,urn:lsid:marinespecies.org:taxname:205786,9,WoRMS,
7,Alopecurus,Alopecurus,371,381,5.60,1,NO_ANNOT,,,Exact,0,Alopecurus,Alopecurus,ST6,1,Catalogue of Life,
8,Alphaeus,Alphaeus,386,394,5.52,1,NO_ANNOT,,,Exact,0,"Alphaeus Bosc, 1802",Alphaeus,urn:lsid:irmng.org:taxname:1392793,181,IRMNG,
9,Alpheidae,Alpheidae,399,408,4.28,1,NO_ANNOT,,,Exact,0,"Alpheidae Rafinesque, 1815",Alpheidae,84JVC,1,Catalogue of Life,
10,Alpheoides,Alpheoides,413,423,5.09,1,NO_ANNOT,,,Exact,0,"Alpheoides Paul'son, 1875",Alpheoides,urn:lsid:irmng.org:taxname:1259065,181,IRMNG,
11,Alsophis,Alsophis,440,448,2.90,1,NO_ANNOT,,,Exact,0,Alsophis,Alsophis,SXX,1,Catalogue of Life,
12,Amblystoma.77,Amblystoma,468,481,5.28,1,NO_ANNOT,,,Exact,0,"Amblystoma Agassiz, 1844",Amblystoma,TK7,1,Catalogue of Life,
13,Ammonites,Ammonites,529,538,3.38,1,NO_ANNOT,,,Exact,0,Ammonites,Ammonites,628XM,1,Catalogue of Life,
14,Amorpha,Amorpha,547,554,5.13,1,NO_ANNOT,,,Exact,0,Amorpha,Amorpha,84JM9,1,Catalogue of Life,
15,Amphipteryx,Amphipteryx,602,613,5.39,1,NO_ANNOT,,,Exact,0,Amphipteryx,Amphipteryx,62B7B,1,Catalogue of Life,
16,Anchistia.,Anchistia,665,675,5.29,1,NO_ANNOT,,,Exact,0,"Anchistia Dana, 1852",Anchistia,urn:lsid:irmng.org:taxname:1278789,181,IRMNG,
17,Andrias,Andrias,728,735,5.08,1,NO_ANNOT,,,Exact,0,"Andrias Tschudi, 1837",Andrias,VTF,1,Catalogue of Life,
18,Anomia,Anomia,740,746,4.07,1,NO_ANNOT,,,Exact,0,"Anomia Linnaeus, 1758",Anomia,7NP6N,1,Catalogue of Life,
19,Antennaria,Antennaria,764,774,5.02,1,NO_ANNOT,,,Exact,0,Antennaria Gaertn.,Antennaria,X99,1,Catalogue of Life,
20,Anthostomella,Anthostomella,783,796,6.82,1,NO_ANNOT,,,Exact,0,Anthostomella,Anthostomella,XG6,1,Catalogue of Life,
21,Anthus,Anthus,801,807,4.11,1,NO_ANNOT,,,Exact,0,"Anthus Bechstein, 1805",Anthus,XJ7,1,Catalogue of Life,
22,Aphrodina,Aphrodina,834,843,4.13,1,NO_ANNOT,,,Exact,0,"Aphrodina Conrad, 1869",Aphrodina,urn:lsid:irmng.org:taxname:1093736,181,IRMNG,
23,Arabis,Arabis,858,864,4.12,1,NO_ANNOT,,,Exact,0,Arabis,Arabis,ZJX,1,Catalogue of Life,
24,Archeopteryx,Archeopteryx,869,881,5.62,1,NO_ANNOT,,,Exact,0,"Archeopteryx Owen, 1863",Archeopteryx,urn:lsid:irmng.org:taxname:1097177,181,IRMNG,
25,Archibuteo,Archibuteo,885,895,4.15,1,NO_ANNOT,,,Exact,0,"Archibuteo Brehm, 1828",Archibuteo,urn:lsid:irmng.org:taxname:1148625,181,IRMNG,
26,Arctagrostis,Arctagrostis,919,931,6.34,1,NO_ANNOT,,,Exact,0,Arctagrostis,Arctagrostis,62D4R,1,Catalogue of Life,
27,Arcyria,Arcyria,936,943,4.43,1,NO_ANNOT,,,Exact,0,Arcyria,Arcyria,32FC,1,Catalogue of Life,
28,Ardea,Ardea,951,956,4.63,1,NO_ANNOT,,,Exact,0,"Ardea Linnaeus, 1758",Ardea,32FH,1,Catalogue of Life,
29,Arenaria,Arenaria,963,971,4.68,1,NO_ANNOT,,,Exact,0,Arenaria L.,Arenaria,4GD,1,Catalogue of Life,
30,Argis,Argis,982,987,3.13,1,NO_ANNOT,,,Exact,0,"Argis Krøyer, 1843",Argis,urn:lsid:irmng.org:taxname:1378947,181,IRMNG,
31,Armeria,Armeria,992,999,4.43,1,NO_ANNOT,,,Exact,0,Armeria Willd.,Armeria,332R,1,Catalogue of Life,
32,Asio.,Asio,1063,1068,2.78,1,NO_ANNOT,,,Exact,0,"Asio Brisson, 1760",Asio,33VY,1,Catalogue of Life,
33,Asphalius,Asphalius,1081,1090,4.98,1,NO_ANNOT,,,Exact,0,"Asphalius Roux, 1831",Asphalius,urn:lsid:irmng.org:taxname:1444332,181,IRMNG,
34,Astacobdella,Astacobdella,1095,1107,6.73,1,NO_ANNOT,,,Exact,0,"Astacobdella Vallot, 1841",Astacobdella,87DHH,1,Catalogue of Life,
35,Astacus,Astacus,1112,1119,5.75,1,NO_ANNOT,,,Exact,0,"Astacus Fabricius, 1775",Astacus,7NPWV,1,Catalogue of Life,
36,Astata,Astata,1124,1130,4.02,1,NO_ANNOT,,,Exact,0,"Astata Latreille, 1797",Astata,349K,1,Catalogue of Life,
37,Astatus,Astatus,1138,1145,5.03,1,NO_ANNOT,,,Exact,0,"Astatus Latreille, 1796",Astatus,349W,1,Catalogue of Life,
38,Asterina,Asterina,1157,1165,3.96,1,NO_ANNOT,,,Exact,0,"Asterina Nardo, 1834",Asterina,7NPXC,1,Catalogue of Life,
39,Asterinula,Asterinula,1174,1184,5.17,1,NO_ANNOT,,,Exact,0,"Asterinula J.B. Ellis & Everhart, 1889",Asterinula,urn:lsid:irmng.org:taxname:1088222,181,IRMNG,
40,Asteroma,Asteroma,1189,1197,4.94,1,NO_ANNOT,,,Exact,0,Asteroma,Asteroma,34D5,1,Catalogue of Life,
41,Asterostroma,Asterostroma,1202,1214,5.63,1,NO_ANNOT,,,Exact,0,Asterostroma,Asterostroma,62DPS,1,Catalogue of Life,
42,Athanas,Athanas,1219,1226,3.89,1,NO_ANNOT,,,Exact,0,"Athanas Leach, 1814",Athanas,84LMQ,1,Catalogue of Life,
43,Atya,Atya,1231,1235,2.78,1,NO_ANNOT,,,Exact,0,"Atya Leach, 1816",Atya,urn:lsid:marinespecies.org:taxname:240671,9,WoRMS,
44,Atys,Atys,1264,1268,3.08,1,NO_ANNOT,,,Exact,0,"Atys Montfort, 1810",Atys,7NQ4T,1,Catalogue of Life,
45,Aulopyge,Aulopyge,1289,1297,3.41,1,NO_ANNOT,,,Exact,0,Aulopyge,Aulopyge,35SW,1,Catalogue of Life,
46,Avellana,Avellana,1314,1322,3.59,1,NO_ANNOT,,,Exact,0,"Avellana d'Orbigny, 1842",Avellana,7NZ7L,1,Catalogue of Life,
47,Aythya,Aythya,1338,1344,3.75,1,NO_ANNOT,,,Exact,0,"Aythya F. Boie, 1822",Aythya,36VQ,1,Catalogue of Life,
48,Baculites,Baculites,1378,1387,3.38,1,NO_ANNOT,,,Exact,0,Baculites,Baculites,376L,1,Catalogue of Life,
49,Badhamia,Badhamia,1392,1400,4.61,1,NO_ANNOT,,,Exact,0,Badhamia,Badhamia,377B,1,Catalogue of Life,
50,Bartsia,Bartsia,1405,1412,3.64,1,NO_ANNOT,,,Exact,0,Bartsia L.,Bartsia,389H,1,Catalogue of Life,
51,Bascanium,Bascanium,1417,1426,5.28,1,NO_ANNOT,,,Exact,0,"Bascanium Cope, 1862",Bascanium,urn:lsid:irmng.org:taxname:1240076,181,IRMNG,
52,Bassaris,Bassaris,1435,1443,4.89,1,NO_ANNOT,,,Exact,0,Bassaris,Bassaris,38FV,1,Catalogue of Life,
53,Bassariscus,Bassariscus,1449,1460,6.46,1,NO_ANNOT,,,Exact,0,"Bassariscus Coues, 1887",Bassariscus,38FW,1,Catalogue of Life,
54,Batrachia.,Batrachia,1476,1486,4.42,1,NO_ANNOT,,,Exact,0,Conophytum sect. Batrachia Opel & S.A.Hammer,Batrachia,1008552-1,167,IPNI,
55,Betula,Betula,1528,1534,4.29,1,NO_ANNOT,,,Exact,0,Betula,Betula,62GLV,1,Catalogue of Life,
56,Bonasa,Bonasa,1574,1580,4.05,1,NO_ANNOT,,,Exact,0,"Bonasa Stephens, 1819",Bonasa,3BCY,1,Catalogue of Life,
57,Botaurus,Botaurus,1600,1608,5.26,1,NO_ANNOT,,,Exact,0,"Botaurus Stephens, 1819",Botaurus,3BT5,1,Catalogue of Life,
58,Botryodiplodia,Botryodiplodia,1650,1664,4.93,1,NO_ANNOT,,,Exact,0,Botryodiplodia,Botryodiplodia,3BXS,1,Catalogue of Life,
59,Botrytis,Botrytis,1665,1673,5.64,1,NO_ANNOT,,,Exact,0,Botrytis,Botrytis,3BYT,1,Catalogue of Life,
60,Brachyramphus,Brachyramphus,1674,1687,5.44,1,NO_ANNOT,,,Exact,0,"Brachyramphus Brandt, 1837",Brachyramphus,3CJM,1,Catalogue of Life,
61,Branchiobdella,Branchiobdella,1699,1713,7.04,1,NO_ANNOT,,,Exact,0,"Branchiobdella Odier, 1823",Branchiobdella,87DQS,1,Catalogue of Life,
62,421Branta,Branta,1714,1723,2.91,1,NO_ANNOT,,,Exact,0,"Branta Scopoli, 1769",Branta,62H39,1,Catalogue of Life,
63,Brasenia,Brasenia,1730,1738,3.87,1,NO_ANNOT,,,Exact,0,Brasenia Schreb.,Brasenia,62H2Z,1,Catalogue of Life,
64,188Braya,Braya,1739,1747,3.00,1,NO_ANNOT,,,Exact,0,"Braya Nolan & Cribb, 2006",Braya,7NDZT,1,Catalogue of Life,
65,Brunella,Brunella,1748,1756,6.03,1,NO_ANNOT,,,Exact,0,"Brunella Forel, 1917",Brunella,urn:lsid:irmng.org:taxname:1315961,181,IRMNG,
66,Bryum,Bryum,1771,1776,4.30,1,NO_ANNOT,,,Exact,0,Bryum,Bryum,62GT7,1,Catalogue of Life,
67,Buellia,Buellia,1791,1798,4.14,1,NO_ANNOT,,,Exact,0,Buellia,Buellia,62GTM,1,Catalogue of Life,
68,Bufo,Bufo,1799,1803,2.48,1,NO_ANNOT,,,Exact,0,"Bufo Garsault, 1764",Bufo,62GTW,1,Catalogue of Life,
69,Buteo,Buteo,1812,1817,3.13,1,NO_ANNOT,,,Exact,0,"Buteo Lacepede, 1799",Buteo,62HVC,1,Catalogue of Life,
70,Calliste,Calliste,1850,1858,3.51,1,NO_ANNOT,,,Exact,0,"Calliste Lepeletier & Serville, 1825",Calliste,urn:lsid:irmng.org:taxname:1366825,181,IRMNG,
71,Cambarus,Cambarus,1877,1885,5.26,1,NO_ANNOT,,,Exact,0,"Cambarus Erichson, 1846",Cambarus,7NRQP,1,Catalogue of Life,
72,Camptonectes.,Camptonectes,1896,1909,3.91,1,NO_ANNOT,,,Exact,0,"Camptonectes Agassiz, 1864",Camptonectes,7NZTM,1,Catalogue of Life,
73,Carassius,Carassius,1934,1943,4.98,1,NO_ANNOT,,,Exact,0,Carassius,Carassius,62KFJ,1,Catalogue of Life,
74,Cardium,Cardium,1958,1965,4.86,1,NO_ANNOT,,,Exact,0,"Cardium Linnaeus, 1758",Cardium,7NRX7,1,Catalogue of Life,
75,Carphophiops,Carphophiops,1983,1995,4.93,1,NO_ANNOT,,,Exact,0,"Carphophiops Gervais in d'Orbigny, 1840",Carphophiops,urn:lsid:irmng.org:taxname:1040063,181,IRMNG,
76,Carya,Carya,2011,2016,3.83,1,NO_ANNOT,,,Exact,0,Carya Nutt.,Carya,3HXZ,1,Catalogue of Life,
77,Cathartes,Cathartes,2027,2036,3.38,1,NO_ANNOT,,,Exact,0,"Cathartes Illiger, 1811",Cathartes,3JFX,1,Catalogue of Life,
78,Cenangium,Cenangium,2061,2070,5.28,1,NO_ANNOT,,,Exact,0,Cenangium,Cenangium,3K4C,1,Catalogue of Life,
79,Cerastium,Cerastium,2125,2134,5.28,1,NO_ANNOT,,,Exact,0,Cerastium L.,Cerastium,3KNW,1,Catalogue of Life,
80,Cerebella,Cerebella,2151,2160,6.20,1,NO_ANNOT,,,Exact,0,Cerebella,Cerebella,3L3F,1,Catalogue of Life,
81,Cetraria,Cetraria,2400,2408,4.68,1,NO_ANNOT,,,Exact,0,Cetraria,Cetraria,3LD6,1,Catalogue of Life,
82,Ceryle,Ceryle,2413,2419,3.97,1,NO_ANNOT,,,Exact,0,"Ceryle Boie, 1828",Ceryle,62JZB,1,Catalogue of Life,
83,Chaerodes,Chaerodes,2426,2435,4.93,1,NO_ANNOT,,,Exact,0,"Chaerodes White, 1846",Chaerodes,urn:lsid:irmng.org:taxname:1400093,181,IRMNG,
84,Chaetodipus,Chaetodipus,2440,2451,6.19,1,NO_ANNOT,,,Exact,0,"Chaetodipus Merriam, 1889",Chaetodipus,3LLS,1,Catalogue of Life,
85,Chaetura,Chaetura,2474,2482,5.31,1,NO_ANNOT,,,Exact,0,"Chaetura Stephens, 1826",Chaetura,3LT2,1,Catalogue of Life,
86,Charitonetta,Charitonetta,2510,2522,5.38,1,NO_ANNOT,,,Exact,0,"Charitonetta Stejneger, 1885",Charitonetta,urn:lsid:irmng.org:taxname:1339467,181,IRMNG,
87,Cheiranthus,Cheiranthus,2529,2540,5.11,1,NO_ANNOT,,,Exact,0,Cheiranthus L.,Cheiranthus,64804-3,167,IPNI,
88,Chelydra,Chelydra,2581,2589,4.93,1,NO_ANNOT,,,Exact,0,Chelydra,Chelydra,3MQM,1,Catalogue of Life,
89,Chlorida,Chlorida,2594,2602,3.81,1,NO_ANNOT,,,Exact,0,Chlorida,Chlorida,3NL2,1,Catalogue of Life,
90,Chloridella,Chloridella,2607,2618,6.49,1,NO_ANNOT,,,Exact,0,"Chloridella Pascher, 1932",Chloridella,7NZ8M,1,Catalogue of Life,
91,Choeropsis,Choeropsis,2644,2654,5.11,1,NO_ANNOT,,,Exact,0,"Choeropsis Leidy, 1853",Choeropsis,3NVG,1,Catalogue of Life,
92,Chondrioderma,Chondrioderma,2679,2692,5.62,1,NO_ANNOT,,,Exact,0,Chondrioderma Rostaf. 1873,Chondrioderma,12035,5,Index Fungorum,
93,Chordeiles,Chordeiles,2705,2715,3.50,1,NO_ANNOT,,,Exact,0,"Chordeiles Swainson, 1832",Chordeiles,3P3H,1,Catalogue of Life,
94,Chorophilus,Chorophilus,2722,2733,6.21,1,NO_ANNOT,,,Exact,0,"Chorophilus Baird, 1854",Chorophilus,3P6Q,1,Catalogue of Life,
95,Cinclus,Cinclus,2738,2745,5.50,1,NO_ANNOT,,,Exact,0,"Cinclus Borkhausen, 1797",Cinclus,3PYJ,1,Catalogue of Life,
96,Cinosternum,Cinosternum,2752,2763,5.25,1,NO_ANNOT,,,Exact,0,"Cinosternum Agassiz, 1846",Cinosternum,urn:lsid:marinespecies.org:taxname:1476237,9,WoRMS,
97,Cistudo,Cistudo,2803,2810,3.57,1,NO_ANNOT,,,Exact,0,"Cistudo Say, 1825",Cistudo,urn:lsid:irmng.org:taxname:1267020,181,IRMNG,
98,Cladosporium,Cladosporium,2840,2852,5.81,1,NO_ANNOT,,,Exact,0,Cladosporium,Cladosporium,3QF6,1,Catalogue of Life,
99,Clangula,Clangula,2856,2864,4.84,1,NO_ANNOT,,,Exact,0,"Clangula Leach, 1819",Clangula,3QG6,1,Catalogue of Life,
100,Cliola,Cliola,2912,2918,4.97,1,NO_ANNOT,,,Exact,0,"Cliola Girard, 1856",Cliola,urn:lsid:irmng.org:taxname:1062223,181,IRMNG,
101,Clivicola,Clivicola,2922,2931,5.68,1,NO_ANNOT,,,Exact,0,"Clivicola Forster, 1817",Clivicola,urn:lsid:irmng.org:taxname:1193165,181,IRMNG,
102,Cnemidophorus,Cnemidophorus,2961,2974,6.05,1,NO_ANNOT,,,Exact,0,"Cnemidophorus Zeller, 1867",Cnemidophorus,62KY8,1,Catalogue of Life,
103,Cochlearia,Cochlearia,3011,3021,5.02,1,NO_ANNOT,,,Exact,0,Cochlearia,Cochlearia,3RNS,1,Catalogue of Life,
104,Colaptes,Colaptes,3026,3034,3.21,1,NO_ANNOT,,,Exact,0,"Colaptes Vigors, 1825",Colaptes,62MT5,1,Catalogue of Life,
105,Collema,Collema,3047,3054,5.34,1,NO_ANNOT,,,Exact,0,Collema W.Anderson ex R.Br.,Collema,5T82D,1,Catalogue of Life,
106,Coluber,Coluber,3059,3066,2.09,1,NO_ANNOT,,,Exact,0,"Coluber Linnaeus, 1758",Coluber,87F4V,1,Catalogue of Life,
107,Comarum,Comarum,3108,3115,5.00,1,NO_ANNOT,,,Exact,0,Comarum L.,Comarum,3SQP,1,Catalogue of Life,
108,Comatricha,Comatricha,3122,3132,4.88,1,NO_ANNOT,,,Exact,0,Comatricha,Comatricha,3SR6,1,Catalogue of Life,
109,Conchodytes,Conchodytes,3155,3166,3.67,1,NO_ANNOT,,,Exact,0,"Conchodytes Peters, 1852",Conchodytes,urn:lsid:irmng.org:taxname:1043468,181,IRMNG,
110,Contopus,Contopus,3199,3207,5.73,1,NO_ANNOT,,,Exact,0,"Contopus Cabanis, 1855",Contopus,3TJF,1,Catalogue of Life,
111,Cornus,Cornus,3211,3217,5.05,1,NO_ANNOT,,,Exact,0,Cornus,Cornus,62MBV,1,Catalogue of Life,
112,Coryneum,Coryneum,3247,3255,3.73,1,NO_ANNOT,,,Exact,0,Coryneum,Coryneum,62NW3,1,Catalogue of Life,
113,Crangon,Crangon,3272,3279,3.50,1,NO_ANNOT,,,Exact,0,"Crangon Fabricius, 1798",Crangon,urn:lsid:irmng.org:taxname:1065574,181,IRMNG,
114,Crangonidae,Crangonidae,3283,3294,4.57,1,NO_ANNOT,,,Exact,0,"Crangonidae Haworth, 1825",Crangonidae,14434,2,Wikispecies,
115,Cricetodipus.,Cricetodipus,3400,3413,6.42,1,NO_ANNOT,,,Exact,0,"Cricetodipus Peale, 1848",Cricetodipus,3VTT,1,Catalogue of Life,
116,Crotalus,Crotalus,3436,3444,5.75,1,NO_ANNOT,,,Exact,0,"Crotalus Dugés, 1877 (Fide Mcdiarmid et al. 1999: 291)",Crotalus,87F9W,1,Catalogue of Life,
117,Crotaphytus,Crotaphytus,3458,3469,5.74,1,NO_ANNOT,,,Exact,0,"Crotaphytus Baird & Girard, 1852",Crotaphytus,87F9X,1,Catalogue of Life,
118,Crymophilus.,Crymophilus,3474,3486,6.21,1,NO_ANNOT,,,Exact,0,"Crymophilus Vieillot, 1816",Crymophilus,urn:lsid:irmng.org:taxname:1374659,181,IRMNG,
119,Cryptobranchus,Cryptobranchus,3494,3508,5.66,1,NO_ANNOT,,,Exact,0,"Cryptobranchus Leuckart, 1821",Cryptobranchus,3WGT,1,Catalogue of Life,
120,Cryptophthalmus,Cryptophthalmus,3513,3528,6.13,1,NO_ANNOT,,,Exact,0,"Cryptophthalmus Rafinesque, 1814",Cryptophthalmus,urn:lsid:irmng.org:taxname:1263740,181,IRMNG,
121,Cylindrosporium,Cylindrosporium,3569,3584,6.08,1,NO_ANNOT,,,Exact,0,Cylindrosporium,Cylindrosporium,3YBZ,1,Catalogue of Life,
122,Cyphella,Cyphella,3598,3606,6.03,1,NO_ANNOT,,,Exact,0,Cyphella,Cyphella,3YMQ,1,Catalogue of Life,
123,Dendragapus,Dendragapus,3676,3687,6.19,1,NO_ANNOT,,,Exact,0,"Dendragapus Elliot, 1864",Dendragapus,42WZ,1,Catalogue of Life,
124,Dendroica,Dendroica,3702,3711,3.49,1,NO_ANNOT,,,Exact,0,"Dendroica G. R. Gray, 1842",Dendroica,4324,1,Catalogue of Life,
125,Dermatea,Dermatea,3754,3762,4.96,1,NO_ANNOT,,,Exact,0,Dermatea,Dermatea,62PLW,1,Catalogue of Life,
126,Dermatella,Dermatella,3771,3781,6.37,1,NO_ANNOT,,,Exact,0,Dermatella,Dermatella,62PM8,1,Catalogue of Life,
127,Desmognathus,Desmognathus,3786,3798,5.35,1,NO_ANNOT,,,Exact,0,"Desmognathus Baird, 1850",Desmognathus,43NW,1,Catalogue of Life,
128,Diachea,Diachea,3803,3810,4.65,1,NO_ANNOT,,,Exact,0,Diachea,Diachea,43ZJ,1,Catalogue of Life,
129,Diapensia,Diapensia,3833,3842,4.06,1,NO_ANNOT,,,Exact,0,Diapensia L.,Diapensia,4488,1,Catalogue of Life,
130,Diaporthe,Diaporthe,3847,3856,4.71,1,NO_ANNOT,,,Exact,0,Diaporthe,Diaporthe,62PCP,1,Catalogue of Life,
131,Diatrypella,Diatrypella,3877,3888,6.49,1,NO_ANNOT,,,Exact,0,"Diatrypella Vinassa de Regny, 1911",Diatrypella,84PLG,1,Catalogue of Life,
132,Dibelodon,Dibelodon,3897,3906,4.18,1,NO_ANNOT,,,Exact,0,"Dibelodon Cope, 1885",Dibelodon,urn:lsid:irmng.org:taxname:1426455,181,IRMNG,
133,Dicoccum,Dicoccum,3919,3927,5.53,1,NO_ANNOT,,,Exact,0,Dicoccum,Dicoccum,44RF,1,Catalogue of Life,
134,Dicranoweisia,Dicranoweisia,3932,3945,4.67,1,NO_ANNOT,,,Exact,0,Dicranoweisia,Dicranoweisia,62RBK,1,Catalogue of Life,
135,Didymosphaeria,Didymosphaeria,3950,3964,5.69,1,NO_ANNOT,,,Exact,0,Didymosphaeria,Didymosphaeria,633BL,1,Catalogue of Life,
136,Diemyctylus,Diemyctylus,3969,3980,6.21,1,NO_ANNOT,,,Exact,0,"Diemyctylus Rafinesque, 1820",Diemyctylus,45B4,1,Catalogue of Life,
137,Dienecia,Dienecia,3989,3997,5.54,1,NO_ANNOT,,,Exact,0,"Dienecia Westwood, 1835",Dienecia,urn:lsid:irmng.org:taxname:1067389,181,IRMNG,
138,Dimerosporium,Dimerosporium,4045,4058,5.90,1,NO_ANNOT,,,Exact,0,Dimerosporium,Dimerosporium,45KP,1,Catalogue of Life,
139,Dinotherium,Dinotherium,4067,4078,5.57,1,NO_ANNOT,,,Exact,0,"Dinotherium Kaup & Scholl, 1832",Dinotherium,urn:lsid:irmng.org:taxname:1200094,181,IRMNG,
140,Dipodomys,Dipodomys,4083,4092,5.24,1,NO_ANNOT,,,Exact,0,"Dipodomys Gray, 1841",Dipodomys,46G4,1,Catalogue of Life,
141,Diploplectron.,Diploplectron,4114,4128,5.09,1,NO_ANNOT,,,Exact,0,"Diploplectron W. Fox, 1893",Diploplectron,46C8,1,Catalogue of Life,
142,Dipsas,Dipsas,4139,4145,1.70,1,NO_ANNOT,,,Exact,0,"Dipsas Peters, 1867",Dipsas,87FMT,1,Catalogue of Life,
143,Dirca,Dirca,4156,4161,3.73,1,NO_ANNOT,,,Exact,0,Dirca L.,Dirca,46K8,1,Catalogue of Life,
144,Ditrema,Ditrema,4189,4196,5.34,1,NO_ANNOT,,,Exact,0,Ditrema,Ditrema,474X,1,Catalogue of Life,
145,Docoglossa,Docoglossa,4197,4207,3.29,1,NO_ANNOT,,,Exact,0,"Docoglossa Troschel, 1866",Docoglossa,urn:lsid:marinespecies.org:taxname:156480,9,WoRMS,
146,Dothiorella,Dothiorella,4216,4227,6.49,1,NO_ANNOT,,,Exact,0,Dothiorella,Dothiorella,4822,1,Catalogue of Life,
147,Dromatherium,Dromatherium,4245,4257,5.81,1,NO_ANNOT,,,Exact,0,"Dromatherium Emmons, 1857",Dromatherium,urn:lsid:irmng.org:taxname:1245396,181,IRMNG,
148,Dryobates,Dryobates,4273,4282,3.38,1,NO_ANNOT,,,Exact,0,"Dryobates F. Boie, 1826",Dryobates,7NXMX,1,Catalogue of Life,
149,Echinodermata,Echinodermata,4298,4311,5.35,1,NO_ANNOT,,,Exact,0,Echinodermata,Echinodermata,CHN,1,Catalogue of Life,
150,Edestosaurus,Edestosaurus,4320,4332,5.96,1,NO_ANNOT,,,Exact,0,"Edestosaurus Marsh, 1871",Edestosaurus,urn:lsid:irmng.org:taxname:1149212,181,IRMNG,
151,Egeon,Egeon,4333,4338,3.13,1,NO_ANNOT,,,Exact,0,"Egeon de Montfort, 1808",Egeon,urn:lsid:irmng.org:taxname:1158330,181,IRMNG,
152,Elymus,Elymus,4414,4420,4.61,1,NO_ANNOT,,,Exact,0,Elymus,Elymus,4B3K,1,Catalogue of Life,
153,Empidonax,Empidonax,4430,4439,4.89,1,NO_ANNOT,,,Exact,0,"Empidonax Cabanis, 1855",Empidonax,4BC4,1,Catalogue of Life,
154,Endoptygma,Endoptygma,4446,4456,5.23,1,NO_ANNOT,,,Exact,0,"Endoptygma Gabb, 1877",Endoptygma,urn:lsid:irmng.org:taxname:1021365,181,IRMNG,
155,Endoxyla,Endoxyla,4457,4465,4.85,1,NO_ANNOT,,,Exact,0,Endoxyla,Endoxyla,4BQT,1,Catalogue of Life,
156,Ereunetes,Ereunetes,4500,4509,3.38,1,NO_ANNOT,,,Exact,0,"Ereunetes Illiger, 1811",Ereunetes,urn:lsid:marinespecies.org:taxname:1453494,9,WoRMS,
157,Eriophorum,Eriophorum,4533,4543,5.59,1,NO_ANNOT,,,Exact,0,Eriophorum,Eriophorum,633NH,1,Catalogue of Life,
158,Erismatura,Erismatura,4544,4554,5.65,1,NO_ANNOT,,,Exact,0,"Erismatura Bonaparte, 1831",Erismatura,urn:lsid:irmng.org:taxname:1125821,181,IRMNG,
159,Esox,Esox,4555,4559,2.08,1,NO_ANNOT,,,Exact,0,Esox,Esox,62RD5,1,Catalogue of Life,
160,Euporthe,Euporthe,4597,4605,2.93,1,NO_ANNOT,,,Exact,0,Diaporthe subgen. Euporthe Nitschke 1870,Euporthe,562374,5,Index Fungorum,
161,Eutaenia,Eutaenia,4606,4614,3.87,1,NO_ANNOT,,,Exact,0,Eutaenia,Eutaenia,4H9L,1,Catalogue of Life,
162,Excipula,Excipula,4649,4657,4.84,1,NO_ANNOT,,,Exact,0,Excipula,Excipula,4HSC,1,Catalogue of Life,
163,Excipulina,Excipulina,4658,4668,4.30,1,NO_ANNOT,,,Exact,0,Excipulina,Excipulina,4HSG,1,Catalogue of Life,
164,Exogyra,Exogyra,4669,4676,4.52,1,NO_ANNOT,,,Exact,0,"Exogyra Say, 1820",Exogyra,8FYRG,1,Catalogue of Life,
165,Falco,Falco,4677,4682,3.43,1,NO_ANNOT,,,Exact,0,"Falco Linnaeus, 1758",Falco,62SZ6,1,Catalogue of Life,
166,Festuca,Festuca,4703,4710,4.84,1,NO_ANNOT,,,Exact,0,Festuca,Festuca,4JWK,1,Catalogue of Life,
167,Fissurella,Fissurella,4721,4731,6.37,1,NO_ANNOT,,,Exact,0,"Fissurella Bruguière, 1789",Fissurella,87G3T,1,Catalogue of Life,
168,Fulica,Fulica,4741,4747,2.78,1,NO_ANNOT,,,Exact,0,"Fulica Linnaeus, 1758",Fulica,4LC2,1,Catalogue of Life,
169,Funaria,Funaria,4751,4758,4.43,1,NO_ANNOT,,,Exact,0,"Funaria van der Linde, 1938",Funaria,87G4G,1,Catalogue of Life,
170,Fusarium,Fusarium,4759,4767,5.11,1,NO_ANNOT,,,Exact,0,Fusarium,Fusarium,4LHD,1,Catalogue of Life,
171,Galeoscoptes,Galeoscoptes,4793,4805,3.91,1,NO_ANNOT,,,Exact,0,"Galeoscoptes Cabanis, 1851",Galeoscoptes,urn:lsid:irmng.org:taxname:1237254,181,IRMNG,
172,Gallinago,Gallinago,4809,4818,3.27,1,NO_ANNOT,,,Exact,0,"Gallinago Brisson, 1760",Gallinago,4LXT,1,Catalogue of Life,
173,Geothlypis,Geothlypis,4819,4829,5.86,1,NO_ANNOT,,,Exact,0,"Geothlypis Cabanis, 1847",Geothlypis,4N32,1,Catalogue of Life,
174,Glaucionetta,Glaucionetta,4852,4864,5.38,1,NO_ANNOT,,,Exact,0,"Glaucionetta Stejneger, 1885",Glaucionetta,4NTT,1,Catalogue of Life,
175,Glyceria,Glyceria,4904,4912,4.68,1,NO_ANNOT,,,Exact,0,Glyceria Nutt.,Glyceria,7MZ6D,1,Catalogue of Life,
176,Gnathophyllidae,Gnathophyllidae,4913,4928,5.09,1,NO_ANNOT,,,Exact,0,"Gnathophyllidae Dana, 1852",Gnathophyllidae,96590,3,ITIS,
177,Gonodactylus,Gonodactylus,4933,4945,6.45,1,NO_ANNOT,,,Exact,0,Gonodactylus,Gonodactylus,4Q8P,1,Catalogue of Life,
178,Grimmia,Grimmia,4965,4972,4.36,1,NO_ANNOT,,,Exact,0,Grimmia,Grimmia,4R52,1,Catalogue of Life,
179,Habia,Habia,5006,5011,3.01,1,NO_ANNOT,,,Exact,0,"Habia Blyth, 1840",Habia,4S85,1,Catalogue of Life,
180,Haematopus,Haematopus,5014,5024,6.06,1,NO_ANNOT,,,Exact,0,"Haematopus Linnaeus, 1758",Haematopus,4SGR,1,Catalogue of Life,
181,Hainesia,Hainesia,5028,5036,3.89,1,NO_ANNOT,,,Exact,0,"Hainesia L. Pfeiffer, 1856",Hainesia,7P4PT,1,Catalogue of Life,
182,Haliaeetus,Haliaeetus,5037,5047,5.62,1,NO_ANNOT,,,Exact,0,"Haliaeetus Savigny, 1809",Haliaeetus,4SPP,1,Catalogue of Life,
183,Harknessia,Harknessia,5065,5075,4.23,1,NO_ANNOT,,,Exact,0,Harknessia,Harknessia,4TPX,1,Catalogue of Life,
184,Helicops,Helicops,5311,5319,4.23,1,NO_ANNOT,,,Exact,0,"Helicops Duméril, Bibron & Duméril, 1854",Helicops,87GCZ,1,Catalogue of Life,
185,Heliopsis,Heliopsis,5320,5329,4.94,1,NO_ANNOT,,,Exact,0,Heliopsis Pers.,Heliopsis,635P7,1,Catalogue of Life,
186,Helotium,Helotium,5367,5375,5.11,1,NO_ANNOT,,,Exact,0,Helotium,Helotium,637FX,1,Catalogue of Life,
187,Hemiaster,Hemiaster,5376,5385,3.53,1,NO_ANNOT,,,Exact,0,"Hemiaster Desor in Agassiz & Desor, 1847",Hemiaster,7P5LP,1,Catalogue of Life,
188,Hepialus,Hepialus,5402,5410,5.75,1,NO_ANNOT,,,Exact,0,Hepialus,Hepialus,4VNM,1,Catalogue of Life,
189,Herpetodryas,Herpetodryas,5415,5427,4.61,1,NO_ANNOT,,,Exact,0,"Herpetodryas Duméril, Bibron & Duméril, 1854",Herpetodryas,8FYVF,1,Catalogue of Life,
190,Herpotrichia,Herpotrichia,5428,5440,4.94,1,NO_ANNOT,,,Exact,0,Herpotrichia,Herpotrichia,4VXZ,1,Catalogue of Life,
191,Hesperocichla,Hesperocichla,5441,5454,4.90,1,NO_ANNOT,,,NoMatch,,,,,,,,
192,Heterodon,Heterodon,5469,5478,4.18,1,NO_ANNOT,,,Exact,0,"Heterodon Bibron In Duméril, Bibron & Duméril, 1854",Heterodon,87GFK,1,Catalogue of Life,
193,Hierochloe,Hierochloe,5492,5502,5.00,1,NO_ANNOT,,,Exact,0,"Hierochloe R.Br., Prodr. Fl. Nov. Holl.",Hierochloe,188791,2,Wikispecies,
194,Hippolysmata,Hippolysmata,5503,5515,5.26,1,NO_ANNOT,,,Exact,0,Hippolysmata,Hippolysmata,84P55,1,Catalogue of Life,
195,Hippolytidae,Hippolytidae,5516,5528,4.81,1,NO_ANNOT,,,Exact,0,"Hippolytidae Dana, 1852",Hippolytidae,84K9C,1,Catalogue of Life,
196,Hippolyte,Hippolyte,5529,5538,3.98,1,NO_ANNOT,,,Exact,0,"Hippolyte Leach, 1814",Hippolyte,84P56,1,Catalogue of Life,
197,Histrionicus,Histrionicus,5558,5570,6.69,1,NO_ANNOT,,,Exact,0,"Histrionicus Lesson, 1828",Histrionicus,4XNN,1,Catalogue of Life,
198,Holbrookia,Holbrookia,5574,5584,5.41,1,NO_ANNOT,,,Exact,0,Holbrookia,Holbrookia,6377Q,1,Catalogue of Life,
199,Homarus,Homarus,5585,5592,5.01,1,NO_ANNOT,,,Exact,0,"Homarus Weber, 1795",Homarus,7P67W,1,Catalogue of Life,
200,Hyalinia,Hyalinia,5593,5601,3.87,1,NO_ANNOT,,,Exact,0,Hyalinia,Hyalinia,4ZDF,1,Catalogue of Life,
201,Hymenocera,Hymenocera,5623,5633,5.31,1,NO_ANNOT,,,Exact,0,"Hymenocera Latreille, 1819",Hymenocera,659793,3,ITIS,
202,Hymenoceridae,Hymenoceridae,5634,5647,4.90,1,NO_ANNOT,,,Exact,0,"Hymenoceridae Ortmann, 1890",Hymenoceridae,621472,3,ITIS,
203,Hymenomycetes,Hymenomycetes,5648,5661,2.38,1,NO_ANNOT,,,Exact,0,"Hymenomycetes Fr., 1821",Hymenomycetes,urn:lsid:marinespecies.org:taxname:147621,9,WoRMS,
204,Hypoxylon,Hypoxylon,5738,5747,4.26,1,NO_ANNOT,,,Exact,0,Hypoxylon,Hypoxylon,52YD,1,Catalogue of Life,
205,Ichthyosaurus,Ichthyosaurus,5758,5771,6.05,1,NO_ANNOT,,,Exact,0,"Ichthyosaurus König, 1818",Ichthyosaurus,urn:lsid:irmng.org:taxname:1197374,181,IRMNG,
206,Karschia,Karschia,5843,5851,4.25,1,NO_ANNOT,,,Exact,0,"Karschia Walter, 1889",Karschia,57LC,1,Catalogue of Life,
207,Kobesia,Kobesia,5852,5859,3.64,1,NO_ANNOT,,,Exact,0,"Kobesia Roesler, 1983",Kobesia,urn:lsid:irmng.org:taxname:1319223,181,IRMNG,
208,Lachnea,Lachnea,5860,5867,4.77,1,NO_ANNOT,,,Exact,0,Lachnea,Lachnea,59TL,1,Catalogue of Life,
209,Lachnobolus,Lachnobolus,5880,5891,6.21,1,NO_ANNOT,,,Exact,0,Lachnobolus Fr. 1825,Lachnobolus,12118,5,Index Fungorum,
210,Lagopus,Lagopus,5892,5899,5.48,1,NO_ANNOT,,,Exact,0,"Lagopus Brisson, 1760",Lagopus,63836,1,Catalogue of Life,
211,Lanius,Lanius,5903,5909,4.27,1,NO_ANNOT,,,Exact,0,"Lanius Linnaeus, 1758",Lanius,62XLP,1,Catalogue of Life,
212,480Larus,Larus,5924,5932,4.57,1,NO_ANNOT,,,Exact,0,"Larus Linnaeus, 1758",Larus,62XFH,1,Catalogue of Life,
213,Lecanora,Lecanora,5965,5973,5.89,1,NO_ANNOT,,,Exact,0,Lecanora,Lecanora,5BNR,1,Catalogue of Life,
214,Ledum,Ledum,5982,5987,3.83,1,NO_ANNOT,,,Exact,0,Ledum L.,Ledum,5TBTY,1,Catalogue of Life,
215,Leiopistha,Leiopistha,5988,5998,5.21,1,NO_ANNOT,,,Exact,0,"Leiopistha Dalton, 1878",Leiopistha,urn:lsid:irmng.org:taxname:1126575,181,IRMNG,
216,Lepeta,Lepeta,6218,6224,4.48,1,NO_ANNOT,,,Exact,0,"Lepeta Gray, 1842",Lepeta,7P76D,1,Catalogue of Life,
217,Lepetella,Lepetella,6232,6241,6.20,1,NO_ANNOT,,,Exact,0,"Lepetella Verrill, 1880",Lepetella,7P76G,1,Catalogue of Life,
218,Leptophis,Leptophis,6255,6264,3.07,1,NO_ANNOT,,,Exact,0,Leptophis,Leptophis,5D96,1,Catalogue of Life,
219,Lestes,Lestes,6283,6289,2.67,1,NO_ANNOT,,,Exact,0,Lestes,Lestes,62WZW,1,Catalogue of Life,
220,Leuciscus,Leuciscus,6295,6304,6.17,1,NO_ANNOT,,,Exact,0,Leuciscus,Leuciscus,5DRX,1,Catalogue of Life,
221,Limax,Limax,6317,6322,2.73,1,NO_ANNOT,,,Exact,0,"Limax Linnaeus, 1758",Limax,7P7HM,1,Catalogue of Life,
222,389Liris,Liris,6323,6331,4.20,1,NO_ANNOT,,,Exact,0,"Liris Fabricius, 1804",Liris,5FCS,1,Catalogue of Life,
223,Lophius,Lophius,6351,6358,4.56,1,NO_ANNOT,,,Exact,0,Lophius,Lophius,5GHW,1,Catalogue of Life,
224,Lophodytes,Lophodytes,6359,6369,3.55,1,NO_ANNOT,,,Exact,0,"Lophodytes Reichenbach, 1853",Lophodytes,5GL3,1,Catalogue of Life,
225,Lottia,Lottia,6373,6379,4.58,1,NO_ANNOT,,,Exact,0,"Lottia Gray, 1833",Lottia,7P7VX,1,Catalogue of Life,
226,Loxia,Loxia,6380,6385,4.21,1,NO_ANNOT,,,Exact,0,"Loxia Linnaeus, 1758",Loxia,5GX7,1,Catalogue of Life,
227,Lunatia,Lunatia,6389,6396,4.87,1,NO_ANNOT,,,Exact,0,Lunatia,Lunatia,7P7Z6,1,Catalogue of Life,
228,Lunda,Lunda,6397,6402,3.67,1,NO_ANNOT,,,Exact,0,"Lunda Pallas, 1811",Lunda,62Y39,1,Catalogue of Life,
229,Lumbricus l.uzula,Lumbricus l�uzula,6403,6420,8.14,2,NO_ANNOT,,,PartialExact,0,"Lumbricus Linnaeus, 1758",Lumbricus,84PTC,1,Catalogue of Life,
230,Lyroda,Lyroda,6449,6455,4.48,1,NO_ANNOT,,,Exact,0,"Lyroda Say, 1837",Lyroda,5HT8,1,Catalogue of Life,
231,Lysiosquilla,Lysiosquilla,6468,6480,6.73,1,NO_ANNOT,,,Exact,0,Lysiosquilla,Lysiosquilla,5HV5,1,Catalogue of Life,
232,Lysmata,Lysmata,6481,6488,4.32,1,NO_ANNOT,,,Exact,0,"Lysmata Risso, 1816",Lysmata,84PVV,1,Catalogue of Life,
233,Lythrum,Lythrum,6489,6496,5.00,1,NO_ANNOT,,,Exact,0,Lythrum L.,Lythrum,5HWH,1,Catalogue of Life,
234,Macrorhamphus,Macrorhamphus,6497,6510,5.44,1,NO_ANNOT,,,Exact,0,"Macrorhamphus Jakovlev, 1876",Macrorhamphus,urn:lsid:irmng.org:taxname:1336042,181,IRMNG,
235,Macrosporium,Macrosporium,6511,6523,5.81,1,NO_ANNOT,,,Exact,0,Macrosporium,Macrosporium,5JPF,1,Catalogue of Life,
236,Malva,Malva,6524,6529,3.91,1,NO_ANNOT,,,Exact,0,Malva L.,Malva,5KQB,1,Catalogue of Life,
237,Marasmius,Marasmius,6534,6543,4.98,1,NO_ANNOT,,,Exact,0,Marasmius,Marasmius,5L5Z,1,Catalogue of Life,
238,Marsonia,Marsonia,6554,6562,3.87,1,NO_ANNOT,,,Exact,0,Marsonia J.C. Fisch. 1874,Marsonia,566973,5,Index Fungorum,
239,Martesia,Martesia,6563,6571,3.89,1,NO_ANNOT,,,Exact,0,"Martesia G. B. Sowerby I, 1824",Martesia,7P8HP,1,Catalogue of Life,
240,Massariovalsa,Massariovalsa,6576,6589,5.08,1,NO_ANNOT,,,Exact,0,Massariovalsa,Massariovalsa,62ZCZ,1,Catalogue of Life,
241,Matricaria,Matricaria,6603,6613,5.02,1,NO_ANNOT,,,Exact,0,Matricaria L.,Matricaria,5M23,1,Catalogue of Life,
242,Meda,Meda,6614,6618,3.08,1,NO_ANNOT,,,Exact,0,Meda,Meda,5MFV,1,Catalogue of Life,
243,Megalobatrachus,Megalobatrachus,6634,6649,5.63,1,NO_ANNOT,,,Exact,0,"Megalobatrachus Tschudi, 1837",Megalobatrachus,5MRG,1,Catalogue of Life,
244,227Megalosaurus,Megalosaurus,6650,6665,5.96,1,NO_ANNOT,,,Exact,0,"Megalosaurus Buckland, 1824",Megalosaurus,64325,2,Wikispecies,
245,Megascops,Megascops,6666,6675,4.40,1,NO_ANNOT,,,Exact,0,"Megascops Kaup, 1848",Megascops,5N2J,1,Catalogue of Life,
246,Melanerpes,Melanerpes,6685,6695,4.11,1,NO_ANNOT,,,Exact,0,"Melanerpes Swainson, 1832",Melanerpes,5NDF,1,Catalogue of Life,
247,Melanomma,Melanomma,6713,6722,5.41,1,NO_ANNOT,,,Exact,0,Melanomma,Melanomma,84Q6G,1,Catalogue of Life,
248,Melanopsamma,Melanopsamma,6723,6735,5.94,1,NO_ANNOT,,,Exact,0,Melanopsamma,Melanopsamma,5NJ5,1,Catalogue of Life,
249,Melicerta,Melicerta,6740,6749,4.83,1,NO_ANNOT,,,Exact,0,"Melicerta Stephens, 1833",Melicerta,urn:lsid:irmng.org:taxname:1262554,181,IRMNG,
250,Menispora,Menispora,6769,6778,6.06,1,NO_ANNOT,,,Exact,0,Menispora,Menispora,62YV4,1,Catalogue of Life,
251,Menopoma,Menopoma,6779,6787,4.94,1,NO_ANNOT,,,Exact,0,"Menopoma Harlan, 1825",Menopoma,urn:lsid:irmng.org:taxname:1413198,181,IRMNG,
252,Mertensia,Mertensia,6816,6825,4.06,1,NO_ANNOT,,,Exact,0,Mertensia Roth,Mertensia,5PFS,1,Catalogue of Life,
253,Merula,Merula,6830,6836,4.29,1,NO_ANNOT,,,Exact,0,"Merula Möhring, 1758",Merula,urn:lsid:irmng.org:taxname:1366066,181,IRMNG,
254,Minnilus,Minnilus,6862,6870,5.75,1,NO_ANNOT,,,Exact,0,"Minnilus Rafinesque, 1820",Minnilus,urn:lsid:irmng.org:taxname:1292566,181,IRMNG,
255,Mollisia,Mollisia,7116,7124,3.89,1,NO_ANNOT,,,Exact,0,Mollisia,Mollisia,63BJN,1,Catalogue of Life,
256,Molothrus,Molothrus,7129,7138,5.43,1,NO_ANNOT,,,Exact,0,"Molothrus Swainson, 1832",Molothrus,63BL6,1,Catalogue of Life,
257,Monilia,Monilia,7145,7152,4.14,1,NO_ANNOT,,,Exact,0,"Monilia A. Richard in Dumont d'Urville, 1832",Monilia,7P96Q,1,Catalogue of Life,
258,Monotus,Monotus,7157,7164,5.03,1,NO_ANNOT,,,Exact,0,"Monotus Diesing, 1862",Monotus,7PKN8,1,Catalogue of Life,
259,Myadestes,Myadestes,7185,7194,3.38,1,NO_ANNOT,,,Exact,0,"Myadestes Swainson, 1838",Myadestes,5VZ3,1,Catalogue of Life,
260,Myrianida,Myrianida,7201,7210,3.98,1,NO_ANNOT,,,Exact,0,"Myrianida Milne Edwards, 1845",Myrianida,84QNJ,1,Catalogue of Life,
261,Mytilidion,Mytilidion,7214,7224,3.11,1,NO_ANNOT,,,Exact,0,"Mytilidion Saccardo, 1875",Mytilidion,urn:lsid:irmng.org:taxname:1246712,181,IRMNG,
262,Mytilus,Mytilus,7229,7236,5.50,1,NO_ANNOT,,,Exact,0,"Mytilus Linnaeus, 1758",Mytilus,7P9G3,1,Catalogue of Life,
263,Myxosporium,Myxosporium,7240,7251,5.57,1,NO_ANNOT,,,Exact,0,Myxosporium,Myxosporium,63CG2,1,Catalogue of Life,
264,Natica,Natica,7272,7278,2.78,1,NO_ANNOT,,,Exact,0,"Natica Scopoli, 1777",Natica,7P9JY,1,Catalogue of Life,
265,Natrix,Natrix,7283,7289,4.42,1,NO_ANNOT,,,Exact,0,"Natrix Gené, 1839",Natrix,87HRN,1,Catalogue of Life,
266,Nectocrangon,Nectocrangon,7294,7306,4.44,1,NO_ANNOT,,,Exact,0,"Nectocrangon Brandt, 1851",Nectocrangon,urn:lsid:irmng.org:taxname:1162752,181,IRMNG,
267,Nectria,Nectria,7311,7318,4.43,1,NO_ANNOT,,,Exact,0,"Nectria Gray, 1840",Nectria,7PLP4,1,Catalogue of Life,
268,Neithea,Neithea,7327,7334,4.65,1,NO_ANNOT,,,Exact,0,"Neithea Drouët, 1825",Neithea,7P9KW,1,Catalogue of Life,
269,Neotoma,Neotoma,7363,7370,4.69,1,NO_ANNOT,,,Exact,0,"Neotoma Say & Ord, 1825",Neotoma,62WM,1,Catalogue of Life,
270,Nephrodium,Nephrodium,7389,7399,5.45,1,NO_ANNOT,,,Exact,0,Nephrodium Rich.,Nephrodium,7NBB8,1,Catalogue of Life,
271,Nephroma,Nephroma,7404,7412,4.94,1,NO_ANNOT,,,Exact,0,Nephroma,Nephroma,6384,1,Catalogue of Life,
272,Nica,Nica,7417,7421,1.99,1,NO_ANNOT,,,Exact,0,Nica,Nica,63WM,1,Catalogue of Life,
273,Nika,Nika,7426,7430,2.48,1,NO_ANNOT,,,Exact,0,"Nika Risso, 1816",Nika,urn:lsid:irmng.org:taxname:1068800,181,IRMNG,
274,Niptera,Niptera,7447,7454,4.73,1,NO_ANNOT,,,Exact,0,Niptera,Niptera,63F7G,1,Catalogue of Life,
275,Niteliopsis,Niteliopsis,7461,7472,5.23,1,NO_ANNOT,,,Exact,0,"Niteliopsis S. Saunders, 1873",Niteliopsis,64FV,1,Catalogue of Life,
276,Nothosaurus,Nothosaurus,7485,7496,5.72,1,NO_ANNOT,,,Exact,0,"Nothosaurus Münster, 1834",Nothosaurus,1484346,2,Wikispecies,
277,Notogonia.,Notogonia,7500,7510,4.04,1,NO_ANNOT,,,Exact,0,"Notogonia A. Costa, 1867",Notogonia,63GHR,1,Catalogue of Life,
278,Nummularia,Nummularia,7544,7554,5.02,1,NO_ANNOT,,,Exact,0,Nummularia Hill,Nummularia,4MD,1,Catalogue of Life,
279,Nyctala,Nyctala,7559,7566,4.89,1,NO_ANNOT,,,Exact,0,"Nyctala Brehm, 1828",Nyctala,urn:lsid:irmng.org:taxname:1338470,181,IRMNG,
280,Nyssa,Nyssa,7573,7578,3.88,1,NO_ANNOT,,,Exact,0,Nyssa,Nyssa,665H,1,Catalogue of Life,
281,Oidemia,Oidemia,7599,7606,4.36,1,NO_ANNOT,,,Exact,0,"Oidemia Fleming, 1822",Oidemia,urn:lsid:irmng.org:taxname:1397962,181,IRMNG,
282,Olana,Olana,7613,7618,2.90,1,NO_ANNOT,,,Exact,0,"Olana H. Adams & A. Adams, 1854",Olana,60666,2,Wikispecies,
283,Olor,Olor,7623,7627,2.08,1,NO_ANNOT,,,Exact,0,"Olor Wagler, 1832",Olor,63FXB,1,Catalogue of Life,
284,Orbilia,Orbilia,7735,7742,4.14,1,NO_ANNOT,,,Exact,0,Orbilia,Orbilia,69D9,1,Catalogue of Life,
285,Oreortyx,Oreortyx,7747,7755,3.81,1,NO_ANNOT,,,Exact,0,"Oreortyx S. F. Baird, 1858",Oreortyx,69ND,1,Catalogue of Life,
286,Otocoris,Otocoris,7866,7874,4.89,1,NO_ANNOT,,,Exact,0,"Otocoris Bonaparte, 1838",Otocoris,urn:lsid:irmng.org:taxname:1357843,181,IRMNG,
287,Palaemon,Palaemon,7904,7912,4.41,1,NO_ANNOT,,,Exact,0,"Palaemon Weber, 1795",Palaemon,96449,3,ITIS,
288,Palaemonella,Palaemonella,7923,7935,6.73,1,NO_ANNOT,,,Exact,0,"Palaemonella Dana, 1852",Palaemonella,urn:lsid:irmng.org:taxname:1377913,181,IRMNG,
289,Palaemonetes,Palaemonetes,7940,7952,3.91,1,NO_ANNOT,,,Exact,0,"Palaemonetes Heller, 1869",Palaemonetes,urn:lsid:irmng.org:taxname:1107079,181,IRMNG,
290,Palaemonidae,Palaemonidae,7957,7969,4.81,1,NO_ANNOT,,,Exact,0,"Palaemonidae Rafinesque, 1815",Palaemonidae,urn:lsid:marinespecies.org:taxname:106788,9,WoRMS,
291,Pandalidae,Pandalidae,7974,7984,6.06,1,NO_ANNOT,,,Exact,0,"Pandalidae Haworth, 1825",Pandalidae,urn:lsid:marinespecies.org:taxname:106789,9,WoRMS,
292,Pandalus,Pandalus,7989,7997,5.75,1,NO_ANNOT,,,Exact,0,"Pandalus Leach, 1814",Pandalus,233715,2,Wikispecies,
293,Pandion,Pandion,8002,8009,2.52,1,NO_ANNOT,,,Exact,0,"Pandion Savigny, 1809",Pandion,6D6F,1,Catalogue of Life,
294,Panopea,Panopea,8026,8033,3.57,1,NO_ANNOT,,,Exact,0,"Panopea Ménard de la Groye, 1807",Panopea,7PBP4,1,Catalogue of Life,
295,Papaver,Papaver,8038,8045,1.29,1,NO_ANNOT,,,Exact,0,Papaver L.,Papaver,63JGF,1,Catalogue of Life,
296,Parmelia,Parmelia,8070,8078,4.39,1,NO_ANNOT,,,Exact,0,Parmelia,Parmelia,6HXG,1,Catalogue of Life,
297,Parus,Parus,8083,8088,4.57,1,NO_ANNOT,,,Exact,0,"Parus Linnaeus, 1758",Parus,6J9Z,1,Catalogue of Life,
298,Pasiphaea,Pasiphaea,8101,8110,5.69,1,NO_ANNOT,,,Exact,0,"Pasiphaea Savigny, 1816",Pasiphaea,urn:lsid:marinespecies.org:taxname:107052,9,WoRMS,
299,Pasiphaeidae,Pasiphaeidae,8115,8127,4.81,1,NO_ANNOT,,,Exact,0,"Pasiphaeidae Dana, 1852",Pasiphaeidae,14459,2,Wikispecies,
300,Passerella,Passerella,8132,8142,6.37,1,NO_ANNOT,,,Exact,0,"Passerella Swainson, 1837",Passerella,6JG2,1,Catalogue of Life,
301,Passerina,Passerina,8151,8160,4.13,1,NO_ANNOT,,,Exact,0,Passerina L.,Passerina,6JG4,1,Catalogue of Life,
302,Patellidae,Patellidae,8168,8178,4.45,1,NO_ANNOT,,,Exact,0,"Patellidae Rafinesque, 1815",Patellidae,7NKCL,1,Catalogue of Life,
303,Patinella,Patinella,8187,8196,6.20,1,NO_ANNOT,,,Exact,0,"Patinella Gray, 1848",Patinella,84PRH,1,Catalogue of Life,
304,Patula,Patula,8201,8207,4.29,1,NO_ANNOT,,,Exact,0,Patula,Patula,6JLY,1,Catalogue of Life,
305,Pedicularis,Pedicularis,8234,8245,5.35,1,NO_ANNOT,,,Exact,0,Pedicularis L.,Pedicularis,6JYZ,1,Catalogue of Life,
306,Pedinogyra,Pedinogyra,8250,8260,5.11,1,NO_ANNOT,,,Exact,0,"Pedinogyra E. von Martens, 1860",Pedinogyra,7PC5K,1,Catalogue of Life,
307,Pelecanus,Pelecanus,8282,8291,5.76,1,NO_ANNOT,,,Exact,0,"Pelecanus Linnaeus, 1758",Pelecanus,6K7T,1,Catalogue of Life,
308,Peltigera,Peltigera,8295,8304,5.15,1,NO_ANNOT,,,Exact,0,Peltigera,Peltigera,6KFT,1,Catalogue of Life,
309,Pelycosauria,Pelycosauria,8309,8321,3.76,1,NO_ANNOT,,,Exact,0,Pelycosauria,Pelycosauria,7962,2,Wikispecies,
310,Perisoreus,Perisoreus,8351,8361,5.86,1,NO_ANNOT,,,Exact,0,"Perisoreus Bonaparte, 1831",Perisoreus,6LFC,1,Catalogue of Life,
311,Pertusaria,Pertusaria,8406,8416,5.02,1,NO_ANNOT,,,Exact,0,Pertusaria,Pertusaria,6LTN,1,Catalogue of Life,
312,Pestalozzia,Pestalozzia,8421,8432,5.45,1,NO_ANNOT,,,Exact,0,Pestalozzia Zoll. & Moritzi,Pestalozzia,7NCVL,1,Catalogue of Life,
313,Petrochelidon,Petrochelidon,8437,8450,4.80,1,NO_ANNOT,,,Exact,0,"Petrochelidon Cabanis, 1850",Petrochelidon,6M4M,1,Catalogue of Life,
314,Physarum,Physarum,8600,8608,5.25,1,NO_ANNOT,,,Exact,0,Physarum,Physarum,6PWK,1,Catalogue of Life,
315,Piranga,Piranga,8707,8714,4.80,1,NO_ANNOT,,,Exact,0,"Piranga Vieillot, 1808",Piranga,6QSX,1,Catalogue of Life,
316,Pison,Pison,8737,8742,1.11,1,NO_ANNOT,,,Exact,0,"Pison Jurine in Spinola, 1808",Pison,6QWN,1,Catalogue of Life,
317,Pisonopsis,Pisonopsis,8751,8761,5.11,1,NO_ANNOT,,,Exact,0,"Pisonopsis W. Fox, 1893",Pisonopsis,63LVR,1,Catalogue of Life,
318,Pistillaria,Pistillaria,8770,8781,5.14,1,NO_ANNOT,,,Exact,0,Pistillaria,Pistillaria,6QXB,1,Catalogue of Life,
319,Pityophis,Pityophis,8786,8795,3.07,1,NO_ANNOT,,,Exact,0,"Pityophis Hallowell, 1853",Pityophis,urn:lsid:irmng.org:taxname:1395758,181,IRMNG,
320,Placodium,Placodium,8808,8817,5.28,1,NO_ANNOT,,,Exact,0,Placodium,Placodium,63M87,1,Catalogue of Life,
321,Planogyra,Planogyra,8822,8831,4.94,1,NO_ANNOT,,,Exact,0,"Planogyra Morse, 1864",Planogyra,7PCRK,1,Catalogue of Life,
322,Plenoculus,Plenoculus,8855,8865,6.09,1,NO_ANNOT,,,Exact,0,"Plenoculus W. Fox, 1893",Plenoculus,6SFQ,1,Catalogue of Life,
323,Pleospora,Pleospora,8877,8886,6.06,1,NO_ANNOT,,,Exact,0,Pleospora,Pleospora,6SHN,1,Catalogue of Life,
324,Plesiosaurus,Plesiosaurus,8891,8903,5.96,1,NO_ANNOT,,,Exact,0,"Plesiosaurus De la Beche & Conybeare, 1821",Plesiosaurus,urn:lsid:irmng.org:taxname:1429578,181,IRMNG,
325,Plicatula,Plicatula,8929,8938,5.01,1,NO_ANNOT,,,Exact,0,"Plicatula Lamarck, 1801",Plicatula,7PCY3,1,Catalogue of Life,
326,Pogonatum,Pogonatum,8958,8967,4.89,1,NO_ANNOT,,,Exact,0,Pogonatum,Pogonatum,6TMG,1,Catalogue of Life,
327,Pohlia,Pohlia,8968,8974,3.85,1,NO_ANNOT,,,Exact,0,"Pohlia Conil & Lys, 1977",Pohlia,7PTDQ,1,Catalogue of Life,
328,Polygonum,Polygonum,8975,8984,4.96,1,NO_ANNOT,,,Exact,0,Polygonum L.,Polygonum,63NFC,1,Catalogue of Life,
329,Polygyra,Polygyra,8989,8997,4.77,1,NO_ANNOT,,,Exact,0,"Polygyra Say, 1818",Polygyra,7PD3F,1,Catalogue of Life,
330,Pontonella,Pontonella,9006,9016,6.37,1,NO_ANNOT,,,Exact,0,"Pontonella Mandel'shtam, 1956",Pontonella,urn:lsid:irmng.org:taxname:1263783,181,IRMNG,
331,Pontonia,Pontonia,9017,9025,3.87,1,NO_ANNOT,,,Exact,0,"Pontonia Latreille, 1829",Pontonia,urn:lsid:marinespecies.org:taxname:107036,9,WoRMS,
332,Pontoniidae,Pontoniidae,9026,9037,4.57,1,NO_ANNOT,,,Exact,0,Pontoniidae,Pontoniidae,2106435,168,ION,
333,Pontophilus,Pontophilus,9038,9049,6.21,1,NO_ANNOT,,,Exact,0,"Pontophilus Leach, 1817",Pontophilus,97175,3,ITIS,
334,Populus,Populus,9065,9072,5.50,1,NO_ANNOT,,,Exact,0,Populus L.,Populus,63PVP,1,Catalogue of Life,
335,Porzana,Porzana,9083,9090,3.34,1,NO_ANNOT,,,Exact,0,"Porzana Vieillot, 1816",Porzana,6V2X,1,Catalogue of Life,
336,Pottia,Pottia,9108,9114,4.58,1,NO_ANNOT,,,Exact,0,Pottia,Pottia,6V8P,1,Catalogue of Life,
337,Processa.,Processa,9127,9136,4.57,1,NO_ANNOT,,,Exact,0,"Processa Leach, 1815",Processa,96942,3,ITIS,
338,Propolidium,Propolidium,9154,9165,5.57,1,NO_ANNOT,,,Exact,0,Propolidium,Propolidium,6WXW,1,Catalogue of Life,
339,Proterosaurus,Proterosaurus,9187,9200,6.05,1,NO_ANNOT,,,Exact,0,"Proterosaurus Agassiz, 1846",Proterosaurus,urn:lsid:irmng.org:taxname:1173662,181,IRMNG,
340,Psaltriparus,Psaltriparus,9201,9213,5.96,1,NO_ANNOT,,,Exact,0,"Psaltriparus Bonaparte, 1850",Psaltriparus,6Y9C,1,Catalogue of Life,
341,Pseudogryphus,Pseudogryphus,9214,9227,5.44,1,NO_ANNOT,,,Exact,0,"Pseudogryphus Ridgway in Baird, Brewer & Ridgway, 1874",Pseudogryphus,urn:lsid:irmng.org:taxname:1415239,181,IRMNG,
342,Pseudosquilla,Pseudosquilla,9228,9241,6.82,1,NO_ANNOT,,,Exact,0,Pseudosquilla,Pseudosquilla,73MM,1,Catalogue of Life,
343,Pseudovalsa,Pseudovalsa,9242,9253,4.75,1,NO_ANNOT,,,Exact,0,Pseudovalsa,Pseudovalsa,73ZD,1,Catalogue of Life,
344,Ptychoramphus,Ptychoramphus,9254,9267,5.44,1,NO_ANNOT,,,Exact,0,"Ptychoramphus Brandt, 1837",Ptychoramphus,63QTK,1,Catalogue of Life,
345,Puccinia,Puccinia,9268,9276,3.87,1,NO_ANNOT,,,Exact,0,Puccinia,Puccinia,63R73,1,Catalogue of Life,
346,Pycnodus,Pycnodus,9277,9285,4.79,1,NO_ANNOT,,,Exact,0,"Pycnodus Agassiz, 1833",Pycnodus,urn:lsid:irmng.org:taxname:1299569,181,IRMNG,
347,Pyrenomycetes,Pyrenomycetes,9286,9299,2.38,1,NO_ANNOT,,,Exact,0,"Pyrenomycetes Schwein., 1832",Pyrenomycetes,urn:lsid:marinespecies.org:taxname:147627,9,WoRMS,
348,Pyrola,Pyrola,9304,9310,4.97,1,NO_ANNOT,,,Exact,0,Pyrola L.,Pyrola,7657,1,Catalogue of Life,
349,Pyropsis,Pyropsis,9324,9332,4.77,1,NO_ANNOT,,,Exact,0,"Pyropsis Conrad, 1860",Pyropsis,7PFF3,1,Catalogue of Life,
350,Quercus,Quercus,9333,9340,5.75,1,NO_ANNOT,,,Exact,0,Quercus,Quercus,76HN,1,Catalogue of Life,
351,Racomitrium,Racomitrium,9344,9355,5.57,1,NO_ANNOT,,,Exact,0,Racomitrium,Racomitrium,84T4Q,1,Catalogue of Life,
352,Rallus,Rallus,9356,9362,5.21,1,NO_ANNOT,,,Exact,0,"Rallus Linnaeus, 1758",Rallus,76VZ,1,Catalogue of Life,
353,Ramularia,Ramularia,9363,9372,4.85,1,NO_ANNOT,,,Exact,0,"Ramularia H. Roussel, 1806",Ramularia,76ZW,1,Catalogue of Life,
354,Rami,Rami,9377,9381,0.26,1,NO_ANNOT,,,Exact,0,Jacksonia sect. Rami Benth.,Rami,117165-3,167,IPNI,
355,Rinodina,Rinodina,9485,9493,3.96,1,NO_ANNOT,,,Exact,0,Rinodina,Rinodina,63SB9,1,Catalogue of Life,
356,Rosellinia,Rosellinia,9494,9504,4.20,1,NO_ANNOT,,,Exact,0,Rosellinia,Rosellinia,63RW4,1,Catalogue of Life,
357,Rostellites,Rostellites,9509,9520,3.67,1,NO_ANNOT,,,Exact,0,"Rostellites Conrad, 1855",Rostellites,urn:lsid:irmng.org:taxname:1146099,181,IRMNG,
358,Sabinea,Sabinea,9521,9528,4.77,1,NO_ANNOT,,,Exact,0,Sabinea DC.,Sabinea,23466-1,167,IPNI,
359,Salamandra,Salamandra,9529,9539,5.26,1,NO_ANNOT,,,Exact,0,"Salamandra Garsault, 1764",Salamandra,7BSB,1,Catalogue of Life,
360,Salix,Salix,9540,9545,3.97,1,NO_ANNOT,,,Exact,0,Salix L.,Salix,7BWB,1,Catalogue of Life,
361,Salpinctes,Salpinctes,9554,9564,3.55,1,NO_ANNOT,,,Exact,0,"Salpinctes Cabanis, 1847",Salpinctes,7BXW,1,Catalogue of Life,
362,Samolus,Samolus,9578,9585,5.50,1,NO_ANNOT,,,Exact,0,Samolus L.,Samolus,7C42,1,Catalogue of Life,
363,Saxifraga,Saxifraga,9586,9595,5.10,1,NO_ANNOT,,,Exact,0,Saxifraga L.,Saxifraga,7CVF,1,Catalogue of Life,
364,Sayornis,Sayornis,9596,9604,5.23,1,NO_ANNOT,,,Exact,0,"Sayornis Bonaparte, 1854",Sayornis,7CW4,1,Catalogue of Life,
365,Scalaria,Scalaria,9829,9837,4.68,1,NO_ANNOT,,,Exact,0,Scalaria Lázaro Ibiza 1916,Scalaria,18506,5,Index Fungorum,
366,Scaphites,Scaphites,9838,9847,3.38,1,NO_ANNOT,,,Exact,0,Scaphites,Scaphites,7D38,1,Catalogue of Life,
367,Scirpus,Scirpus,9859,9866,5.48,1,NO_ANNOT,,,Exact,0,Scirpus,Scirpus,645BJ,1,Catalogue of Life,
368,Scotiaptex,Scotiaptex,9898,9908,4.45,1,NO_ANNOT,,,Exact,0,"Scotiaptex Swainson, 1836",Scotiaptex,urn:lsid:irmng.org:taxname:1218037,181,IRMNG,
369,Scutellaria,Scutellaria,9909,9920,5.14,1,NO_ANNOT,,,Exact,0,Scutellaria,Scutellaria,644Y3,1,Catalogue of Life,
370,Scurria,Scurria,9921,9928,4.43,1,NO_ANNOT,,,Exact,0,"Scurria Gray, 1847",Scurria,7PGGC,1,Catalogue of Life,
371,Scytale,Scytale,9929,9936,3.63,1,NO_ANNOT,,,Exact,0,"Scytale Gronovius, 1763",Scytale,urn:lsid:irmng.org:taxname:1324503,181,IRMNG,
372,Selasphorus,Selasphorus,9954,9965,5.72,1,NO_ANNOT,,,Exact,0,"Selasphorus Swainson, 1832",Selasphorus,7F7B,1,Catalogue of Life,
373,Semotilus,Semotilus,9966,9975,5.92,1,NO_ANNOT,,,Exact,0,Semotilus,Semotilus,7FHQ,1,Catalogue of Life,
374,Septogloeum,Septogloeum,9976,9987,4.19,1,NO_ANNOT,,,Exact,0,Septogloeum,Septogloeum,7FPB,1,Catalogue of Life,
375,Sergestes,Sergestes,10001,10010,3.38,1,NO_ANNOT,,,Exact,0,"Sergestes H. Milne Edwards, 1830",Sergestes,95919,3,ITIS,
376,Sergestidae,Sergestidae,10011,10022,4.57,1,NO_ANNOT,,,Exact,0,"Sergestidae Dana, 1852",Sergestidae,urn:lsid:irmng.org:taxname:110425,181,IRMNG,
377,Sialia,Sialia,10036,10042,3.85,1,NO_ANNOT,,,Exact,0,"Sialia Swainson, 1827",Sialia,644QP,1,Catalogue of Life,
378,Sicyonia,Sicyonia,10046,10054,3.87,1,NO_ANNOT,,,Exact,0,"Sicyonia H. Milne Edwards, 1830",Sicyonia,urn:lsid:marinespecies.org:taxname:106824,9,WoRMS,
379,Silene,Silene,10066,10072,3.23,1,NO_ANNOT,,,Exact,0,Silene L.,Silene,644QW,1,Catalogue of Life,
380,Silphium,Silphium,10073,10081,5.11,1,NO_ANNOT,,,Exact,0,Silphium L.,Silphium,7GWF,1,Catalogue of Life,
381,Simorhynchus,Simorhynchus,10082,10094,5.35,1,NO_ANNOT,,,Exact,0,"Simorhynchus Merrem in Ersch & Gruber, 1819",Simorhynchus,urn:lsid:irmng.org:taxname:1407413,181,IRMNG,
382,Sitta,Sitta,10098,10103,4.00,1,NO_ANNOT,,,Exact,0,"Sitta Linnaeus, 1758",Sitta,7HWK,1,Catalogue of Life,
383,Sorosporium,Sorosporium,10127,10138,5.57,1,NO_ANNOT,,,Exact,0,Sorosporium,Sorosporium,7JT6,1,Catalogue of Life,
384,Spea,Spea,10153,10157,2.48,1,NO_ANNOT,,,Exact,0,"Spea Cope, 1866",Spea,7K5D,1,Catalogue of Life,
385,Spelerpes,Spelerpes,10162,10171,3.94,1,NO_ANNOT,,,Exact,0,"Spelerpes Rafinesque, 1832",Spelerpes,7K8Y,1,Catalogue of Life,
386,Speotyto,Speotyto,10172,10180,3.81,1,NO_ANNOT,,,Exact,0,"Speotyto Gloger, 1841",Speotyto,644GV,1,Catalogue of Life,
387,Spergularia,Spergularia,10181,10192,5.14,1,NO_ANNOT,,,Exact,0,Spergularia (Pers.) J. Presl & J. Presl,Spergularia,7KBC,1,Catalogue of Life,
388,Sphaeropsis,Sphaeropsis,10257,10268,5.23,1,NO_ANNOT,,,Exact,0,Sphaeropsis,Sphaeropsis,7KKY,1,Catalogue of Life,
389,Spinus,Spinus,10314,10320,5.05,1,NO_ANNOT,,,Exact,0,"Spinus Koch, 1816",Spinus,7L9G,1,Catalogue of Life,
390,Spirontocaris,Spirontocaris,10327,10340,5.67,1,NO_ANNOT,,,Exact,0,"Spirontocaris Bate, 1888",Spirontocaris,84TSM,1,Catalogue of Life,
391,Squillidae,Squillidae,10374,10384,6.06,1,NO_ANNOT,,,Exact,0,Squillidae,Squillidae,GLG,1,Catalogue of Life,
392,Steenhammera,Steenhammera,10413,10425,5.67,1,NO_ANNOT,,,Exact,0,Steenhammera Rchb.,Steenhammera,5TGSL,1,Catalogue of Life,
393,Stelgidopteryx,Stelgidopteryx,10426,10440,5.94,1,NO_ANNOT,,,Exact,0,"Stelgidopteryx S. F. Baird, 1858",Stelgidopteryx,64693,1,Catalogue of Life,
394,Stellula,Stellula,10455,10463,4.84,1,NO_ANNOT,,,Exact,0,"Stellula Gould, 1861",Stellula,7MBM,1,Catalogue of Life,
395,Stenotrema,Stenotrema,10464,10474,5.92,1,NO_ANNOT,,,Exact,0,"Stenotrema Rafinesque, 1819",Stenotrema,7PHH5,1,Catalogue of Life,
396,Stereocaulon,Stereocaulon,10475,10487,4.79,1,NO_ANNOT,,,Exact,0,Stereocaulon J.D. Hooker & Harvey,Stereocaulon,7N68,1,Catalogue of Life,
397,Stictia,Stictia,10495,10502,4.87,1,NO_ANNOT,,,Exact,0,"Stictia Illiger, 1807",Stictia,645MJ,1,Catalogue of Life,
398,Stigmina,Stigmina,10507,10515,3.96,1,NO_ANNOT,,,Exact,0,"Stigmina R. Bohart & Menke, 1976",Stigmina,LFZ,1,Catalogue of Life,
399,Stomatopoda,Stomatopoda,10516,10527,5.48,1,NO_ANNOT,,,Exact,0,Stomatopoda,Stomatopoda,462,1,Catalogue of Life,
400,Storeria.,Storeria,10765,10774,4.68,1,NO_ANNOT,,,Exact,0,Storeria,Storeria,7NY5,1,Catalogue of Life,
401,Streptopus,Streptopus,10779,10789,6.06,1,NO_ANNOT,,,Exact,0,Streptopus,Streptopus,645NC,1,Catalogue of Life,
402,Sturnella.,Sturnella,10803,10813,6.20,1,NO_ANNOT,,,Exact,0,"Sturnella Vieillot, 1816",Sturnella,7PLT,1,Catalogue of Life,
403,Surnia,Surnia,10816,10822,3.32,1,NO_ANNOT,,,Exact,0,"Surnia Duméril, 1805",Surnia,7QFY,1,Catalogue of Life,
404,Swartzia,Swartzia,10829,10837,4.99,1,NO_ANNOT,,,Exact,0,Swartzia J.F.Gmel.,Swartzia,5TH2D,1,Catalogue of Life,
405,Sylvania,Sylvania,10840,10848,3.87,1,NO_ANNOT,,,Exact,0,"Sylvania Nuttall, 1832",Sylvania,urn:lsid:irmng.org:taxname:1338271,181,IRMNG,
406,Sympycna,Sympycna,10853,10861,3.41,1,NO_ANNOT,,,Exact,0,"Sympycna Burmeister, 1839",Sympycna,urn:lsid:irmng.org:taxname:1262191,181,IRMNG,
407,Syrnium,Syrnium,10893,10900,4.86,1,NO_ANNOT,,,Exact,0,"Syrnium Savigny, 1809",Syrnium,urn:lsid:marinespecies.org:taxname:1476318,9,WoRMS,
408,Tachysphex,Tachysphex,10925,10935,3.75,1,NO_ANNOT,,,Exact,0,"Tachysphex Kohl, 1883",Tachysphex,645GD,1,Catalogue of Life,
409,Tachytes,Tachytes,10944,10952,3.21,1,NO_ANNOT,,,Exact,0,"Tachytes Panzer, 1806",Tachytes,63TGJ,1,Catalogue of Life,
410,Teichospora,Teichospora,10979,10990,6.35,1,NO_ANNOT,,,Exact,0,Teichospora,Teichospora,7TC9,1,Catalogue of Life,
411,Teichosporella,Teichosporella,10995,11009,7.04,1,NO_ANNOT,,,Exact,0,Teichosporella,Teichosporella,63TL8,1,Catalogue of Life,
412,Tenea,Tenea,11010,11015,4.33,1,NO_ANNOT,,,Exact,0,"Tenea Conrad, 1870",Tenea,urn:lsid:irmng.org:taxname:1297272,181,IRMNG,
413,Tetrabelodon,Tetrabelodon,11023,11035,4.71,1,NO_ANNOT,,,Exact,0,"Tetrabelodon Cope, 1884",Tetrabelodon,urn:lsid:irmng.org:taxname:1130581,181,IRMNG,
414,Tetraplodon,Tetraplodon,11040,11051,4.47,1,NO_ANNOT,,,Exact,0,Tetraplodon,Tetraplodon,63V5Q,1,Catalogue of Life,
415,Theba,Theba,11076,11081,3.60,1,NO_ANNOT,,,Exact,0,"Theba Risso, 1826",Theba,7PJC9,1,Catalogue of Life,
416,Thorius,Thorius,11105,11112,4.56,1,NO_ANNOT,,,Exact,0,"Thorius Cope, 1869",Thorius,7W8J,1,Catalogue of Life,
417,Thryothorus,Thryothorus,11113,11124,5.72,1,NO_ANNOT,,,Exact,0,"Thryothorus Vieillot, 1816",Thryothorus,7WDV,1,Catalogue of Life,
418,Totanus.,Totanus,11161,11169,5.34,1,NO_ANNOT,,,Exact,0,"Totanus Cuvier, 1800",Totanus,urn:lsid:marinespecies.org:taxname:1453464,9,WoRMS,
419,Trichia,Trichia,11176,11183,4.00,1,NO_ANNOT,,,Exact,0,"Trichia De Haan, 1839 [in De Haan, 1833-1850]",Trichia,7PJTQ,1,Catalogue of Life,
420,Trigonia,Trigonia,11209,11217,3.87,1,NO_ANNOT,,,Exact,0,"Trigonia Bruguière, 1789",Trigonia,7PJW8,1,Catalogue of Life,
421,Tringa,Tringa,11218,11224,4.50,1,NO_ANNOT,,,Exact,0,"Tringa Linnaeus, 1758",Tringa,8288,1,Catalogue of Life,
422,Trisetum,Trisetum,11232,11240,4.72,1,NO_ANNOT,,,Exact,0,Trisetum,Trisetum,82GZ,1,Catalogue of Life,
423,Troglodytes.,Troglodytes,11260,11272,3.67,1,NO_ANNOT,,,Exact,0,"Troglodytes Vieillot, 1809",Troglodytes,647TW,1,Catalogue of Life,
424,Tryblidiella,Tryblidiella,11295,11307,6.73,1,NO_ANNOT,,,Exact,0,Tryblidiella,Tryblidiella,838N,1,Catalogue of Life,
425,Tryblidium,Tryblidium,11308,11318,5.45,1,NO_ANNOT,,,Exact,0,"Tryblidium Lindström, 1880",Tryblidium,urn:lsid:irmng.org:taxname:1300134,181,IRMNG,
426,Trypoxylon,Trypoxylon,11475,11485,4.43,1,NO_ANNOT,,,Exact,0,"Trypoxylon Latreille, 1796",Trypoxylon,83CD,1,Catalogue of Life,
427,Turbinella,Turbinella,11493,11503,6.37,1,NO_ANNOT,,,Exact,0,"Turbinella Lamarck, 1799",Turbinella,7PK9M,1,Catalogue of Life,
428,Turdus,Turdus,11504,11510,4.25,1,NO_ANNOT,,,Exact,0,"Turdus Linnaeus, 1758",Turdus,647VS,1,Catalogue of Life,
429,Turritella,Turritella,11528,11538,6.37,1,NO_ANNOT,,,Exact,0,"Turritella Lamarck, 1799",Turritella,87HM6,1,Catalogue of Life,
430,Typhlotriton,Typhlotriton,11543,11555,3.70,1,NO_ANNOT,,,Exact,0,"Typhlotriton Stejneger, 1892",Typhlotriton,84B2,1,Catalogue of Life,
431,Typton,Typton,11556,11562,2.46,1,NO_ANNOT,,,Exact,0,"Typton O.G. Costa, 1844",Typton,urn:lsid:irmng.org:taxname:1199359,181,IRMNG,
432,Tyrannus,Tyrannus,11563,11571,5.59,1,NO_ANNOT,,,Exact,0,"Tyrannus Lacepede, 1799",Tyrannus,84CR,1,Catalogue of Life,
433,Ungualia,Ungualia,11595,11603,4.39,1,NO_ANNOT,,,Exact,0,"Ungualia Cope, 1879",Ungualia,8GGC4,1,Catalogue of Life,
434,Uredineae,Uredineae,11604,11613,3.71,1,NO_ANNOT,,,Exact,0,Uredineae Warm. 1884,Uredineae,701018,5,Index Fungorum,
435,Urinator,Urinator,11622,11630,3.88,1,NO_ANNOT,,,Exact,0,"Urinator Lacepède, 1799",Urinator,urn:lsid:irmng.org:taxname:1215805,181,IRMNG,
436,Uromyces,Uromyces,11637,11645,3.13,1,NO_ANNOT,,,Exact,0,Uromyces,Uromyces,6489D,1,Catalogue of Life,
437,Vallonia,Vallonia,11668,11676,3.87,1,NO_ANNOT,,,Exact,0,"Vallonia Risso, 1826",Vallonia,7PKLQ,1,Catalogue of Life,
438,Valsaria,Valsaria,11681,11689,4.68,1,NO_ANNOT,,,Exact,0,Valsaria,Valsaria,85S4,1,Catalogue of Life,
439,Vermicularia,Vermicularia,11699,11711,5.37,1,NO_ANNOT,,,Exact,0,"Vermicularia Lamarck, 1799",Vermicularia,7PKR4,1,Catalogue of Life,
440,Verrucaria,Verrucaria,11725,11735,5.02,1,NO_ANNOT,,,Exact,0,Verrucaria Medik.,Verrucaria,4R4,1,Catalogue of Life,
441,Virbius,Virbius,11746,11753,4.56,1,NO_ANNOT,,,Exact,0,"Virbius Stål, 1864",Virbius,urn:lsid:irmng.org:taxname:1316161,181,IRMNG,
442,Voluta,Voluta,11774,11780,4.12,1,NO_ANNOT,,,Exact,0,"Voluta Linnaeus, 1758",Voluta,7PKXD,1,Catalogue of Life,
443,Volutella,Volutella,11781,11790,6.20,1,NO_ANNOT,,,Exact,0,Volutella Forssk.,Volutella,5TJ48,1,Catalogue of Life,
444,Volutoderma,Volutoderma,11791,11802,5.29,1,NO_ANNOT,,,Exact,0,"Volutoderma Gabb, 1877",Volutoderma,7PKXT,1,Catalogue of Life,
445,Volutomorpha,Volutomorpha,11810,11822,6.08,1,NO_ANNOT,,,Exact,0,"Volutomorpha Gabb, 1877",Volutomorpha,urn:lsid:irmng.org:taxname:1196860,181,IRMNG,
446,Wallrothiella,Wallrothiella,11827,11840,6.82,1,NO_ANNOT,,,Exact,0,Wallrothiella,Wallrothiella,87H4,1,Catalogue of Life,
447,Xanthoxylum,Xanthoxylum,11875,11886,6.15,1,NO_ANNOT,,,Exact,0,"Xanthoxylum H. Yabe & S. Endô, 1930",Xanthoxylum,urn:lsid:irmng.org:taxname:1084422,181,IRMNG,
448,Xenopicus,Xenopicus,11891,11900,6.17,1,NO_ANNOT,,,Exact,0,"Xenopicus Baird, 1858",Xenopicus,urn:lsid:irmng.org:taxname:1448615,181,IRMNG,
449,Xiphocaris,Xiphocaris,11904,11914,5.22,1,NO_ANNOT,,,Exact,0,"Xiphocaris von Martens, 1872",Xiphocaris,urn:lsid:marinespecies.org:taxname:586856,9,WoRMS,
450,Xiphosoma,Xiphosoma,11919,11928,5.11,1,NO_ANNOT,,,Exact,0,"Xiphosoma Wagler in Spix, 1824",Xiphosoma,urn:lsid:irmng.org:taxname:1349165,181,IRMNG,
451,Zenaidura,Zenaidura,11937,11946,5.48,1,NO_ANNOT,,,Exact,0,"Zenaidura Bonaparte, 1854",Zenaidura,urn:lsid:irmng.org:taxname:1224442,181,IRMNG,
452,Zeuglodon,Zeuglodon,11953,11962,4.18,1,NO_ANNOT,,,Exact,0,"Zeuglodon Owen, 1839",Zeuglodon,urn:lsid:irmng.org:taxname:1304251,181,IRMNG,
453,Zignoella,Zignoella,11966,11975,6.20,1,NO_ANNOT,,,Exact,0,Zignoella,Zignoella,648M4,1,Catalogue of Life,
454,Zonitoides,Zonitoides,11980,11990,5.09,1,NO_ANNOT,,,Exact,0,"Zonitoides Lehmann, 1862",Zonitoides,7PLG4,1,Catalogue of Life,
455,Zonotrichia,Zonotrichia,12003,12014,4.71,1,NO_ANNOT,,,Exact,0,"Zonotrichia Swainson, 1832",Zonotrichia,8B4V,1,Catalogue of Life,
456,Notes,Notes,12645,12650,2.52,1,NO_ANNOT,,,Exact,0,Notes,Notes,3950760,168,ION,
457,Ortholestes,Ortholestes,12848,12859,3.67,1,NO_ANNOT,,,Exact,0,"Ortholestes Calvert, 1891",Ortholestes,urn:lsid:irmng.org:taxname:1276037,181,IRMNG,
458,Notes,Notes,12995,13000,2.52,1,NO_ANNOT,,,Exact,0,Notes,Notes,3950760,168,ION,
459,Choeropsis liberiensis,Choeropsis liberiensis,13004,13026,13.04,2,NO_ANNOT,,,Exact,0,"Choeropsis liberiensis (Morton, 1849)",Choeropsis liberiensis,10032,163,IUCN Red List of Threatened Species,
460,Cryptobranchus maximus,Cryptobranchus maximus,13091,13113,8.42,2,NO_ANNOT,,,Exact,0,"Cryptobranchus maximus (Schlegel in Tschudi, 1837)",Cryptobranchus maximus,ZV4K,1,Catalogue of Life,
461,Cyprinidae,Cyprinidae,13362,13372,4.45,1,NO_ANNOT,,,Exact,0,Cyprinidae,Cyprinidae,6248Q,1,Catalogue of Life,
462,Tetrabelodon,Tetrabelodon,13474,13486,4.71,1,NO_ANNOT,,,Exact,0,"Tetrabelodon Cope, 1884",Tetrabelodon,urn:lsid:irmng.org:taxname:1130581,181,IRMNG,
463,Cyphornis,Cyphornis,13729,13738,5.40,1,NO_ANNOT,,,Exact,0,"Cyphornis Cope, 1894",Cyphornis,urn:lsid:irmng.org:taxname:1395069,181,IRMNG,
464,Docoglossa,Docoglossa,14233,14243,3.29,1,NO_ANNOT,,,Exact,0,"Docoglossa Troschel, 1866",Docoglossa,urn:lsid:marinespecies.org:taxname:156480,9,WoRMS,
465,Larridae,Larridae,14844,14852,4.11,1,NO_ANNOT,,,Exact,0,Larridae,Larridae,urn:lsid:irmng.org:taxname:115240,181,IRMNG,
466,Notes,Notes,14971,14976,2.52,1,NO_ANNOT,,,Exact,0,Notes,Notes,3950760,168,ION,
467,Brasenia peltata,Brasenia peltata,15729,15745,11.41,2,NO_ANNOT,,,Exact,0,Brasenia peltata Pursh,Brasenia peltata,N75W,1,Catalogue of Life,
468,Notes,Notes,16445,16450,2.52,1,NO_ANNOT,,,Exact,0,Notes,Notes,3950760,168,ION,
469,Tioga,Tioga,16552,16557,2.95,1,NO_ANNOT,,,Exact,0,"Tioga Hulst, 1888",Tioga,urn:lsid:irmng.org:taxname:1411606,181,IRMNG,
470,Thysanophora,Thysanophora,17353,17365,6.59,1,NO_ANNOT,,,Exact,0,"Thysanophora Strebel & Pfeffer, 1879",Thysanophora,7PJHX,1,Catalogue of Life,
471,Myxomycetes,Myxomycetes,18560,18571,3.67,1,NO_ANNOT,,,Exact,0,Myxomycetes,Myxomycetes,F2,1,Catalogue of Life,
472,Perognathus,Perognathus,18780,18791,5.11,1,NO_ANNOT,,,Exact,0,"Perognathus Wied-Neuwied, 1839",Perognathus,6LP7,1,Catalogue of Life,
473,Bassariscus astutus,Bassariscus astutus,18826,18845,13.82,2,NO_ANNOT,,,Exact,0,"Bassariscus astutus (Lichtenstein, 1830)",Bassariscus astutus,KV7S,1,Catalogue of Life,
474,Louisa,Louisa,18900,18906,3.97,1,NO_ANNOT,,,Exact,0,Louisa,Louisa,89QLV,1,Catalogue of Life,
475,Notes,Notes,19530,19535,2.52,1,NO_ANNOT,,,Exact,0,Notes,Notes,3950760,168,ION,
476,Vallonia,Vallonia,19801,19809,3.87,1,NO_ANNOT,,,Exact,0,"Vallonia Risso, 1826",Vallonia,7PKLQ,1,Catalogue of Life,
477,Neotoma,Neotoma,19951,19958,4.69,1,NO_ANNOT,,,Exact,0,"Neotoma Say & Ord, 1825",Neotoma,62WM,1,Catalogue of Life,
478,Notes,Notes,20154,20159,2.52,1,NO_ANNOT,,,Exact,0,Notes,Notes,3950760,168,ION,
479,Ammonites,Ammonites,20396,20405,3.38,1,NO_ANNOT,,,Exact,0,Ammonites,Ammonites,628XM,1,Catalogue of Life,
480,Emma,Emma,21573,21577,3.91,1,NO_ANNOT,,,Exact,0,"Emma Gray, 1843",Emma,84NF5,1,Catalogue of Life,
481,MoLLUSCA,Mollusca,23951,23959,4.51,1,NO_ANNOT,,,Exact,0,Mollusca,Mollusca,M2L,1,Catalogue of Life,
482,Mollusca,Mollusca,24254,24262,4.51,1,NO_ANNOT,,,Exact,0,Mollusca,Mollusca,M2L,1,Catalogue of Life,
483,Pholadacea,Pholadacea,24835,24845,3.54,1,NO_ANNOT,,,Exact,0,Pholadacea,Pholadacea,urn:lsid:marinespecies.org:taxname:246042,9,WoRMS,
484,Unio.,Unio,25052,25057,2.35,1,NO_ANNOT,,,Exact,0,"Unio Philipsson, 1788",Unio,7PKHN,1,Catalogue of Life,
485,Unio.,Unio,25296,25301,2.35,1,NO_ANNOT,,,Exact,0,"Unio Philipsson, 1788",Unio,7PKHN,1,Catalogue of Life,
486,Neotoma,Neotoma,26039,26046,4.69,1,NO_ANNOT,,,Exact,0,"Neotoma Say & Ord, 1825",Neotoma,62WM,1,Catalogue of Life,
487,Embiotocidae.,Embiotocidae,26635,26648,4.81,1,NO_ANNOT,,,Exact,0,Embiotocidae,Embiotocidae,9N7,1,Catalogue of Life,
488,Notes,Notes,27032,27037,2.52,1,NO_ANNOT,,,Exact,0,Notes,Notes,3950760,168,ION,
489,Notes,Notes,27189,27194,2.52,1,NO_ANNOT,,,Exact,0,Notes,Notes,3950760,168,ION,
490,Choeropsis liberiensis,Choeropsis liberiensis,27198,27220,13.04,2,NO_ANNOT,,,Exact,0,"Choeropsis liberiensis (Morton, 1849)",Choeropsis liberiensis,10032,163,IUCN Red List of Threatened Species,
491,Brasenia peltata,Brasenia peltata,27280,27296,11.41,2,NO_ANNOT,,,Exact,0,Brasenia peltata Pursh,Brasenia peltata,N75W,1,Catalogue of Life,
492,Notes,Notes,27336,27341,2.52,1,NO_ANNOT,,,Exact,0,Notes,Notes,3950760,168,ION,
493,Tioga,Tioga,27443,27448,2.95,1,NO_ANNOT,,,Exact,0,"Tioga Hulst, 1888",Tioga,urn:lsid:irmng.org:taxname:1411606,181,IRMNG,
494,Mollusca,Mollusca,29416,29424,4.51,1,NO_ANNOT,,,Exact,0,Mollusca,Mollusca,M2L,1,Catalogue of Life,
495,Mollusca,Mollusca,29717,29725,4.51,1,NO_ANNOT,,,Exact,0,Mollusca,Mollusca,M2L,1,Catalogue of Life,
496,Pholadacea,Pholadacea,30297,30307,3.54,1,NO_ANNOT,,,Exact,0,Pholadacea,Pholadacea,urn:lsid:marinespecies.org:taxname:246042,9,WoRMS,
497,Unio.,Unio,30515,30520,2.35,1,NO_ANNOT,,,Exact,0,"Unio Philipsson, 1788",Unio,7PKHN,1,Catalogue of Life,
498,Unio.,Unio,30759,30764,2.35,1,NO_ANNOT,,,Exact,0,"Unio Philipsson, 1788",Unio,7PKHN,1,Catalogue of Life,
499,Emma,Emma,31236,31240,3.91,1,NO_ANNOT,,,Exact,0,"Emma Gray, 1843",Emma,84NF5,1,Catalogue of Life,
500,Tetrabelodon,Tetrabelodon,32012,32024,4.71,1,NO_ANNOT,,,Exact,0,"Tetrabelodon Cope, 1884",Tetrabelodon,urn:lsid:irmng.org:taxname:1130581,181,IRMNG,
501,Ammonites,Ammonites,32117,32126,3.38,1,NO_ANNOT,,,Exact,0,Ammonites,Ammonites,628XM,1,Catalogue of Life,
502,Cryptobranchus maximus,Cryptobranchus maximus,32362,32384,8.42,2,NO_ANNOT,,,Exact,0,"Cryptobranchus maximus (Schlegel in Tschudi, 1837)",Cryptobranchus maximus,ZV4K,1,Catalogue of Life,
503,Vallonia,Vallonia,32447,32455,3.87,1,NO_ANNOT,,,Exact,0,"Vallonia Risso, 1826",Vallonia,7PKLQ,1,Catalogue of Life,
504,Bombycidae.,Bombycidae,32657,32668,6.06,1,NO_ANNOT,,,Exact,0,Bombycidae,Bombycidae,622GK,1,Catalogue of Life,
505,Docoglossa.,Docoglossa,32702,32713,3.29,1,NO_ANNOT,,,Exact,0,"Docoglossa Troschel, 1866",Docoglossa,urn:lsid:marinespecies.org:taxname:156480,9,WoRMS,
506,Populus tremuloides,Populus tremuloides,32790,32809,12.25,2,NO_ANNOT,,,Exact,0,Populus tremuloides Michx.,Populus tremuloides,4LVR2,1,Catalogue of Life,
507,Mertensia maritima.,Mertensia maritima,32857,32876,10.61,2,NO_ANNOT,,,Exact,0,Mertensia maritima (L.) Gray,Mertensia maritima,6RB9S,1,Catalogue of Life,
508,Spergularia media.,Spergularia media,32902,32920,6.63,2,NO_ANNOT,,,Exact,0,Spergularia media (L.) J. Presl,Spergularia media,4YJH7,1,Catalogue of Life,
509,Glaux maritima.,Glaux maritima,32941,32956,9.68,2,NO_ANNOT,,,Exact,0,Glaux maritima L.,Glaux maritima,6KH36,1,Catalogue of Life,
510,Comarum palustre.,Comarum palustre,33053,33070,10.85,2,NO_ANNOT,,,Exact,0,Comarum palustre L.,Comarum palustre,XDR2,1,Catalogue of Life,
511,Malva rotundifolia.,Malva rotundifolia,33088,33107,11.44,2,NO_ANNOT,,,Exact,0,Malva rotundifolia L.,Malva rotundifolia,3XRC7,1,Catalogue of Life,
512,Streptopus amplexifolius.,Streptopus amplexifolius,33124,33149,13.41,2,NO_ANNOT,,,Exact,0,Streptopus amplexifolius (L.) DC.,Streptopus amplexifolius,52YW6,1,Catalogue of Life,
513,Brunella vulgaris.,Brunella vulgaris,33166,33184,13.11,2,NO_ANNOT,,,Exact,0,Brunella vulgaris L.,Brunella vulgaris,145291208,165,Tropicos,
514,Euphorbia hypericifolia,Euphorbia hypericifolia,33198,33221,10.06,2,NO_ANNOT,,,Exact,0,Euphorbia hypericifolia L.,Euphorbia hypericifolia,3CP7X,1,Catalogue of Life,
515,E. maculata.,E. maculata,33226,33238,7.41,2,NO_ANNOT,,,NoMatch,,,,,,,,
516,Lythrum,Lythrum,33258,33265,5.00,1,NO_ANNOT,,,Exact,0,Lythrum L.,Lythrum,5HWH,1,Catalogue of Life,
517,Salicaria.,Salicaria,33266,33276,4.85,1,NO_ANNOT,,,Exact,0,Salicaria Tourn. ex Mill.,Salicaria,4P9,1,Catalogue of Life,
518,Bidens bipinnata.,Bidens bipinnata,33301,33318,11.67,2,NO_ANNOT,,,Exact,0,Bidens bipinnata L.,Bidens bipinnata,LS4K,1,Catalogue of Life,
519,Heliopsis,Heliopsis,33349,33358,4.94,1,NO_ANNOT,,,Exact,0,Heliopsis Pers.,Heliopsis,635P7,1,Catalogue of Life,
520,Antennaria plantaginifolia.,Antennaria plantaginifolia,33386,33413,13.23,2,NO_ANNOT,,,Exact,0,Antennaria plantaginifolia (L.) Hook.,Antennaria plantaginifolia,66XGH,1,Catalogue of Life,
521,Portulaca oleracea.,Portulaca oleracea,33427,33446,9.43,2,NO_ANNOT,,,Exact,0,Portulaca oleracea L.,Portulaca oleracea,4M2DF,1,Catalogue of Life,
522,Scutellaria galericulata.,Scutellaria galericulata,33470,33495,13.36,2,NO_ANNOT,,,Exact,0,Scutellaria galericulata L.,Scutellaria galericulata,4W283,1,Catalogue of Life,
523,Trifolium pratense.,Trifolium pratense,33513,33532,9.72,2,NO_ANNOT,,,Exact,0,Trifolium pratense L.,Trifolium pratense,58Q42,1,Catalogue of Life,
524,Cypraea,Cypraea,33582,33589,5.27,1,NO_ANNOT,,,Exact,0,"Cypraea Linnaeus, 1758",Cypraea,7NV8K,1,Catalogue of Life,
525,Notes,Notes,33604,33609,2.52,1,NO_ANNOT,,,Exact,0,Notes,Notes,3950760,168,ION,
526,Mollusca,Mollusca,35713,35721,4.51,1,NO_ANNOT,,,Exact,0,Mollusca,Mollusca,M2L,1,Catalogue of Life,
527,Mollusca,Mollusca,36018,36026,4.51,1,NO_ANNOT,,,Exact,0,Mollusca,Mollusca,M2L,1,Catalogue of Life,
528,Pholadacea,Pholadacea,36603,36613,3.54,1,NO_ANNOT,,,Exact,0,Pholadacea,Pholadacea,urn:lsid:marinespecies.org:taxname:246042,9,WoRMS,
529,Unio.,Unio,36824,36829,2.35,1,NO_ANNOT,,,Exact,0,"Unio Philipsson, 1788",Unio,7PKHN,1,Catalogue of Life,
530,Unio.,Unio,37070,37075,2.35,1,NO_ANNOT,,,Exact,0,"Unio Philipsson, 1788",Unio,7PKHN,1,Catalogue of Life,
531,Emma,Emma,37544,37548,3.91,1,NO_ANNOT,,,Exact,0,"Emma Gray, 1843",Emma,84NF5,1,Catalogue of Life,
532,Ortholestes,Ortholestes,38527,38538,3.67,1,NO_ANNOT,,,Exact,0,"Ortholestes Calvert, 1891",Ortholestes,urn:lsid:irmng.org:taxname:1276037,181,IRMNG,
533,Batrachia,Batrachia,38577,38586,4.42,1,NO_ANNOT,,,Exact,0,Conophytum sect. Batrachia Opel & S.A.Hammer,Batrachia,1008552-1,167,IPNI,
534,Batrachia,Batrachia,38652,38661,4.42,1,NO_ANNOT,,,Exact,0,Conophytum sect. Batrachia Opel & S.A.Hammer,Batrachia,1008552-1,167,IPNI,
535,Thysanophora coloba,Thysanophora coloba,38941,38960,11.90,2,SP_NOV,,,Exact,0,"Thysanophora coloba Pilsbry, 1894",Thysanophora coloba,7TCNK,1,Catalogue of Life,
536,Bassariscus astutus,Bassariscus astutus,39144,39163,13.82,2,NO_ANNOT,,,Exact,0,"Bassariscus astutus (Lichtenstein, 1830)",Bassariscus astutus,KV7S,1,Catalogue of Life,
537,Notes,Notes,39309,39314,2.52,1,NO_ANNOT,,,Exact,0,Notes,Notes,3950760,168,ION,
538,Hymenoptera.,Hymenoptera,39480,39492,5.44,1,NO_ANNOT,,,Exact,0,Hymenoptera,Hymenoptera,HYM,1,Catalogue of Life,
