Index,Verbatim,Name,Start,End,OddsLog10,Cardinality,AnnotNomenType,WordsBefore,WordsAfter,VerifMatchType,VerifEditDistance,VerifMatchedName,VerifMatchedCanonical,VerifTaxonId,VerifDataSourceId,VerifDataSourceTitle,VerifError
0,Tetramerodon',Tetramerodon,128,141,4.71,1,NO_ANNOT,,,Exact,0,"Tetramerodon Rhoads, 1894",Tetramerodon,646T2,1,Catalogue of Life,
1,Arvicola,Arvicola,161,169,5.51,1,SP_NOV,,,Exact,0,"Arvicola Lacépède, 1799",Arvicola,33J7,1,Catalogue of Life,
2,Rodentia,Rodentia,343,351,3.50,1,NO_ANNOT,,,Exact,0,"Rodentia Bowdich, 1821",Rodentia,3Z5,1,Catalogue of Life,
3,Mynomes.,Mynomes,618,626,3.17,1,NO_ANNOT,,,Exact,0,Mynomes,Mynomes,7Q7RZ,1,Catalogue of Life,
4,A. borealis,A. borealis,650,661,6.80,2,NO_ANNOT,,,NoMatch,,,,,,,,
5,Mynomes,Mynomes,772,779,3.17,1,NO_ANNOT,,,Exact,0,Mynomes,Mynomes,7Q7RZ,1,Catalogue of Life,
6,Mynomes,Mynomes,1039,1046,3.17,1,NO_ANNOT,,,Exact,0,Mynomes,Mynomes,7Q7RZ,1,Catalogue of Life,
7,Hemiotomys,Hemiotomys,1149,1159,5.41,1,NO_ANNOT,,,Exact,0,"Hemiotomys Selys-Longchamps, 1836",Hemiotomys,4V9Q,1,Catalogue of Life,
8,Myonomes,Myonomes,1161,1169,3.42,1,NO_ANNOT,,,Exact,0,"Myonomes Coues, 1874",Myonomes,urn:lsid:irmng.org:taxname:1399165,181,IRMNG,
9,Mynomes.,Mynomes,1894,1902,3.17,1,NO_ANNOT,,,Exact,0,Mynomes,Mynomes,7Q7RZ,1,Catalogue of Life,
10,Arvicola,Arvicola,2373,2381,5.51,1,SP_NOV,,,Exact,0,"Arvicola Lacépède, 1799",Arvicola,33J7,1,Catalogue of Life,
11,Tetrainerodon tetramerus,Tetrainerodon tetramerus,2382,2406,5.57,2,SP_NOV,,,NoMatch,,,,,,,,
12,A. occidentalis,A. occidentalis,3809,3824,7.29,2,NO_ANNOT,,,NoMatch,,,,,,,,
13,A. californicus,A. californicus,3829,3844,7.15,2,NO_ANNOT,,,NoMatch,,,,,,,,
14,Peale fide,Peale fide,3919,3929,,2,NO_ANNOT,,,NoMatch,,,,,,,,
15,Baird tetramerus,Baird tetramerus,3930,3946,1.79,2,NO_ANNOT,,,PartialExact,0,Temora (Baird ),Baird,4070922,168,ION,
16,Evotomys,Evotomys,4284,4292,5.07,1,SP_NOV,,,Exact,0,"Evotomys Coues, 1874",Evotomys,62SY6,1,Catalogue of Life,
17,Evotomys gapperi saturatus,Evotomys gapperi saturatus,6140,6166,17.58,3,NO_ANNOT,,,Exact,0,"Evotomys gapperi saturatus Rhoads, 1894",Evotomys gapperi saturatus,7K5CF,1,Catalogue of Life,
18,E. gapperi,E. gapperi,6315,6325,6.67,2,NO_ANNOT,,,NoMatch,,,,,,,,
19,Evotomys,Evotomys,7566,7574,5.07,1,NO_ANNOT,,,Exact,0,"Evotomys Coues, 1874",Evotomys,62SY6,1,Catalogue of Life,
20,Notes,Notes,7814,7819,2.52,1,NO_ANNOT,,,Exact,0,Notes,Notes,3950760,168,ION,
21,Arvicola borealis,Arvicola borealis,7861,7878,12.65,2,NO_ANNOT,,,Exact,0,Arvicola borealis (Richardson 1828),Arvicola borealis,44332,172,PaleoBioDB,
22,Rodentia,Rodentia,8053,8061,3.50,1,NO_ANNOT,,,Exact,0,"Rodentia Bowdich, 1821",Rodentia,3Z5,1,Catalogue of Life,
23,Arvicola j3ennsylvanicus.,Arvicola j�ennsylvanicus,8141,8166,8.19,2,NO_ANNOT,,,PartialExact,0,"Arvicola Lacépède, 1799",Arvicola,33J7,1,Catalogue of Life,
24,A. borealis,A. borealis,8537,8548,6.80,2,NO_ANNOT,,,NoMatch,,,,,,,,
25,Arvicola borealis.,Arvicola borealis,9003,9021,12.65,2,NO_ANNOT,,,Exact,0,Arvicola borealis (Richardson 1828),Arvicola borealis,44332,172,PaleoBioDB,
26,Synaptomys.,Synaptomys,9315,9326,5.41,1,NO_ANNOT,,,Exact,0,"Synaptomys Baird, 1857",Synaptomys,7R2N,1,Catalogue of Life,
27,Tetramerodon,Tetramerodon,10003,10015,4.71,1,NO_ANNOT,,,Exact,0,"Tetramerodon Rhoads, 1894",Tetramerodon,646T2,1,Catalogue of Life,
28,A. chrotorrhinus,A. chrotorrhinus,10052,10068,7.26,2,NO_ANNOT,,,NoMatch,,,,,,,,
29,Arvicola,Arvicola,10274,10282,5.51,1,NO_ANNOT,,,Exact,0,"Arvicola Lacépède, 1799",Arvicola,33J7,1,Catalogue of Life,
30,Arvicola,Arvicola,10437,10445,5.51,1,NO_ANNOT,,,Exact,0,"Arvicola Lacépède, 1799",Arvicola,33J7,1,Catalogue of Life,
31,Arvicola,Arvicola,10675,10683,5.51,1,NO_ANNOT,,,Exact,0,"Arvicola Lacépède, 1799",Arvicola,33J7,1,Catalogue of Life,
32,Mynomes microcephalus.,Mynomes microcephalus,10684,10706,10.65,2,NO_ANNOT,,,PartialExact,0,Mynomes,Mynomes,7Q7RZ,1,Catalogue of Life,
33,Arvicola,Arvicola,11727,11735,5.51,1,NO_ANNOT,,,Exact,0,"Arvicola Lacépède, 1799",Arvicola,33J7,1,Catalogue of Life,
34,Mynomes drummondi.,Mynomes drummondi,11736,11754,8.76,2,NO_ANNOT,,,PartialExact,0,Mynomes,Mynomes,7Q7RZ,1,Catalogue of Life,
35,Pitymys,Pitymys,12108,12115,4.82,1,NO_ANNOT,,,Exact,0,"Pitymys McMurtrie, 1831",Pitymys,63M85,1,Catalogue of Life,
36,Mynomes,Mynomes,12178,12185,3.17,1,NO_ANNOT,,,Exact,0,Mynomes,Mynomes,7Q7RZ,1,Catalogue of Life,
37,A. nanus,A. nanus,12759,12767,5.75,2,NO_ANNOT,,,NoMatch,,,,,,,,
38,Arvicola,Arvicola,13319,13327,5.51,1,NO_ANNOT,,,Exact,0,"Arvicola Lacépède, 1799",Arvicola,33J7,1,Catalogue of Life,
39,Aviacomys arvicoloides,Aviacomys arvicoloides,13554,13576,5.57,2,NO_ANNOT,,,NoMatch,,,,,,,,
40,Axdacomys richardsonl,Axdacomys richardsonl,14452,14473,4.06,2,NO_ANNOT,,,NoMatch,,,,,,,,
41,Hymenoptera,Hymenoptera,14704,14715,5.44,1,NO_ANNOT,,,Exact,0,Hymenoptera,Hymenoptera,HYM,1,Catalogue of Life,
42,Lamproderma,Lamproderma,17814,17825,5.29,1,NO_ANNOT,,,Exact,0,Lamproderma,Lamproderma,639H8,1,Catalogue of Life,
43,Notes,Notes,18370,18375,2.52,1,NO_ANNOT,,,Exact,0,Notes,Notes,3950760,168,ION,
44,Batrachia,Batrachia,18746,18755,4.42,1,NO_ANNOT,,,Exact,0,Conophytum sect. Batrachia Opel & S.A.Hammer,Batrachia,1008552-1,167,IPNI,
