Index,Verbatim,Name,Start,End,OddsLog10,Cardinality,AnnotNomenType,WordsBefore,WordsAfter,VerifMatchType,VerifEditDistance,VerifMatchedName,VerifMatchedCanonical,VerifTaxonId,VerifDataSourceId,VerifDataSourceTitle,VerifError
0,CRUSTACEA,Crustacea,0,9,4.98,1,NO_ANNOT,,,Exact,0,"Crustacea Brünnich, 1772",Crustacea,83677,3,ITIS,
1,Crustacea,Crustacea,152,161,4.98,1,NO_ANNOT,,,Exact,0,"Crustacea Brünnich, 1772",Crustacea,83677,3,ITIS,
2,Callianassa morioni,Callianassa morioni,831,850,11.43,2,NO_ANNOT,,,Fuzzy,1,Callianassa mortoni Rathbun 1935,Callianassa mortoni,348708,172,PaleoBioDB,
3,C. conradi.,C. conradi,873,884,5.02,2,NO_ANNOT,,,NoMatch,,,,,,,,
4,CALLIANASSA,Callianassa,2006,2017,5.03,1,NO_ANNOT,,,Exact,0,Callianassa Webb & Berthel.,Callianassa,5T73C,1,Catalogue of Life,
5,Macrura,Macrura,2195,2202,5.06,1,NO_ANNOT,,,Exact,0,"Macrura Reptantia Bouvier, 1917",Macrura,urn:lsid:marinespecies.org:taxname:536657,9,WoRMS,
6,C. ulrichi,C. ulrichi,2384,2394,5.32,2,NO_ANNOT,,,NoMatch,,,,,,,,
7,C. conradi,C. conradi,2655,2665,5.02,2,NO_ANNOT,,,NoMatch,,,,,,,,
8,C. conradi.,C. conradi,2842,2853,5.02,2,NO_ANNOT,,,NoMatch,,,,,,,,
9,Callianassa mortoni,Callianassa mortoni,3495,3514,11.43,2,SP_NOV,,,Exact,0,Callianassa mortoni Rathbun 1935,Callianassa mortoni,348708,172,PaleoBioDB,
10,Callianassa faujasi,Callianassa faujasi,6742,6761,10.56,2,NO_ANNOT,,,Exact,0,Callianassa faujasi (Desmarest 1822),Callianassa faujasi,218219,172,PaleoBioDB,
11,Callianassa conradi,Callianassa conradi,7858,7877,10.38,2,NO_ANNOT,,,Exact,0,Callianassa conradi Pilsbry 1901,Callianassa conradi,218037,172,PaleoBioDB,
12,C. conradi,C. conradi,9011,9021,5.02,2,NO_ANNOT,,,NoMatch,,,,,,,,
13,C. mortoni,C. mortoni,9043,9053,6.07,2,NO_ANNOT,,,NoMatch,,,,,,,,
14,C. conradi,C. conradi,9267,9277,5.02,2,NO_ANNOT,,,NoMatch,,,,,,,,
15,C. mortoni there,C. mortoni there,9404,9420,3.94,3,NO_ANNOT,,,NoMatch,,,,,,,,
16,HOPLOPARIA,Hoploparia,9752,9762,5.02,1,NO_ANNOT,,,Exact,0,"Hoploparia M'Coy, 1849",Hoploparia,urn:lsid:irmng.org:taxname:1424160,181,IRMNG,
17,Hoploparia gabbi,Hoploparia gabbi,10130,10146,8.96,2,SP_NOV,,,Exact,0,Hoploparia gabbi Pilsbry 1901,Hoploparia gabbi,216193,172,PaleoBioDB,
18,Hoploparia gladiator,Hoploparia gladiator,12617,12637,7.39,2,SP_NOV,,,Exact,0,Hoploparia gladiator Pilsbry 1901,Hoploparia gladiator,216197,172,PaleoBioDB,
19,BRACHYURA,Brachyura,14165,14174,5.48,1,NO_ANNOT,,,Exact,0,"Brachyura Latreille, 1802",Brachyura,98276,3,ITIS,
20,Hoploparia,Hoploparia,15906,15916,5.02,1,NO_ANNOT,,,Exact,0,"Hoploparia M'Coy, 1849",Hoploparia,urn:lsid:irmng.org:taxname:1424160,181,IRMNG,
21,Callianassa,Callianassa,16085,16096,5.03,1,NO_ANNOT,,,Exact,0,Callianassa Webb & Berthel.,Callianassa,5T73C,1,Catalogue of Life,
22,Calliana.a conradi.,Calliana�a conradi,16379,16398,3.16,2,NO_ANNOT,,,NoMatch,,,,,,,,
23,Hoploparia gabbi.,Hoploparia gabbi,16527,16544,8.96,2,NO_ANNOT,,,Exact,0,Hoploparia gabbi Pilsbry 1901,Hoploparia gabbi,216193,172,PaleoBioDB,
24,Hoploparia gladiator.,Hoploparia gladiator,16737,16758,7.39,2,NO_ANNOT,,,Exact,0,Hoploparia gladiator Pilsbry 1901,Hoploparia gladiator,216197,172,PaleoBioDB,
25,PRIMATES.,Primates,17191,17200,3.21,1,NO_ANNOT,,,Exact,0,"Primates Linnaeus, 1758",Primates,3W7,1,Catalogue of Life,
26,Primates,Primates,17465,17473,3.21,1,NO_ANNOT,,,Exact,0,"Primates Linnaeus, 1758",Primates,3W7,1,Catalogue of Life,
27,Cynocephalus,Cynocephalus,18365,18377,6.45,1,NO_ANNOT,,,Exact,0,"Cynocephalus Boddaert, 1768",Cynocephalus,3YK7,1,Catalogue of Life,
28,Macacus,Macacus,18401,18408,5.75,1,NO_ANNOT,,,Exact,0,"Macacus Desmarest, 1820",Macacus,urn:lsid:irmng.org:taxname:1366916,181,IRMNG,
29,Simia,Simia,18409,18414,3.93,1,NO_ANNOT,,,Exact,0,Simia Satyrus Linnaeus 1758,Simia,89231532,132,ZooBank,
30,Hylobates,Hylobates,18419,18428,3.38,1,NO_ANNOT,,,Exact,0,"Hylobates Illiger, 1811",Hylobates,5237,1,Catalogue of Life,
31,Ateles,Ateles,20967,20973,2.62,1,NO_ANNOT,,,Exact,0,"Ateles É. Geoffroy Saint-Hilaire, 1806",Ateles,34V3,1,Catalogue of Life,
32,Alouatta,Alouatta,20978,20986,4.69,1,NO_ANNOT,,,Exact,0,"Alouatta Lacépède, 1799",Alouatta,6295H,1,Catalogue of Life,
33,Microcebus,Microcebus,21565,21575,4.64,1,NO_ANNOT,,,Exact,0,"Microcebus É. Geoffroy Saint-Hilaire, 1834",Microcebus,63B2M,1,Catalogue of Life,
34,Galago.,Galago,21580,21587,2.56,1,NO_ANNOT,,,Exact,0,"Galago É. Geoffroy Saint-Hilaire, 1796",Galago,4LR5,1,Catalogue of Life,
35,Primates'',Primates,21672,21682,3.21,1,NO_ANNOT,,,Exact,0,"Primates Linnaeus, 1758",Primates,3W7,1,Catalogue of Life,
36,Indris,Indris,22005,22011,4.34,1,NO_ANNOT,,,Exact,0,"Indris G. Cuvier, 1805",Indris,54DH,1,Catalogue of Life,
37,Indris,Indris,23957,23963,4.34,1,NO_ANNOT,,,Exact,0,"Indris G. Cuvier, 1805",Indris,54DH,1,Catalogue of Life,
38,Arctocebus,Arctocebus,24003,24013,4.64,1,NO_ANNOT,,,Exact,0,"Arctocebus Gray, 1863",Arctocebus,32BW,1,Catalogue of Life,
39,Indrodon,Indrodon,28236,28244,4.01,1,NO_ANNOT,,,Exact,0,"Indrodon Cope, 1884",Indrodon,urn:lsid:irmng.org:taxname:1125470,181,IRMNG,
40,Pliopithecus,Pliopithecus,28936,28948,6.69,1,NO_ANNOT,,,Exact,0,"Pliopithecus Gervais, 1849 or 1850",Pliopithecus,urn:lsid:irmng.org:taxname:1225108,181,IRMNG,
41,Dryopithecus,Dryopithecus,28953,28965,6.69,1,NO_ANNOT,,,Exact,0,"Dryopithecus Lartet, 1857",Dryopithecus,275160,2,Wikispecies,
42,Macacus,Macacus,29220,29227,5.75,1,NO_ANNOT,,,Exact,0,"Macacus Desmarest, 1820",Macacus,urn:lsid:irmng.org:taxname:1366916,181,IRMNG,
43,Primates,Primates,30379,30387,3.21,1,NO_ANNOT,,,Exact,0,"Primates Linnaeus, 1758",Primates,3W7,1,Catalogue of Life,
44,Ateles present,Ateles present,30983,30997,1.93,2,NO_ANNOT,,,PartialExact,0,"Ateles É. Geoffroy Saint-Hilaire, 1806",Ateles,34V3,1,Catalogue of Life,
