Index,Verbatim,Name,Start,End,OddsLog10,Cardinality,AnnotNomenType,WordsBefore,WordsAfter,VerifMatchType,VerifEditDistance,VerifMatchedName,VerifMatchedCanonical,VerifTaxonId,VerifDataSourceId,VerifDataSourceTitle,VerifError
0,MOLLUSCA,Mollusca,9,17,4.51,1,NO_ANNOT,,,Exact,0,Mollusca,Mollusca,M2L,1,Catalogue of Life,
1,Hymenoptera,Hymenoptera,456,467,5.44,1,NO_ANNOT,,,Exact,0,Hymenoptera,Hymenoptera,HYM,1,Catalogue of Life,
2,Orthoptera,Orthoptera,1040,1050,5.31,1,NO_ANNOT,,,Exact,0,Orthoptera,Orthoptera,62294,1,Catalogue of Life,
3,Notes,Notes,1133,1138,2.52,1,NO_ANNOT,,,Exact,0,Notes,Notes,3950760,168,ION,
4,Orthoptera,Orthoptera,1164,1174,5.31,1,NO_ANNOT,,,Exact,0,Orthoptera,Orthoptera,62294,1,Catalogue of Life,
5,Orphulella,Orphulella,1241,1251,6.37,1,NO_ANNOT,,,Exact,0,Orphulella,Orphulella,63HC7,1,Catalogue of Life,
6,ERIGONE,Erigone,1610,1617,3.14,1,NO_ANNOT,,,Exact,0,Erigone,Erigone,633LN,1,Catalogue of Life,
7,NOTES,Notes,1640,1645,2.52,1,NO_ANNOT,,,Exact,0,Notes,Notes,3950760,168,ION,
8,Ceraticelus,Ceraticelus,3126,3137,6.21,1,NO_ANNOT,,,Exact,0,Ceraticelus,Ceraticelus,3KPR,1,Catalogue of Life,
9,Ceratinella,Ceratinella,3300,3311,6.49,1,NO_ANNOT,,,Exact,0,Ceratinella,Ceratinella,62K8Z,1,Catalogue of Life,
10,C. hrunnea,C. hrunnea,3347,3357,5.87,2,NO_ANNOT,,,NoMatch,,,,,,,,
11,Ceraticelus brunneus,Ceraticelus brunneus,3396,3416,12.97,2,NO_ANNOT,,,Exact,0,"Ceraticelus brunneus Simon, 1884",Ceraticelus brunneus,95285177,169,uBio NameBank,
12,L. frontalis,L. frontalis,3497,3509,6.97,2,NO_ANNOT,,,NoMatch,,,,,,,,
13,Ceratinella,Ceratinella,3587,3598,6.49,1,NO_ANNOT,,,Exact,0,Ceratinella,Ceratinella,62K8Z,1,Catalogue of Life,
14,Ceraticelus,Ceraticelus,3712,3723,6.21,1,NO_ANNOT,,,Exact,0,Ceraticelus,Ceraticelus,3KPR,1,Catalogue of Life,
15,Erigone,Erigone,3770,3777,3.14,1,NO_ANNOT,,,Exact,0,Erigone,Erigone,633LN,1,Catalogue of Life,
16,Ceratinella,Ceratinella,3778,3789,6.49,1,NO_ANNOT,,,Exact,0,Ceratinella,Ceratinella,62K8Z,1,Catalogue of Life,
17,C. alticeps,C. alticeps,3828,3839,5.89,2,NO_ANNOT,,,NoMatch,,,,,,,,
18,Erigone,Erigone,3844,3851,3.14,1,NO_ANNOT,,,Exact,0,Erigone,Erigone,633LN,1,Catalogue of Life,
19,Ceratinella,Ceratinella,3852,3863,6.49,1,NO_ANNOT,,,Exact,0,Ceratinella,Ceratinella,62K8Z,1,Catalogue of Life,
20,C. atriceps,C. atriceps,3882,3893,5.89,2,NO_ANNOT,,,NoMatch,,,,,,,,
21,Erigone,Erigone,3901,3908,3.14,1,NO_ANNOT,,,Exact,0,Erigone,Erigone,633LN,1,Catalogue of Life,
22,Ceratinella atriceps,Ceratinella atriceps,3960,3980,12.72,2,NO_ANNOT,,,Exact,0,"Ceratinella atriceps Emerton, 1882",Ceratinella atriceps,95285014,169,uBio NameBank,
23,Ceraticelus atriceps,Ceraticelus atriceps,4035,4055,12.44,2,NO_ANNOT,,,Exact,0,"Ceraticelus atriceps (O. Pickard-Cambridge, 1874)",Ceraticelus atriceps,SL8V,1,Catalogue of Life,
24,Ceratinella,Ceratinella,4105,4116,6.49,1,NO_ANNOT,,,Exact,0,Ceratinella,Ceratinella,62K8Z,1,Catalogue of Life,
25,Ceratinella hulbosa,Ceratinella hulbosa,4196,4215,8.58,2,NO_ANNOT,,,Fuzzy,1,"Ceratinella bulbosa Emerton, 1882",Ceratinella bulbosa,gn_9205,186,MCZbase,
26,C. emertoni,C. emertoni,4283,4294,6.27,2,NO_ANNOT,,,NoMatch,,,,,,,,
27,Erigone,Erigone,4302,4309,3.14,1,NO_ANNOT,,,Exact,0,Erigone,Erigone,633LN,1,Catalogue of Life,
28,Ceratinella emertoni,Ceratinella emertoni,4361,4381,13.09,2,NO_ANNOT,,,Exact,0,"Ceratinella emertoni Emerton, 1882",Ceratinella emertoni,95285040,169,uBio NameBank,
29,Ceraticelus emertoni,Ceraticelus emertoni,4433,4453,12.81,2,NO_ANNOT,,,Exact,0,"Ceraticelus emertoni (O. Pickard-Cambridge, 1874)",Ceraticelus emertoni,SL95,1,Catalogue of Life,
30,Ceratinella similis,Ceratinella similis,4486,4505,13.43,2,NO_ANNOT,,,Exact,0,"Ceratinella similis Banks, 1892",Ceratinella similis,gn_77095,186,MCZbase,
31,C. fissiceps,C. fissiceps,4571,4583,6.06,2,NO_ANNOT,,,NoMatch,,,,,,,,
32,Erigone,Erigone,4591,4598,3.14,1,NO_ANNOT,,,Exact,0,Erigone,Erigone,633LN,1,Catalogue of Life,
33,Erigone fissiceps,Erigone fissiceps,4647,4664,9.53,2,NO_ANNOT,,,Exact,0,Erigone fissiceps O. Pickard-Cambridge 1874,Erigone fissiceps,5150881,168,ION,
34,Ceratinella fissiceps,Ceratinella fissiceps,4723,4744,12.88,2,NO_ANNOT,,,Exact,0,"Ceratinella fissiceps Emerton, 1882",Ceratinella fissiceps,95285048,169,uBio NameBank,
35,Ceraticelus fissiceps,Ceraticelus fissiceps,4796,4817,12.60,2,NO_ANNOT,,,Exact,0,"Ceraticelus fissiceps (O. Pickard-Cambridge, 1874)",Ceraticelus fissiceps,SL97,1,Catalogue of Life,
36,Ceratinella fissiceps,Ceratinella fissiceps,4850,4871,12.88,2,NO_ANNOT,,,Exact,0,"Ceratinella fissiceps Emerton, 1882",Ceratinella fissiceps,95285048,169,uBio NameBank,
37,C. formosus,C. formosus,4914,4925,6.61,2,NO_ANNOT,,,NoMatch,,,,,,,,
38,Ceratinella,Ceratinella,4932,4943,6.49,1,NO_ANNOT,,,Exact,0,Ceratinella,Ceratinella,62K8Z,1,Catalogue of Life,
39,Iclionella forynosa,Iclionella forynosa,5004,5023,2.34,2,NO_ANNOT,,,NoMatch,,,,,,,,
40,C. innominabilis,C. innominabilis,5067,5083,7.32,2,NO_ANNOT,,,NoMatch,,,,,,,,
41,Ceratinella,Ceratinella,5090,5101,6.49,1,NO_ANNOT,,,Exact,0,Ceratinella,Ceratinella,62K8Z,1,Catalogue of Life,
42,Erigone,Erigone,5184,5191,3.14,1,NO_ANNOT,,,Exact,0,Erigone,Erigone,633LN,1,Catalogue of Life,
43,Ceratinella ketabilis,Ceratinella ketabilis,5240,5261,8.76,2,NO_ANNOT,,,PartialExact,0,Ceratinella,Ceratinella,62K8Z,1,Catalogue of Life,
44,Ceraticelus,Ceraticelus,5313,5324,6.21,1,NO_ANNOT,,,Exact,0,Ceraticelus,Ceraticelus,3KPR,1,Catalogue of Life,
45,Erigone,Erigone,5448,5455,3.14,1,NO_ANNOT,,,Exact,0,Erigone,Erigone,633LN,1,Catalogue of Life,
46,Ceraticelus ketus,Ceraticelus ketus,5572,5589,12.77,2,NO_ANNOT,,,PartialExact,0,Ceraticelus,Ceraticelus,3KPR,1,Catalogue of Life,
47,1884Erigone,Erigone,5617,5628,3.14,1,NO_ANNOT,,,Exact,0,Erigone,Erigone,633LN,1,Catalogue of Life,
48,C. melanocnemis,C. melanocnemis,5691,5706,6.78,2,NO_ANNOT,,,NoMatch,,,,,,,,
49,Erigone,Erigone,5711,5718,3.14,1,NO_ANNOT,,,Exact,0,Erigone,Erigone,633LN,1,Catalogue of Life,
50,C. minutus,C. minutus,5768,5778,7.03,2,NO_ANNOT,,,NoMatch,,,,,,,,
51,CeratineUa minuta,Ceratineua minuta,5842,5859,3.31,2,NO_ANNOT,,,NoMatch,,,,,,,,
52,C. micropalpis,C. micropalpis,5938,5952,6.52,2,NO_ANNOT,,,NoMatch,,,,,,,,
53,Ceraticelus,Ceraticelus,6016,6027,6.21,1,NO_ANNOT,,,Exact,0,Ceraticelus,Ceraticelus,3KPR,1,Catalogue of Life,
54,C. occidentalis,C. occidentalis,6073,6088,7.29,2,NO_ANNOT,,,NoMatch,,,,,,,,
55,C. parvulus,C. parvulus,6149,6160,6.64,2,NO_ANNOT,,,NoMatch,,,,,,,,
56,Erigone,Erigone,6165,6172,3.14,1,NO_ANNOT,,,Exact,0,Erigone,Erigone,633LN,1,Catalogue of Life,
57,C. placidus,C. placidus,6220,6231,6.26,2,NO_ANNOT,,,NoMatch,,,,,,,,
58,C. pygmceus,C. pygmceus,6310,6321,6.43,2,NO_ANNOT,,,NoMatch,,,,,,,,
59,CeratineUa pygmcea,Ceratineua pygmcea,6417,6435,3.77,2,NO_ANNOT,,,NoMatch,,,,,,,,
60,C. rugosus,C. rugosus,6498,6508,6.41,2,SP_NOV,,,NoMatch,,,,,,,,
61,C. tibialis,C. tibialis,6516,6527,6.80,2,NO_ANNOT,,,NoMatch,,,,,,,,
62,Erigone,Erigone,6532,6539,3.14,1,NO_ANNOT,,,Exact,0,Erigone,Erigone,633LN,1,Catalogue of Life,
63,T. laticeps,T. laticeps,6637,6648,5.89,2,NO_ANNOT,,,NoMatch,,,,,,,,
64,ExECHOPHYsis,Exechophysis,6710,6722,5.47,1,NO_ANNOT,,,Exact,0,"Exechophysis Simon, 1884",Exechophysis,urn:lsid:irmng.org:taxname:1126143,181,IRMNG,
65,E. plumalis,E. plumalis,6755,6766,6.80,2,SP_NOV,,,NoMatch,,,,,,,,
66,Troxochrus,Troxochrus,6774,6784,5.60,1,NO_ANNOT,,,Exact,0,Troxochrus,Troxochrus,836L,1,Catalogue of Life,
67,MiNYRiOLUS,Minyriolus,6855,6865,6.09,1,NO_ANNOT,,,Exact,0,Minyriolus,Minyriolus,5TG9,1,Catalogue of Life,
68,M. scopuliferus,M. scopuliferus,6898,6913,6.95,2,NO_ANNOT,,,NoMatch,,,,,,,,
69,Panamomops,Panamomops,7014,7024,4.57,1,NO_ANNOT,,,Exact,0,Panamomops,Panamomops,6D3H,1,Catalogue of Life,
70,P. quadricristatus,P. quadricristatus,7057,7075,8.38,2,NO_ANNOT,,,NoMatch,,,,,,,,
71,DiPLOCEPHALus,Diplocephalus,7175,7188,6.54,1,NO_ANNOT,,,Exact,0,Diplocephalus,Diplocephalus,4676,1,Catalogue of Life,
72,D. castaneus,D. castaneus,7230,7242,6.59,2,NO_ANNOT,,,NoMatch,,,,,,,,
73,Lophocarenum,Lophocarenum,7247,7259,5.48,1,NO_ANNOT,,,Exact,0,"Lophocarenum Menge, 1868",Lophocarenum,urn:lsid:irmng.org:taxname:1127621,181,IRMNG,
74,Erigone castanea,Erigone castanea,7308,7324,9.54,2,NO_ANNOT,,,Exact,0,"Erigone castanea Marx, 1890",Erigone castanea,95298527,169,uBio NameBank,
75,Lophocarenum,Lophocarenum,7368,7380,5.48,1,NO_ANNOT,,,Exact,0,"Lophocarenum Menge, 1868",Lophocarenum,urn:lsid:irmng.org:taxname:1127621,181,IRMNG,
76,Diploccphalus castaneus,Diploccphalus castaneus,7453,7476,7.15,2,NO_ANNOT,,,Fuzzy,1,"Diplocephalus castaneus Simon, 1894",Diplocephalus castaneus,95298529,169,uBio NameBank,
77,Lophocarenum,Lophocarenum,7563,7575,5.48,1,NO_ANNOT,,,Exact,0,"Lophocarenum Menge, 1868",Lophocarenum,urn:lsid:irmng.org:taxname:1127621,181,IRMNG,
78,D. crenatus,D. crenatus,7639,7650,7.23,2,NO_ANNOT,,,NoMatch,,,,,,,,
79,Lophocarenum,Lophocarenum,7655,7667,5.48,1,NO_ANNOT,,,Exact,0,"Lophocarenum Menge, 1868",Lophocarenum,urn:lsid:irmng.org:taxname:1127621,181,IRMNG,
80,Erigone crenatum,Erigone crenatum,7714,7730,10.37,2,NO_ANNOT,,,Exact,0,"Erigone crenatum Marx, 1890",Erigone crenatum,95285259,169,uBio NameBank,
81,Diplocephalus crenatus,Diplocephalus crenatus,7775,7797,14.10,2,NO_ANNOT,,,Exact,0,"Diplocephalus crenatus Simon, 1894",Diplocephalus crenatus,95285261,169,uBio NameBank,
82,D. cristatus,D. cristatus,7837,7849,7.39,2,NO_ANNOT,,,NoMatch,,,,,,,,
83,Walckenaeria,Walckenaeria,7858,7870,5.37,1,NO_ANNOT,,,Exact,0,Walckenaeria,Walckenaeria,87FD,1,Catalogue of Life,
84,Theridium bicorne,Theridium bicorne,7920,7937,10.03,2,NO_ANNOT,,,Exact,0,"Theridium bicorne Keyserling, 1891",Theridium bicorne,95277697,169,uBio NameBank,
85,Micryphantes ccespitum,Micryphantes ccespitum,7989,8011,6.27,2,NO_ANNOT,,,Fuzzy,1,Micryphantes caespitum,Micryphantes caespitum,100010,183,Sherborn Index Animalium,
86,Argus hicornis,Argus hicornis,8107,8121,6.27,2,NO_ANNOT,,,Fuzzy,1,Argus bicornis,Argus bicornis,82849,183,Sherborn Index Animalium,
87,Erigone hicornis,Erigone hicornis,8156,8172,10.16,2,NO_ANNOT,,,Fuzzy,1,"Erigone bicornis Westring, 1851",Erigone bicornis,95285915,169,uBio NameBank,
88,Walckenaeria cristata,Walckenaeria cristata,8228,8249,13.12,2,NO_ANNOT,,,Exact,0,Walckenaeria cristata,Walckenaeria cristata,134235,183,Sherborn Index Animalium,
89,Micryphantes ccespitum,Micryphantes ccespitum,8307,8329,6.27,2,NO_ANNOT,,,Fuzzy,1,Micryphantes caespitum,Micryphantes caespitum,100010,183,Sherborn Index Animalium,
90,Lophomma,Lophomma,8369,8377,5.24,1,NO_ANNOT,,,Exact,0,Lophomma,Lophomma,5GLV,1,Catalogue of Life,
91,Erigone cristata,Erigone cristata,8441,8457,10.88,2,NO_ANNOT,,,Exact,0,"Erigone cristata Villeneuve, 1920",Erigone cristata,8C2Z6,1,Catalogue of Life,
92,Lophomma cristata,Lophomma cristata,8540,8557,12.98,2,NO_ANNOT,,,Exact,0,"Lophomma cristata Emerton, 1882",Lophomma cristata,95285922,169,uBio NameBank,
93,Prosoponcus cristatus,Prosoponcus cristatus,8606,8627,14.18,2,NO_ANNOT,,,Exact,0,"Prosoponcus cristatus Simon, 1884",Prosoponcus cristatus,95285923,169,uBio NameBank,
94,1884Erigone cristata,Erigone cristata,8654,8674,10.88,2,NO_ANNOT,,,Exact,0,"Erigone cristata Villeneuve, 1920",Erigone cristata,8C2Z6,1,Catalogue of Life,
95,Diplocephalus cristatus,Diplocephalus cristatus,8714,8737,14.26,2,NO_ANNOT,,,Exact,0,"Diplocephalus cristatus (Blackwall, 1833)",Diplocephalus cristatus,36JPC,1,Catalogue of Life,
96,D. depressus,D. depressus,8885,8897,6.77,2,NO_ANNOT,,,NoMatch,,,,,,,,
97,Lophocarenum,Lophocarenum,8902,8914,5.48,1,NO_ANNOT,,,Exact,0,"Lophocarenum Menge, 1868",Lophocarenum,urn:lsid:irmng.org:taxname:1127621,181,IRMNG,
98,Erigone depressa,Erigone depressa,8962,8978,5.89,2,NO_ANNOT,,,Exact,0,"Erigone depressa Marx, 1890",Erigone depressa,95290775,169,uBio NameBank,
99,Diplocephalus depressus,Diplocephalus depressus,9023,9046,13.64,2,NO_ANNOT,,,Exact,0,"Diplocephalus depressus Simon, 1894",Diplocephalus depressus,95290776,169,uBio NameBank,
100,1894D. erigonoides,D. erigonoides,9080,9098,6.41,2,NO_ANNOT,,,NoMatch,,,,,,,,
101,Lophocarenum,Lophocarenum,9103,9115,5.48,1,NO_ANNOT,,,Exact,0,"Lophocarenum Menge, 1868",Lophocarenum,urn:lsid:irmng.org:taxname:1127621,181,IRMNG,
102,Erigone erigonoides,Erigone erigonoides,9163,9182,9.89,2,NO_ANNOT,,,Exact,0,"Erigone erigonoides Petrunkevitch, 1911",Erigone erigonoides,95286983,169,uBio NameBank,
103,Lophocarenum erigonoides,Lophocarenum erigonoides,9227,9251,12.23,2,NO_ANNOT,,,Exact,0,"Lophocarenum erigonoides Emerton, 1882",Lophocarenum erigonoides,gn_69738,186,MCZbase,
104,Diplocephalus erigonoides,Diplocephalus erigonoides,9312,9337,13.28,2,NO_ANNOT,,,Exact,0,"Diplocephalus erigonoides Simon, 1894",Diplocephalus erigonoides,95286981,169,uBio NameBank,
105,D. exiguus,D. exiguus,9377,9387,5.26,2,NO_ANNOT,,,NoMatch,,,,,,,,
106,Lophocarenum,Lophocarenum,9394,9406,5.48,1,NO_ANNOT,,,Exact,0,"Lophocarenum Menge, 1868",Lophocarenum,urn:lsid:irmng.org:taxname:1127621,181,IRMNG,
107,D. formosus,D. formosus,9464,9475,6.61,2,NO_ANNOT,,,NoMatch,,,,,,,,
108,Lophocarenum,Lophocarenum,9482,9494,5.48,1,NO_ANNOT,,,Exact,0,"Lophocarenum Menge, 1868",Lophocarenum,urn:lsid:irmng.org:taxname:1127621,181,IRMNG,
109,D. latus,D. latus,9564,9572,6.23,2,NO_ANNOT,,,NoMatch,,,,,,,,
110,Lophocarenum,Lophocarenum,9577,9589,5.48,1,NO_ANNOT,,,Exact,0,"Lophocarenum Menge, 1868",Lophocarenum,urn:lsid:irmng.org:taxname:1127621,181,IRMNG,
111,Erigone lata,Erigone lata,9636,9648,9.24,2,NO_ANNOT,,,Exact,0,"Erigone lata Song & Li, 2008",Erigone lata,6GPWY,1,Catalogue of Life,
112,Diplocephalus latus,Diplocephalus latus,9691,9710,13.10,2,NO_ANNOT,,,Exact,0,"Diplocephalus latus Simon, 1894",Diplocephalus latus,95285269,169,uBio NameBank,
113,1894D. lobiceps,D. lobiceps,9744,9759,5.89,2,NO_ANNOT,,,NoMatch,,,,,,,,
114,D. longior,D. longior,9811,9821,5.37,2,NO_ANNOT,,,NoMatch,,,,,,,,
115,Lophocarenum,Lophocarenum,9828,9840,5.48,1,NO_ANNOT,,,Exact,0,"Lophocarenum Menge, 1868",Lophocarenum,urn:lsid:irmng.org:taxname:1127621,181,IRMNG,
116,D. montanus,D. montanus,9900,9911,6.75,2,NO_ANNOT,,,NoMatch,,,,,,,,
117,Lophocarenum,Lophocarenum,9915,9927,5.48,1,NO_ANNOT,,,Exact,0,"Lophocarenum Menge, 1868",Lophocarenum,urn:lsid:irmng.org:taxname:1127621,181,IRMNG,
118,Erigone montana,Erigone montana,9974,9989,6.38,2,NO_ANNOT,,,PartialExact,0,Erigone,Erigone,633LN,1,Catalogue of Life,
119,Diplocephalus montanus,Diplocephalus montanus,10034,10056,13.62,2,NO_ANNOT,,,Exact,0,"Diplocephalus montanus Eskov, 1988",Diplocephalus montanus,36JQ6,1,Catalogue of Life,
120,1894D. parvus,D. parvus,10087,10100,5.21,2,NO_ANNOT,,,NoMatch,,,,,,,,
121,Lophocarenum,Lophocarenum,10107,10119,5.48,1,NO_ANNOT,,,Exact,0,"Lophocarenum Menge, 1868",Lophocarenum,urn:lsid:irmng.org:taxname:1127621,181,IRMNG,
122,Erigone,Erigone,10192,10199,3.14,1,NO_ANNOT,,,Exact,0,Erigone,Erigone,633LN,1,Catalogue of Life,
123,Lophocarenum,Lophocarenum,10265,10277,5.48,1,NO_ANNOT,,,Exact,0,"Lophocarenum Menge, 1868",Lophocarenum,urn:lsid:irmng.org:taxname:1127621,181,IRMNG,
124,Erigone simplex,Erigone simplex,10325,10340,5.60,2,NO_ANNOT,,,Exact,0,"Erigone simplex Marx, 1890",Erigone simplex,95296782,169,uBio NameBank,
125,Diplocephalus simplex,Diplocephalus simplex,10385,10406,9.00,2,NO_ANNOT,,,Exact,0,"Diplocephalus simplex Simon, 1894",Diplocephalus simplex,95296784,169,uBio NameBank,
126,Lophocarenum,Lophocarenum,10468,10480,5.48,1,NO_ANNOT,,,Exact,0,"Lophocarenum Menge, 1868",Lophocarenum,urn:lsid:irmng.org:taxname:1127621,181,IRMNG,
127,Tapinocyba,Tapinocyba,10541,10551,4.45,1,NO_ANNOT,,,Exact,0,Tapinocyba,Tapinocyba,7SP6,1,Catalogue of Life,
128,T. distincta,T. distincta,10584,10596,6.49,2,NO_ANNOT,,,NoMatch,,,,,,,,
129,Tmeticus,Tmeticus,10603,10611,6.00,1,NO_ANNOT,,,Exact,0,Tmeticus,Tmeticus,7XCY,1,Catalogue of Life,
130,PocADicNEMis,Pocadicnemis,10669,10681,5.97,1,NO_ANNOT,,,Exact,0,Pocadicnemis,Pocadicnemis,6T96,1,Catalogue of Life,
131,Lophocarenum,Lophocarenum,10732,10744,5.48,1,NO_ANNOT,,,Exact,0,"Lophocarenum Menge, 1868",Lophocarenum,urn:lsid:irmng.org:taxname:1127621,181,IRMNG,
132,Erigone longituba,Erigone longituba,10825,10842,8.73,2,NO_ANNOT,,,Exact,0,"Erigone longituba Petrunkevitch, 1911",Erigone longituba,95294800,169,uBio NameBank,
133,Pocadicnemis,Pocadicnemis,10888,10900,5.97,1,NO_ANNOT,,,Exact,0,Pocadicnemis,Pocadicnemis,6T96,1,Catalogue of Life,
134,Caracladus,Caracladus,10951,10961,5.13,1,NO_ANNOT,,,Exact,0,Caracladus,Caracladus,3H92,1,Catalogue of Life,
135,C. gigas,C. gigas,10994,11002,3.92,2,NO_ANNOT,,,NoMatch,,,,,,,,
136,Erigonoplus,Erigonoplus,11009,11020,6.21,1,NO_ANNOT,,,Exact,0,Erigonoplus,Erigonoplus,62RLQ,1,Catalogue of Life,
137,Delorrhipis,Delorrhipis,11052,11063,5.98,1,NO_ANNOT,,,Exact,0,"Delorrhipis Simon, 1884",Delorrhipis,urn:lsid:irmng.org:taxname:1211673,181,IRMNG,
138,D. monocerus,D. monocerus,11095,11107,6.63,2,NO_ANNOT,,,NoMatch,,,,,,,,
139,Erigone monocerus,Erigone monocerus,11149,11166,10.11,2,NO_ANNOT,,,Fuzzy,1,"Erigone monoceros Keyserling, 1886",Erigone monoceros,95285642,169,uBio NameBank,
140,D. unicornis,D. unicornis,11226,11238,6.85,2,NO_ANNOT,,,NoMatch,,,,,,,,
141,Tmeticus,Tmeticus,11245,11253,6.00,1,NO_ANNOT,,,Exact,0,Tmeticus,Tmeticus,7XCY,1,Catalogue of Life,
142,Delorrhipis monocerus,Delorrhipis monocerus,11317,11338,12.95,2,NO_ANNOT,,,Fuzzy,1,"Delorrhipis monoceros Keyserling, 1884",Delorrhipis monoceros,102528817,169,uBio NameBank,
143,LoPHOMMA,Lophomma,11386,11394,5.24,1,NO_ANNOT,,,Exact,0,Lophomma,Lophomma,5GLV,1,Catalogue of Life,
144,L. longitarsus,L. longitarsus,11430,11444,7.19,2,NO_ANNOT,,,NoMatch,,,,,,,,
145,Lophocarenum,Lophocarenum,11449,11461,5.48,1,NO_ANNOT,,,Exact,0,"Lophocarenum Menge, 1868",Lophocarenum,urn:lsid:irmng.org:taxname:1127621,181,IRMNG,
146,Erigone longitarsis,Erigone longitarsis,11542,11561,11.07,2,NO_ANNOT,,,Exact,0,"Erigone longitarsis Marx, 1890",Erigone longitarsis,95283764,169,uBio NameBank,
147,Lophomma longitarsus,Lophomma longitarsus,11606,11626,12.77,2,NO_ANNOT,,,Exact,0,"Lophomma longitarsus Simon, 1894",Lophomma longitarsus,95283763,169,uBio NameBank,
148,AcARTAUCHENius,Acartauchenius,11671,11685,5.82,1,NO_ANNOT,,,Exact,0,Acartauchenius,Acartauchenius,MHN,1,Catalogue of Life,
149,A. columbiensis,A. columbiensis,11718,11733,7.49,2,SP_NOV,,,NoMatch,,,,,,,,
150,A. texana,A. texana,11741,11750,6.12,2,NO_ANNOT,,,NoMatch,,,,,,,,
151,Prosopotheca,Prosopotheca,11794,11806,5.46,1,NO_ANNOT,,,Exact,0,"Prosopotheca Simon, 1882",Prosopotheca,urn:lsid:irmng.org:taxname:1237322,181,IRMNG,
152,P. brevicornis,P. brevicornis,11839,11853,7.27,2,NO_ANNOT,,,NoMatch,,,,,,,,
153,Cornicularia,Cornicularia,11858,11870,5.37,1,NO_ANNOT,,,Exact,0,Cornicularia,Cornicularia,62N2M,1,Catalogue of Life,
154,Erigone hrevicornis,Erigone hrevicornis,11949,11968,10.74,2,NO_ANNOT,,,Fuzzy,1,"Erigone brevicornis Marx, 1890",Erigone brevicornis,95298486,169,uBio NameBank,
155,Prosopoiheca hrevicornis,Prosopoiheca hrevicornis,12013,12037,6.76,2,NO_ANNOT,,,NoMatch,,,,,,,,
156,1894P. communis,P. communis,12071,12086,6.69,2,NO_ANNOT,,,NoMatch,,,,,,,,
157,Cornicularia,Cornicularia,12091,12103,5.37,1,NO_ANNOT,,,Exact,0,Cornicularia,Cornicularia,62N2M,1,Catalogue of Life,
158,Erigone communis,Erigone communis,12184,12200,10.16,2,NO_ANNOT,,,Exact,0,"Erigone communis Marx, 1890",Erigone communis,95298571,169,uBio NameBank,
159,Lophocarenum arvensis,Lophocarenum arvensis,12245,12266,12.83,2,NO_ANNOT,,,Exact,0,"Lophocarenum arvensis Banks, 1892",Lophocarenum arvensis,gn_50591,186,MCZbase,
160,Prosopotheca communis,Prosopotheca communis,12330,12351,12.48,2,NO_ANNOT,,,Exact,0,"Prosopotheca communis Simon, 1884",Prosopotheca communis,95298570,169,uBio NameBank,
161,1894P. directa,P. directa,12385,12399,6.14,2,NO_ANNOT,,,NoMatch,,,,,,,,
162,Erigone,Erigone,12407,12414,3.14,1,NO_ANNOT,,,Exact,0,Erigone,Erigone,633LN,1,Catalogue of Life,
163,1874Erigone provida,Erigone provida,12460,12479,9.80,2,NO_ANNOT,,,Exact,0,Erigone provida,Erigone provida,96779481,169,uBio NameBank,
164,Cornicidaria directa,Cornicidaria directa,12540,12560,5.54,2,NO_ANNOT,,,NoMatch,,,,,,,,
165,Prosopotheca directa,Prosopotheca directa,12610,12630,11.93,2,NO_ANNOT,,,Exact,0,"Prosopotheca directa Simon, 1884",Prosopotheca directa,95298676,169,uBio NameBank,
166,Erigone directa,Erigone directa,12663,12678,9.61,2,NO_ANNOT,,,Exact,0,Erigone directa,Erigone directa,96779480,169,uBio NameBank,
167,Prosopotheca directa,Prosopotheca directa,12723,12743,11.93,2,NO_ANNOT,,,Exact,0,"Prosopotheca directa Simon, 1884",Prosopotheca directa,95298676,169,uBio NameBank,
168,1894Cornicularia directa,Cornicularia directa,12777,12801,11.84,2,NO_ANNOT,,,Exact,0,"Cornicularia directa Emerton, 1882",Cornicularia directa,95298675,169,uBio NameBank,
169,Cornicularia,Cornicularia,12861,12873,5.37,1,NO_ANNOT,,,Exact,0,Cornicularia,Cornicularia,62N2M,1,Catalogue of Life,
170,Lophocarenum ven.ustum,Lophocarenum ven�ustum,12930,12952,8.27,2,NO_ANNOT,,,Fuzzy,1,"Lophocarenum venustum Banks, 1892",Lophocarenum venustum,gn_82680,186,MCZbase,
171,Tmeiicus luxuosus,Tmeiicus luxuosus,12991,13008,6.63,2,NO_ANNOT,,,Fuzzy,1,"Tmeticus luxuosus Banks, 1892",Tmeticus luxuosus,gn_71729,186,MCZbase,
172,P. humiliceps,P. humiliceps,13047,13060,6.17,2,NO_ANNOT,,,NoMatch,,,,,,,,
173,Erigone,Erigone,13067,13074,3.14,1,NO_ANNOT,,,Exact,0,Erigone,Erigone,633LN,1,Catalogue of Life,
174,P. indirecta,P. indirecta,13129,13141,6.49,2,NO_ANNOT,,,NoMatch,,,,,,,,
175,Erigone,Erigone,13149,13156,3.14,1,NO_ANNOT,,,Exact,0,Erigone,Erigone,633LN,1,Catalogue of Life,
176,Cornicularia indirecta,Cornicularia indirecta,13207,13229,12.20,2,NO_ANNOT,,,Exact,0,"Cornicularia indirecta Kaston, 1948",Cornicularia indirecta,95298801,169,uBio NameBank,
177,Prosopotheca indirecta,Prosopotheca indirecta,13280,13302,12.29,2,NO_ANNOT,,,Exact,0,"Prosopotheca indirecta Simon, 1884",Prosopotheca indirecta,95298798,169,uBio NameBank,
178,1884Erigone indirecta,Erigone indirecta,13329,13350,9.97,2,NO_ANNOT,,,Exact,0,"Erigone indirecta Keyserling, 1886",Erigone indirecta,95298799,169,uBio NameBank,
179,Prosopoiheca indirecta,Prosopoiheca indirecta,13454,13476,5.98,2,NO_ANNOT,,,Fuzzy,1,"Prosopotheca indirecta Simon, 1884",Prosopotheca indirecta,95298798,169,uBio NameBank,
180,1894P. miniata,P. miniata,13508,13522,7.21,2,NO_ANNOT,,,NoMatch,,,,,,,,
181,Lophocarenum,Lophocarenum,13529,13541,5.48,1,NO_ANNOT,,,Exact,0,"Lophocarenum Menge, 1868",Lophocarenum,urn:lsid:irmng.org:taxname:1127621,181,IRMNG,
182,P.␤minuta,P. minuta,13597,13606,5.53,2,NO_ANNOT,,,NoMatch,,,,,,,,
183,Cornicularia,Cornicularia,13611,13623,5.37,1,NO_ANNOT,,,Exact,0,Cornicularia,Cornicularia,62N2M,1,Catalogue of Life,
184,Erigone paullula,Erigone paullula,13703,13719,9.97,2,NO_ANNOT,,,Exact,0,"Erigone paullula Marx, 1890",Erigone paullula,95298891,169,uBio NameBank,
185,Prosopotheca minuta,Prosopotheca minuta,13775,13794,11.33,2,NO_ANNOT,,,Exact,0,"Prosopotheca minuta Crosby & Bishop, 1928",Prosopotheca minuta,95296716,169,uBio NameBank,
186,P. pallida,P. pallida,13834,13844,6.33,2,NO_ANNOT,,,NoMatch,,,,,,,,
187,Erigone pallida,Erigone pallida,13939,13954,9.80,2,NO_ANNOT,,,Exact,0,"Erigone pallida Marx, 1890",Erigone pallida,95299028,169,uBio NameBank,
188,Prosopotheca pallida,Prosopotheca pallida,13999,14019,12.12,2,NO_ANNOT,,,Exact,0,"Prosopotheca pallida Simon, 1894",Prosopotheca pallida,95299029,169,uBio NameBank,
189,P. spiralis,P. spiralis,14059,14070,6.80,2,NO_ANNOT,,,NoMatch,,,,,,,,
190,Spiropalpus,Spiropalpus,14075,14086,6.19,1,NO_ANNOT,,,Exact,0,"Spiropalpus Emerton, 1882",Spiropalpus,urn:lsid:irmng.org:taxname:1414335,181,IRMNG,
191,Cornicularia vigilax,Cornicularia vigilax,14133,14153,9.65,2,NO_ANNOT,,,Exact,0,"Cornicularia vigilax (Blackwall, 1853)",Cornicularia vigilax,10282743,11,GBIF Backbone Taxonomy,
192,P. tibialis,P. tibialis,14227,14238,6.80,2,NO_ANNOT,,,NoMatch,,,,,,,,
193,Cornicularia,Cornicularia,14243,14255,5.37,1,NO_ANNOT,,,Exact,0,Cornicularia,Cornicularia,62N2M,1,Catalogue of Life,
194,Erigone tibialis,Erigone tibialis,14302,14318,10.28,2,NO_ANNOT,,,Exact,0,"Erigone tibialis Marx, 1890",Erigone tibialis,95299137,169,uBio NameBank,
195,Prosopotheca tibialis,Prosopotheca tibialis,14364,14385,12.60,2,NO_ANNOT,,,Exact,0,"Prosopotheca tibialis Simon, 1884",Prosopotheca tibialis,95299136,169,uBio NameBank,
196,P. transversa,P. transversa,14425,14438,5.85,2,SP_NOV,,,NoMatch,,,,,,,,
197,Cornicularia,Cornicularia,14446,14458,5.37,1,NO_ANNOT,,,Exact,0,Cornicularia,Cornicularia,62N2M,1,Catalogue of Life,
198,C. auranticeps,C. auranticeps,14494,14508,6.48,2,NO_ANNOT,,,NoMatch,,,,,,,,
199,Erigone auranticeps,Erigone auranticeps,14591,14610,9.95,2,NO_ANNOT,,,Exact,0,"Erigone auranticeps Marx, 1890",Erigone auranticeps,95298470,169,uBio NameBank,
200,Cornicularia auranticeps,Cornicularia auranticeps,14655,14679,12.19,2,NO_ANNOT,,,Exact,0,"Cornicularia auranticeps Emerton, 1882",Cornicularia auranticeps,gn_93501,186,MCZbase,
201,C. clavicornis,C. clavicornis,14719,14733,7.27,2,NO_ANNOT,,,NoMatch,,,,,,,,
202,Erigone clavicornis,Erigone clavicornis,14817,14836,10.74,2,NO_ANNOT,,,Exact,0,"Erigone clavicornis Marx, 1890",Erigone clavicornis,95298543,169,uBio NameBank,
203,Cornicularia clavicornis,Cornicularia clavicornis,14881,14905,12.98,2,NO_ANNOT,,,Exact,0,"Cornicularia clavicornis Emerton, 1882",Cornicularia clavicornis,gn_39747,186,MCZbase,
204,C. placida,C. placida,14945,14955,6.33,2,NO_ANNOT,,,NoMatch,,,,,,,,
205,C. recurvata,C. recurvata,15018,15030,7.57,2,NO_ANNOT,,,NoMatch,,,,,,,,
206,C. varipes,C. varipes,15092,15102,5.60,2,NO_ANNOT,,,NoMatch,,,,,,,,
207,TiGELLiNUS,Tigellinus,15144,15154,5.93,1,NO_ANNOT,,,Exact,0,"Tigellinus Simon, 1884",Tigellinus,urn:lsid:irmng.org:taxname:1173216,181,IRMNG,
208,T. tricornis,T. tricornis,15187,15199,6.85,2,NO_ANNOT,,,NoMatch,,,,,,,,
209,Cornicularia,Cornicularia,15204,15216,5.37,1,NO_ANNOT,,,Exact,0,Cornicularia,Cornicularia,62N2M,1,Catalogue of Life,
210,Erigone tricornis,Erigone tricornis,15300,15317,10.32,2,NO_ANNOT,,,Exact,0,"Erigone tricornis Marx, 1890",Erigone tricornis,95299144,169,uBio NameBank,
211,TigeUinus tricornis,Tigeuinus tricornis,15362,15381,6.64,2,NO_ANNOT,,,NoMatch,,,,,,,,
212,Trachelocamptus,Trachelocamptus,15430,15445,6.25,1,NO_ANNOT,,,Exact,0,"Trachelocamptus Simon, 1884",Trachelocamptus,urn:lsid:irmng.org:taxname:1131934,181,IRMNG,
213,T.␤rostrata,T. rostrata,15478,15489,7.41,2,NO_ANNOT,,,NoMatch,,,,,,,,
214,Lophocarenum,Lophocarenum,15494,15506,5.48,1,NO_ANNOT,,,Exact,0,"Lophocarenum Menge, 1868",Lophocarenum,urn:lsid:irmng.org:taxname:1127621,181,IRMNG,
215,Erigone rostrata,Erigone rostrata,15586,15602,10.88,2,NO_ANNOT,,,Exact,0,"Erigone rostrata Marx, 1890",Erigone rostrata,95293989,169,uBio NameBank,
216,Trachelocamptus rosiratus,Trachelocamptus rosiratus,15647,15672,8.95,2,NO_ANNOT,,,Fuzzy,1,"Trachelocamptus rostratus Simon, 1894",Trachelocamptus rostratus,95293990,169,uBio NameBank,
217,T. pallidus,T. pallidus,15759,15770,6.26,2,NO_ANNOT,,,NoMatch,,,,,,,,
218,Lophocarenum,Lophocarenum,15775,15787,5.48,1,NO_ANNOT,,,Exact,0,"Lophocarenum Menge, 1868",Lophocarenum,urn:lsid:irmng.org:taxname:1127621,181,IRMNG,
219,Erigone pollens,Erigone pollens,15867,15882,9.22,2,NO_ANNOT,,,Fuzzy,1,"Erigone pallens O.Pickard-Cambridge, 1873",Erigone pallens,9042657,11,GBIF Backbone Taxonomy,
220,Typhochrastus pallidus,Typhochrastus pallidus,15937,15959,6.35,2,NO_ANNOT,,,Fuzzy,1,"Typhochraestus pallidus Simon, 1884",Typhochraestus pallidus,95295746,169,uBio NameBank,
221,GoNATiuM,Gonatium,15999,16007,5.11,1,NO_ANNOT,,,Exact,0,Gonatium,Gonatium,4PXR,1,Catalogue of Life,
222,G. marxi,G. marxi,16044,16052,3.61,2,NO_ANNOT,,,NoMatch,,,,,,,,
223,Erigone,Erigone,16059,16066,3.14,1,NO_ANNOT,,,Exact,0,Erigone,Erigone,633LN,1,Catalogue of Life,
224,Erigone marxii,Erigone marxii,16119,16133,8.39,2,NO_ANNOT,,,Exact,0,Erigone marxii,Erigone marxii,7683450,179,Open Tree of Life,
225,Gonatium marxi,Gonatium marxi,16172,16186,9.06,2,NO_ANNOT,,,PartialExact,0,Gonatium,Gonatium,4PXR,1,Catalogue of Life,
226,Neriene,Neriene,16244,16251,3.52,1,NO_ANNOT,,,Exact,0,Neriene,Neriene,63B2,1,Catalogue of Life,
227,Theridion,Theridion,16301,16310,2.94,1,NO_ANNOT,,,Exact,0,Theridion,Theridion,7VQK,1,Catalogue of Life,
228,Micryphantes isabellinus,Micryphantes isabellinus,16371,16395,11.57,2,NO_ANNOT,,,Exact,0,Micryphantes isabellinus,Micryphantes isabellinus,217072,183,Sherborn Index Animalium,
229,Erigone,Erigone,16439,16446,3.14,1,NO_ANNOT,,,Exact,0,Erigone,Erigone,633LN,1,Catalogue of Life,
230,Neriene rubens,Neriene rubens,16540,16554,5.82,2,NO_ANNOT,,,Exact,0,Neriene rubens (Blackwall 1833),Neriene rubens,272841,172,PaleoBioDB,
231,Micryphantes isabellinus,Micryphantes isabellinus,16614,16638,11.57,2,NO_ANNOT,,,Exact,0,Micryphantes isabellinus,Micryphantes isabellinus,217072,183,Sherborn Index Animalium,
232,Gonatium cheliferum,Gonatium cheliferum,16675,16694,12.44,2,NO_ANNOT,,,Exact,0,Gonatium cheliferum (Wider ),Gonatium cheliferum,3722969,168,ION,
233,Erigone rubens,Erigone rubens,16747,16761,5.44,2,NO_ANNOT,,,Exact,0,"Erigone rubens Dahl, 1883",Erigone rubens,95288179,169,uBio NameBank,
234,Gonatium rubens,Gonatium rubens,16801,16816,7.41,2,NO_ANNOT,,,Exact,0,"Gonatium rubens (Blackwall, 1833)",Gonatium rubens,6KPV3,1,Catalogue of Life,
235,Erigone rubens,Erigone rubens,16902,16916,5.44,2,NO_ANNOT,,,Exact,0,"Erigone rubens Dahl, 1883",Erigone rubens,95288179,169,uBio NameBank,
236,Gonatium rubens,Gonatium rubens,16960,16975,7.41,2,NO_ANNOT,,,Exact,0,"Gonatium rubens (Blackwall, 1833)",Gonatium rubens,6KPV3,1,Catalogue of Life,
237,DisMODicus,Dismodicus,17048,17058,6.34,1,NO_ANNOT,,,Exact,0,Dismodicus,Dismodicus,46V9,1,Catalogue of Life,
238,D. alpinus,D. alpinus,17091,17101,6.56,2,NO_ANNOT,,,NoMatch,,,,,,,,
239,HypoMMA,Hypomma,17138,17145,5.00,1,NO_ANNOT,,,Exact,0,Hypomma,Hypomma,87GJ8,1,Catalogue of Life,
240,Dicyphus,Dicyphus,17207,17215,4.65,1,NO_ANNOT,,,Exact,0,Dicyphus,Dicyphus,633CD,1,Catalogue of Life,
241,Dicyphus,Dicyphus,17265,17273,4.65,1,NO_ANNOT,,,Exact,0,Dicyphus,Dicyphus,633CD,1,Catalogue of Life,
242,Grammonota,Grammonota,17299,17309,3.84,1,NO_ANNOT,,,Exact,0,Grammonota,Grammonota,4QPL,1,Catalogue of Life,
243,Erigone,Erigone,17390,17397,3.14,1,NO_ANNOT,,,Exact,0,Erigone,Erigone,633LN,1,Catalogue of Life,
244,G. maculata,G. maculata,17451,17462,7.41,2,NO_ANNOT,,,NoMatch,,,,,,,,
245,Erigone,Erigone,17526,17533,3.14,1,NO_ANNOT,,,Exact,0,Erigone,Erigone,633LN,1,Catalogue of Life,
246,Erigone ornata,Erigone ornata,17635,17649,10.40,2,NO_ANNOT,,,Exact,0,Erigone ornata,Erigone ornata,96774343,169,uBio NameBank,
247,G. pictilis,G. pictilis,17748,17759,6.80,2,NO_ANNOT,,,NoMatch,,,,,,,,
248,Erigone,Erigone,17767,17774,3.14,1,NO_ANNOT,,,Exact,0,Erigone,Erigone,633LN,1,Catalogue of Life,
249,Erigone pictilis,Erigone pictilis,17878,17894,10.28,2,NO_ANNOT,,,Exact,0,Erigone pictilis,Erigone pictilis,96774349,169,uBio NameBank,
250,G. trivittata,G. trivittata,17955,17968,7.68,2,NO_ANNOT,,,NoMatch,,,,,,,,
251,G. venusta,G. venusta,18013,18023,5.90,2,NO_ANNOT,,,NoMatch,,,,,,,,
252,ICE.␤alascensis,Ice. alascensis,18143,18158,7.29,2,NO_ANNOT,,,NoMatch,,,,,,,,
253,Gonglydium,Gonglydium,18165,18175,5.45,1,NO_ANNOT,,,Exact,0,"Gonglydium Banks in Jordan, 1899",Gonglydium,urn:lsid:irmng.org:taxname:1229200,181,IRMNG,
254,Tmeticus,Tmeticus,18247,18255,6.00,1,NO_ANNOT,,,Exact,0,Tmeticus,Tmeticus,7XCY,1,Catalogue of Life,
255,Gongylidium hidentatum,Gongylidium hidentatum,18304,18326,8.05,2,NO_ANNOT,,,Fuzzy,1,"Gongylidium bidentatum Simon, 1884",Gongylidium bidentatum,95285797,169,uBio NameBank,
256,Erigone hideniata,Erigone hideniata,18359,18376,6.02,2,NO_ANNOT,,,PartialExact,0,Erigone,Erigone,633LN,1,Catalogue of Life,
257,Tmeticus,Tmeticus,18440,18448,6.00,1,NO_ANNOT,,,Exact,0,Tmeticus,Tmeticus,7XCY,1,Catalogue of Life,
258,Erigone hostoniensis,Erigone hostoniensis,18551,18571,5.94,2,NO_ANNOT,,,Fuzzy,1,"Erigone bostoniensis Marx, 1890",Erigone bostoniensis,95296193,169,uBio NameBank,
259,Tmeticus,Tmeticus,18631,18639,6.00,1,NO_ANNOT,,,Exact,0,Tmeticus,Tmeticus,7XCY,1,Catalogue of Life,
260,Gongylidium,Gongylidium,18689,18700,5.57,1,NO_ANNOT,,,Exact,0,Gongylidium,Gongylidium,4Q29,1,Catalogue of Life,
261,1884Erigone fusca,Erigone fusca,18736,18753,8.20,2,NO_ANNOT,,,Exact,0,"Erigone fusca Thorell, 1871",Erigone fusca,95293639,169,uBio NameBank,
262,CE.␤concavus,Ce. concavus,18808,18820,5.69,2,NO_ANNOT,,,NoMatch,,,,,,,,
263,Tmeticus,Tmeticus,18825,18833,6.00,1,NO_ANNOT,,,Exact,0,Tmeticus,Tmeticus,7XCY,1,Catalogue of Life,
264,Gongylidium concavum,Gongylidium concavum,18883,18903,11.66,2,NO_ANNOT,,,Exact,0,"Gongylidium concavum Simon, 1884",Gongylidium concavum,95283398,169,uBio NameBank,
265,Erigone concava,Erigone concava,18937,18952,8.74,2,NO_ANNOT,,,Exact,0,"Erigone concava Marx, 1890",Erigone concava,95283399,169,uBio NameBank,
266,E.␤contortus,E. contortus,18997,19009,7.39,2,NO_ANNOT,,,NoMatch,,,,,,,,
267,Tmeticus,Tmeticus,19014,19022,6.00,1,NO_ANNOT,,,Exact,0,Tmeticus,Tmeticus,7XCY,1,Catalogue of Life,
268,Gongylidium contortum,Gongylidium contortum,19069,19090,12.97,2,NO_ANNOT,,,Exact,0,"Gongylidium contortum Simon, 1884",Gongylidium contortum,95286795,169,uBio NameBank,
269,Erigone contortus,Erigone contortus,19125,19142,10.86,2,NO_ANNOT,,,Exact,0,"Erigone contortus Marx, 1890",Erigone contortus,95286797,169,uBio NameBank,
270,E.␤debelis,E. debelis,19187,19197,6.61,2,NO_ANNOT,,,NoMatch,,,,,,,,
271,Tmeticus,Tmeticus,19204,19212,6.00,1,NO_ANNOT,,,Exact,0,Tmeticus,Tmeticus,7XCY,1,Catalogue of Life,
272,E. decemoculatus,E. decemoculatus,19273,19289,7.74,2,NO_ANNOT,,,NoMatch,,,,,,,,
273,Lophocarenum,Lophocarenum,19294,19306,5.48,1,NO_ANNOT,,,Exact,0,"Lophocarenum Menge, 1868",Lophocarenum,urn:lsid:irmng.org:taxname:1127621,181,IRMNG,
274,Erigone decemoculata,Erigone decemoculata,19355,19375,11.36,2,NO_ANNOT,,,Exact,0,"Erigone decemoculata Marx, 1890",Erigone decemoculata,95286258,169,uBio NameBank,
275,Neriene decemocidata,Neriene decemocidata,19419,19439,6.72,2,NO_ANNOT,,,PartialExact,0,Neriene,Neriene,63B2,1,Catalogue of Life,
276,E. falsificus,E. falsificus,19479,19492,6.94,2,NO_ANNOT,,,NoMatch,,,,,,,,
277,Erigone,Erigone,19499,19506,3.14,1,NO_ANNOT,,,Exact,0,Erigone,Erigone,633LN,1,Catalogue of Life,
278,Gonglydium fcdsificum,Gonglydium fcdsificum,19562,19583,7.56,2,NO_ANNOT,,,PartialExact,0,"Gonglydium Banks in Jordan, 1899",Gonglydium,urn:lsid:irmng.org:taxname:1229200,181,IRMNG,
279,E. flaveolus,E. flaveolus,19628,19640,6.80,2,NO_ANNOT,,,NoMatch,,,,,,,,
280,Tmeticus,Tmeticus,19647,19655,6.00,1,NO_ANNOT,,,Exact,0,Tmeticus,Tmeticus,7XCY,1,Catalogue of Life,
281,QJ.␤gnavus,Qj. gnavus,19713,19723,5.21,2,NO_ANNOT,,,NoMatch,,,,,,,,
282,Tmeticus,Tmeticus,19730,19738,6.00,1,NO_ANNOT,,,Exact,0,Tmeticus,Tmeticus,7XCY,1,Catalogue of Life,
283,E. humilis,E. humilis,19771,19781,6.61,2,NO_ANNOT,,,NoMatch,,,,,,,,
284,Tmeticus,Tmeticus,19788,19796,6.00,1,NO_ANNOT,,,Exact,0,Tmeticus,Tmeticus,7XCY,1,Catalogue of Life,
285,E. limatus,E. limatus,19830,19840,7.03,2,SP_NOV,,,NoMatch,,,,,,,,
286,E. longisetosus,E. longisetosus,19848,19863,7.09,2,NO_ANNOT,,,NoMatch,,,,,,,,
287,Tmeticus,Tmeticus,19868,19876,6.00,1,NO_ANNOT,,,Exact,0,Tmeticus,Tmeticus,7XCY,1,Catalogue of Life,
288,Gongylidium longisetosum,Gongylidium longisetosum,19924,19948,12.84,2,NO_ANNOT,,,Exact,0,"Gongylidium longisetosum Simon, 1884",Gongylidium longisetosum,95289364,169,uBio NameBank,
289,Erigone longisetosa,Erigone longisetosa,19981,20000,11.03,2,NO_ANNOT,,,Exact,0,"Erigone longisetosa Marx, 1890",Erigone longisetosa,95289365,169,uBio NameBank,
290,E. maculatus,E. maculatus,20043,20055,7.39,2,NO_ANNOT,,,NoMatch,,,,,,,,
291,Tmeticus,Tmeticus,20062,20070,6.00,1,NO_ANNOT,,,Exact,0,Tmeticus,Tmeticus,7XCY,1,Catalogue of Life,
292,Tmeticus,Tmeticus,20142,20150,6.00,1,NO_ANNOT,,,Exact,0,Tmeticus,Tmeticus,7XCY,1,Catalogue of Life,
293,Gongylidium maximum,Gongylidium maximum,20198,20217,7.43,2,NO_ANNOT,,,Exact,0,"Gongylidium maximum Simon, 1884",Gongylidium maximum,95293758,169,uBio NameBank,
294,1884Erigone maxima,Erigone maxima,20244,20262,5.72,2,NO_ANNOT,,,Exact,0,"Erigone maxima Marx, 1890",Erigone maxima,95293759,169,uBio NameBank,
295,E. microtarsus,E. microtarsus,20306,20320,7.19,2,NO_ANNOT,,,NoMatch,,,,,,,,
296,'Tmeticus,Tmeticus,20325,20334,6.00,1,NO_ANNOT,,,Exact,0,Tmeticus,Tmeticus,7XCY,1,Catalogue of Life,
297,GongyUdium microtarsus,Gongyudium microtarsus,20384,20406,6.67,2,NO_ANNOT,,,NoMatch,,,,,,,,
298,Erigone microtarsis,Erigone microtarsis,20439,20458,6.04,2,NO_ANNOT,,,Exact,0,"Erigone microtarsis Marx, 1890",Erigone microtarsis,95283389,169,uBio NameBank,
299,E. montanus,E. montanus,20503,20514,6.75,2,NO_ANNOT,,,NoMatch,,,,,,,,
300,Tmeticus,Tmeticus,20519,20527,6.00,1,NO_ANNOT,,,Exact,0,Tmeticus,Tmeticus,7XCY,1,Catalogue of Life,
301,GongyUdium montanum,Gongyudium montanum,20576,20595,6.11,2,NO_ANNOT,,,NoMatch,,,,,,,,
302,1884Erigone collina,Erigone collina,20622,20641,9.93,2,NO_ANNOT,,,Exact,0,"Erigone collina Marx, 1890",Erigone collina,95296105,169,uBio NameBank,
303,1884Erigone montifera,Erigone montifera,20825,20846,10.07,2,NO_ANNOT,,,Exact,0,"Erigone montifera Marx, 1890",Erigone montifera,95293775,169,uBio NameBank,
304,Neriene montifera,Neriene montifera,20890,20907,10.45,2,NO_ANNOT,,,Exact,0,"Neriene montifera Simon, 1894",Neriene montifera,95293776,169,uBio NameBank,
305,E. obscurus,E. obscurus,20947,20958,6.47,2,NO_ANNOT,,,NoMatch,,,,,,,,
306,Tmeticus,Tmeticus,20966,20974,6.00,1,NO_ANNOT,,,Exact,0,Tmeticus,Tmeticus,7XCY,1,Catalogue of Life,
307,E.␤palustris,E. palustris,21062,21074,6.90,2,NO_ANNOT,,,NoMatch,,,,,,,,
308,Tmeticus,Tmeticus,21081,21089,6.00,1,NO_ANNOT,,,Exact,0,Tmeticus,Tmeticus,7XCY,1,Catalogue of Life,
309,E. parvus,E. parvus,21149,21158,5.21,2,NO_ANNOT,,,NoMatch,,,,,,,,
310,Tmeticus,Tmeticus,21165,21173,6.00,1,NO_ANNOT,,,Exact,0,Tmeticus,Tmeticus,7XCY,1,Catalogue of Life,
311,CE.␤pectinatus,Ce. pectinatus,21211,21225,7.50,2,NO_ANNOT,,,NoMatch,,,,,,,,
312,Tmeticus,Tmeticus,21230,21238,6.00,1,NO_ANNOT,,,Exact,0,Tmeticus,Tmeticus,7XCY,1,Catalogue of Life,
313,CE.␤pertinens,Ce. pertinens,21286,21299,6.10,2,NO_ANNOT,,,NoMatch,,,,,,,,
314,Erigone,Erigone,21307,21314,3.14,1,NO_ANNOT,,,Exact,0,Erigone,Erigone,633LN,1,Catalogue of Life,
315,Tmeticus pertinens,Tmeticus pertinens,21368,21386,12.43,2,NO_ANNOT,,,Exact,0,Tmeticus (Erigone) pertinens Cambr.,Tmeticus pertinens,4036190,168,ION,
316,GongyUdium pertinens,Gongyudium pertinens,21438,21458,5.57,2,NO_ANNOT,,,NoMatch,,,,,,,,
317,Erigone pertinens,Erigone pertinens,21491,21508,9.57,2,NO_ANNOT,,,Exact,0,Erigone pertinens,Erigone pertinens,7683455,179,Open Tree of Life,
318,E. plumosus,E. plumosus,21552,21563,6.61,2,NO_ANNOT,,,NoMatch,,,,,,,,
319,Tmeticus,Tmeticus,21568,21576,6.00,1,NO_ANNOT,,,Exact,0,Tmeticus,Tmeticus,7XCY,1,Catalogue of Life,
320,GongyUcUum plumosum,Gongyucuum plumosum,21623,21642,4.63,2,NO_ANNOT,,,NoMatch,,,,,,,,
321,Erigone pUmiosa,Erigone pumiosa,21675,21690,5.22,2,NO_ANNOT,,,PartialExact,0,Erigone,Erigone,633LN,1,Catalogue of Life,
322,Erigone,Erigone,21756,21763,3.14,1,NO_ANNOT,,,Exact,0,Erigone,Erigone,633LN,1,Catalogue of Life,
323,Tmeticus probatus,Tmeticus probatus,21814,21831,13.56,2,NO_ANNOT,,,Exact,0,"Tmeticus probatus Emerton, 1882",Tmeticus probatus,95286860,169,uBio NameBank,
324,Erigone probata,Erigone probata,21935,21950,10.69,2,NO_ANNOT,,,Exact,0,"Erigone probata Keyserling, 1886",Erigone probata,95286861,169,uBio NameBank,
325,E. rusticus,E. rusticus,22056,22067,6.67,2,NO_ANNOT,,,NoMatch,,,,,,,,
326,Tmeticus,Tmeticus,22074,22082,6.00,1,NO_ANNOT,,,Exact,0,Tmeticus,Tmeticus,7XCY,1,Catalogue of Life,
327,CE.␤spiniferus,Ce. spiniferus,22139,22153,6.75,2,NO_ANNOT,,,NoMatch,,,,,,,,
328,Erigone,Erigone,22161,22168,3.14,1,NO_ANNOT,,,Exact,0,Erigone,Erigone,633LN,1,Catalogue of Life,
329,Lophocorenum spinijerum,Lophocorenum spinijerum,22220,22243,6.51,2,NO_ANNOT,,,NoMatch,,,,,,,,
330,Gongylidium spinijerum,Gongylidium spinijerum,22296,22318,12.90,2,NO_ANNOT,,,PartialExact,0,Gongylidium,Gongylidium,4Q29,1,Catalogue of Life,
331,Erigone spinifera,Erigone spinifera,22351,22368,10.07,2,NO_ANNOT,,,Exact,0,Erigone spinifera,Erigone spinifera,96778238,169,uBio NameBank,
332,Neriene spinifera,Neriene spinifera,22413,22430,10.45,2,NO_ANNOT,,,Exact,0,"Neriene spinifera Simon, 1894",Neriene spinifera,95296176,169,uBio NameBank,
333,E. terrestris,E. terrestris,22471,22484,7.02,2,NO_ANNOT,,,NoMatch,,,,,,,,
334,Tmeticus,Tmeticus,22489,22497,6.00,1,NO_ANNOT,,,Exact,0,Tmeticus,Tmeticus,7XCY,1,Catalogue of Life,
335,Gongylidium terrestre,Gongylidium terrestre,22546,22567,11.58,2,NO_ANNOT,,,Exact,0,"Gongylidium terrestre Simon, 1884",Gongylidium terrestre,95295222,169,uBio NameBank,
336,Erigone terrestris,Erigone terrestris,22600,22618,10.49,2,NO_ANNOT,,,Exact,0,"Erigone terrestris Marx, 1890",Erigone terrestris,95295223,169,uBio NameBank,
337,E. tibialis,E. tibialis,22662,22673,6.80,2,NO_ANNOT,,,NoMatch,,,,,,,,
338,Tmeticus,Tmeticus,22678,22686,6.00,1,NO_ANNOT,,,Exact,0,Tmeticus,Tmeticus,7XCY,1,Catalogue of Life,
339,Gongylidium tibiale,Gongylidium tibiale,22734,22753,11.20,2,NO_ANNOT,,,Exact,0,"Gongylidium tibiale Simon, 1884",Gongylidium tibiale,95296202,169,uBio NameBank,
340,Erigone monticola,Erigone monticola,22785,22802,10.16,2,NO_ANNOT,,,Exact,0,"Erigone monticola Marx, 1890",Erigone monticola,95296203,169,uBio NameBank,
341,E. trilobatus,E. trilobatus,22856,22869,7.50,2,NO_ANNOT,,,NoMatch,,,,,,,,
342,Tmeticus,Tmeticus,22874,22882,6.00,1,NO_ANNOT,,,Exact,0,Tmeticus,Tmeticus,7XCY,1,Catalogue of Life,
343,Gongylidium trilobotum,Gongylidium trilobotum,22929,22951,8.05,2,NO_ANNOT,,,Fuzzy,1,"Gongylidium trilobatum Simon, 1884",Gongylidium trilobatum,95286934,169,uBio NameBank,
344,Erigone trilobatus,Erigone trilobatus,22984,23002,10.98,2,NO_ANNOT,,,PartialExact,0,Erigone,Erigone,633LN,1,Catalogue of Life,
345,Tmeticus mcestus,Tmeticus mcestus,23047,23063,8.33,2,NO_ANNOT,,,Fuzzy,1,"Tmeticus moestus Banks, 1892",Tmeticus moestus,gn_75613,186,MCZbase,
346,Tmeticus debilis,Tmeticus debilis,23126,23142,12.94,2,NO_ANNOT,,,Exact,0,"Tmeticus debilis Banks, 1892",Tmeticus debilis,gn_88010,186,MCZbase,
347,Tmeticus palustris,Tmeticus palustris,23184,23202,13.23,2,NO_ANNOT,,,Exact,0,"Tmeticus palustris Banks, 1892",Tmeticus palustris,gn_6293,186,MCZbase,
348,Tmeticus,Tmeticus,23259,23267,6.00,1,NO_ANNOT,,,Exact,0,Tmeticus,Tmeticus,7XCY,1,Catalogue of Life,
349,Gongylidium truncatum,Gongylidium truncatum,23315,23336,12.97,2,NO_ANNOT,,,Exact,0,"Gongylidium truncatum Simon, 1884",Gongylidium truncatum,95295593,169,uBio NameBank,
350,Erigone truncatus,Erigone truncatus,23369,23386,10.86,2,NO_ANNOT,,,Exact,0,"Erigone truncatus Marx, 1890",Erigone truncatus,95295594,169,uBio NameBank,
351,GoNGYLiDiELLUM,Gongylidiellum,23431,23445,6.70,1,NO_ANNOT,,,Exact,0,Gongylidiellum,Gongylidiellum,4Q27,1,Catalogue of Life,
352,Tmeticus,Tmeticus,23494,23502,6.00,1,NO_ANNOT,,,Exact,0,Tmeticus,Tmeticus,7XCY,1,Catalogue of Life,
353,Tmeticus distinctus,Tmeticus distinctus,23559,23578,13.83,2,NO_ANNOT,,,Exact,0,"Tmeticus distinctus Banks, 1892",Tmeticus distinctus,gn_78852,186,MCZbase,
354,G. pallidum,G. pallidum,23637,23648,6.05,2,NO_ANNOT,,,NoMatch,,,,,,,,
355,Tmeticus,Tmeticus,23653,23661,6.00,1,NO_ANNOT,,,Exact,0,Tmeticus,Tmeticus,7XCY,1,Catalogue of Life,
356,Erigone pallescens,Erigone pallescens,23763,23781,9.69,2,NO_ANNOT,,,Exact,0,"Erigone pallescens Marx, 1890",Erigone pallescens,95295793,169,uBio NameBank,
357,Erigone,Erigone,23857,23864,3.14,1,NO_ANNOT,,,Exact,0,Erigone,Erigone,633LN,1,Catalogue of Life,
358,Erigone,Erigone,23920,23927,3.14,1,NO_ANNOT,,,Exact,0,Erigone,Erigone,633LN,1,Catalogue of Life,
359,E. albescens,E. albescens,23994,24006,6.10,2,NO_ANNOT,,,NoMatch,,,,,,,,
360,E. autumnalis,E. autumnalis,24042,24055,7.08,2,NO_ANNOT,,,NoMatch,,,,,,,,
361,E. coloradensis,E. coloradensis,24211,24226,7.49,2,NO_ANNOT,,,NoMatch,,,,,,,,
362,E. dentigera,E. dentigera,24330,24342,6.60,2,NO_ANNOT,,,NoMatch,,,,,,,,
363,E. dentipalpis,E. dentipalpis,24509,24523,6.52,2,NO_ANNOT,,,NoMatch,,,,,,,,
364,Linyphia longipalpis,Linyphia longipalpis,24584,24604,11.10,2,NO_ANNOT,,,Exact,0,Linyphia longipalpis,Linyphia longipalpis,237602,183,Sherborn Index Animalium,
365,Erigone dentipalpis,Erigone dentipalpis,24654,24673,10.00,2,NO_ANNOT,,,Exact,0,"Erigone dentipalpis (Wider, 1834)",Erigone dentipalpis,6GQ9N,1,Catalogue of Life,
366,Argus vagans,Argus vagans,24738,24750,8.26,2,NO_ANNOT,,,Exact,0,Argus vagans,Argus vagans,397269,183,Sherborn Index Animalium,
367,Erigone dentipalpis,Erigone dentipalpis,24785,24804,10.00,2,NO_ANNOT,,,Exact,0,"Erigone dentipalpis (Wider, 1834)",Erigone dentipalpis,6GQ9N,1,Catalogue of Life,
368,Neriene dentipalpis,Neriene dentipalpis,24903,24922,10.38,2,NO_ANNOT,,,Exact,0,Neriene dentipalpis,Neriene dentipalpis,96773796,169,uBio NameBank,
369,Neriene longipalpis,Neriene longipalpis,25009,25028,10.38,2,NO_ANNOT,,,Exact,0,"Neriene longipalpis Blackwall, 1864",Neriene longipalpis,95287055,169,uBio NameBank,
370,Erigone,Erigone,25087,25094,3.14,1,NO_ANNOT,,,Exact,0,Erigone,Erigone,633LN,1,Catalogue of Life,
371,Erigone,Erigone,25142,25149,3.14,1,NO_ANNOT,,,Exact,0,Erigone,Erigone,633LN,1,Catalogue of Life,
372,E. famelica,E. famelica,25364,25375,6.93,2,NO_ANNOT,,,NoMatch,,,,,,,,
373,E. longipalpis,E. longipalpis,25498,25512,6.52,2,NO_ANNOT,,,NoMatch,,,,,,,,
374,Linyphia,Linyphia,25519,25527,4.25,1,NO_ANNOT,,,Exact,0,Linyphia,Linyphia,62YGM,1,Catalogue of Life,
375,Argus longimanus,Argus longimanus,25564,25580,10.72,2,NO_ANNOT,,,Exact,0,Argus longimanus,Argus longimanus,237505,183,Sherborn Index Animalium,
376,Neriene longipalpis,Neriene longipalpis,25616,25635,10.38,2,NO_ANNOT,,,Exact,0,"Neriene longipalpis Blackwall, 1864",Neriene longipalpis,95287055,169,uBio NameBank,
377,Erigone longipalpis,Erigone longipalpis,25689,25708,10.00,2,NO_ANNOT,,,Exact,0,"Erigone longipalpis (Sundevall, 1830)",Erigone longipalpis,6GPYT,1,Catalogue of Life,
378,Neriene longipalpis,Neriene longipalpis,25739,25758,10.38,2,NO_ANNOT,,,Exact,0,"Neriene longipalpis Blackwall, 1864",Neriene longipalpis,95287055,169,uBio NameBank,
379,Erigone dentipalpa,Erigone dentipalpa,25801,25819,8.67,2,NO_ANNOT,,,Fuzzy,2,Erigone dentipalpus (Wider),Erigone dentipalpus,gn_64487,186,MCZbase,
380,Erigone longipalpis,Erigone longipalpis,25856,25875,10.00,2,NO_ANNOT,,,Exact,0,"Erigone longipalpis (Sundevall, 1830)",Erigone longipalpis,6GPYT,1,Catalogue of Life,
381,Neriene longipalpis,Neriene longipalpis,25993,26012,10.38,2,NO_ANNOT,,,Exact,0,"Neriene longipalpis Blackwall, 1864",Neriene longipalpis,95287055,169,uBio NameBank,
382,E. persimilis,E. persimilis,26219,26232,7.08,2,NO_ANNOT,,,NoMatch,,,,,,,,
383,E. simillima,E. simillima,26383,26395,6.38,2,NO_ANNOT,,,NoMatch,,,,,,,,
384,Tmeticus,Tmeticus,26517,26525,6.00,1,NO_ANNOT,,,Exact,0,Tmeticus,Tmeticus,7XCY,1,Catalogue of Life,
385,Gongylidium tridentatum,Gongylidium tridentatum,26571,26594,13.39,2,NO_ANNOT,,,Exact,0,"Gongylidium tridentatum Simon, 1884",Gongylidium tridentatum,95286919,169,uBio NameBank,
386,Erigone tridentata,Erigone tridentata,26626,26644,11.16,2,NO_ANNOT,,,Exact,0,"Erigone tridentata Marx, 1890",Erigone tridentata,95286921,169,uBio NameBank,
387,1894E. tristis,E. tristis,26723,26737,6.06,2,NO_ANNOT,,,NoMatch,,,,,,,,
388,M. frontatus,M. frontatus,26922,26934,7.39,2,NO_ANNOT,,,NoMatch,,,,,,,,
389,Ceratinopsis,Ceratinopsis,26941,26953,5.47,1,NO_ANNOT,,,Exact,0,Ceratinopsis,Ceratinopsis,3KPZ,1,Catalogue of Life,
390,M. marxi,M. marxi,27054,27062,3.61,2,NO_ANNOT,,,NoMatch,,,,,,,,
391,Satilatlas.,Satilatlas,27069,27080,3.67,1,NO_ANNOT,,,Exact,0,Satilatlas,Satilatlas,7CPZ,1,Catalogue of Life,
392,M. polita,M. polita,27173,27182,5.46,2,NO_ANNOT,,,NoMatch,,,,,,,,
393,Hypselistes,Hypselistes,27228,27239,3.67,1,NO_ANNOT,,,Exact,0,Hypselistes,Hypselistes,52YZ,1,Catalogue of Life,
394,H. florens,H. florens,27278,27288,5.74,2,NO_ANNOT,,,NoMatch,,,,,,,,
395,Erigone,Erigone,27296,27303,3.14,1,NO_ANNOT,,,Exact,0,Erigone,Erigone,633LN,1,Catalogue of Life,
396,Lophocarenum florens,Lophocarenum florens,27358,27378,11.56,2,NO_ANNOT,,,Exact,0,"Lophocarenum florens Emerton, 1911",Lophocarenum florens,95289028,169,uBio NameBank,
397,Erigone florens,Erigone florens,27482,27497,9.22,2,NO_ANNOT,,,Exact,0,"Erigone florens O.P.-Cambridge, 1875",Erigone florens,8728602,11,GBIF Backbone Taxonomy,
398,Hypselistes florens,Hypselistes florens,27557,27576,9.74,2,NO_ANNOT,,,Exact,0,"Hypselistes florens (O. Pickard-Cambridge, 1875)",Hypselistes florens,3P2YX,1,Catalogue of Life,
399,Ceratinopsis,Ceratinopsis,27622,27634,5.47,1,NO_ANNOT,,,Exact,0,Ceratinopsis,Ceratinopsis,3KPZ,1,Catalogue of Life,
400,C. anglicanum,C. anglicanum,27672,27685,6.92,2,NO_ANNOT,,,NoMatch,,,,,,,,
401,Theridion,Theridion,27692,27701,2.94,1,NO_ANNOT,,,Exact,0,Theridion,Theridion,7VQK,1,Catalogue of Life,
402,Erigone purpurescens,Erigone purpurescens,27824,27844,9.89,2,NO_ANNOT,,,Exact,0,"Erigone purpurescens Keyserling, 1886",Erigone purpurescens,95296457,169,uBio NameBank,
403,Ceratinopsis,Ceratinopsis,27905,27917,5.47,1,NO_ANNOT,,,Exact,0,Ceratinopsis,Ceratinopsis,3KPZ,1,Catalogue of Life,
404,Bathyphantes anglicanum,Bathyphantes anglicanum,27975,27998,11.16,2,NO_ANNOT,,,Exact,0,"Bathyphantes anglicanum Banks, 1899",Bathyphantes anglicanum,95298113,169,uBio NameBank,
405,C. interpres,C. interpres,28099,28111,3.94,2,NO_ANNOT,,,NoMatch,,,,,,,,
406,Erigone,Erigone,28119,28126,3.14,1,NO_ANNOT,,,Exact,0,Erigone,Erigone,633LN,1,Catalogue of Life,
407,Erigone interpres,Erigone interpres,28226,28243,7.42,2,NO_ANNOT,,,Exact,0,"Erigone interpres Keyserling, 1886",Erigone interpres,95285341,169,uBio NameBank,
408,Ceratinopsis interpres,Ceratinopsis interpres,28302,28324,9.75,2,NO_ANNOT,,,Exact,0,"Ceratinopsis interpres (O. Pickard-Cambridge, 1874)",Ceratinopsis interpres,SLRG,1,Catalogue of Life,
409,Notionella interpres,Notionella interpres,28368,28388,10.65,2,NO_ANNOT,,,Exact,0,"Notionella interpres Banks, 1905",Notionella interpres,95285343,169,uBio NameBank,
410,C. laticeps,C. laticeps,28424,28435,5.89,2,NO_ANNOT,,,NoMatch,,,,,,,,
411,Erigone laticeps,Erigone laticeps,28485,28501,9.37,2,NO_ANNOT,,,Exact,0,"Erigone laticeps Marx, 1890",Erigone laticeps,95285352,169,uBio NameBank,
412,C. nigriceps,C. nigriceps,28546,28558,6.06,2,NO_ANNOT,,,NoMatch,,,,,,,,
413,Erigone nigriceps,Erigone nigriceps,28608,28625,9.53,2,NO_ANNOT,,,Exact,0,"Erigone nigriceps Marx, 1890",Erigone nigriceps,95285368,169,uBio NameBank,
414,C. nigripalpis,C. nigripalpis,28670,28684,6.52,2,NO_ANNOT,,,NoMatch,,,,,,,,
415,Erigone nigripalpis,Erigone nigripalpis,28735,28754,10.00,2,NO_ANNOT,,,Exact,0,"Erigone nigripalpis Marx, 1890",Erigone nigripalpis,95285372,169,uBio NameBank,
416,C. similis,C. similis,28799,28809,6.61,2,NO_ANNOT,,,NoMatch,,,,,,,,
417,C. unicolor,C. unicolor,28855,28866,6.28,2,SP_NOV,,,NoMatch,,,,,,,,
418,Erigone,Erigone,28893,28900,3.14,1,NO_ANNOT,,,Exact,0,Erigone,Erigone,633LN,1,Catalogue of Life,
419,Clitolyna,Clitolyna,28956,28965,4.76,1,NO_ANNOT,,,Exact,0,"Clitolyna Simon, 1894",Clitolyna,urn:lsid:irmng.org:taxname:1316517,181,IRMNG,
420,C. electa,C. electa,29005,29014,5.85,2,SP_NOV,,,NoMatch,,,,,,,,
421,Erigone,Erigone,29070,29077,3.14,1,NO_ANNOT,,,Exact,0,Erigone,Erigone,633LN,1,Catalogue of Life,
422,E. calcarata,E. calcarata,29160,29172,7.57,2,NO_ANNOT,,,NoMatch,,,,,,,,
423,E. famulatoria,E. famulatoria,29239,29253,6.30,2,NO_ANNOT,,,NoMatch,,,,,,,,
424,E. infernalis,E. infernalis,29280,29293,7.08,2,NO_ANNOT,,,NoMatch,,,,,,,,
425,E. minutissima,E. minutissima,29320,29334,6.80,2,NO_ANNOT,,,NoMatch,,,,,,,,
426,E. schumaginensis,E. schumaginensis,29432,29449,7.58,2,NO_ANNOT,,,NoMatch,,,,,,,,
427,E. solitaris,E. solitaris,29476,29488,6.90,2,NO_ANNOT,,,NoMatch,,,,,,,,
428,Notes,Notes,29757,29762,2.52,1,NO_ANNOT,,,Exact,0,Notes,Notes,3950760,168,ION,
429,CERATINELLA,Ceratinella,29980,29991,6.49,1,NO_ANNOT,,,Exact,0,Ceratinella,Ceratinella,62K8Z,1,Catalogue of Life,
430,Ceratinella,Ceratinella,30048,30059,6.49,1,NO_ANNOT,,,Exact,0,Ceratinella,Ceratinella,62K8Z,1,Catalogue of Life,
431,Ceratina,Ceratina,30074,30082,3.96,1,NO_ANNOT,,,Exact,0,"Ceratina Latreille, 1802",Ceratina,3KPT,1,Catalogue of Life,
432,C. hrunnea,C. hrunnea,30173,30183,5.87,2,NO_ANNOT,,,NoMatch,,,,,,,,
433,Ceratina,Ceratina,30220,30228,3.96,1,NO_ANNOT,,,Exact,0,"Ceratina Latreille, 1802",Ceratina,3KPT,1,Catalogue of Life,
434,C. hrevis,C. hrevis,30234,30243,5.48,2,NO_ANNOT,,,NoMatch,,,,,,,,
435,Ceraticelus,Ceraticelus,30311,30322,6.21,1,NO_ANNOT,,,Exact,0,Ceraticelus,Ceraticelus,3KPR,1,Catalogue of Life,
436,C. fissiceps,C. fissiceps,30368,30380,6.06,2,NO_ANNOT,,,NoMatch,,,,,,,,
437,Ceratinella,Ceratinella,30486,30497,6.49,1,NO_ANNOT,,,Exact,0,Ceratinella,Ceratinella,62K8Z,1,Catalogue of Life,
438,Ceratina,Ceratina,30509,30517,3.96,1,NO_ANNOT,,,Exact,0,"Ceratina Latreille, 1802",Ceratina,3KPT,1,Catalogue of Life,
439,Ceratinodes,Ceratinodes,30588,30599,5.22,1,NO_ANNOT,,,Exact,0,"Ceratinodes Banks, 1893",Ceratinodes,urn:lsid:irmng.org:taxname:1407388,181,IRMNG,
440,Ceratinella,Ceratinella,30650,30661,6.49,1,NO_ANNOT,,,Exact,0,Ceratinella,Ceratinella,62K8Z,1,Catalogue of Life,
441,Ceratinella,Ceratinella,30688,30699,6.49,1,NO_ANNOT,,,Exact,0,Ceratinella,Ceratinella,62K8Z,1,Catalogue of Life,
442,Ceraticelus,Ceraticelus,30729,30740,6.21,1,NO_ANNOT,,,Exact,0,Ceraticelus,Ceraticelus,3KPR,1,Catalogue of Life,
443,Ceratinella brunnea,Ceratinella brunnea,30792,30811,12.69,2,NO_ANNOT,,,Exact,0,"Ceratinella brunnea Emerton, 1882",Ceratinella brunnea,SLNG,1,Catalogue of Life,
444,CERATICELUS,Ceraticelus,31376,31387,6.21,1,NO_ANNOT,,,Exact,0,Ceraticelus,Ceraticelus,3KPR,1,Catalogue of Life,
445,Idionella,Idionella,31451,31460,6.20,1,NO_ANNOT,,,Exact,0,Idionella,Idionella,53LD,1,Catalogue of Life,
446,Ceraticelus albus,Ceraticelus albus,31863,31880,7.57,2,NO_ANNOT,,,Exact,0,"Ceraticelus albus (Fox, 1891)",Ceraticelus albus,SL8S,1,Catalogue of Life,
447,Ceraticelus alticeps,Ceraticelus alticeps,31960,31980,12.44,2,NO_ANNOT,,,Exact,0,"Ceraticelus alticeps (Fox, 1891)",Ceraticelus alticeps,SL8T,1,Catalogue of Life,
448,Ceratioelus atriceps,Ceratioelus atriceps,32060,32080,6.13,2,NO_ANNOT,,,Fuzzy,1,"Ceraticelus atriceps (O. Pickard-Cambridge, 1874)",Ceraticelus atriceps,SL8V,1,Catalogue of Life,
449,Ceraticelus bulbosus,Ceraticelus bulbosus,32502,32522,13.15,2,NO_ANNOT,,,Exact,0,"Ceraticelus bulbosus (Emerton, 1882)",Ceraticelus bulbosus,SL8Y,1,Catalogue of Life,
450,C. fissiceps,C. fissiceps,32566,32578,6.06,2,NO_ANNOT,,,NoMatch,,,,,,,,
451,Ceraticelus emertoni,Ceraticelus emertoni,32898,32918,12.81,2,NO_ANNOT,,,Exact,0,"Ceraticelus emertoni (O. Pickard-Cambridge, 1874)",Ceraticelus emertoni,SL95,1,Catalogue of Life,
452,Ceraticelus fissiceps,Ceraticelus fissiceps,33458,33479,12.60,2,NO_ANNOT,,,Exact,0,"Ceraticelus fissiceps (O. Pickard-Cambridge, 1874)",Ceraticelus fissiceps,SL97,1,Catalogue of Life,
453,Ceraticelus formosa,Ceraticelus formosa,34466,34485,9.83,2,NO_ANNOT,,,Exact,0,Ceraticelus formosa,Ceraticelus formosa,3696438,168,ION,
454,Ceraticelus laetabilia,Ceraticelus laetabilia,34966,34988,8.51,2,NO_ANNOT,,,Fuzzy,1,"Ceraticelus laetabilis (O. Pickard-Cambridge, 1874)",Ceraticelus laetabilis,SL99,1,Catalogue of Life,
455,Ceraticelus minutus,Ceraticelus minutus,36111,36130,13.58,2,NO_ANNOT,,,Exact,0,"Ceraticelus minutus (Emerton, 1882)",Ceraticelus minutus,69LBS,1,Catalogue of Life,
456,Ceraticelus melanoonemis,Ceraticelus melanoonemis,37079,37103,8.29,2,NO_ANNOT,,,Fuzzy,1,Ceraticelus melanocnemis,Ceraticelus melanocnemis,3696442,168,ION,
457,C. rugosa.,C. rugosa,38719,38729,6.49,2,NO_ANNOT,,,NoMatch,,,,,,,,
458,Ceraticelus tibialis,Ceraticelus tibialis,38730,38750,13.35,2,NO_ANNOT,,,Exact,0,"Ceraticelus tibialis (Fox, 1891)",Ceraticelus tibialis,69LC4,1,Catalogue of Life,
459,Thyreobaeus,Thyreobaeus,38850,38861,5.98,1,NO_ANNOT,,,Exact,0,Thyreobaeus,Thyreobaeus,7WKD,1,Catalogue of Life,
460,T. laticeps,T. laticeps,38973,38984,5.89,2,NO_ANNOT,,,NoMatch,,,,,,,,
461,T. scutiger,T. scutiger,39004,39015,4.79,2,NO_ANNOT,,,NoMatch,,,,,,,,
462,EXECHOPHYSIS.,Exechophysis,40746,40759,5.47,1,NO_ANNOT,,,Exact,0,"Exechophysis Simon, 1884",Exechophysis,urn:lsid:irmng.org:taxname:1126143,181,IRMNG,
463,Ceraticelus,Ceraticelus,41005,41016,6.21,1,NO_ANNOT,,,Exact,0,Ceraticelus,Ceraticelus,3KPR,1,Catalogue of Life,
464,Exechophysis plumalis,Exechophysis plumalis,41049,41070,12.61,2,SP_NOV,,,Exact,0,"Exechophysis plumalis Crosby, 1905",Exechophysis plumalis,95287755,169,uBio NameBank,
465,Chelicerae,Chelicerae,43990,44000,2.14,1,NO_ANNOT,,,Exact,0,Chelicerae,Chelicerae,2687819,168,ION,
466,Epigynum,Epigynum,44268,44276,4.79,1,NO_ANNOT,,,Exact,0,Epigynum Wight,Epigynum,4D55,1,Catalogue of Life,
467,DIPLOCEPHALUS.,Diplocephalus,44478,44492,6.54,1,SP_NOV,,,Exact,0,Diplocephalus,Diplocephalus,4676,1,Catalogue of Life,
468,Diplocephalus castigatorius,Diplocephalus castigatorius,44493,44520,13.88,2,SP_NOV,,,Exact,0,"Diplocephalus castigatorius Crosby, 1905",Diplocephalus castigatorius,95296274,169,uBio NameBank,
469,Diplocephalus depressus,Diplocephalus depressus,46899,46922,13.64,2,NO_ANNOT,,,Exact,0,"Diplocephalus depressus Simon, 1894",Diplocephalus depressus,95290776,169,uBio NameBank,
470,Diplocephalus erigonoides,Diplocephalus erigonoides,47389,47414,13.28,2,NO_ANNOT,,,Exact,0,"Diplocephalus erigonoides Simon, 1894",Diplocephalus erigonoides,95286981,169,uBio NameBank,
471,Diplocephalus formosus,Diplocephalus formosus,47845,47867,13.48,2,NO_ANNOT,,,Exact,0,Diplocephalus formosus,Diplocephalus formosus,3696458,168,ION,
472,TAPINOCYBA.,Tapinocyba,48477,48488,4.45,1,NO_ANNOT,,,Exact,0,Tapinocyba,Tapinocyba,7SP6,1,Catalogue of Life,
473,Tapinocyba distincta,Tapinocyba distincta,48489,48509,11.28,2,NO_ANNOT,,,Exact,0,"Tapinocyba distincta (Banks, 1892)",Tapinocyba distincta,54T4C,1,Catalogue of Life,
474,Tapinocyba.,Tapinocyba,48596,48607,4.45,1,NO_ANNOT,,,Exact,0,Tapinocyba,Tapinocyba,7SP6,1,Catalogue of Life,
475,POCADICNEMIS.,Pocadicnemis,49339,49352,5.97,1,NO_ANNOT,,,Exact,0,Pocadicnemis,Pocadicnemis,6T96,1,Catalogue of Life,
476,Pocadicnemis longitubus,Pocadicnemis longitubus,49353,49376,12.10,2,NO_ANNOT,,,Exact,0,"Pocadicnemis longitubus Simon, 1884",Pocadicnemis longitubus,95294790,169,uBio NameBank,
477,DELORRHIPIS.,Delorrhipis,51239,51251,5.98,1,NO_ANNOT,,,Exact,0,"Delorrhipis Simon, 1884",Delorrhipis,urn:lsid:irmng.org:taxname:1211673,181,IRMNG,
478,Delorrhipis unicornis,Delorrhipis unicornis,51252,51273,13.16,2,NO_ANNOT,,,Exact,0,Delorrhipis unicornis,Delorrhipis unicornis,3696454,168,ION,
479,Epigynum,Epigynum,53070,53078,4.79,1,NO_ANNOT,,,Exact,0,Epigynum Wight,Epigynum,4D55,1,Catalogue of Life,
480,Acartaucheuius columbiensis,Acartaucheuius columbiensis,53368,53395,7.34,2,SP_NOV,,,Fuzzy,1,Acartauchenius columbiensis Crosby 1905,Acartauchenius columbiensis,4275340,168,ION,
481,Erigone columbiensis.,Erigone columbiensis,54902,54923,10.97,2,NO_ANNOT,,,PartialExact,0,Erigone,Erigone,633LN,1,Catalogue of Life,
482,PROSOPOTHECA.,Prosopotheca,54930,54943,5.46,1,NO_ANNOT,,,Exact,0,"Prosopotheca Simon, 1882",Prosopotheca,urn:lsid:irmng.org:taxname:1237322,181,IRMNG,
483,Prosopotlieca communis,Prosopotlieca communis,54944,54966,6.27,2,NO_ANNOT,,,NoMatch,,,,,,,,
484,Lophocarenmn arvenis,Lophocarenmn arvenis,55007,55027,4.63,2,NO_ANNOT,,,NoMatch,,,,,,,,
485,Prosopotheca directa,Prosopotheca directa,55098,55118,11.93,2,NO_ANNOT,,,Exact,0,"Prosopotheca directa Simon, 1884",Prosopotheca directa,95298676,169,uBio NameBank,
486,Prosopotheca formosa,Prosopotheca formosa,56227,56247,9.08,2,NO_ANNOT,,,Exact,0,"Prosopotheca formosa Crosby, 1905",Prosopotheca formosa,95285286,169,uBio NameBank,
487,Tmeticus luxuosus,Tmeticus luxuosus,56307,56324,12.94,2,NO_ANNOT,,,Exact,0,"Tmeticus luxuosus Banks, 1892",Tmeticus luxuosus,gn_71729,186,MCZbase,
488,Lophocarenum venustum,Lophocarenum venustum,56346,56367,12.72,2,NO_ANNOT,,,Exact,0,"Lophocarenum venustum Banks, 1892",Lophocarenum venustum,gn_82680,186,MCZbase,
489,Lophocarenum venustum,Lophocarenum venustum,56404,56425,12.72,2,NO_ANNOT,,,Exact,0,"Lophocarenum venustum Banks, 1892",Lophocarenum venustum,gn_82680,186,MCZbase,
490,Cornicularia formosa,Cornicularia formosa,56430,56450,8.99,2,NO_ANNOT,,,Exact,0,"Cornicularia formosa Banks, 1892",Cornicularia formosa,gn_86609,186,MCZbase,
491,Erigone,Erigone,56525,56532,3.14,1,NO_ANNOT,,,Exact,0,Erigone,Erigone,633LN,1,Catalogue of Life,
492,Prosopotheca,Prosopotheca,56787,56799,5.46,1,NO_ANNOT,,,Exact,0,"Prosopotheca Simon, 1882",Prosopotheca,urn:lsid:irmng.org:taxname:1237322,181,IRMNG,
493,Prosopotheca miniata,Prosopotheca miniata,57971,57991,13.01,2,NO_ANNOT,,,Exact,0,Prosopotheca miniata,Prosopotheca miniata,3696479,168,ION,
494,Prosopotheca pallida,Prosopotheca pallida,58560,58580,12.12,2,NO_ANNOT,,,Exact,0,"Prosopotheca pallida Simon, 1894",Prosopotheca pallida,95299029,169,uBio NameBank,
495,Prosopotheca spiralis,Prosopotheca spiralis,59422,59443,12.60,2,NO_ANNOT,,,Exact,0,"Prosopotheca spiralis Crosby & Bishop, 1928",Prosopotheca spiralis,95299087,169,uBio NameBank,
496,Cornicularia vigilax,Cornicularia vigilax,59498,59518,9.65,2,NO_ANNOT,,,Exact,0,"Cornicularia vigilax (Blackwall, 1853)",Cornicularia vigilax,10282743,11,GBIF Backbone Taxonomy,
497,Prosopotheca transversa,Prosopotheca transversa,60155,60178,11.64,2,SP_NOV,,,Exact,0,"Prosopotheca transversa Crosby, 1905",Prosopotheca transversa,95296908,169,uBio NameBank,
498,TRACHELOCAMPTUS.,Trachelocamptus,62372,62388,6.25,1,NO_ANNOT,,,Exact,0,"Trachelocamptus Simon, 1884",Trachelocamptus,urn:lsid:irmng.org:taxname:1131934,181,IRMNG,
499,Trachelooamptus rostrata,Trachelooamptus rostrata,62389,62413,7.69,2,NO_ANNOT,,,Fuzzy,1,Trachelocamptus rostrata,Trachelocamptus rostrata,3696489,168,ION,
500,Trachelocamptus.,Trachelocamptus,63320,63336,6.25,1,NO_ANNOT,,,Exact,0,"Trachelocamptus Simon, 1884",Trachelocamptus,urn:lsid:irmng.org:taxname:1131934,181,IRMNG,
501,HYPOMMA.,Hypomma,63337,63345,5.00,1,NO_ANNOT,,,Exact,0,Hypomma,Hypomma,87GJ8,1,Catalogue of Life,
502,Dicyphus,Dicyphus,63348,63356,4.65,1,NO_ANNOT,,,Exact,0,Dicyphus,Dicyphus,633CD,1,Catalogue of Life,
503,Dicyphus,Dicyphus,63455,63463,4.65,1,NO_ANNOT,,,Exact,0,Dicyphus,Dicyphus,633CD,1,Catalogue of Life,
504,Hypomma,Hypomma,63762,63769,5.00,1,NO_ANNOT,,,Exact,0,Hypomma,Hypomma,87GJ8,1,Catalogue of Life,
505,Hypomma,Hypomma,63933,63940,5.00,1,NO_ANNOT,,,Exact,0,Hypomma,Hypomma,87GJ8,1,Catalogue of Life,
506,Dicyphus.,Dicyphus,63969,63978,4.65,1,NO_ANNOT,,,Exact,0,Dicyphus,Dicyphus,633CD,1,Catalogue of Life,
507,Dicyphus,Dicyphus,63982,63990,4.65,1,NO_ANNOT,,,Exact,0,Dicyphus,Dicyphus,633CD,1,Catalogue of Life,
508,Hemiptera,Hemiptera,64013,64022,5.15,1,NO_ANNOT,,,Exact,0,Hemiptera,Hemiptera,HP,1,Catalogue of Life,
509,Hypomma.,Hypomma,64159,64167,5.00,1,NO_ANNOT,,,Exact,0,Hypomma,Hypomma,87GJ8,1,Catalogue of Life,
510,Gonatium.,Gonatium,64206,64215,5.11,1,SP_NOV,,,Exact,0,Gonatium,Gonatium,4PXR,1,Catalogue of Life,
511,Edothorax limatus,Edothorax limatus,64227,64244,12.49,2,SP_NOV,,,NoMatch,,,,,,,,
512,Edothorax maculatus,Edothorax maculatus,65279,65298,12.85,2,NO_ANNOT,,,NoMatch,,,,,,,,
513,Edothorax,Edothorax,65900,65909,5.13,1,NO_ANNOT,,,NoMatch,,,,,,,,
514,Edothorax oxypaederotipus,Edothorax oxypaederotipus,67003,67028,12.53,2,SP_NOV,,,NoMatch,,,,,,,,
515,Edothorax trilobatus,Edothorax trilobatus,69442,69462,12.97,2,NO_ANNOT,,,NoMatch,,,,,,,,
516,Tfneticus moestus,Tfneticus moestus,69966,69983,7.22,2,NO_ANNOT,,,NoMatch,,,,,,,,
517,Tmeticus debilis,Tmeticus debilis,70719,70735,12.94,2,NO_ANNOT,,,Exact,0,"Tmeticus debilis Banks, 1892",Tmeticus debilis,gn_88010,186,MCZbase,
518,T. debilis,T. debilis,70841,70851,6.61,2,NO_ANNOT,,,NoMatch,,,,,,,,
519,T. palustris,T. palustris,70903,70915,6.90,2,NO_ANNOT,,,NoMatch,,,,,,,,
520,GONGYLIDIELLUM.,Gongylidiellum,70936,70951,6.70,1,NO_ANNOT,,,Exact,0,Gongylidiellum,Gongylidiellum,4Q27,1,Catalogue of Life,
521,Gongylidiellum minutum,Gongylidiellum minutum,70952,70974,13.74,2,NO_ANNOT,,,Exact,0,"Gongylidiellum minutum (Banks, 1892)",Gongylidiellum minutum,6L2TT,1,Catalogue of Life,
522,Tmeticus,Tmeticus,71498,71506,6.00,1,NO_ANNOT,,,Exact,0,Tmeticus,Tmeticus,7XCY,1,Catalogue of Life,
523,Tapinocyba distincta.,Tapinocyba distincta,71902,71923,11.28,2,NO_ANNOT,,,Exact,0,"Tapinocyba distincta (Banks, 1892)",Tapinocyba distincta,54T4C,1,Catalogue of Life,
524,Gongylidiellum pallidum,Gongylidiellum pallidum,71924,71947,13.08,2,NO_ANNOT,,,Exact,0,Gongylidiellum pallidum,Gongylidiellum pallidum,3696467,168,ION,
525,ERIGONE.,Erigone,72548,72556,3.14,1,NO_ANNOT,,,Exact,0,Erigone,Erigone,633LN,1,Catalogue of Life,
526,Erigone persimilis,Erigone persimilis,72557,72575,10.56,2,NO_ANNOT,,,Exact,0,"Erigone persimilis Crosby, 1905",Erigone persimilis,95287161,169,uBio NameBank,
527,Epigynum,Epigynum,73568,73576,4.79,1,NO_ANNOT,,,Exact,0,Epigynum Wight,Epigynum,4D55,1,Catalogue of Life,
528,Erigone,Erigone,73801,73808,3.14,1,SP_NOV,,,Exact,0,Erigone,Erigone,633LN,1,Catalogue of Life,
529,Erigone tridentata,Erigone tridentata,75063,75081,11.16,2,NO_ANNOT,,,Exact,0,"Erigone tridentata Marx, 1890",Erigone tridentata,95286921,169,uBio NameBank,
530,Erigone.,Erigone,75133,75141,3.14,1,NO_ANNOT,,,Exact,0,Erigone,Erigone,633LN,1,Catalogue of Life,
531,Erigone tristis,Erigone tristis,75580,75595,9.54,2,NO_ANNOT,,,Exact,0,"Erigone tristis (Banks, 1892)",Erigone tristis,3B233,1,Catalogue of Life,
532,MASO.,Maso,76387,76392,2.48,1,NO_ANNOT,,,Exact,0,Maso,Maso,5LS6,1,Catalogue of Life,
533,Maso frontatus,Maso frontatus,76393,76407,10.20,2,NO_ANNOT,,,Exact,0,Maso frontatus,Maso frontatus,3696472,168,ION,
534,CERATINOPSIS.,Ceratinopsis,76996,77009,5.47,1,NO_ANNOT,,,Exact,0,Ceratinopsis,Ceratinopsis,3KPZ,1,Catalogue of Life,
535,Notionella,Notionella,77010,77020,6.37,1,NO_ANNOT,,,Exact,0,"Notionella Banks, 1905",Notionella,urn:lsid:irmng.org:taxname:1338755,181,IRMNG,
536,Ceratinopsis,Ceratinopsis,77070,77082,5.47,1,NO_ANNOT,,,Exact,0,Ceratinopsis,Ceratinopsis,3KPZ,1,Catalogue of Life,
537,C. interpres,C. interpres,77092,77104,3.94,2,NO_ANNOT,,,NoMatch,,,,,,,,
538,Ceratinopsis,Ceratinopsis,77158,77170,5.47,1,NO_ANNOT,,,Exact,0,Ceratinopsis,Ceratinopsis,3KPZ,1,Catalogue of Life,
539,Ceratinopsis anglicanum,Ceratinopsis anglicanum,77210,77233,12.72,2,NO_ANNOT,,,Exact,0,"Ceratinopsis anglicanum Crosby, 1905",Ceratinopsis anglicanum,95298114,169,uBio NameBank,
540,Bathyphantes anglicanum,Bathyphantes anglicanum,77345,77368,11.16,2,SP_NOV,,,Exact,0,"Bathyphantes anglicanum Banks, 1899",Bathyphantes anglicanum,95298113,169,uBio NameBank,
541,Ceratinopsis unicolor,Ceratinopsis unicolor,77376,77397,12.08,2,SP_NOV,,,Exact,0,"Ceratinopsis unicolor Crosby, 1905",Ceratinopsis unicolor,95296458,169,uBio NameBank,
542,Ceratinopsis unicolor,Ceratinopsis unicolor,78621,78642,12.08,2,NO_ANNOT,,,Exact,0,"Ceratinopsis unicolor Crosby, 1905",Ceratinopsis unicolor,95296458,169,uBio NameBank,
543,CLITOLYNA.,Clitolyna,78657,78667,4.76,1,SP_NOV,,,Exact,0,"Clitolyna Simon, 1894",Clitolyna,urn:lsid:irmng.org:taxname:1316517,181,IRMNG,
544,Clitolyna electa,Clitolyna electa,78668,78684,10.94,2,SP_NOV,,,Exact,0,Clitolyna electa,Clitolyna electa,3568444,179,Open Tree of Life,
545,Clitolyna,Clitolyna,79822,79831,4.76,1,NO_ANNOT,,,Exact,0,"Clitolyna Simon, 1894",Clitolyna,urn:lsid:irmng.org:taxname:1316517,181,IRMNG,
546,C. fastibilis,C. fastibilis,80095,80108,7.08,2,NO_ANNOT,,,NoMatch,,,,,,,,
547,C. electa,C. electa,80291,80300,5.85,2,NO_ANNOT,,,NoMatch,,,,,,,,
548,Ceraticelus albus,Ceraticelus albus,80432,80449,7.57,2,NO_ANNOT,,,Exact,0,"Ceraticelus albus (Fox, 1891)",Ceraticelus albus,SL8S,1,Catalogue of Life,
549,Ceraticelus albus,Ceraticelus albus,80477,80494,7.57,2,NO_ANNOT,,,Exact,0,"Ceraticelus albus (Fox, 1891)",Ceraticelus albus,SL8S,1,Catalogue of Life,
550,Ceraticelus alticeps,Ceraticelus alticeps,80527,80547,12.44,2,NO_ANNOT,,,Exact,0,"Ceraticelus alticeps (Fox, 1891)",Ceraticelus alticeps,SL8T,1,Catalogue of Life,
551,Ceraticelus melanocnemis,Ceraticelus melanocnemis,80575,80599,13.32,2,NO_ANNOT,,,Exact,0,Ceraticelus melanocnemis,Ceraticelus melanocnemis,3696442,168,ION,
552,Ceraticelus rugosus,Ceraticelus rugosus,80627,80646,12.95,2,SP_NOV,,,Exact,0,"Ceraticelus rugosus Crosby, 1905",Ceraticelus rugosus,gn_81579,186,MCZbase,
553,Ceraticelus tibialis,Ceraticelus tibialis,80676,80696,13.35,2,NO_ANNOT,,,Exact,0,"Ceraticelus tibialis (Fox, 1891)",Ceraticelus tibialis,69LC4,1,Catalogue of Life,
554,Ceraticelus rugosus,Ceraticelus rugosus,80724,80743,12.95,2,SP_NOV,,,Exact,0,"Ceraticelus rugosus Crosby, 1905",Ceraticelus rugosus,gn_81579,186,MCZbase,
555,Exechophysis plumalis,Exechophysis plumalis,80773,80794,12.61,2,SP_NOV,,,Exact,0,"Exechophysis plumalis Crosby, 1905",Exechophysis plumalis,95287755,169,uBio NameBank,
556,Ceraticelus melanocnemis,Ceraticelus melanocnemis,80881,80905,13.32,2,NO_ANNOT,,,Exact,0,Ceraticelus melanocnemis,Ceraticelus melanocnemis,3696442,168,ION,
557,Acartaucheuius columbiensis,Acartaucheuius columbiensis,80939,80966,7.34,2,SP_NOV,,,Fuzzy,1,Acartauchenius columbiensis Crosby 1905,Acartauchenius columbiensis,4275340,168,ION,
558,Diplocephalus castigatorius,Diplocephalus castigatorius,80997,81024,13.88,2,SP_NOV,,,Exact,0,"Diplocephalus castigatorius Crosby, 1905",Diplocephalus castigatorius,95296274,169,uBio NameBank,
559,Exechophysis plumalis,Exechophysis plumalis,81055,81076,12.61,2,SP_NOV,,,Exact,0,"Exechophysis plumalis Crosby, 1905",Exechophysis plumalis,95287755,169,uBio NameBank,
560,Diplocephalus castigatorius,Diplocephalus castigatorius,81107,81134,13.88,2,SP_NOV,,,Exact,0,"Diplocephalus castigatorius Crosby, 1905",Diplocephalus castigatorius,95296274,169,uBio NameBank,
561,Epigynum,Epigynum,81226,81234,4.79,1,NO_ANNOT,,,Exact,0,Epigynum Wight,Epigynum,4D55,1,Catalogue of Life,
562,Exechophysis plumalis,Exechophysis plumalis,81271,81292,12.61,2,SP_NOV,,,Exact,0,"Exechophysis plumalis Crosby, 1905",Exechophysis plumalis,95287755,169,uBio NameBank,
563,Epigynum.,Epigynum,81300,81309,4.79,1,NO_ANNOT,,,Exact,0,Epigynum Wight,Epigynum,4D55,1,Catalogue of Life,
564,Diplocephalus castigatorius,Diplocephalus castigatorius,81319,81346,13.88,2,SP_NOV,,,Exact,0,"Diplocephalus castigatorius Crosby, 1905",Diplocephalus castigatorius,95296274,169,uBio NameBank,
565,Epigynum.,Epigynum,81354,81363,4.79,1,NO_ANNOT,,,Exact,0,Epigynum Wight,Epigynum,4D55,1,Catalogue of Life,
566,Pocadicnemis longitubus,Pocadicnemis longitubus,81373,81396,12.10,2,NO_ANNOT,,,Exact,0,"Pocadicnemis longitubus Simon, 1884",Pocadicnemis longitubus,95294790,169,uBio NameBank,
567,Epigynum.,Epigynum,81401,81410,4.79,1,NO_ANNOT,,,Exact,0,Epigynum Wight,Epigynum,4D55,1,Catalogue of Life,
568,Delorrhypis unicornis,Delorrhypis unicornis,81420,81441,6.86,2,NO_ANNOT,,,Fuzzy,1,Delorrhipis unicornis,Delorrhipis unicornis,3696454,168,ION,
569,Epigynum.,Epigynum,81449,81458,4.79,1,NO_ANNOT,,,Exact,0,Epigynum Wight,Epigynum,4D55,1,Catalogue of Life,
570,Prosopotheca transversa,Prosopotheca transversa,81469,81492,11.64,2,SP_NOV,,,Exact,0,"Prosopotheca transversa Crosby, 1905",Prosopotheca transversa,95296908,169,uBio NameBank,
571,Epigynum.,Epigynum,81500,81509,4.79,1,NO_ANNOT,,,Exact,0,Epigynum Wight,Epigynum,4D55,1,Catalogue of Life,
572,CEdothorax limatus,Cedothorax limatus,81519,81537,6.35,2,SP_NOV,,,Fuzzy,1,"Oedothorax limatus Crosby, 1905",Oedothorax limatus,74JP5,1,Catalogue of Life,
573,Epigynum.,Epigynum,81545,81554,4.79,1,NO_ANNOT,,,Exact,0,Epigynum Wight,Epigynum,4D55,1,Catalogue of Life,
574,Erigone,Erigone,81564,81571,3.14,1,SP_NOV,,,Exact,0,Erigone,Erigone,633LN,1,Catalogue of Life,
575,Epigynum.,Epigynum,81587,81596,4.79,1,NO_ANNOT,,,Exact,0,Epigynum Wight,Epigynum,4D55,1,Catalogue of Life,
576,Clitolyna electa,Clitolyna electa,81606,81622,10.94,2,SP_NOV,,,Exact,0,Clitolyna electa,Clitolyna electa,3568444,179,Open Tree of Life,
577,Epigynum.,Epigynum,81630,81639,4.79,1,NO_ANNOT,,,Exact,0,Epigynum Wight,Epigynum,4D55,1,Catalogue of Life,
578,Acartauchenius columbiensis,Acartauchenius columbiensis,81649,81676,13.65,2,SP_NOV,,,Exact,0,Acartauchenius columbiensis Crosby 1905,Acartauchenius columbiensis,4275340,168,ION,
579,Voluta,Voluta,83069,83075,4.12,1,NO_ANNOT,,,Exact,0,"Voluta Linnaeus, 1758",Voluta,7PKXD,1,Catalogue of Life,
580,Strombus,Strombus,83076,83084,4.31,1,NO_ANNOT,,,Exact,0,"Strombus Linnaeus, 1758",Strombus,7PHMS,1,Catalogue of Life,
581,Fulgur perversum,Fulgur perversum,83265,83281,9.82,2,NO_ANNOT,,,Exact,0,Fulgur perversum Con.,Fulgur perversum,gn_80042,186,MCZbase,
582,Strombus leidyi,Strombus leidyi,83286,83301,8.38,2,NO_ANNOT,,,Exact,0,"Strombus (Macrostrombus) leidyi (Heilprin, 1887)",Strombus leidyi,7T8XX,1,Catalogue of Life,
583,Fulgur perversum.,Fulgur perversum,83345,83362,9.82,2,NO_ANNOT,,,Exact,0,Fulgur perversum Con.,Fulgur perversum,gn_80042,186,MCZbase,
584,Fusus,Fusus,83455,83460,3.45,1,NO_ANNOT,,,Exact,0,"Fusus Röding, 1798",Fusus,urn:lsid:irmng.org:taxname:1297458,181,IRMNG,
585,Fusus,Fusus,83844,83849,3.45,1,NO_ANNOT,,,Exact,0,"Fusus Röding, 1798",Fusus,urn:lsid:irmng.org:taxname:1297458,181,IRMNG,
586,Trias,Trias,84121,84126,4.65,1,NO_ANNOT,,,Exact,0,Trias Lindl.,Trias,145106283,165,Tropicos,
587,Fulgur,Fulgur,84489,84495,2.87,1,NO_ANNOT,,,Exact,0,"Fulgur Montfort, 1810",Fulgur,urn:lsid:irmng.org:taxname:1247350,181,IRMNG,
588,Fulgur carica,Fulgur carica,84579,84592,9.66,2,NO_ANNOT,,,Exact,0,"Fulgur carica (Gmelin, 1791)",Fulgur carica,6JRTZ,1,Catalogue of Life,
589,Gastropoda,Gastropoda,84666,84676,5.36,1,NO_ANNOT,,,Exact,0,"Gastropoda Cuvier, 1795",Gastropoda,7NF3Y,1,Catalogue of Life,
590,Gastropoda,Gastropoda,84727,84737,5.36,1,NO_ANNOT,,,Exact,0,"Gastropoda Cuvier, 1795",Gastropoda,7NF3Y,1,Catalogue of Life,
591,Sycotypus,Sycotypus,84751,84760,5.90,1,NO_ANNOT,,,Exact,0,"Sycotypus Gill, 1867",Sycotypus,urn:lsid:irmng.org:taxname:1163322,181,IRMNG,
592,Fusus,Fusus,84789,84794,3.45,1,NO_ANNOT,,,Exact,0,"Fusus Röding, 1798",Fusus,urn:lsid:irmng.org:taxname:1297458,181,IRMNG,
593,Where phylogenetic,Where phylogenetic,85071,85089,,2,NO_ANNOT,,,NoMatch,,,,,,,,
594,Cephalopoda.,Cephalopoda,85426,85438,5.48,1,NO_ANNOT,,,Exact,0,"Cephalopoda Cuvier, 1795",Cephalopoda,7NF3H,1,Catalogue of Life,
595,Fusus,Fusus,85566,85571,3.45,1,NO_ANNOT,,,Exact,0,"Fusus Röding, 1798",Fusus,urn:lsid:irmng.org:taxname:1297458,181,IRMNG,
596,Voluta,Voluta,85576,85582,4.12,1,NO_ANNOT,,,Exact,0,"Voluta Linnaeus, 1758",Voluta,7PKXD,1,Catalogue of Life,
597,Fulgur,Fulgur,85673,85679,2.87,1,NO_ANNOT,,,Exact,0,"Fulgur Montfort, 1810",Fulgur,urn:lsid:irmng.org:taxname:1247350,181,IRMNG,
598,Volutilithes,Volutilithes,85878,85890,5.02,1,NO_ANNOT,,,Exact,0,"Volutilithes Swainson, 1831",Volutilithes,7PKXQ,1,Catalogue of Life,
599,Volutilithes petrosus,Volutilithes petrosus,85894,85915,11.96,2,NO_ANNOT,,,Exact,0,Volutilithes petrosus Conrad 1833,Volutilithes petrosus,gn_78827,186,MCZbase,
600,Volutilithes,Volutilithes,86039,86051,5.02,1,NO_ANNOT,,,Exact,0,"Volutilithes Swainson, 1831",Volutilithes,7PKXQ,1,Catalogue of Life,
601,Volutilithes petrosus,Volutilithes petrosus,86557,86578,11.96,2,NO_ANNOT,,,Exact,0,Volutilithes petrosus Conrad 1833,Volutilithes petrosus,gn_78827,186,MCZbase,
602,Fulgur carica,Fulgur carica,86837,86850,9.66,2,NO_ANNOT,,,Exact,0,"Fulgur carica (Gmelin, 1791)",Fulgur carica,6JRTZ,1,Catalogue of Life,
603,Volutilithes,Volutilithes,88506,88518,5.02,1,NO_ANNOT,,,Exact,0,"Volutilithes Swainson, 1831",Volutilithes,7PKXQ,1,Catalogue of Life,
604,Volutilithes petrosus,Volutilithes petrosus,88744,88765,11.96,2,NO_ANNOT,,,Exact,0,Volutilithes petrosus Conrad 1833,Volutilithes petrosus,gn_78827,186,MCZbase,
605,Volutilithes petrosus there,Volutilithes petrosus there,88969,88996,9.83,3,NO_ANNOT,,,PartialExact,0,Volutilithes petrosus Conrad 1833,Volutilithes petrosus,gn_78827,186,MCZbase,
606,Volutilithes petrosus,Volutilithes petrosus,90810,90831,11.96,2,NO_ANNOT,,,Exact,0,Volutilithes petrosus Conrad 1833,Volutilithes petrosus,gn_78827,186,MCZbase,
607,Volutilithes petrosus,Volutilithes petrosus,90904,90925,11.96,2,NO_ANNOT,,,Exact,0,Volutilithes petrosus Conrad 1833,Volutilithes petrosus,gn_78827,186,MCZbase,
608,Cephalopoda,Cephalopoda,92547,92558,5.48,1,NO_ANNOT,,,Exact,0,"Cephalopoda Cuvier, 1795",Cephalopoda,7NF3H,1,Catalogue of Life,
609,Ammonites,Ammonites,92597,92606,3.38,1,NO_ANNOT,,,Exact,0,Ammonites,Ammonites,628XM,1,Catalogue of Life,
610,Fulgur carica,Fulgur carica,94621,94634,9.66,2,NO_ANNOT,,,Exact,0,"Fulgur carica (Gmelin, 1791)",Fulgur carica,6JRTZ,1,Catalogue of Life,
611,Volutilithes petrosus,Volutilithes petrosus,94639,94660,11.96,2,NO_ANNOT,,,Exact,0,Volutilithes petrosus Conrad 1833,Volutilithes petrosus,gn_78827,186,MCZbase,
612,Fulgur canalicidatum,Fulgur canalicidatum,95121,95141,5.59,2,NO_ANNOT,,,PartialExact,0,"Fulgur Montfort, 1810",Fulgur,urn:lsid:irmng.org:taxname:1247350,181,IRMNG,
613,F. carica.,F. carica,95323,95333,6.45,2,NO_ANNOT,,,NoMatch,,,,,,,,
614,Fulgur carica,Fulgur carica,95844,95857,9.66,2,NO_ANNOT,,,Exact,0,"Fulgur carica (Gmelin, 1791)",Fulgur carica,6JRTZ,1,Catalogue of Life,
615,Fulgur carica,Fulgur carica,96087,96100,9.66,2,NO_ANNOT,,,Exact,0,"Fulgur carica (Gmelin, 1791)",Fulgur carica,6JRTZ,1,Catalogue of Life,
616,Fulgur carica',Fulgur carica,96730,96744,9.66,2,NO_ANNOT,,,Exact,0,"Fulgur carica (Gmelin, 1791)",Fulgur carica,6JRTZ,1,Catalogue of Life,
617,Volutilithes petrosus.,Volutilithes petrosus,96928,96950,11.96,2,NO_ANNOT,,,Exact,0,Volutilithes petrosus Conrad 1833,Volutilithes petrosus,gn_78827,186,MCZbase,
618,Volulilithes petrosus,Volulilithes petrosus,98252,98273,11.96,2,NO_ANNOT,,,Fuzzy,1,Volutilithes petrosus Conrad 1833,Volutilithes petrosus,gn_78827,186,MCZbase,
619,Volutilithes petrosus,Volutilithes petrosus,98856,98877,11.96,2,NO_ANNOT,,,Exact,0,Volutilithes petrosus Conrad 1833,Volutilithes petrosus,gn_78827,186,MCZbase,
620,Fulgur carica,Fulgur carica,98885,98898,9.66,2,NO_ANNOT,,,Exact,0,"Fulgur carica (Gmelin, 1791)",Fulgur carica,6JRTZ,1,Catalogue of Life,
621,Strombus,Strombus,98907,98915,4.31,1,NO_ANNOT,,,Exact,0,"Strombus Linnaeus, 1758",Strombus,7PHMS,1,Catalogue of Life,
622,Aporrhais,Aporrhais,98920,98929,3.51,1,NO_ANNOT,,,Exact,0,"Aporrhais da Costa, 1778",Aporrhais,7NPG7,1,Catalogue of Life,
623,Strombus,Strombus,99151,99159,4.31,1,NO_ANNOT,,,Exact,0,"Strombus Linnaeus, 1758",Strombus,7PHMS,1,Catalogue of Life,
624,Aporrhais,Aporrhais,99160,99169,3.51,1,NO_ANNOT,,,Exact,0,"Aporrhais da Costa, 1778",Aporrhais,7NPG7,1,Catalogue of Life,
625,Strombus,Strombus,99196,99204,4.31,1,NO_ANNOT,,,Exact,0,"Strombus Linnaeus, 1758",Strombus,7PHMS,1,Catalogue of Life,
626,Strombus leidyi.,Strombus leidyi,99416,99432,8.38,2,NO_ANNOT,,,Exact,0,"Strombus (Macrostrombus) leidyi (Heilprin, 1887)",Strombus leidyi,7T8XX,1,Catalogue of Life,
627,Ecphora,Ecphora,99600,99607,5.65,1,NO_ANNOT,,,Exact,0,"Ecphora Conrad, 1843",Ecphora,8FSYF,1,Catalogue of Life,
628,Vermetus,Vermetus,99715,99723,5.28,1,NO_ANNOT,,,Exact,0,"Vermetus Daudin, 1800",Vermetus,7PKR2,1,Catalogue of Life,
629,Volutilithes petrosus,Volutilithes petrosus,99931,99952,11.96,2,NO_ANNOT,,,Exact,0,Volutilithes petrosus Conrad 1833,Volutilithes petrosus,gn_78827,186,MCZbase,
630,Fulgur,Fulgur,100740,100746,2.87,1,NO_ANNOT,,,Exact,0,"Fulgur Montfort, 1810",Fulgur,urn:lsid:irmng.org:taxname:1247350,181,IRMNG,
631,Fulgur maximum,Fulgur maximum,101273,101287,4.73,2,NO_ANNOT,,,Exact,0,Fulgur maximum Con,Fulgur maximum,gn_55713,186,MCZbase,
632,Fulgur maximum.,Fulgur maximum,102005,102020,4.73,2,NO_ANNOT,,,Exact,0,Fulgur maximum Con,Fulgur maximum,gn_55713,186,MCZbase,
633,Volutiliihes dalli.,Volutiliihes dalli,102633,102652,3.94,2,NO_ANNOT,,,Fuzzy,1,Volutilithes dalli,Volutilithes dalli,7955298,179,Open Tree of Life,
634,Fulgur carica,Fulgur carica,102977,102990,9.66,2,NO_ANNOT,,,Exact,0,"Fulgur carica (Gmelin, 1791)",Fulgur carica,6JRTZ,1,Catalogue of Life,
635,Fulgur striatum.,Fulgur striatum,103215,103231,10.11,2,NO_ANNOT,,,PartialExact,0,"Fulgur Montfort, 1810",Fulgur,urn:lsid:irmng.org:taxname:1247350,181,IRMNG,
636,Fulgur maximum,Fulgur maximum,103287,103301,4.73,2,NO_ANNOT,,,Exact,0,Fulgur maximum Con,Fulgur maximum,gn_55713,186,MCZbase,
637,Fulgur carica.,Fulgur carica,103450,103464,9.66,2,NO_ANNOT,,,Exact,0,"Fulgur carica (Gmelin, 1791)",Fulgur carica,6JRTZ,1,Catalogue of Life,
638,Fulgur carica,Fulgur carica,103550,103563,9.66,2,NO_ANNOT,,,Exact,0,"Fulgur carica (Gmelin, 1791)",Fulgur carica,6JRTZ,1,Catalogue of Life,
639,Fulgur carica may,Fulgur carica may,103611,103628,6.96,3,NO_ANNOT,,,PartialExact,0,"Fulgur carica (Gmelin, 1791)",Fulgur carica,6JRTZ,1,Catalogue of Life,
640,F. fusiformis,F. fusiformis,103683,103696,6.57,2,NO_ANNOT,,,NoMatch,,,,,,,,
641,F. carica.,F. carica,103782,103792,6.45,2,NO_ANNOT,,,NoMatch,,,,,,,,
642,F. carica.,F. carica,103799,103809,6.45,2,NO_ANNOT,,,NoMatch,,,,,,,,
643,Fulgur carica,Fulgur carica,103957,103970,9.66,2,NO_ANNOT,,,Exact,0,"Fulgur carica (Gmelin, 1791)",Fulgur carica,6JRTZ,1,Catalogue of Life,
644,Fulgur maximum,Fulgur maximum,104097,104111,4.73,2,NO_ANNOT,,,Exact,0,Fulgur maximum Con,Fulgur maximum,gn_55713,186,MCZbase,
645,Fulgur maximum,Fulgur maximum,104170,104184,4.73,2,NO_ANNOT,,,Exact,0,Fulgur maximum Con,Fulgur maximum,gn_55713,186,MCZbase,
646,Fulgur carica.,Fulgur carica,104223,104237,9.66,2,NO_ANNOT,,,Exact,0,"Fulgur carica (Gmelin, 1791)",Fulgur carica,6JRTZ,1,Catalogue of Life,
647,Fulgur maximum,Fulgur maximum,104761,104775,4.73,2,NO_ANNOT,,,Exact,0,Fulgur maximum Con,Fulgur maximum,gn_55713,186,MCZbase,
648,Fulgur maximum,Fulgur maximum,105052,105066,4.73,2,NO_ANNOT,,,Exact,0,Fulgur maximum Con,Fulgur maximum,gn_55713,186,MCZbase,
649,F. tritonis,F. tritonis,105118,105129,6.69,2,NO_ANNOT,,,NoMatch,,,,,,,,
650,F. filosum,F. filosum,105130,105140,6.26,2,NO_ANNOT,,,NoMatch,,,,,,,,
651,Fulgur maximum,Fulgur maximum,105220,105234,4.73,2,NO_ANNOT,,,Exact,0,Fulgur maximum Con,Fulgur maximum,gn_55713,186,MCZbase,
652,Fulgur carica,Fulgur carica,105256,105269,9.66,2,NO_ANNOT,,,Exact,0,"Fulgur carica (Gmelin, 1791)",Fulgur carica,6JRTZ,1,Catalogue of Life,
653,Fulgur maximum,Fulgur maximum,105385,105399,4.73,2,NO_ANNOT,,,Exact,0,Fulgur maximum Con,Fulgur maximum,gn_55713,186,MCZbase,
654,Fulgur rapum.,Fulgur rapum,105592,105605,7.77,2,NO_ANNOT,,,Exact,0,Fulgur rapum (Heilprin 1887),Fulgur rapum,120693,172,PaleoBioDB,
655,Fulgur rapum,Fulgur rapum,105634,105646,7.77,2,NO_ANNOT,,,Exact,0,Fulgur rapum (Heilprin 1887),Fulgur rapum,120693,172,PaleoBioDB,
656,Fulgur rapum,Fulgur rapum,105765,105777,7.77,2,NO_ANNOT,,,Exact,0,Fulgur rapum (Heilprin 1887),Fulgur rapum,120693,172,PaleoBioDB,
657,Fulgur carica main,Fulgur carica main,105887,105905,7.42,3,NO_ANNOT,,,PartialExact,0,"Fulgur carica (Gmelin, 1791)",Fulgur carica,6JRTZ,1,Catalogue of Life,
658,Fulgur eliceans.,Fulgur eliceans,105947,105963,8.25,2,NO_ANNOT,,,Exact,0,"Fulgur eliceans Montfort, 1810",Fulgur eliceans,6K3TZ,1,Catalogue of Life,
659,Fulgur carica.,Fulgur carica,106095,106109,9.66,2,NO_ANNOT,,,Exact,0,"Fulgur carica (Gmelin, 1791)",Fulgur carica,6JRTZ,1,Catalogue of Life,
660,Fulgur carica.,Fulgur carica,106185,106199,9.66,2,NO_ANNOT,,,Exact,0,"Fulgur carica (Gmelin, 1791)",Fulgur carica,6JRTZ,1,Catalogue of Life,
661,Fulgur carica,Fulgur carica,106391,106404,9.66,2,NO_ANNOT,,,Exact,0,"Fulgur carica (Gmelin, 1791)",Fulgur carica,6JRTZ,1,Catalogue of Life,
662,Volutilithes petrosus,Volutilithes petrosus,108959,108980,11.96,2,NO_ANNOT,,,Exact,0,Volutilithes petrosus Conrad 1833,Volutilithes petrosus,gn_78827,186,MCZbase,
663,Planorbis,Planorbis,109053,109062,4.83,1,NO_ANNOT,,,Exact,0,"Planorbis O. F. Müller, 1773",Planorbis,7PCRT,1,Catalogue of Life,
664,Ecphora quadricostata,Ecphora quadricostata,109368,109389,13.90,2,NO_ANNOT,,,Exact,0,"Ecphora quadricostata (Say, 1824)",Ecphora quadricostata,8GMNC,1,Catalogue of Life,
665,Fulgur,Fulgur,110221,110227,2.87,1,NO_ANNOT,,,Exact,0,"Fulgur Montfort, 1810",Fulgur,urn:lsid:irmng.org:taxname:1247350,181,IRMNG,
666,Fulgur pyrum.,Fulgur pyrum,110659,110672,8.93,2,NO_ANNOT,,,Exact,0,Fulgur pyrum Dillwyn,Fulgur pyrum,gn_236407,186,MCZbase,
667,Fulgur canaliculatum,Fulgur canaliculatum,110673,110693,10.62,2,NO_ANNOT,,,Exact,0,Fulgur canaliculatum,Fulgur canaliculatum,3323089,168,ION,
668,Fulgur canaliculatum.,Fulgur canaliculatum,110949,110970,10.62,2,NO_ANNOT,,,Exact,0,Fulgur canaliculatum,Fulgur canaliculatum,3323089,168,ION,
669,Fulgur pyrum.,Fulgur pyrum,111086,111099,8.93,2,NO_ANNOT,,,Exact,0,Fulgur pyrum Dillwyn,Fulgur pyrum,gn_236407,186,MCZbase,
670,Fulgur canaliculatum,Fulgur canaliculatum,111928,111948,10.62,2,NO_ANNOT,,,Exact,0,Fulgur canaliculatum,Fulgur canaliculatum,3323089,168,ION,
671,Fulgur,Fulgur,111956,111962,2.87,1,NO_ANNOT,,,Exact,0,"Fulgur Montfort, 1810",Fulgur,urn:lsid:irmng.org:taxname:1247350,181,IRMNG,
672,F. pyrum,F. pyrum,114015,114023,5.72,2,NO_ANNOT,,,NoMatch,,,,,,,,
673,Placenticeras,Placenticeras,114313,114326,5.35,1,NO_ANNOT,,,Exact,0,Placenticeras,Placenticeras,6R3V,1,Catalogue of Life,
674,Volutilithes petrosus,Volutilithes petrosus,115328,115349,11.96,2,NO_ANNOT,,,Exact,0,Volutilithes petrosus Conrad 1833,Volutilithes petrosus,gn_78827,186,MCZbase,
675,Volutilithes petrosus,Volutilithes petrosus,115735,115756,11.96,2,NO_ANNOT,,,Exact,0,Volutilithes petrosus Conrad 1833,Volutilithes petrosus,gn_78827,186,MCZbase,
676,Volutilithes petrosus,Volutilithes petrosus,116154,116175,11.96,2,NO_ANNOT,,,Exact,0,Volutilithes petrosus Conrad 1833,Volutilithes petrosus,gn_78827,186,MCZbase,
677,Ecphora quadricostata,Ecphora quadricostata,116751,116772,13.90,2,NO_ANNOT,,,Exact,0,"Ecphora quadricostata (Say, 1824)",Ecphora quadricostata,8GMNC,1,Catalogue of Life,
678,Ecphora quadricostata,Ecphora quadricostata,116856,116877,13.90,2,NO_ANNOT,,,Exact,0,"Ecphora quadricostata (Say, 1824)",Ecphora quadricostata,8GMNC,1,Catalogue of Life,
679,Ecphora quadricostata,Ecphora quadricostata,117104,117125,13.90,2,NO_ANNOT,,,Exact,0,"Ecphora quadricostata (Say, 1824)",Ecphora quadricostata,8GMNC,1,Catalogue of Life,
680,Fulgur canaliculatum,Fulgur canaliculatum,117261,117281,10.62,2,NO_ANNOT,,,Exact,0,Fulgur canaliculatum,Fulgur canaliculatum,3323089,168,ION,
681,Fulgur canaliculatum,Fulgur canaliculatum,117366,117386,10.62,2,NO_ANNOT,,,Exact,0,Fulgur canaliculatum,Fulgur canaliculatum,3323089,168,ION,
682,Fulgur pyrum,Fulgur pyrum,117545,117557,8.93,2,NO_ANNOT,,,Exact,0,Fulgur pyrum Dillwyn,Fulgur pyrum,gn_236407,186,MCZbase,
683,Fulgur maximum,Fulgur maximum,117690,117704,4.73,2,NO_ANNOT,,,Exact,0,Fulgur maximum Con,Fulgur maximum,gn_55713,186,MCZbase,
