Index,Verbatim,Name,Start,End,OddsLog10,Cardinality,AnnotNomenType,WordsBefore,WordsAfter,VerifMatchType,VerifEditDistance,VerifMatchedName,VerifMatchedCanonical,VerifTaxonId,VerifDataSourceId,VerifDataSourceTitle,VerifError
0,Abramis crysoleucas,Abramis crysoleucas,124,143,10.16,2,NO_ANNOT,,,Exact,0,Abramis crysoleucas,Abramis crysoleucas,gn_93485,186,MCZbase,
1,Abudefduf mauritii,Abudefduf mauritii,156,174,10.24,2,NO_ANNOT,,,PartialExact,0,Abudefduf,Abudefduf,LSZ,1,Catalogue of Life,
2,Acacia costaricens,Acacia costaricens,179,197,6.38,2,NO_ANNOT,,,Fuzzy,2,Acacia costaricensis Schenck,Acacia costaricensis,470059-1,167,IPNI,
3,Acantharchus pomotis,Acantharchus pomotis,204,224,11.74,2,NO_ANNOT,,,Exact,0,"Acantharchus pomotis (Baird, 1855)",Acantharchus pomotis,8T5Y,1,Catalogue of Life,
4,Aehirus fasciatus,Aehirus fasciatus,229,246,6.43,2,NO_ANNOT,,,Fuzzy,1,"Achirus fasciatus Lacepède, 1802",Achirus fasciatus,97X5,1,Catalogue of Life,
5,Acipenser sturio,Acipenser sturio,268,284,8.15,2,NO_ANNOT,,,Exact,0,"Acipenser sturio Linnaeus, 1758",Acipenser sturio,9C7Q,1,Catalogue of Life,
6,Acirsa corrugata,Acirsa corrugata,289,305,11.17,2,NO_ANNOT,,,Exact,0,Acirsa corrugata,Acirsa corrugata,7945760,179,Open Tree of Life,
7,Aclis,Aclis,329,334,3.43,1,NO_ANNOT,,,Exact,0,"Aclis Lovén, 1846",Aclis,7NMS9,1,Catalogue of Life,
8,Amblyspira bartschiana....,Amblyspira bartschiana,335,361,12.46,2,NO_ANNOT,,,PartialExact,0,"Amblyspira Dall in Guppy & Dall, 1896",Amblyspira,urn:lsid:irmng.org:taxname:1383171,181,IRMNG,
9,Acteocina honoluluensis,Acteocina honoluluensis,403,426,11.99,2,NO_ANNOT,,,PartialExact,0,"Acteocina Gray, 1847",Acteocina,7NMTG,1,Catalogue of Life,
10,Adeorbis carinaia,Adeorbis carinaia,542,559,10.21,2,NO_ANNOT,,,Fuzzy,1,Adeorbis carinata A. Ad.,Adeorbis carinata,4262510,168,ION,
11,Aglaja nuttalli,Aglaja nuttalli,587,602,9.50,2,NO_ANNOT,,,Exact,0,"Aglaja nuttalli Pilsbry, 1895",Aglaja nuttalli,663CG,1,Catalogue of Life,
12,Agriolimax campestris,Agriolimax campestris,607,628,11.10,2,NO_ANNOT,,,Exact,0,"Agriolimax campestris (Binney, 1842)",Agriolimax campestris,7PW4V,1,Catalogue of Life,
13,Agroecotettix modestus,Agroecotettix modestus,655,677,12.76,2,NO_ANNOT,,,Exact,0,"Agroecotettix modestus Bruner, L., 1908",Agroecotettix modestus,B8BR,1,Catalogue of Life,
14,Aidemona azteca,Aidemona azteca,686,701,5.43,2,NO_ANNOT,,,Exact,0,"Aidemona azteca (Saussure, 1861)",Aidemona azteca,BC6G,1,Catalogue of Life,
15,274Albula vulpes,Albula vulpes,706,722,9.94,2,NO_ANNOT,,,Exact,0,"Albula vulpes (Linnaeus, 1758)",Albula vulpes,65W5L,1,Catalogue of Life,
16,Alcyna,Alcyna,727,733,4.05,1,NO_ANNOT,,,Exact,0,"Alcyna A. Adams, 1860",Alcyna,7NNHM,1,Catalogue of Life,
17,AUodahlia macropyga,Auodahlia macropyga,896,915,3.84,2,NO_ANNOT,,,NoMatch,,,,,,,,
18,Alopias vulpinus,Alopias vulpinus,920,936,12.17,2,NO_ANNOT,,,Exact,0,"Alopias vulpinus (Bonnaterre, 1788)",Alopias vulpinus,C5KF,1,Catalogue of Life,
19,Alosa sapidissima,Alosa sapidissima,941,958,11.06,2,NO_ANNOT,,,Exact,0,"Alosa sapidissima (Wilson, 1811)",Alosa sapidissima,65WJV,1,Catalogue of Life,
20,Alutera punctata,Alutera punctata,970,986,12.47,2,NO_ANNOT,,,Exact,0,"Alutera punctata Agassiz, 1831",Alutera punctata,CB84,1,Catalogue of Life,
21,Ambloplites rupestris,Ambloplites rupestris,998,1019,10.91,2,NO_ANNOT,,,Exact,0,"Ambloplites rupestris (Rafinesque, 1817)",Ambloplites rupestris,65ZWQ,1,Catalogue of Life,
22,Amblystoma altamirani,Amblystoma altamirani,1024,1045,11.80,2,NO_ANNOT,,,Exact,0,"Amblystoma altamirani Dugès, 1895",Amblystoma altamirani,CP4F,1,Catalogue of Life,
23,Amblystoma epixanthum,Amblystoma epixanthum,1063,1084,11.78,2,NO_ANNOT,,,Exact,0,"Amblystoma epixanthum Cope, 1883",Amblystoma epixanthum,CP4R,1,Catalogue of Life,
24,Ameiurus catus,Ameiurus catus,1416,1430,11.82,2,NO_ANNOT,,,Exact,0,"Ameiurus catus (Linnaeus, 1758)",Ameiurus catus,CQKB,1,Catalogue of Life,
25,Amiatus calvus,Amiatus calvus,1457,1471,10.58,2,NO_ANNOT,,,PartialExact,0,"Amiatus Rafinesque, 1815",Amiatus,urn:lsid:irmng.org:taxname:1385950,181,IRMNG,
26,Amnicola cincinnatiensis,Amnicola cincinnatiensis,1476,1500,14.01,2,NO_ANNOT,,,Exact,0,Amnicola cincinnatiensis,Amnicola cincinnatiensis,115575,183,Sherborn Index Animalium,
27,Amphiuma means,Amphiuma means,1514,1528,5.48,2,NO_ANNOT,,,Exact,0,"Amphiuma means Garden in Smith, 1821",Amphiuma means,D6GS,1,Catalogue of Life,
28,Anachis gracilicostata,Anachis gracilicostata,1544,1566,10.96,2,NO_ANNOT,,,Exact,0,Anachis gracilicostata Pilsbry & Johnson 1917,Anachis gracilicostata,4293420,168,ION,
29,Anchovia macrolepidota,Anchovia macrolepidota,1571,1593,10.72,2,NO_ANNOT,,,Exact,0,"Anchovia macrolepidota (Kner, 1863)",Anchovia macrolepidota,66LMX,1,Catalogue of Life,
30,Ancistrogaster,Ancistrogaster,1612,1626,4.36,1,NO_ANNOT,,,Exact,0,Ancistrogaster,Ancistrogaster,VJS,1,Catalogue of Life,
31,Ancylus crassus,Ancylus crassus,1659,1674,8.75,2,NO_ANNOT,,,Exact,0,"Ancylus crassus Haldeman, 1844",Ancylus crassus,DPLT,1,Catalogue of Life,
32,Angelichthys,Angelichthys,1679,1691,5.85,1,NO_ANNOT,,,Exact,0,"Angelichthys Jordan & Evermann, 1896",Angelichthys,urn:lsid:marinespecies.org:taxname:295995,9,WoRMS,
33,Anguilla rostrata,Anguilla rostrata,1705,1722,12.40,2,NO_ANNOT,,,Exact,0,"Anguilla rostrata (Lesueur, 1817)",Anguilla rostrata,66R74,1,Catalogue of Life,
34,Anisolabis ambigua,Anisolabis ambigua,1735,1753,10.53,2,NO_ANNOT,,,Exact,0,"Anisolabis ambigua Borelli, 1906",Anisolabis ambigua,673JR,1,Catalogue of Life,
35,Anisotremus virginicus,Anisotremus virginicus,1758,1780,12.89,2,NO_ANNOT,,,Exact,0,"Anisotremus virginicus (Linnaeus, 1758)",Anisotremus virginicus,66T8G,1,Catalogue of Life,
36,Anodonta californiensis,Anodonta californiensis,1785,1808,11.37,2,NO_ANNOT,,,Exact,0,"Anodonta californiensis I. Lea, 1852",Anodonta californiensis,67675,1,Catalogue of Life,
37,Anodonta,Anodonta,1841,1849,3.46,1,NO_ANNOT,,,Exact,0,"Anodonta Lamarck, 1799",Anodonta,7NP65,1,Catalogue of Life,
38,Anomia ephippium,Anomia ephippium,1873,1889,10.99,2,NO_ANNOT,,,Exact,0,"Anomia ephippium Linnaeus, 1758",Anomia ephippium,5V6JJ,1,Catalogue of Life,
39,Apeltes quadracus,Apeltes quadracus,1908,1925,10.13,2,NO_ANNOT,,,Exact,0,"Apeltes quadracus (Mitchill, 1815)",Apeltes quadracus,F9CZ,1,Catalogue of Life,
40,Aplexa hypnorum,Aplexa hypnorum,1936,1951,9.93,2,NO_ANNOT,,,Exact,0,"Aplexa hypnorum (Linnaeus, 1758)",Aplexa hypnorum,FNRH,1,Catalogue of Life,
41,Scapharca,Scapharca,1969,1978,4.58,1,NO_ANNOT,,,Exact,0,"Scapharca Gray, 1847",Scapharca,urn:lsid:irmng.org:taxname:1029901,181,IRMNG,
42,Scapharca copiosa,Scapharca copiosa,2015,2032,11.70,2,NO_ANNOT,,,PartialExact,0,"Scapharca Gray, 1847",Scapharca,urn:lsid:irmng.org:taxname:1029901,181,IRMNG,
43,Scapharca devexa,Scapharca devexa,2062,2078,9.75,2,NO_ANNOT,,,PartialExact,0,"Scapharca Gray, 1847",Scapharca,urn:lsid:irmng.org:taxname:1029901,181,IRMNG,
44,Scapharca intumulata,Scapharca intumulata,2111,2131,7.57,2,NO_ANNOT,,,PartialExact,0,"Scapharca Gray, 1847",Scapharca,urn:lsid:irmng.org:taxname:1029901,181,IRMNG,
45,Scapharca proletaria,Scapharca proletaria,2166,2186,10.91,2,NO_ANNOT,,,PartialExact,0,"Scapharca Gray, 1847",Scapharca,urn:lsid:irmng.org:taxname:1029901,181,IRMNG,
46,Scapharca sobrina,Scapharca sobrina,2191,2208,11.38,2,NO_ANNOT,,,PartialExact,0,"Scapharca Gray, 1847",Scapharca,urn:lsid:irmng.org:taxname:1029901,181,IRMNG,
47,Archosargus unhnaculatus...',Archosargus unhnaculatus,2271,2299,8.89,2,NO_ANNOT,,,PartialExact,0,Archosargus,Archosargus,329B,1,Catalogue of Life,
48,Ashmunella binneyi,Ashmunella binneyi,2304,2322,12.52,2,NO_ANNOT,,,Exact,0,"Ashmunella binneyi Pilsbry & Ferriss, 1917",Ashmunella binneyi,7Q8F9,1,Catalogue of Life,
49,Astandes,Astandes,2473,2481,4.76,1,NO_ANNOT,,,Exact,0,"Astandes Wade, 1917",Astandes,858SC,1,Catalogue of Life,
50,Astrsea domingensis,Astrsea domingensis,2502,2521,5.97,2,NO_ANNOT,,,Fuzzy,1,Astraea domingensis Pilsbry & Johnson 1917,Astraea domingensis,4293424,168,ION,
51,Astralium longispinum,Astralium longispinum,2526,2547,12.84,2,NO_ANNOT,,,Fuzzy,2,"Astralium longispina Lamarck, 1822",Astralium longispina,gn_231580,186,MCZbase,
52,Astroscopus guttatus,Astroscopus guttatus,2552,2572,13.75,2,NO_ANNOT,,,Exact,0,"Astroscopus guttatus Abbott, 1860",Astroscopus guttatus,5VW5X,1,Catalogue of Life,
53,Atherina argentinensis....,Atherina argentinensis,2577,2603,11.82,2,NO_ANNOT,,,Exact,0,"Atherina argentinensis Valenciennes, 1835",Atherina argentinensis,67WWP,1,Catalogue of Life,
54,Atherinella,Atherinella,2608,2619,6.49,1,NO_ANNOT,,,Exact,0,Atherinella,Atherinella,34YY,1,Catalogue of Life,
55,Atherinichthys,Atherinichthys,2624,2638,6.16,1,NO_ANNOT,,,Exact,0,"Atherinichthys Bleeker, 1853",Atherinichthys,urn:lsid:marinespecies.org:taxname:296082,9,WoRMS,
56,Atherinops,Atherinops,2661,2671,4.57,1,NO_ANNOT,,,Exact,0,Atherinops,Atherinops,34Z3,1,Catalogue of Life,
57,Atys,Atys,2690,2694,3.08,1,NO_ANNOT,,,Exact,0,"Atys Montfort, 1810",Atys,7NQ4T,1,Catalogue of Life,
58,Aulacodiscus,Aulacodiscus,2859,2871,6.69,1,NO_ANNOT,,,Exact,0,"Aulacodiscus C.G. Ehrenberg, 1844",Aulacodiscus,urn:lsid:marinespecies.org:taxname:149279,9,WoRMS,
59,AuUscus oamaruensis,Auuscus oamaruensis,2937,2956,7.37,2,NO_ANNOT,,,NoMatch,,,,,,,,
60,Austromenidia,Austromenidia,2961,2974,4.70,1,NO_ANNOT,,,Exact,0,"Austromenidia Hubbs, 1918",Austromenidia,urn:lsid:irmng.org:taxname:1060964,181,IRMNG,
61,Autodax,Autodax,2979,2986,3.17,1,NO_ANNOT,,,Exact,0,"Autodax Boulenger, 1887",Autodax,36LF,1,Catalogue of Life,
62,Autodax iecanus,Autodax iecanus,2996,3011,10.06,2,NO_ANNOT,,,Exact,0,"Autodax iecanus (Cope, 1883)",Autodax iecanus,JYX8,1,Catalogue of Life,
63,Axinsea pennacea,Axinsea pennacea,3027,3043,4.55,2,NO_ANNOT,,,NoMatch,,,,,,,,
64,Baudiella chrysura,Baudiella chrysura,3061,3079,12.40,2,NO_ANNOT,,,PartialExact,0,"Baudiella Altiner & Özkan Altiner, 1998",Baudiella,7ZTFV,1,Catalogue of Life,
65,Balistes caroUnensis,Balistes carounensis,3100,3120,6.11,2,NO_ANNOT,,,PartialExact,0,Balistes,Balistes,37ML,1,Catalogue of Life,
66,Barytettix,Barytettix,3156,3166,4.75,1,NO_ANNOT,,,Exact,0,Barytettix,Barytettix,38BZ,1,Catalogue of Life,
67,Batrachoides surinamensis,Batrachoides surinamensis,3221,3246,13.28,2,NO_ANNOT,,,Exact,0,"Batrachoides surinamensis (Bloch & Schneider, 1801)",Batrachoides surinamensis,KZHN,1,Catalogue of Life,
68,Blennius lanceolatus,Blennius lanceolatus,3322,3342,12.95,2,NO_ANNOT,,,Exact,0,Blennius lanceolatus,Blennius lanceolatus,224188,183,Sherborn Index Animalium,
69,Boleichthys fusiformis,Boleichthys fusiformis,3347,3369,12.52,2,NO_ANNOT,,,Exact,0,Boleichthys fusiformis,Boleichthys fusiformis,3453943,168,ION,
70,Boleosoma nigrum olmstedi,Boleosoma nigrum olmstedi,3374,3399,14.89,3,NO_ANNOT,,,Exact,0,Boleosoma nigrum olmstedi,Boleosoma nigrum olmstedi,gn_138785,186,MCZbase,
71,Boltenella,Boltenella,3412,3422,6.37,1,NO_ANNOT,,,Exact,0,"Boltenella Wade, 1917",Boltenella,7NTHC,1,Catalogue of Life,
72,Bothus diagrammus,Bothus diagrammus,3444,3461,10.84,2,NO_ANNOT,,,Exact,0,Bothus diagrammus,Bothus diagrammus,147284,183,Sherborn Index Animalium,
73,Brachydeuterus corvinaeformis,Brachydeuterus corvinaeformis,3506,3535,13.47,2,NO_ANNOT,,,Exact,0,"Brachydeuterus corvinaeformis (Steindachner, 1868)",Brachydeuterus corvinaeformis,169107,3,ITIS,
74,Brachygadus minutus,Brachygadus minutus,3540,3559,12.61,2,NO_ANNOT,,,Exact,0,"Brachygadus minutus (Linnaeus, 1758)",Brachygadus minutus,MW62,1,Catalogue of Life,
75,Brevoortia tyrannus,Brevoortia tyrannus,3564,3583,12.54,2,NO_ANNOT,,,Exact,0,"Brevoortia tyrannus (Latrobe, 1802)",Brevoortia tyrannus,5WQZY,1,Catalogue of Life,
76,Bulla ferruginosa,Bulla ferruginosa,3588,3605,11.87,2,NO_ANNOT,,,Exact,0,"Bulla ferruginosa A. Adams in G. B. Sowerby II, 1850",Bulla ferruginosa,NTSP,1,Catalogue of Life,
77,Bullaria peaseana,Bullaria peaseana,3609,3626,11.61,2,NO_ANNOT,,,Exact,0,Bullaria peaseana Pils.,Bullaria peaseana,gn_55086,186,MCZbase,
78,Bullina scabra,Bullina scabra,3630,3644,9.42,2,NO_ANNOT,,,Exact,0,"Bullina scabra (Gmelin, 1791)",Bullina scabra,urn:lsid:marinespecies.org:taxname:747311,9,WoRMS,
79,Callyodon aracanga,Callyodon aracanga,3693,3711,9.90,2,NO_ANNOT,,,PartialExact,0,"Callyodon Gronow, 1763",Callyodon,urn:lsid:marinespecies.org:taxname:206374,9,WoRMS,
80,Caloptenus differentialis,Caloptenus differentialis,3746,3771,13.64,2,NO_ANNOT,,,Exact,0,"Caloptenus differentialis (Thomas, C., 1865)",Caloptenus differentialis,Q2FY,1,Catalogue of Life,
81,Calotettix,Calotettix,3788,3798,4.75,1,NO_ANNOT,,,Exact,0,"Calotettix Bruner, 1907",Calotettix,urn:lsid:irmng.org:taxname:1280348,181,IRMNG,
82,Campylacantha lampronotata,Campylacantha lampronotata,3864,3890,8.86,2,NO_ANNOT,,,PartialExact,0,Campylacantha,Campylacantha,3GLF,1,Catalogue of Life,
83,Cancellaria brevis,Cancellaria brevis,3910,3928,10.95,2,NO_ANNOT,,,Exact,0,"Cancellaria brevis G. B. Sowerby I, 1832",Cancellaria brevis,7QK67,1,Catalogue of Life,
84,Trigonostoma insularis,Trigonostoma insularis,3957,3979,12.87,2,NO_ANNOT,,,Exact,0,Trigonostoma (Ventrilia) insularis (Pilsbry and Johnson 1917),Trigonostoma insularis,250444,172,PaleoBioDB,
85,Caninoa,Caninoa,3984,3991,3.27,1,NO_ANNOT,,,Exact,0,"Caninoa Nardo, 1841",Caninoa,urn:lsid:irmng.org:taxname:1431096,181,IRMNG,
86,Caranx bartholomai,Caranx bartholomai,4025,4043,4.23,2,NO_ANNOT,,,Fuzzy,1,"Caranx bartholomaei Cuvier, 1833",Caranx bartholomaei,R2MQ,1,Catalogue of Life,
87,Caranx hippos,Caranx hippos,4070,4083,6.67,2,NO_ANNOT,,,Exact,0,"Caranx hippos (Linnaeus, 1766)",Caranx hippos,R2QB,1,Catalogue of Life,
88,Carcharhinus commersoni,Carcharhinus commersoni,4098,4121,13.17,2,NO_ANNOT,,,Exact,0,Carcharhinus commersoni Blainville 1816,Carcharhinus commersoni,390372,172,PaleoBioDB,
89,Carcharias,Carcharias,4126,4136,5.67,1,NO_ANNOT,,,Exact,0,Carcharias,Carcharias,3HC6,1,Catalogue of Life,
90,Cardita scabricostata,Cardita scabricostata,4149,4170,12.72,2,NO_ANNOT,,,Exact,0,Cardita (Glans) scabricostata (Guppy 1866),Cardita scabricostata,107098,172,PaleoBioDB,
91,Carinifex,Carinifex,4175,4184,3.58,1,NO_ANNOT,,,Exact,0,"Carinifex Binney, 1865",Carinifex,urn:lsid:irmng.org:taxname:1263682,181,IRMNG,
92,Cassis monilifera,Cassis monilifera,4207,4224,9.90,2,NO_ANNOT,,,Exact,0,Cassis monilifera (Guppy 1866),Cassis monilifera,107655,172,PaleoBioDB,
93,Centropristis strialus,Centropristis strialus,4319,4341,13.39,2,NO_ANNOT,,,Fuzzy,1,Centropristis striatus,Centropristis striatus,gn_125111,186,MCZbase,
94,Cephalotettix parvulus,Cephalotettix parvulus,4346,4368,12.17,2,NO_ANNOT,,,Exact,0,"Cephalotettix parvulus Scudder, S.H., 1897",Cephalotettix parvulus,5XK3P,1,Catalogue of Life,
95,Chatodipteru␤faber,Chatodipteru faber,4390,4408,0.22,2,NO_ANNOT,,,NoMatch,,,,,,,,
96,Chffitodon capistratus,Chffitodon capistratus,4417,4439,6.18,2,NO_ANNOT,,,NoMatch,,,,,,,,
97,Chama arcinella,Chama arcinella,4458,4473,7.71,2,NO_ANNOT,,,Exact,0,"Chama arcinella Linnaeus, 1767",Chama arcinella,THP7,1,Catalogue of Life,
98,Chasuiodes bosquianus,Chasuiodes bosquianus,4478,4499,6.15,2,NO_ANNOT,,,NoMatch,,,,,,,,
99,Chemnitzia varicosa,Chemnitzia varicosa,4504,4523,12.63,2,NO_ANNOT,,,Exact,0,"Chemnitzia varicosa A. Adams, 1855",Chemnitzia varicosa,TX2F,1,Catalogue of Life,
100,Chilomycterus antennatus,Chilomycterus antennatus,4528,4552,13.88,2,NO_ANNOT,,,Exact,0,"Chilomycterus antennatus (Cuvier, 1816)",Chilomycterus antennatus,5XT28,1,Catalogue of Life,
101,Chione primigenia,Chione primigenia,4570,4587,9.07,2,NO_ANNOT,,,Exact,0,Chione primigenia Pilsbry & Johnson 1917,Chione primigenia,4293431,168,ION,
102,Chiorara dalli,Chiorara dalli,4623,4637,2.57,2,NO_ANNOT,,,Fuzzy,1,"Chioraera dalli Heath, 1917",Chioraera dalli,69TJF,1,Catalogue of Life,
103,Chironectes vai'iegatus,Chironectes vai�iegatus,4661,4684,6.71,2,NO_ANNOT,,,PartialExact,0,"Chironectes Illiger, 1811",Chironectes,3NCC,1,Catalogue of Life,
104,Chirostoma,Chirostoma,4689,4699,5.28,1,NO_ANNOT,,,Exact,0,Chirostoma,Chirostoma,3ND3,1,Catalogue of Life,
105,Chondrotus,Chondrotus,4751,4761,5.62,1,NO_ANNOT,,,Exact,0,"Chondrotus Cope, 1887",Chondrotus,3NZV,1,Catalogue of Life,
106,Chrysallida angusta,Chrysallida angusta,4764,4783,10.50,2,NO_ANNOT,,,Exact,0,"Chrysallida angusta Carpenter, 1864",Chrysallida angusta,5YJYB,1,Catalogue of Life,
107,Circulus domingensis,Circulus domingensis,4788,4808,13.68,2,NO_ANNOT,,,Exact,0,Circulus domingensis (Pilsbry and Johnson 1917),Circulus domingensis,114957,172,PaleoBioDB,
108,Citharichthys arenaceus,Citharichthys arenaceus,4826,4849,12.87,2,NO_ANNOT,,,Exact,0,"Citharichthys arenaceus Evermann & Marsh, 1900",Citharichthys arenaceus,VM6B,1,Catalogue of Life,
109,Clathuvella arnica...,Clathuvella arnica,4854,4875,3.47,2,NO_ANNOT,,,NoMatch,,,,,,,,
110,Cochlicopa lubrica,Cochlicopa lubrica,4880,4898,12.00,2,NO_ANNOT,,,Exact,0,"Cochlicopa lubrica (O. F. Müller, 1774)",Cochlicopa lubrica,WN3Z,1,Catalogue of Life,
111,Codakia thaanumi,Codakia thaanumi,4903,4919,10.07,2,NO_ANNOT,,,Exact,0,"Codakia thaanumi Pilsbry, 1918",Codakia thaanumi,5ZHJC,1,Catalogue of Life,
112,Collonia variabilis,Collonia variabilis,4924,4943,11.28,2,NO_ANNOT,,,Exact,0,"Collonia variabilis Pease, 1861",Collonia variabilis,5ZLLN,1,Catalogue of Life,
113,Colpichthys,Colpichthys,4948,4959,5.62,1,NO_ANNOT,,,Exact,0,Colpichthys,Colpichthys,3SKH,1,Catalogue of Life,
114,Conodon nobilis,Conodon nobilis,5082,5097,10.71,2,NO_ANNOT,,,Exact,0,"Conodon nobilis (Linnaeus, 1758)",Conodon nobilis,XQZX,1,Catalogue of Life,
115,Conoibis mcnairyensis,Conoibis mcnairyensis,5102,5123,6.18,2,NO_ANNOT,,,Fuzzy,1,Conorbis mcnairyensis,Conorbis mcnairyensis,7952699,179,Open Tree of Life,
116,Conus semulator,Conus semulator,5128,5143,10.77,2,NO_ANNOT,,,Fuzzy,1,"Conus aemulator A. P. Brown & Pilsbry, 1911",Conus aemulator,5ZXN2,1,Catalogue of Life,
117,Conus longitudinalis,Conus longitudinalis,5279,5299,12.62,2,NO_ANNOT,,,PartialExact,0,"Conus Linnaeus, 1758",Conus,87F7M,1,Catalogue of Life,
118,Coscinodiscus,Coscinodiscus,5433,5446,6.78,1,NO_ANNOT,,,Exact,0,Coscinodiscus Ehrenberg,Coscinodiscus,2546,3,ITIS,
119,Cottus giacilis,Cottus giacilis,5451,5466,6.85,2,NO_ANNOT,,,Fuzzy,1,"Cottus gracilis Heckel, 1837",Cottus gracilis,YYGX,1,Catalogue of Life,
120,Crassatellites,Crassatellites,5475,5489,4.22,1,NO_ANNOT,,,Exact,0,"Crassatellites Krüger, 1823",Crassatellites,urn:lsid:marinespecies.org:taxname:516174,9,WoRMS,
121,Crassinella dolatu.,Crassinella dolatu,5490,5509,10.56,2,NO_ANNOT,,,PartialExact,0,"Crassinella Guppy, 1874",Crassinella,7NTQP,1,Catalogue of Life,
122,Crassinella microdelta,Crassinella microdelta,5514,5536,12.19,2,NO_ANNOT,,,PartialExact,0,"Crassinella Guppy, 1874",Crassinella,7NTQP,1,Catalogue of Life,
123,Crenella diuturna,Crenella diuturna,5541,5558,11.28,2,NO_ANNOT,,,Exact,0,Crenella diuturna,Crenella diuturna,4293439,168,ION,
124,Crenilabrus ocellatus,Crenilabrus ocellatus,5600,5621,13.44,2,NO_ANNOT,,,Exact,0,"Crenilabrus ocellatus (Linnaeus, 1758)",Crenilabrus ocellatus,ZCLB,1,Catalogue of Life,
125,Creonella,Creonella,5626,5635,6.20,1,NO_ANNOT,,,Exact,0,"Creonella Wade, 1917",Creonella,urn:lsid:irmng.org:taxname:1315690,181,IRMNG,
126,Crypt obranchus alleganiensis,Crypt obranchus alleganiensis,5658,5687,1.75,3,NO_ANNOT,,,NoMatch,,,,,,,,
127,Cuspidaria gabbi,Cuspidaria gabbi,5699,5715,8.96,2,NO_ANNOT,,,Exact,0,Cuspidaria gabbi Pilsbry & Johnson 1917,Cuspidaria gabbi,4293441,168,ION,
128,Cyclina cyclica,Cyclina cyclica,5720,5735,10.79,2,NO_ANNOT,,,Exact,0,Cyclina cyclica (Guppy 1866),Cyclina cyclica,111823,172,PaleoBioDB,
129,Cyclinella cyclica domingensis,Cyclinella cyclica domingensis,5740,5770,19.69,3,NO_ANNOT,,,Fuzzy,1,Cyclinella cyclica dominigensis Pilsbry & Johnson 1917,Cyclinella cyclica dominigensis,4293443,168,ION,
130,Cyclocercus,Cyclocercus,5775,5786,6.46,1,NO_ANNOT,,,Exact,0,"Cyclocercus Scudder, 1897",Cyclocercus,urn:lsid:irmng.org:taxname:1429454,181,IRMNG,
131,Cyclostrema striata,Cyclostrema striata,5817,5836,13.59,2,NO_ANNOT,,,Exact,0,Cyclostrema striata (Gabb 1873),Cyclostrema striata,114951,172,PaleoBioDB,
132,Cynoscion acoupa,Cynoscion acoupa,5841,5857,7.01,2,NO_ANNOT,,,Exact,0,"Cynoscion acoupa (Lacepède, 1801)",Cynoscion acoupa,6C7LD,1,Catalogue of Life,
133,Cjrinodon variegatus,Cjrinodon variegatus,5892,5912,5.71,2,NO_ANNOT,,,NoMatch,,,,,,,,
134,Cyprinus carpio,Cyprinus carpio,5921,5936,10.06,2,NO_ANNOT,,,Exact,0,"Cyprinus carpio Linnaeus, 1758",Cyprinus carpio,33HRJ,1,Catalogue of Life,
135,Dactylopterus volitans,Dactylopterus volitans,5945,5967,11.43,2,NO_ANNOT,,,Exact,0,"Dactylopterus volitans (Linnaeus, 1758)",Dactylopterus volitans,33WF6,1,Catalogue of Life,
136,Dactylotum,Dactylotum,5972,5982,5.05,1,NO_ANNOT,,,Exact,0,Dactylotum,Dactylotum,62Q5L,1,Catalogue of Life,
137,Dasyatis say,Dasyatis say,5990,6002,3.88,2,NO_ANNOT,,,Exact,0,"Dasyatis say (Lesueur, 1817)",Dasyatis say,6CC56,1,Catalogue of Life,
138,Dasyscirtus olivaceous,Dasyscirtus olivaceous,6007,6029,6.92,2,NO_ANNOT,,,Fuzzy,1,"Dasyscirtus olivaceus Bruner, L., 1908",Dasyscirtus olivaceus,349Z3,1,Catalogue of Life,
139,Dentalium cartagenense,Dentalium cartagenense,6034,6056,10.20,2,NO_ANNOT,,,Exact,0,Dentalium cartagenense Pilsbry & Brown 1917,Dentalium cartagenense,4293400,168,ION,
140,Desmognathus,Desmognathus,6091,6103,5.35,1,NO_ANNOT,,,Exact,0,"Desmognathus Baird, 1850",Desmognathus,43NW,1,Catalogue of Life,
141,Dicluoplus notatus,Dicluoplus notatus,6246,6264,7.15,2,NO_ANNOT,,,NoMatch,,,,,,,,
142,Diemictylus,Diemictylus,6273,6284,6.21,1,NO_ANNOT,,,Exact,0,"Diemictylus Rafinesque, 1820",Diemictylus,45B2,1,Catalogue of Life,
143,'Diemictylus,Diemictylus,6384,6396,6.21,1,NO_ANNOT,,,Exact,0,"Diemictylus Rafinesque, 1820",Diemictylus,45B2,1,Catalogue of Life,
144,V. meridionalis,V. meridionalis,6397,6412,7.29,2,NO_ANNOT,,,NoMatch,,,,,,,,
145,Didon hystrix,Didon hystrix,6428,6441,2.67,2,NO_ANNOT,,,Fuzzy,1,"Diodon hystrix Linnaeus, 1758",Diodon hystrix,6D7LJ,1,Catalogue of Life,
146,Diplodonta dedecorus,Diplodonta dedecorus,6458,6478,10.76,2,NO_ANNOT,,,Fuzzy,1,Diplodonta dedecoris Pilsbry & Johnson 1917,Diplodonta dedecoris,4293444,168,ION,
147,Discopsis ␤naso,Discopsis naso,6483,6498,7.85,2,NO_ANNOT,,,PartialExact,0,"Discopsis de Folin, 1870",Discopsis,7P33C,1,Catalogue of Life,
148,Divaricella,Divaricella,6503,6514,6.49,1,NO_ANNOT,,,Exact,0,"Divaricella Martens, 1880",Divaricella,7NX8Z,1,Catalogue of Life,
149,Dorosoma cepedianum....,Dorosoma cepedianum,6530,6553,12.19,2,NO_ANNOT,,,Exact,0,"Dorosoma cepedianum (Lesueur, 1818)",Dorosoma cepedianum,6DGD5,1,Catalogue of Life,
150,Doru lineare,Doru lineare,6558,6570,7.19,2,NO_ANNOT,,,Exact,0,"Doru lineare (Eschscholz, 1822)",Doru lineare,6DHC7,1,Catalogue of Life,
151,Dosinia azuana,Dosinia azuana,6590,6604,10.07,2,NO_ANNOT,,,Exact,0,"Dosinia azuana Pilsbry & C. W. Johnson, 1917",Dosinia azuana,urn:lsid:marinespecies.org:taxname:1495747,9,WoRMS,
152,Drillia,Drillia,6621,6628,4.14,1,NO_ANNOT,,,Exact,0,"Drillia Gray, 1838",Drillia,7NXKT,1,Catalogue of Life,
153,Echinochama trachyderma,Echinochama trachyderma,6883,6906,9.60,2,NO_ANNOT,,,Exact,0,Echinochama trachyderma (Pilsbry and Johnson 1921),Echinochama trachyderma,160874,172,PaleoBioDB,
154,Ecphora,Ecphora,6911,6918,5.65,1,NO_ANNOT,,,Exact,0,"Ecphora Conrad, 1843",Ecphora,8FSYF,1,Catalogue of Life,
155,Eledone verrucosa,Eledone verrucosa,6944,6961,10.61,2,NO_ANNOT,,,Exact,0,"Eledone verrucosa Verrill, 1881",Eledone verrucosa,396X5,1,Catalogue of Life,
156,Enneacanthus gloriosus,Enneacanthus gloriosus,6965,6987,12.45,2,NO_ANNOT,,,Exact,0,"Enneacanthus gloriosus (Holbrook, 1855)",Enneacanthus gloriosus,39VVF,1,Catalogue of Life,
157,Eparchus burri,Eparchus burri,6996,7010,8.20,2,NO_ANNOT,,,Exact,0,"Eparchus burri (de Bormans, 1903)",Eparchus burri,6FMNN,1,Catalogue of Life,
158,Epinephelus mystacinus,Epinephelus mystacinus,7015,7037,13.57,2,NO_ANNOT,,,Exact,0,"Epinephelus mystacinus (Poey, 1852)",Epinephelus mystacinus,6FTPY,1,Catalogue of Life,
159,Epiphragmophora callistoderma...,Epiphragmophora callistoderma,7055,7087,13.28,2,NO_ANNOT,,,Exact,0,"Epiphragmophora callistoderma Pilsbry & Ferriss, 1918",Epiphragmophora callistoderma,7R7QF,1,Catalogue of Life,
160,Erimyzon sucetta oblongus,Erimyzon sucetta oblongus,7091,7116,8.30,3,NO_ANNOT,,,Exact,0,"Erimyzon sucetta oblongus (Mitchill, 1814)",Erimyzon sucetta oblongus,690347,3,ITIS,
161,Esox americanus,Esox americanus,7125,7140,9.44,2,NO_ANNOT,,,Exact,0,"Esox americanus Gmelin, 1789",Esox americanus,6H52H,1,Catalogue of Life,
162,Euborellia ambigua,Euborellia ambigua,7232,7250,10.26,2,NO_ANNOT,,,Exact,0,"Euborellia ambigua (Borelli, 1906)",Euborellia ambigua,3BNX5,1,Catalogue of Life,
163,Eucinostomus gula,Eucinostomus gula,7298,7315,7.55,2,NO_ANNOT,,,Exact,0,"Eucinostomus gula (Quoy & Gaimard, 1824)",Eucinostomus gula,3BTKP,1,Catalogue of Life,
164,Euconulus fulvus,Euconulus fulvus,7350,7366,11.47,2,NO_ANNOT,,,Exact,0,"Euconulus fulvus (O. F. Müller, 1774)",Euconulus fulvus,3BXGX,1,Catalogue of Life,
165,Eulabus saramaccensis,Eulabus saramaccensis,7411,7432,11.92,2,NO_ANNOT,,,Fuzzy,1,"Eulabis saramaccensis Zacher, 1911",Eulabis saramaccensis,3C9D9,1,Catalogue of Life,
166,Eulamia commersonii,Eulamia commersonii,7437,7456,11.98,2,NO_ANNOT,,,PartialExact,0,"Eulamia Gill, 1862",Eulamia,urn:lsid:irmng.org:taxname:1437758,181,IRMNG,
167,Eulima acanthyllis,Eulima acanthyllis,7490,7508,11.30,2,NO_ANNOT,,,Exact,0,"Eulima acanthyllis R. B. Watson, 1883",Eulima acanthyllis,84WQF,1,Catalogue of Life,
168,Eulima aciculata,Eulima aciculata,7529,7545,11.48,2,NO_ANNOT,,,Exact,0,"Eulima aciculata Pease, 1861",Eulima aciculata,7R8T7,1,Catalogue of Life,
169,Eupomotis gibbosus,Eupomotis gibbosus,7768,7786,12.75,2,NO_ANNOT,,,Exact,0,"Eupomotis gibbosus (Linnaeus, 1758)",Eupomotis gibbosus,3CX37,1,Catalogue of Life,
170,Eurystole,Eurystole,7791,7800,3.51,1,NO_ANNOT,,,Exact,0,"Eurystole Jordan & Evermann, 1895",Eurystole,urn:lsid:marinespecies.org:taxname:296613,9,WoRMS,
171,Exoglossum,Exoglossum,7805,7815,5.53,1,NO_ANNOT,,,Exact,0,Exoglossum,Exoglossum,62T9J,1,Catalogue of Life,
172,Falsifusus mesozoicus,Falsifusus mesozoicus,7843,7864,11.76,2,NO_ANNOT,,,Exact,0,Falsifusus mesozoicus,Falsifusus mesozoicus,7951567,179,Open Tree of Life,
173,Felichthys filamentosus,Felichthys filamentosus,7869,7892,12.91,2,NO_ANNOT,,,Exact,0,"Felichthys filamentosus Swainson, 1839",Felichthys filamentosus,3DXGZ,1,Catalogue of Life,
174,Flesus flesus,Flesus flesus,7909,7922,10.06,2,NO_ANNOT,,,Exact,0,"Flesus flesus (Linnaeus, 1758)",Flesus flesus,7857460,11,GBIF Backbone Taxonomy,
175,Fluminicola fusca..51,Fluminicola fusca,7927,7948,11.03,2,NO_ANNOT,,,Exact,0,Fluminicola fusca,Fluminicola fusca,urn:lsid:marinespecies.org:taxname:1366476,9,WoRMS,
176,Forcipula despinosa,Forcipula despinosa,8012,8031,12.48,2,NO_ANNOT,,,Exact,0,"Forcipula despinosa Hebard, 1917",Forcipula despinosa,6JHC2,1,Catalogue of Life,
177,Forficesila annulipes,Forficesila annulipes,8111,8132,10.74,2,NO_ANNOT,,,Exact,0,"Forficesila annulipes Lucas, HF, 1847",Forficesila annulipes,6JH9P,1,Catalogue of Life,
178,Forficula arachidis,Forficula arachidis,8151,8170,11.74,2,NO_ANNOT,,,Exact,0,"Forficula arachidis Yersin, A, 1860",Forficula arachidis,6JGZ6,1,Catalogue of Life,
179,Fundulus diaphanus,Fundulus diaphanus,8277,8295,13.00,2,NO_ANNOT,,,Exact,0,"Fundulus diaphanus (Lesueur, 1817)",Fundulus diaphanus,6K3FB,1,Catalogue of Life,
180,Gasterosteus aculeatus,Gasterosteus aculeatus,8379,8401,13.94,2,NO_ANNOT,,,Exact,0,"Gasterosteus aculeatus Linnaeus, 1758",Gasterosteus aculeatus,3FCKT,1,Catalogue of Life,
181,Gastropterus,Gastropterus,8488,8500,5.96,1,NO_ANNOT,,,Exact,0,"Gastropterus Cope, 1878",Gastropterus,urn:lsid:marinespecies.org:taxname:1423156,9,WoRMS,
182,Geotriton,Geotriton,8505,8514,3.18,1,NO_ANNOT,,,Exact,0,"Geotriton Bonaparte, 1831",Geotriton,urn:lsid:irmng.org:taxname:1242187,181,IRMNG,
183,Gerres rhombeus,Gerres rhombeus,8562,8577,9.94,2,NO_ANNOT,,,Exact,0,"Gerres rhombeus Cuvier, 1829",Gerres rhombeus,3FX4H,1,Catalogue of Life,
184,Glycymeris diffidentiae,Glycymeris diffidentiae,8582,8605,7.43,2,NO_ANNOT,,,PartialExact,0,"Glycymeris da Costa, 1778",Glycymeris,7P3V5,1,Catalogue of Life,
185,Gobiesox strumosus,Gobiesox strumosus,8692,8710,10.52,2,NO_ANNOT,,,Exact,0,"Gobiesox strumosus Cope, 1870",Gobiesox strumosus,3GP6R,1,Catalogue of Life,
186,Gobiosoma bosc,Gobiosoma bosc,8734,8748,8.01,2,NO_ANNOT,,,Exact,0,"Gobiosoma bosc (Lacepède, 1800)",Gobiosoma bosc,3GPHH,1,Catalogue of Life,
187,Gobius aterrimus,Gobius aterrimus,8753,8769,10.88,2,NO_ANNOT,,,Exact,0,Gobius aterrimus,Gobius aterrimus,424597,183,Sherborn Index Animalium,
188,Gouldia martinicensis,Gouldia martinicensis,8784,8805,11.53,2,NO_ANNOT,,,PartialExact,0,"Gouldia C. B. Adams, 1847",Gouldia,87G8J,1,Catalogue of Life,
189,Gymnothorax funebris,Gymnothorax funebris,8810,8830,12.49,2,NO_ANNOT,,,Exact,0,"Gymnothorax funebris Ranzani, 1839",Gymnothorax funebris,3HVCB,1,Catalogue of Life,
190,Gyrinophilus,Gyrinophilus,8849,8861,6.45,1,NO_ANNOT,,,Exact,0,"Gyrinophilus Cope, 1869",Gyrinophilus,4S44,1,Catalogue of Life,
191,Hadropterus peltatus,Hadropterus peltatus,8922,8942,13.28,2,NO_ANNOT,,,Exact,0,Hadropterus peltatus,Hadropterus peltatus,gn_132570,186,MCZbase,
192,Hsemulon flavolineatum,Hsemulon flavolineatum,8947,8969,5.53,2,NO_ANNOT,,,Fuzzy,1,"Haemulon flavolineatum (Desmarest, 1823)",Haemulon flavolineatum,3J978,1,Catalogue of Life,
193,Haminea aperta oahuensis,Haminea aperta oahuensis,9010,9034,16.31,3,NO_ANNOT,,,Exact,0,"Haminea aperta oahuensis Pilsbry, 1917",Haminea aperta oahuensis,7TVVW,1,Catalogue of Life,
194,Helicodiscus aiizonensis,Helicodiscus aiizonensis,9111,9135,9.60,2,NO_ANNOT,,,Fuzzy,1,Helicodiscus arizonensis,Helicodiscus arizonensis,3677150,168,ION,
195,Helminthoglypta,Helminthoglypta,9140,9155,5.57,1,NO_ANNOT,,,Exact,0,"Helminthoglypta Ancey, 1887",Helminthoglypta,7P4YP,1,Catalogue of Life,
196,Hemiacirsa cretacea,Hemiacirsa cretacea,9159,9178,10.67,2,NO_ANNOT,,,Exact,0,Hemiacirsa cretacea,Hemiacirsa cretacea,7945765,179,Open Tree of Life,
197,Hemidactylium,Hemidactylium,9183,9196,5.90,1,NO_ANNOT,,,Exact,0,"Hemidactylium Tschudi, 1838",Hemidactylium,4V43,1,Catalogue of Life,
198,Hemisalamandra cristata,Hemisalamandra cristata,9217,9240,13.68,2,NO_ANNOT,,,Exact,0,"Hemisalamandra cristata (Laurenti, 1768)",Hemisalamandra cristata,3KSFD,1,Catalogue of Life,
199,Hepatus,Hepatus,9244,9251,5.03,1,NO_ANNOT,,,Exact,0,"Hepatus Latreille, 1802",Hepatus,7P5PY,1,Catalogue of Life,
200,Hesperotettix meridionalis,Hesperotettix meridionalis,9294,9320,12.82,2,NO_ANNOT,,,Exact,0,"Hesperotettix meridionalis Scudder, S.H., 1897",Hesperotettix meridionalis,3L5V3,1,Catalogue of Life,
201,Hipponix otiosa,Hipponix otiosa,9376,9391,10.64,2,NO_ANNOT,,,Exact,0,Hipponix otiosa Pilsbry & Johnson 1917,Hipponix otiosa,98991146,169,uBio NameBank,
202,Histrio tumidus,Histrio tumidus,9396,9411,9.66,2,NO_ANNOT,,,PartialExact,0,Histrio,Histrio,84NYG,1,Catalogue of Life,
203,Holocentrus adscensionis,Holocentrus adscensionis,9416,9440,13.22,2,NO_ANNOT,,,Exact,0,"Holocentrus adscensionis (Osbeck, 1765)",Holocentrus adscensionis,3M8HL,1,Catalogue of Life,
204,Holospira cockerelli,Holospira cockerelli,9455,9475,11.28,2,NO_ANNOT,,,Exact,0,"Holospira cockerelli Dall, 1897",Holospira cockerelli,7RPFX,1,Catalogue of Life,
205,Hyalodiscus maximus,Hyalodiscus maximus,9496,9515,9.22,2,NO_ANNOT,,,Exact,0,Hyalodiscus maximus Petit,Hyalodiscus maximus,167166,195,AlgaeBase,
206,Hybognathus nuolialis regius,Hybognathus nuolialis regius,9543,9571,12.04,3,NO_ANNOT,,,PartialExact,0,"Hybognathus regius Girard, 1856",Hybognathus regius,3MY58,1,Catalogue of Life,
207,Hybopsis kentuckiensis,Hybopsis kentuckiensis,9576,9598,12.63,2,NO_ANNOT,,,PartialExact,0,Hybopsis,Hybopsis,4ZLC,1,Catalogue of Life,
208,Hydatina amplustre,Hydatina amplustre,9607,9625,9.98,2,NO_ANNOT,,,Exact,0,"Hydatina amplustre (Linnaeus, 1758)",Hydatina amplustre,3MZ7C,1,Catalogue of Life,
209,Hyllus',Hyllus,9641,9648,5.21,1,NO_ANNOT,,,Exact,0,Hyllus,Hyllus,5236,1,Catalogue of Life,
210,Hyperlia,Hyperlia,9704,9712,4.39,1,NO_ANNOT,,,Exact,0,"Hyperlia Pilsbry, 1918",Hyperlia,urn:lsid:irmng.org:taxname:1389245,181,IRMNG,
211,Ilisha harroweri,Ilisha harroweri,9728,9744,10.63,2,NO_ANNOT,,,Exact,0,"Ilisha harroweri Fowler, 1917",Ilisha harroweri,3PG84,1,Catalogue of Life,
212,Isurus tigris,Isurus tigris,9749,9762,11.31,2,NO_ANNOT,,,Exact,0,"Isurus tigris (Atwood, 1869)",Isurus tigris,6NBNL,1,Catalogue of Life,
213,Kirtlandia,Kirtlandia,9767,9777,4.25,1,NO_ANNOT,,,Exact,0,"Kirtlandia Jordan and Evermann, 1896",Kirtlandia,166056,3,ITIS,
214,Kleter aterrimus,Kleter aterrimus,9794,9810,9.43,2,NO_ANNOT,,,PartialExact,0,Kleter,Kleter,58HS,1,Catalogue of Life,
215,Kronia,Kronia,9815,9821,3.32,1,NO_ANNOT,,,Exact,0,"Kronia Miranda Ribeiro, 1915",Kronia,urn:lsid:irmng.org:taxname:1359681,181,IRMNG,
216,Labia annulata,Labia annulata,9826,9840,9.38,2,NO_ANNOT,,,Exact,0,Labia annulata,Labia annulata,3561540,168,ION,
217,2JtS trinitatis,Jts trinitatis,9985,10000,1.89,2,NO_ANNOT,,,NoMatch,,,,,,,,
218,Labidura quadrispinosa,Labidura quadrispinosa,10007,10029,13.13,2,NO_ANNOT,,,Exact,0,"Labidura quadrispinosa Dohrn, 1863",Labidura quadrispinosa,3RJLV,1,Catalogue of Life,
219,Labiosa,Labiosa,10060,10067,4.36,1,NO_ANNOT,,,Exact,0,"Labiosa Schmidt, 1828",Labiosa,urn:lsid:irmng.org:taxname:1386824,181,IRMNG,
220,Rsta gabbi,Rsta gabbi,10068,10078,,2,NO_ANNOT,,,NoMatch,,,,,,,,
221,Lachnolaimus maximus,Lachnolaimus maximus,10083,10103,8.62,2,NO_ANNOT,,,Exact,0,"Lachnolaimus maximus (Walbaum, 1792)",Lachnolaimus maximus,3RPV4,1,Catalogue of Life,
222,Laetophrys tricornis,Laetophrys tricornis,10108,10128,10.92,2,NO_ANNOT,,,Fuzzy,1,"Lactophrys tricornis (Linnaeus, 1758)",Lactophrys tricornis,3RSXT,1,Catalogue of Life,
223,Lagocephalus lasvigatus,Lagocephalus lasvigatus,10146,10169,9.26,2,NO_ANNOT,,,Fuzzy,1,"Lagocephalus laevigatus (Linnaeus, 1766)",Lagocephalus laevigatus,3RX8R,1,Catalogue of Life,
224,Lancella,Lancella,10192,10200,6.03,1,NO_ANNOT,,,Exact,0,"Lancella Dall & Bartsch, 1904",Lancella,urn:lsid:irmng.org:taxname:1367021,181,IRMNG,
225,Larimus breviceps,Larimus breviceps,10205,10222,11.30,2,NO_ANNOT,,,Exact,0,"Larimus breviceps Cuvier, 1830",Larimus breviceps,6NXNP,1,Catalogue of Life,
226,Leda acuta,Leda acuta,10227,10237,7.06,2,NO_ANNOT,,,Exact,0,Leda acuta (Conrad 1832),Leda acuta,87522,172,PaleoBioDB,
227,Leiostomus xanthurus,Leiostomus xanthurus,10256,10276,12.46,2,NO_ANNOT,,,Exact,0,"Leiostomus xanthurus Lacepède, 1802",Leiostomus xanthurus,3T2K3,1,Catalogue of Life,
228,Leiostraca distorta,Leiostraca distorta,10285,10304,10.55,2,NO_ANNOT,,,Exact,0,"Leiostraca distorta Pease, 1861",Leiostraca distorta,3T2KD,1,Catalogue of Life,
229,Lepidopyga cseruliigularis,Lepidopyga cseruliigularis,10340,10366,7.65,2,NO_ANNOT,,,PartialExact,0,"Lepidopyga Reichenbach, 1855",Lepidopyga,5CKG,1,Catalogue of Life,
230,Lepomis auritus,Lepomis auritus,10383,10398,12.39,2,NO_ANNOT,,,Exact,0,"Lepomis auritus (Linnaeus, 1758)",Lepomis auritus,3TG2C,1,Catalogue of Life,
231,Leptecheneis neucrates,Leptecheneis neucrates,10411,10433,10.48,2,NO_ANNOT,,,Fuzzy,1,"Leptecheneis naucrates (Linnaeus, 1758)",Leptecheneis naucrates,3TJB5,1,Catalogue of Life,
232,Leptocephalus conger,Leptocephalus conger,10438,10458,7.69,2,NO_ANNOT,,,Exact,0,"Leptocephalus conger Eigenmann, 1902",Leptocephalus conger,3TKNM,1,Catalogue of Life,
233,Leptoxis fusca,Leptoxis fusca,10463,10477,10.15,2,NO_ANNOT,,,Exact,0,Leptoxis fusca,Leptoxis fusca,183518,183,Sherborn Index Animalium,
234,Leuciscus vandoisulus,Leuciscus vandoisulus,10481,10502,13.72,2,NO_ANNOT,,,Exact,0,Leuciscus vandoisulus Valenciennes in Cuvier & Valenciennes 1844,Leuciscus vandoisulus,141074953,151,Catalog of Fishes,
235,Leurognathus,Leurognathus,10511,10523,5.35,1,NO_ANNOT,,,Exact,0,"Leurognathus Moore, 1899",Leurognathus,62WP3,1,Catalogue of Life,
236,Lirosoma cretacea,Lirosoma cretacea,10562,10579,11.45,2,NO_ANNOT,,,Exact,0,Lirosoma cretacea,Lirosoma cretacea,7951799,179,Open Tree of Life,
237,Litocosmia,Litocosmia,10584,10594,4.95,1,NO_ANNOT,,,Exact,0,Litocosmia,Litocosmia,5FQW,1,Catalogue of Life,
238,Lophius piscatorius,Lophius piscatorius,10616,10635,11.98,2,NO_ANNOT,,,Exact,0,"Lophius piscatorius Linnaeus, 1758",Lophius piscatorius,3W2MQ,1,Catalogue of Life,
239,Lophopsetta maculata,Lophopsetta maculata,10640,10660,12.89,2,NO_ANNOT,,,Exact,0,"Lophopsetta maculata (Günther, 1880)",Lophopsetta maculata,3W44H,1,Catalogue of Life,
240,Lucania parva,Lucania parva,10665,10678,6.97,2,NO_ANNOT,,,Exact,0,"Lucania parva (Baird & Girard, 1855)",Lucania parva,6QPBT,1,Catalogue of Life,
241,Lucina antillarum,Lucina antillarum,10687,10704,9.38,2,NO_ANNOT,,,Exact,0,"Lucina antillarum Reeve, 1850",Lucina antillarum,3WC78,1,Catalogue of Life,
242,Lutianus analis,Lutianus analis,10762,10777,12.25,2,NO_ANNOT,,,Exact,0,Lutianus analis,Lutianus analis,gn_144835,186,MCZbase,
243,Iymn8ea apicina solida,Iymn�ea apicina solida,10810,10832,8.37,3,NO_ANNOT,,,NoMatch,,,,,,,,
244,Lymnaea catascopium,Lymnaea catascopium,10873,10892,11.25,2,NO_ANNOT,,,Exact,0,"Lymnaea (Stagnicola) catascopium (Say, 1817)",Lymnaea catascopium,7RZ4Y,1,Catalogue of Life,
245,Lyosphsera globosa,Lyosphsera globosa,11129,11147,6.12,2,NO_ANNOT,,,Fuzzy,1,"Lyosphaera globosa Evermann & Kendall, 1898",Lyosphaera globosa,173409,3,ITIS,
246,Malea elliptica,Malea elliptica,11156,11171,11.77,2,NO_ANNOT,,,Exact,0,Malea elliptica (Pilsbry and Johnston 1917),Malea elliptica,105369,172,PaleoBioDB,
247,Manculus,Manculus,11188,11196,5.75,1,NO_ANNOT,,,Exact,0,"Manculus Cope, 1869",Manculus,5KT9,1,Catalogue of Life,
248,Margaritana margaritifera,Margaritana margaritifera,11239,11264,11.33,2,NO_ANNOT,,,Exact,0,"Margaritana margaritifera (Linnaeus, 1758)",Margaritana margaritifera,3Y3YB,1,Catalogue of Life,
249,Marginella latissima,Marginella latissima,11271,11291,13.08,2,NO_ANNOT,,,Exact,0,Marginella latissima (Dall 1896),Marginella latissima,107634,172,PaleoBioDB,
250,Melanella acanthyllis,Melanella acanthyllis,11346,11367,13.92,2,NO_ANNOT,,,Exact,0,"Melanella acanthyllis (R. B. Watson, 1883)",Melanella acanthyllis,875SC,1,Catalogue of Life,
251,Melanoplus arizonae,Melanoplus arizonae,11666,11685,11.18,2,NO_ANNOT,,,Exact,0,"Melanoplus arizonae Scudder, S.H., 1878",Melanoplus arizonae,3Z9PV,1,Catalogue of Life,
252,Melanoplus discolor,Melanoplus discolor,11888,11907,11.33,2,NO_ANNOT,,,Exact,0,"Melanoplus discolor (Scudder, S.H., 1878)",Melanoplus discolor,3Z9T6,1,Catalogue of Life,
253,Membras,Membras,12308,12315,4.32,1,NO_ANNOT,,,Exact,0,Membras,Membras,5NY4,1,Catalogue of Life,
254,Menestho clathrata,Menestho clathrata,12320,12338,12.02,2,NO_ANNOT,,,PartialExact,0,"Menestho Møller, 1842",Menestho,7P8PM,1,Catalogue of Life,
255,Menidia,Menidia,12343,12350,3.67,1,NO_ANNOT,,,Exact,0,Menidia,Menidia,5P3R,1,Catalogue of Life,
256,Menticirrhus saxatilis,Menticirrhus saxatilis,12395,12417,12.65,2,NO_ANNOT,,,Exact,0,"Menticirrhus saxatilis (Bloch & Schneider, 1801)",Menticirrhus saxatilis,3ZSF8,1,Catalogue of Life,
257,Mesogonistius chaetodon,Mesogonistius chaetodon,12422,12445,11.31,2,NO_ANNOT,,,Exact,0,"Mesogonistius chaetodon (Baird, 1855)",Mesogonistius chaetodon,423NB,1,Catalogue of Life,
258,Metalabis saramaccensis,Metalabis saramaccensis,12450,12473,12.69,2,NO_ANNOT,,,Exact,0,"Metalabis saramaccensis (Zacher, 1911)",Metalabis saramaccensis,6RCXZ,1,Catalogue of Life,
259,Metis efferta,Metis efferta,12478,12491,10.85,2,NO_ANNOT,,,Exact,0,Metis efferta,Metis efferta,4293463,168,ION,
260,Metulella dominicensis,Metulella dominicensis,12509,12531,14.03,2,NO_ANNOT,,,Exact,0,Metulella dominicensis Pilsbry and Johnson 1917,Metulella dominicensis,88931,172,PaleoBioDB,
261,Micromelo guamensis,Micromelo guamensis,12536,12555,11.09,2,NO_ANNOT,,,Exact,0,"Micromelo guamensis (Quoy & Gaimard, 1825)",Micromelo guamensis,42YT7,1,Catalogue of Life,
262,Micropogon undulatus,Micropogon undulatus,12560,12580,11.81,2,NO_ANNOT,,,Exact,0,"Micropogon undulatus (Linnaeus, 1766)",Micropogon undulatus,73HQW,1,Catalogue of Life,
263,Micropterus dolomieu,Micropterus dolomieu,12589,12609,10.67,2,NO_ANNOT,,,Exact,0,"Micropterus dolomieu Lacepède, 1802",Micropterus dolomieu,43539,1,Catalogue of Life,
264,Microvostox basalis,Microvostox basalis,12636,12655,10.82,2,NO_ANNOT,,,Exact,0,Microvostox basalis (Burr ),Microvostox basalis,2311076,168,ION,
265,Murex gatunensis,Murex gatunensis,12674,12690,10.97,2,NO_ANNOT,,,Exact,0,"Murex (Phyllonotus) gatunensis A. P. Brown & Pilsbry, 1911",Murex gatunensis,44LRM,1,Catalogue of Life,
266,Mitra longa,Mitra longa,12703,12714,7.40,2,NO_ANNOT,,,Exact,0,Mitra longa (Gabb 1873),Mitra longa,106973,172,PaleoBioDB,
267,Mixocosmia,Mixocosmia,12760,12770,4.95,1,NO_ANNOT,,,Exact,0,Mixocosmia,Mixocosmia,5TXB,1,Catalogue of Life,
268,Monochirus hispidus,Monochirus hispidus,12775,12794,12.19,2,NO_ANNOT,,,Exact,0,"Monochirus hispidus Rafinesque, 1814",Monochirus hispidus,4467H,1,Catalogue of Life,
269,Morone americana,Morone americana,12799,12815,8.57,2,NO_ANNOT,,,Exact,0,"Morone americana (Gmelin, 1789)",Morone americana,6RRD2,1,Catalogue of Life,
270,Morua capelanus,Morua capelanus,12828,12843,9.98,2,NO_ANNOT,,,Exact,0,"Morua capelanus Risso, 1827",Morua capelanus,73R73,1,Catalogue of Life,
271,Moschites challengeri,Moschites challengeri,12848,12869,11.16,2,NO_ANNOT,,,Exact,0,"Moschites challengeri S. S. Berry, 1916",Moschites challengeri,44FXL,1,Catalogue of Life,
272,Mucronalia nitidula,Mucronalia nitidula,12897,12916,11.56,2,NO_ANNOT,,,Exact,0,"Mucronalia nitidula Pease, 1860",Mucronalia nitidula,44HDJ,1,Catalogue of Life,
273,Mugil cephalus,Mugil cephalus,12959,12973,10.40,2,NO_ANNOT,,,Exact,0,"Mugil cephalus Linnaeus, 1758",Mugil cephalus,44J42,1,Catalogue of Life,
274,Ill curema,Ill curema,12974,12984,,2,NO_ANNOT,,,PartialExact,0,Saccopteryx (Ill ),Ill,4236238,168,ION,
275,Musculium,Musculium,12999,13008,5.28,1,NO_ANNOT,,,Exact,0,"Musculium Link, 1807",Musculium,7P9CS,1,Catalogue of Life,
276,Mustelus mustelus,Mustelus mustelus,13021,13038,12.72,2,NO_ANNOT,,,Exact,0,"Mustelus mustelus (Linnaeus, 1758)",Mustelus mustelus,44R2T,1,Catalogue of Life,
277,Myliobatis freminvillii,Myliobatis freminvillii,13043,13066,13.16,2,NO_ANNOT,,,Exact,0,"Myliobatis freminvillii Lesueur, 1824",Myliobatis freminvillii,453CJ,1,Catalogue of Life,
278,Natica finitima,Natica finitima,13071,13086,9.33,2,NO_ANNOT,,,Exact,0,Natica finitima Pilsbry & Johnson 1917,Natica finitima,4293469,168,ION,
279,Neaera alternata,Neaera alternata,13091,13107,12.34,2,NO_ANNOT,,,Exact,0,"Neaera alternata (d'Orbigny, 1853)",Neaera alternata,45XLH,1,Catalogue of Life,
280,Necturus maculosus,Necturus maculosus,13128,13146,12.36,2,NO_ANNOT,,,Exact,0,"Necturus maculosus (Rafinesque, 1818)",Necturus maculosus,463VD,1,Catalogue of Life,
281,Neritina bryana,Neritina bryana,13162,13177,10.42,2,NO_ANNOT,,,Fuzzy,1,"Neritina bryanae Pilsbry, 1918",Neritina bryanae,475RJ,1,Catalogue of Life,
282,Netrosoma fusiforme,Netrosoma fusiforme,13182,13201,11.17,2,NO_ANNOT,,,Exact,0,"Netrosoma fusiforme Scudder, S.H., 1897",Netrosoma fusiforme,479NP,1,Catalogue of Life,
283,Neurergiis crocatus,Neurergiis crocatus,13245,13264,5.40,2,NO_ANNOT,,,NoMatch,,,,,,,,
284,Niso sandwichensis,Niso sandwichensis,13268,13286,10.34,2,NO_ANNOT,,,Exact,0,Niso sandwichensis [sic],Niso sandwichensis,urn:lsid:marinespecies.org:taxname:565929,9,WoRMS,
285,Notropis bifrenatus,Notropis bifrenatus,13291,13310,13.36,2,NO_ANNOT,,,Exact,0,"Notropis bifrenatus (Cope, 1867)",Notropis bifrenatus,47ZF6,1,Catalogue of Life,
286,Nudivagus,Nudivagus,13456,13465,5.58,1,NO_ANNOT,,,Exact,0,"Nudivagus Wade, 1917",Nudivagus,urn:lsid:irmng.org:taxname:1107759,181,IRMNG,
287,Ocyurus chrysurus,Ocyurus chrysurus,13487,13504,11.98,2,NO_ANNOT,,,Exact,0,"Ocyurus chrysurus (Bloch, 1791)",Ocyurus chrysurus,48MRB,1,Catalogue of Life,
288,Odontesthes,Odontesthes,13509,13520,4.78,1,NO_ANNOT,,,Exact,0,Odontesthes,Odontesthes,63FSR,1,Catalogue of Life,
289,Odostomia,Odostomia,13525,13534,4.78,1,NO_ANNOT,,,Exact,0,"Odostomia J. Fleming, 1813",Odostomia,7PB5C,1,Catalogue of Life,
290,Odostomidea bartsohiana,Odostomidea bartsohiana,13535,13558,8.27,2,NO_ANNOT,,,PartialExact,0,"Odostomidea Pilsbry & Johnson, 1917",Odostomidea,urn:lsid:irmng.org:taxname:1058067,181,IRMNG,
291,Eulinast.oma bathyraphe,Eulinast�oma bathyraphe,13563,13586,4.47,2,NO_ANNOT,,,NoMatch,,,,,,,,
292,Goniodostomia circumvincta,Goniodostomia circumvincta,13591,13617,7.52,2,NO_ANNOT,,,PartialExact,0,"Goniodostomia Pilsbry & C. W. Johnson, 1917",Goniodostomia,7P4GN,1,Catalogue of Life,
293,Parthenina␤clyclocephala,Parthenina clyclocephala,13636,13660,6.24,2,NO_ANNOT,,,PartialExact,0,"Parthenina Bucquoy, Dautzenberg & Dollfus, 1883",Parthenina,87GYM,1,Catalogue of Life,
294,Evalina eclecta,Evalina eclecta,13693,13708,10.19,2,NO_ANNOT,,,PartialExact,0,"Evalina Dall & Bartsch, 1904",Evalina,urn:lsid:irmng.org:taxname:1390889,181,IRMNG,
295,Evalina gracilis,Evalina gracilis,13732,13748,10.86,2,NO_ANNOT,,,PartialExact,0,"Evalina Dall & Bartsch, 1904",Evalina,urn:lsid:irmng.org:taxname:1390889,181,IRMNG,
296,Odostomia gulicki,Odostomia gulicki,13753,13770,10.23,2,NO_ANNOT,,,Exact,0,"Odostomia gulicki Pilsbry, 1918",Odostomia gulicki,48SVS,1,Catalogue of Life,
297,Evalina haleiwensis,Evalina haleiwensis,13775,13794,11.65,2,NO_ANNOT,,,PartialExact,0,"Evalina Dall & Bartsch, 1904",Evalina,urn:lsid:irmng.org:taxname:1390889,181,IRMNG,
298,Odostomia ingloria,Odostomia ingloria,13799,13817,10.83,2,NO_ANNOT,,,Exact,0,Odostomia ingloria,Odostomia ingloria,4293470,168,ION,
299,Odostomia kahoolawensis...,Odostomia kahoolawensis,13822,13848,12.64,2,NO_ANNOT,,,Exact,0,"Odostomia kahoolawensis Pilsbry, 1918",Odostomia kahoolawensis,48SXF,1,Catalogue of Life,
300,Odostomia loxocephala,Odostomia loxocephala,13865,13886,11.82,2,NO_ANNOT,,,Exact,0,"Odostomia loxocephala Pilsbry, 1918",Odostomia loxocephala,urn:lsid:marinespecies.org:taxname:588411,9,WoRMS,
301,Miralda paulbartschi,Miralda paulbartschi,13930,13950,10.38,2,NO_ANNOT,,,Exact,0,"Miralda paulbartschi (Pilsbry, 1918)",Miralda paulbartschi,73LJH,1,Catalogue of Life,
302,Nesiodostomia prima,Nesiodostomia prima,13966,13985,7.45,2,NO_ANNOT,,,PartialExact,0,"Nesiodostomia Pilsbry, 1918",Nesiodostomia,7P9S9,1,Catalogue of Life,
303,Miralda␤pupu,Miralda pupu,13990,14002,6.95,2,NO_ANNOT,,,PartialExact,0,"Miralda A. Adams, 1863",Miralda,7P936,1,Catalogue of Life,
304,Eulimastoma pyrgulop.sis,Eulimastoma pyrgulop�sis,14007,14031,8.29,2,NO_ANNOT,,,Fuzzy,1,"Eulimastoma pyrgulopsis (Pilsbry & C. W. Johnson, 1917)",Eulimastoma pyrgulopsis,6H9GX,1,Catalogue of Life,
305,Nesiodostomia quarta,Nesiodostomia quarta,14040,14060,11.01,2,NO_ANNOT,,,Exact,0,"Nesiodostomia quarta (Pilsbry, 1918)",Nesiodostomia quarta,47787,1,Catalogue of Life,
306,Miralda,Miralda,14088,14095,4.04,1,NO_ANNOT,,,Exact,0,"Miralda A. Adams, 1863",Miralda,7P936,1,Catalogue of Life,
307,Nesiodostomia secunda,Nesiodostomia secunda,14111,14132,11.47,2,NO_ANNOT,,,Exact,0,Nesiodostomia secunda Pilsbry 1918,Nesiodostomia secunda,2270877,168,ION,
308,Goniodostomia superans,Goniodostomia superans,14167,14189,10.78,2,NO_ANNOT,,,Exact,0,"Goniodostomia superans (Pilsbry & C. W. Johnson, 1917)",Goniodostomia superans,3GWSK,1,Catalogue of Life,
309,Cvclodostomia suta,Cvclodostomia suta,14194,14212,3.79,2,NO_ANNOT,,,NoMatch,,,,,,,,
310,Miralda syrtites,Miralda syrtites,14217,14233,8.81,2,NO_ANNOT,,,PartialExact,0,"Miralda A. Adams, 1863",Miralda,7P936,1,Catalogue of Life,
311,Nesiodostomia tertia,Nesiodostomia tertia,14238,14258,10.56,2,NO_ANNOT,,,Exact,0,"Nesiodostomia tertia (Pilsbry, 1918)",Nesiodostomia tertia,47789,1,Catalogue of Life,
312,Evalea␤vexator.....,Evalea vexator,14263,14282,9.99,2,NO_ANNOT,,,PartialExact,0,"Evalea A. Adams, 1860",Evalea,7NZYD,1,Catalogue of Life,
313,Evalina waikikiensis,Evalina waikikiensis,14287,14307,11.55,2,NO_ANNOT,,,PartialExact,0,"Evalina Dall & Bartsch, 1904",Evalina,urn:lsid:irmng.org:taxname:1390889,181,IRMNG,
314,Oliva cylindrica,Oliva cylindrica,14405,14421,10.67,2,NO_ANNOT,,,Exact,0,"Oliva cylindrica G. B. Sowerby I, 1850",Oliva cylindrica,74KFR,1,Catalogue of Life,
315,Ophichthus gomesii,Ophichthus gomesii,14471,14489,11.54,2,NO_ANNOT,,,Exact,0,"Ophichthus gomesii (Castelnau, 1855)",Ophichthus gomesii,49VH8,1,Catalogue of Life,
316,Ophidion barbatum,Ophidion barbatum,14494,14511,10.00,2,NO_ANNOT,,,Exact,0,"Ophidion barbatum Linnaeus, 1758",Ophidion barbatum,49VSF,1,Catalogue of Life,
317,Opisthocosmia bogotensis,Opisthocosmia bogotensis,14516,14540,13.02,2,NO_ANNOT,,,Exact,0,Opisthocosmia bogotensis,Opisthocosmia bogotensis,7898851,179,Open Tree of Life,
318,Opisthonema oglinum,Opisthonema oglinum,14554,14573,12.82,2,NO_ANNOT,,,Exact,0,"Opisthonema oglinum (Lesueur, 1818)",Opisthonema oglinum,74QVF,1,Catalogue of Life,
319,Opsanus tau,Opsanus tau,14578,14589,3.58,2,NO_ANNOT,,,Exact,0,"Opsanus tau (Linnaeus, 1766)",Opsanus tau,6T47C,1,Catalogue of Life,
320,Oreohelix binneyi,Oreohelix binneyi,14599,14616,10.98,2,NO_ANNOT,,,Exact,0,Oreohelix binneyi Hemp,Oreohelix binneyi,gn_216644,186,MCZbase,
321,Orthaulax pugnax,Orthaulax pugnax,15427,15443,9.12,2,NO_ANNOT,,,Exact,0,Orthaulax pugnax (Heilprin 1887),Orthaulax pugnax,109243,172,PaleoBioDB,
322,Orthopristis chrvsopterus,Orthopristis chrvsopterus,15448,15473,8.60,2,NO_ANNOT,,,Fuzzy,1,"Orthopristis chrysopterus (Linnaeus, 1766)",Orthopristis chrysopterus,6T93N,1,Catalogue of Life,
323,Osteulcus,Osteulcus,15478,15487,6.17,1,NO_ANNOT,,,Exact,0,Osteulcus,Osteulcus,63GR5,1,Catalogue of Life,
324,Ostrea bolus,Ostrea bolus,15514,15526,6.23,2,NO_ANNOT,,,Exact,0,Ostrea bolus Pilsbry & Johnson 1917,Ostrea bolus,4293474,168,ION,
325,Ostrea cahobasensis,Ostrea cahobasensis,15552,15571,11.59,2,NO_ANNOT,,,Exact,0,Ostrea cahobasensis (Pilsbry and Brown 1910),Ostrea cahobasensis,160467,172,PaleoBioDB,
326,Paludestrina longinqua,Paludestrina longinqua,15676,15698,10.25,2,NO_ANNOT,,,Exact,0,Paludestrina longinqua Anthors,Paludestrina longinqua,gn_130068,186,MCZbase,
327,Paracentropristis hepatus,Paracentropristis hepatus,15723,15748,14.14,2,NO_ANNOT,,,Exact,0,"Paracentropristis hepatus (Linnaeus, 1758)",Paracentropristis hepatus,4CP2Q,1,Catalogue of Life,
328,Paracosmia,Paracosmia,15753,15763,4.95,1,NO_ANNOT,,,Exact,0,Paracosmia,Paracosmia,63KKK,1,Catalogue of Life,
329,Paradichroplus,Paradichroplus,15768,15782,6.76,1,NO_ANNOT,,,Exact,0,"Paradichroplus Brunner, 1893",Paradichroplus,urn:lsid:irmng.org:taxname:1211432,181,IRMNG,
330,Paraidemona mimica,Paraidemona mimica,15791,15809,11.10,2,NO_ANNOT,,,Exact,0,"Paraidemona mimica Scudder, S.H., 1897",Paraidemona mimica,4CX7B,1,Catalogue of Life,
331,Paralichthys dentatus,Paralichthys dentatus,15814,15835,13.41,2,NO_ANNOT,,,Exact,0,"Paralichthys dentatus (Linnaeus, 1766)",Paralichthys dentatus,4CYVG,1,Catalogue of Life,
332,Paramorea,Paramorea,15840,15849,4.47,1,NO_ANNOT,,,Exact,0,"Paramorea Wade, 1917",Paramorea,urn:lsid:irmng.org:taxname:1305450,181,IRMNG,
333,Parasparatta,Parasparatta,15868,15880,5.38,1,NO_ANNOT,,,Exact,0,"Parasparatta Burr, 1911",Parasparatta,urn:lsid:irmng.org:taxname:1128849,181,IRMNG,
334,Pasithea aeiculata,Pasithea aeiculata,15885,15903,7.77,2,NO_ANNOT,,,Fuzzy,1,Pasithea aciculata,Pasithea aciculata,63644,183,Sherborn Index Animalium,
335,Patula slrigosa gabbiana,Patula slrigosa gabbiana,15912,15936,11.98,3,NO_ANNOT,,,Fuzzy,1,"Patula strigosa var. gabbiana Hemphill in W. G. Binney, 1886",Patula strigosa gabbiana,7V8NJ,1,Catalogue of Life,
336,Amusium correctus,Amusium correctus,15984,16001,12.59,2,NO_ANNOT,,,PartialExact,0,"Amusium Röding, 1798",Amusium,7NNY8,1,Catalogue of Life,
337,Pedies,Pedies,16105,16111,1.39,1,NO_ANNOT,,,Exact,0,Pedies,Pedies,6JZ7,1,Catalogue of Life,
338,Pellona bleekeriana,Pellona bleekeriana,16171,16190,11.13,2,NO_ANNOT,,,Exact,0,"Pellona bleekeriana Poey, 1867",Pellona bleekeriana,76BFB,1,Catalogue of Life,
339,Pera flavescens,Pera flavescens,16227,16242,4.71,2,NO_ANNOT,,,PartialExact,0,Pera,Pera,6KYK,1,Catalogue of Life,
340,Percopsis guttatus,Percopsis guttatus,16268,16286,12.50,2,NO_ANNOT,,,Exact,0,"Percopsis guttatus Agassiz, 1850",Percopsis guttatus,6V3RB,1,Catalogue of Life,
341,Perixerus,Perixerus,16308,16317,5.43,1,NO_ANNOT,,,Exact,0,Perixerus,Perixerus,6LKL,1,Catalogue of Life,
342,Petaloconchus domingensis,Petaloconchus domingensis,16323,16348,13.37,2,NO_ANNOT,,,Exact,0,"Petaloconchus domingensis G. B. Sowerby I, 1850",Petaloconchus domingensis,urn:lsid:marinespecies.org:taxname:1439315,9,WoRMS,
343,Petromvzon marinus,Petromvzon marinus,16352,16370,3.76,2,NO_ANNOT,,,Fuzzy,1,"Petromyzon marinus Linnaeus, 1758",Petromyzon marinus,6V6DZ,1,Catalogue of Life,
344,Pezotettix discolor,Pezotettix discolor,16375,16394,7.87,2,NO_ANNOT,,,Exact,0,"Pezotettix discolor Scudder, S.H., 1878",Pezotettix discolor,4FJ96,1,Catalogue of Life,
345,Phacoides perplexus,Phacoides perplexus,16479,16498,11.08,2,NO_ANNOT,,,Exact,0,Phacoides perplexus,Phacoides perplexus,4293477,168,ION,
346,Parvilucina pupulus,Parvilucina pupulus,16503,16522,11.20,2,NO_ANNOT,,,PartialExact,0,"Parvilucina Dall, 1901",Parvilucina,7PBZZ,1,Catalogue of Life,
347,Phasianella bryani,Phasianella bryani,16716,16734,12.26,2,NO_ANNOT,,,Exact,0,Phasianella bryani,Phasianella bryani,7983650,179,Open Tree of Life,
348,V. kahoolawensis,V. kahoolawensis,16821,16837,7.52,2,NO_ANNOT,,,NoMatch,,,,,,,,
349,Phaulotettix,Phaulotettix,16846,16858,5.11,1,NO_ANNOT,,,Exact,0,Phaulotettix,Phaulotettix,6N2M,1,Catalogue of Life,
350,Philinopsi␤nigra,Philinopsi nigra,16893,16909,2.24,2,NO_ANNOT,,,Fuzzy,1,"Philinopsis nigra Pease, 1860",Philinopsis nigra,urn:lsid:marinespecies.org:taxname:724673,9,WoRMS,
351,Philocleon,Philocleon,16927,16937,4.15,1,NO_ANNOT,,,Exact,0,Philocleon,Philocleon,6NFS,1,Catalogue of Life,
352,Phoetaliotes nebrascensis,Phoetaliotes nebrascensis,16942,16967,11.73,2,NO_ANNOT,,,Exact,0,"Phoetaliotes nebrascensis (Thomas, C., 1872)",Phoetaliotes nebrascensis,4GKT8,1,Catalogue of Life,
353,Phycis agrammus,Phycis agrammus,16976,16991,10.42,2,NO_ANNOT,,,Exact,0,Phycis agrammus,Phycis agrammus,70169,183,Sherborn Index Animalium,
354,Physa,Physa,17026,17031,3.83,1,NO_ANNOT,,,Exact,0,"Physa Draparnaud, 1801",Physa,7PCJZ,1,Catalogue of Life,
355,Pilex bogotensis,Pilex bogotensis,17198,17214,11.95,2,NO_ANNOT,,,PartialExact,0,"Pilex Hall, 1867",Pilex,urn:lsid:irmng.org:taxname:1328196,181,IRMNG,
356,Pimephales notatus,Pimephales notatus,17219,17237,10.86,2,NO_ANNOT,,,Exact,0,"Pimephales notatus (Rafinesque, 1820)",Pimephales notatus,4HWSS,1,Catalogue of Life,
357,Pisciregia,Pisciregia,17246,17256,4.47,1,NO_ANNOT,,,Exact,0,"Pisciregia Abbott, 1899",Pisciregia,urn:lsid:irmng.org:taxname:1029458,181,IRMNG,
358,Pisidium abditum,Pisidium abditum,17261,17277,12.15,2,NO_ANNOT,,,Exact,0,"Pisidium abditum (Haldeman, 1841)",Pisidium abditum,urn:lsid:marinespecies.org:taxname:861691,9,WoRMS,
359,Pitar,Pitar,17336,17341,3.13,1,NO_ANNOT,,,Exact,0,"Pitar Römer, 1857",Pitar,7PCNQ,1,Catalogue of Life,
360,Hysteroconcha casta,Hysteroconcha casta,17342,17361,10.75,2,NO_ANNOT,,,PartialExact,0,"Hysteroconcha Dall, 1902",Hysteroconcha,7P5M2,1,Catalogue of Life,
361,Planorbis exacuous,Planorbis exacuous,17365,17383,9.23,2,NO_ANNOT,,,Exact,0,"Planorbis exacuous Say, 1821",Planorbis exacuous,77P3B,1,Catalogue of Life,
362,Platyphyma azteca,Platyphyma azteca,17489,17506,6.03,2,NO_ANNOT,,,Exact,0,"Platyphyma azteca Saussure, 1861",Platyphyma azteca,142095390,164,BioLib.cz,
363,Plethodon,Plethodon,17537,17546,4.18,1,NO_ANNOT,,,Exact,0,"Plethodon Tschudi, 1838",Plethodon,6SNZ,1,Catalogue of Life,
364,Pleurodeles waltlii,Pleurodeles waltlii,17717,17736,10.12,2,NO_ANNOT,,,Exact,0,"Pleurodeles waltlii Waltl, 1835",Pleurodeles waltlii,144816071,158,EUNIS,
365,Plochelsea gabbi,Plochelsea gabbi,17740,17756,2.57,2,NO_ANNOT,,,Fuzzy,1,Plochelaea gabbi Pilsbry & Johnson 1917,Plochelaea gabbi,4293478,168,ION,
366,Poecilotettix.....,Poecilotettix,17761,17779,5.20,1,NO_ANNOT,,,Exact,0,Poecilotettix,Poecilotettix,6TKW,1,Catalogue of Life,
367,Pogonias cromis,Pogonias cromis,17784,17799,11.48,2,NO_ANNOT,,,Exact,0,"Pogonias cromis (Linnaeus, 1766)",Pogonias cromis,4KVBP,1,Catalogue of Life,
368,Polinices mammillaris,Polinices mammillaris,17804,17825,10.96,2,NO_ANNOT,,,PartialExact,0,"Polinices Montfort, 1810",Polinices,7PD2F,1,Catalogue of Life,
369,Polita indentata umbilicata,Polita indentata umbilicata,17839,17866,18.26,3,NO_ANNOT,,,PartialExact,0,"Polita Held, 1837",Polita,urn:lsid:irmng.org:taxname:1239593,181,IRMNG,
370,Polydactylus virginicus,Polydactylus virginicus,17871,17894,13.73,2,NO_ANNOT,,,Exact,0,"Polydactylus virginicus (Linnaeus, 1758)",Polydactylus virginicus,77SDW,1,Catalogue of Life,
371,Pomatomus saltatrix,Pomatomus saltatrix,17899,17918,11.34,2,NO_ANNOT,,,Exact,0,"Pomatomus saltatrix (Linnaeus, 1766)",Pomatomus saltatrix,4LQWC,1,Catalogue of Life,
372,Pomolobus pseudoharengus,Pomolobus pseudoharengus,17923,17947,10.70,2,NO_ANNOT,,,Exact,0,"Pomolobus pseudoharengus (Wilson, 1811)",Pomolobus pseudoharengus,4LR4C,1,Catalogue of Life,
373,Pomotis gibbosus,Pomotis gibbosus,17956,17972,12.33,2,NO_ANNOT,,,Exact,0,Pomotis gibbosus Valenciennes in Cuvier & Valenciennes 1831,Pomotis gibbosus,141089788,151,Catalog of Fishes,
374,Poronotus triacanthus,Poronotus triacanthus,17985,18006,12.47,2,NO_ANNOT,,,Exact,0,"Poronotus triacanthus (Peck, 1804)",Poronotus triacanthus,4LYCG,1,Catalogue of Life,
375,Potamides avus,Potamides avus,18015,18029,9.31,2,NO_ANNOT,,,Exact,0,Potamides avus Pilsbry and Brown 1917,Potamides avus,147034,172,PaleoBioDB,
376,Praos,Praos,18060,18065,3.13,1,NO_ANNOT,,,Exact,0,Praos,Praos,64239,1,Catalogue of Life,
377,Prionotus evolans strigatus,Prionotus evolans strigatus,18070,18097,16.14,3,NO_ANNOT,,,PartialExact,0,"Prionotus strigatus (Cuvier, 1829)",Prionotus strigatus,4MGH8,1,Catalogue of Life,
378,Prolabia arachidis,Prolabia arachidis,18102,18120,10.43,2,NO_ANNOT,,,Exact,0,Prolabia arachidis,Prolabia arachidis,2958169,168,ION,
379,Prosparatta,Prosparatta,18170,18181,5.15,1,NO_ANNOT,,,Exact,0,"Prosparatta Burr, 1911",Prosparatta,urn:lsid:irmng.org:taxname:1217112,181,IRMNG,
380,Proteus anguineus,Proteus anguineus,18186,18203,10.83,2,NO_ANNOT,,,Exact,0,Proteus anguineus,Proteus anguineus,78413,183,Sherborn Index Animalium,
381,Psalis burri,Psalis burri,18220,18232,7.13,2,NO_ANNOT,,,Exact,0,"Psalis burri Borelli, 1905",Psalis burri,77ZHX,1,Catalogue of Life,
382,Pseudisolabis burri,Pseudisolabis burri,18289,18308,8.99,2,NO_ANNOT,,,Exact,0,"Pseudisolabis burri Borelli, 1909",Pseudisolabis burri,4NNQH,1,Catalogue of Life,
383,Pseudobranchus striatus,Pseudobranchus striatus,18336,18359,13.22,2,NO_ANNOT,,,Exact,0,"Pseudobranchus striatus (LeConte, 1824)",Pseudobranchus striatus,4NQ8G,1,Catalogue of Life,
384,Pseudomyrma nigrocincta,Pseudomyrma nigrocincta,18362,18385,12.54,2,NO_ANNOT,,,Exact,0,Pseudomyrma nigrocincta Emery,Pseudomyrma nigrocincta,gn_244652,186,MCZbase,
385,Pseudopleuronectes americanus,Pseudopleuronectes americanus,18390,18419,11.38,2,NO_ANNOT,,,Exact,0,"Pseudopleuronectes americanus (Walbaum, 1792)",Pseudopleuronectes americanus,4P882,1,Catalogue of Life,
386,Pseudotriton flavissimus,Pseudotriton flavissimus,18433,18457,10.74,2,NO_ANNOT,,,Exact,0,"Pseudotriton flavissimus Hallowell, 1856",Pseudotriton flavissimus,78HM7,1,Catalogue of Life,
387,Pupa nitidula,Pupa nitidula,18478,18491,7.94,2,NO_ANNOT,,,Exact,0,"Pupa nitidula (Lamarck, 1816)",Pupa nitidula,4QJHF,1,Catalogue of Life,
388,Papilla blandi,Papilla blandi,18509,18523,5.25,2,NO_ANNOT,,,Exact,0,Papilla blandi Morse,Papilla blandi,gn_97247,186,MCZbase,
389,Pupoides marginatus,Pupoides marginatus,18581,18600,12.59,2,NO_ANNOT,,,Exact,0,"Pupoides marginatus (Say, 1821)",Pupoides marginatus,8788V,1,Catalogue of Life,
390,Pyragra brunnea,Pyragra brunnea,18605,18620,9.37,2,NO_ANNOT,,,PartialExact,0,Pyragra,Pyragra,75WV,1,Catalogue of Life,
391,Pyragropsis brunnea,Pyragropsis brunnea,18637,18656,11.43,2,NO_ANNOT,,,PartialExact,0,Pyragropsis,Pyragropsis,75WY,1,Catalogue of Life,
392,Pyramidella forulata famelica,Pyramidella forulata famelica,18661,18690,18.31,3,NO_ANNOT,,,Exact,0,"Pyramidella forulata famelica Pilsbry & C. W. Johnson, 1917",Pyramidella forulata famelica,5KSZX,1,Catalogue of Life,
393,Rseta canaliculata,Rseta canaliculata,18743,18761,6.25,2,NO_ANNOT,,,Fuzzy,1,Raeta canaliculata (Say 1822),Raeta canaliculata,156774,172,PaleoBioDB,
394,Raja eglanteria,Raja eglanteria,18766,18781,7.43,2,NO_ANNOT,,,Exact,0,"Raja eglanteria Bosc, 1800",Raja eglanteria,793KZ,1,Catalogue of Life,
395,Ranularia,Ranularia,18786,18795,4.85,1,NO_ANNOT,,,Exact,0,"Ranularia Schumacher, 1817",Ranularia,7PFKD,1,Catalogue of Life,
396,Retusa biforis.,Retusa biforis,18800,18815,11.05,2,NO_ANNOT,,,Exact,0,"Retusa biforis Pilsbry & Johnson, 1917",Retusa biforis,10118749,11,GBIF Backbone Taxonomy,
397,Rhabdotettix,Rhabdotettix,18821,18833,5.11,1,NO_ANNOT,,,Exact,0,"Rhabdotettix Scudder, 1897",Rhabdotettix,657777,3,ITIS,
398,Rhinichthys atronasus,Rhinichthys atronasus,18866,18887,12.72,2,NO_ANNOT,,,Exact,0,"Rhinichthys atronasus (Hermann, 1804)",Rhinichthys atronasus,urn:lsid:marinespecies.org:taxname:1476266,9,WoRMS,
399,Rhinoptera bonasus,Rhinoptera bonasus,18921,18939,12.06,2,NO_ANNOT,,,Exact,0,"Rhinoptera bonasus (Mitchill, 1815)",Rhinoptera bonasus,4S9R4,1,Catalogue of Life,
400,Rhomljoplites aurorubens,Rhomljoplites aurorubens,18944,18968,4.24,2,NO_ANNOT,,,NoMatch,,,,,,,,
401,Rissoa epulata,Rissoa epulata,18973,18987,9.75,2,NO_ANNOT,,,Exact,0,"Rissoa epulata Pilsbry & C. W. Johnson, 1917",Rissoa epulata,4T5GP,1,Catalogue of Life,
402,Alvania proavia,Alvania proavia,18992,19007,8.97,2,NO_ANNOT,,,Exact,0,"Alvania proavia (Pilsbry & C. W. Johnson, 1917)",Alvania proavia,CBNV,1,Catalogue of Life,
403,Roccus lineatus,Roccus lineatus,19012,19027,13.02,2,NO_ANNOT,,,Exact,0,"Roccus lineatus (Bloch, 1792)",Roccus lineatus,4T8JX,1,Catalogue of Life,
404,Salamandra atra,Salamandra atra,19036,19051,9.11,2,NO_ANNOT,,,Exact,0,"Salamandra atra Laurenti, 1768",Salamandra atra,6WZN4,1,Catalogue of Life,
405,Salamandra cinerea,Salamandra cinerea,19069,19087,10.34,2,NO_ANNOT,,,Exact,0,"Salamandra cinerea Green, 1818",Salamandra cinerea,78ZL4,1,Catalogue of Life,
406,Salmo omiscomaycus,Salmo omiscomaycus,19220,19238,11.09,2,NO_ANNOT,,,Exact,0,"Salmo omiscomaycus Walbaum, 1792",Salmo omiscomaycus,6XD9B,1,Catalogue of Life,
407,Salvelinus fontinalis,Salvelinus fontinalis,19243,19264,13.34,2,NO_ANNOT,,,Exact,0,"Salvelinus fontinalis (Mitchill, 1814)",Salvelinus fontinalis,6XG35,1,Catalogue of Life,
408,Sarakas,Sarakas,19269,19276,3.17,1,NO_ANNOT,,,Exact,0,"Sarakas Burr, 1907",Sarakas,urn:lsid:irmng.org:taxname:1448576,181,IRMNG,
409,Sarda sarda,Sarda sarda,19293,19304,6.98,2,NO_ANNOT,,,Exact,0,"Sarda sarda (Bloch, 1793)",Sarda sarda,79MK9,1,Catalogue of Life,
410,Sardinella humeralis,Sardinella humeralis,19309,19329,13.67,2,NO_ANNOT,,,Exact,0,Sardinella humeralis,Sardinella humeralis,gn_95917,186,MCZbase,
411,Scalenostoma,Scalenostoma,19334,19346,5.63,1,NO_ANNOT,,,Exact,0,"Scalenostoma Deshayes, 1863",Scalenostoma,7PG9X,1,Catalogue of Life,
412,Hvperlia apiculatum,Hvperlia apiculatum,19347,19366,5.59,2,NO_ANNOT,,,NoMatch,,,,,,,,
413,Scaphander alatus,Scaphander alatus,19388,19405,8.44,2,NO_ANNOT,,,Exact,0,"Scaphander alatus Dall, 1895",Scaphander alatus,79RZ4,1,Catalogue of Life,
414,Schilbeodes,Schilbeodes,19425,19436,5.22,1,NO_ANNOT,,,Exact,0,"Schilbeodes Bleeker, 1858",Schilbeodes,urn:lsid:irmng.org:taxname:1119752,181,IRMNG,
415,Scisenops ocellatus,Scisenops ocellatus,19465,19484,5.82,2,NO_ANNOT,,,Fuzzy,1,"Sciaenops ocellatus (Linnaeus, 1766)",Sciaenops ocellatus,4VH94,1,Catalogue of Life,
416,Scobina....,Scobina,19489,19500,3.72,1,NO_ANNOT,,,Exact,0,"Scobina Lepeletier & Serville, 1828",Scobina,1330528,2,Wikispecies,
417,Scobinella tristis,Scobinella tristis,19524,19542,12.77,2,NO_ANNOT,,,Exact,0,Scobinella tristis Pilsbry & Johnson 1917,Scobinella tristis,4293484,168,ION,
418,Scoliodon lalandi,Scoliodon lalandi,19547,19564,9.41,2,NO_ANNOT,,,Fuzzy,1,"Scoliodon lalandei (Müller & Henle, 1839)",Scoliodon lalandei,4VRW3,1,Catalogue of Life,
419,Scomberomorus cavalla,Scomberomorus cavalla,19569,19590,9.31,2,NO_ANNOT,,,Exact,0,"Scomberomorus cavalla (Cuvier, 1829)",Scomberomorus cavalla,6XXKJ,1,Catalogue of Life,
420,Semele delimata,Semele delimata,19609,19624,10.34,2,NO_ANNOT,,,Exact,0,Semele delimata,Semele delimata,4293485,168,ION,
421,Seminola,Seminola,19639,19647,5.51,1,NO_ANNOT,,,Exact,0,"Seminola Wade, 1917",Seminola,urn:lsid:irmng.org:taxname:1341288,181,IRMNG,
422,Semotilus,Semotilus,19681,19690,5.92,1,NO_ANNOT,,,Exact,0,Semotilus,Semotilus,7FHQ,1,Catalogue of Life,
423,Sinaloa behrensii,Sinaloa behrensii,19733,19750,10.22,2,NO_ANNOT,,,Exact,0,"Sinaloa behrensii Scudder, S.H., 1897",Sinaloa behrensii,6Z3CH,1,Catalogue of Life,
424,Siredon lichenoides,Siredon lichenoides,19793,19812,10.51,2,NO_ANNOT,,,Exact,0,"Siredon lichenoides Baird & Girard, 1852",Siredon lichenoides,4XQZP,1,Catalogue of Life,
425,Siren lacertina,Siren lacertina,19815,19830,8.91,2,NO_ANNOT,,,Exact,0,"Siren lacertina Österdam, 1766",Siren lacertina,4XR2K,1,Catalogue of Life,
426,Smaragindella viridis,Smaragindella viridis,19833,19854,6.89,2,NO_ANNOT,,,NoMatch,,,,,,,,
427,Solenosteira dalli,Solenosteira dalli,19859,19877,10.53,2,NO_ANNOT,,,Exact,0,Solenosteira dalli (Brown and Pilsbry 1911),Solenosteira dalli,161707,172,PaleoBioDB,
428,Solidula,Solidula,19881,19889,4.84,1,NO_ANNOT,,,Exact,0,"Solidula Fischer von Waldheim, 1807",Solidula,urn:lsid:irmng.org:taxname:1298854,181,IRMNG,
429,Sparatta clarkii,Sparatta clarkii,19920,19936,10.92,2,NO_ANNOT,,,Exact,0,"Sparatta clarkii Kirby, WF, 1896",Sparatta clarkii,6YVL2,1,Catalogue of Life,
430,Sparus mocasinus,Sparus mocasinus,19985,20001,11.97,2,NO_ANNOT,,,Exact,0,Sparus mocasinus Rafinesque 1814,Sparus mocasinus,141099211,151,Catalog of Fishes,
431,Spelerpes,Spelerpes,20006,20015,3.94,1,NO_ANNOT,,,Exact,0,"Spelerpes Rafinesque, 1832",Spelerpes,7K8Y,1,Catalogue of Life,
432,Spelerpes ruber,Spelerpes ruber,20180,20195,6.86,2,NO_ANNOT,,,Exact,0,"Spelerpes ruber (Sonnini de Manoncourt & Latreille, 1801)",Spelerpes ruber,4YHK3,1,Catalogue of Life,
433,SphJBrium aureum,Sphjbrium aureum,20216,20232,4.40,2,NO_ANNOT,,,NoMatch,,,,,,,,
434,Spheroides maculatus,Spheroides maculatus,20272,20292,12.82,2,NO_ANNOT,,,Exact,0,Spheroides maculatus,Spheroides maculatus,gn_165259,186,MCZbase,
435,Sphingolabis hawaiensis,Sphingolabis hawaiensis,20317,20340,12.98,2,NO_ANNOT,,,Fuzzy,1,"Sphingolabis hawaiiensis (de Bormans, 1882)",Sphingolabis hawaiiensis,4YZLG,1,Catalogue of Life,
436,Sphyraena guachancho,Sphyraena guachancho,20345,20365,10.30,2,NO_ANNOT,,,Exact,0,"Sphyraena guachancho Cuvier, 1829",Sphyraena guachancho,4Z2LW,1,Catalogue of Life,
437,Sphyrna tiburo,Sphyrna tiburo,20370,20384,7.81,2,NO_ANNOT,,,Exact,0,"Sphyrna tiburo (Linnaeus, 1758)",Sphyrna tiburo,4Z2QP,1,Catalogue of Life,
438,Spongiphora bogotensis,Spongiphora bogotensis,20405,20427,13.97,2,NO_ANNOT,,,PartialExact,0,Spongiphora,Spongiphora,7LJL,1,Catalogue of Life,
439,Spongophora ghilianii,Spongophora ghilianii,20453,20474,13.55,2,NO_ANNOT,,,PartialExact,0,"Spongophora Agassiz, 1846",Spongophora,urn:lsid:irmng.org:taxname:1432695,181,IRMNG,
440,Spongovostox basalis,Spongovostox basalis,20491,20511,11.05,2,NO_ANNOT,,,Exact,0,"Spongovostox basalis Burr, 1912",Spongovostox basalis,4ZB4C,1,Catalogue of Life,
441,Squalus acanthias,Squalus acanthias,20516,20533,11.22,2,NO_ANNOT,,,Exact,0,"Squalus acanthias Linnaeus, 1758",Squalus acanthias,6ZDWC,1,Catalogue of Life,
442,Subularia delicata,Subularia delicata,20549,20567,12.59,2,NO_ANNOT,,,Exact,0,"Subularia delicata Pilsbry, 1918",Subularia delicata,53DPM,1,Catalogue of Life,
443,Succinea avara..53,Succinea avara,20572,20590,9.74,2,NO_ANNOT,,,Exact,0,"Succinea avara Say, 1824",Succinea avara,urn:lsid:marinespecies.org:taxname:1289102,9,WoRMS,
444,Stereochilus,Stereochilus,20737,20749,6.45,1,NO_ANNOT,,,Exact,0,"Stereochilus Cope, 1869",Stereochilus,7N6D,1,Catalogue of Life,
445,Striatura milium meridonalis,Striatura milium meridonalis,20777,20805,14.17,3,NO_ANNOT,,,Fuzzy,1,Striatura milium meridionalis Morse,Striatura milium meridionalis,gn_98784,186,MCZbase,
446,Strombiformis aciculata,Strombiformis aciculata,20810,20833,13.97,2,NO_ANNOT,,,PartialExact,0,Strombiformis,Strombiformis,63TPW,1,Catalogue of Life,
447,Subularia stimulus,Subularia stimulus,20889,20907,8.32,2,NO_ANNOT,,,PartialExact,0,Subularia Ray,Subularia,4Q7,1,Catalogue of Life,
448,Strombina cartagenensis,Strombina cartagenensis,20912,20935,11.99,2,NO_ANNOT,,,Exact,0,Strombina (Strombina) cartagenensis (Pilsbry and Brown 1917),Strombina cartagenensis,120121,172,PaleoBioDB,
449,Strombus bituberculatus,Strombus bituberculatus,20970,20993,12.44,2,NO_ANNOT,,,Exact,0,"Strombus bituberculatus Lamarck, 1822",Strombus bituberculatus,6ZYWC,1,Catalogue of Life,
450,Subularia,Subularia,21053,21062,4.85,1,NO_ANNOT,,,Exact,0,Subularia Ray,Subularia,4Q7,1,Catalogue of Life,
451,Symphurus plagusia,Symphurus plagusia,21102,21120,10.68,2,NO_ANNOT,,,Exact,0,"Symphurus plagusia (Bloch & Schneider, 1801)",Symphurus plagusia,53PTJ,1,Catalogue of Life,
452,Syngnathus fuscus,Syngnathus fuscus,21125,21142,10.14,2,NO_ANNOT,,,Exact,0,"Syngnathus fuscus Storer, 1839",Syngnathus fuscus,53WMJ,1,Catalogue of Life,
453,Synodus,Synodus,21147,21154,4.54,1,NO_ANNOT,,,Exact,0,Synodus,Synodus,7RBS,1,Catalogue of Life,
454,Tautoga onitis,Tautoga onitis,21167,21181,9.50,2,NO_ANNOT,,,Exact,0,"Tautoga onitis (Linnaeus, 1758)",Tautoga onitis,54ZGV,1,Catalogue of Life,
455,Tellidora crystallina,Tellidora crystallina,21186,21207,13.64,2,NO_ANNOT,,,PartialExact,0,"Tellidora H. Adams & A. Adams, 1856",Tellidora,7PJ5D,1,Catalogue of Life,
456,Tellina,Tellina,21212,21219,3.72,1,NO_ANNOT,,,Exact,0,"Tellina Linnaeus, 1758",Tellina,7PJ5H,1,Catalogue of Life,
457,Arcopagia,Arcopagia,21220,21229,4.31,1,NO_ANNOT,,,Exact,0,"Arcopagia T. Brown, 1827",Arcopagia,7NPLX,1,Catalogue of Life,
458,Merisca errati,Merisca errati,21269,21283,9.34,2,NO_ANNOT,,,PartialExact,0,"Merisca Dall, 1900",Merisca,7P8QG,1,Catalogue of Life,
459,Terebra baculiformis,Terebra baculiformis,21288,21308,11.72,2,NO_ANNOT,,,Exact,0,"Terebra baculiformis Pilsbry & C. W. Johnson, 1917",Terebra baculiformis,urn:lsid:marinespecies.org:taxname:1497304,9,WoRMS,
460,Thorius,Thorius,21375,21382,4.56,1,NO_ANNOT,,,Exact,0,"Thorius Cope, 1869",Thorius,7W8J,1,Catalogue of Life,
461,Thunnus thynnus,Thunnus thynnus,21407,21422,12.23,2,NO_ANNOT,,,Exact,0,"Thunnus thynnus (Linnaeus, 1758)",Thunnus thynnus,56P7Q,1,Catalogue of Life,
462,Thyrinops,Thyrinops,21439,21448,4.40,1,NO_ANNOT,,,Exact,0,"Thyrinops Hubbs, 1918",Thyrinops,urn:lsid:irmng.org:taxname:1293829,181,IRMNG,
463,Thysanophora hornii,Thysanophora hornii,21476,21495,13.14,2,NO_ANNOT,,,Exact,0,"Thysanophora hornii (Gabb, 1866)",Thysanophora hornii,7TCNL,1,Catalogue of Life,
464,Tornatina sandwicensis,Tornatina sandwicensis,21525,21547,11.96,2,NO_ANNOT,,,Exact,0,Tornatina sandwicensis Pease 1860,Tornatina sandwicensis,4272118,168,ION,
465,Trachinotus carolinus,Trachinotus carolinus,21552,21573,12.98,2,NO_ANNOT,,,Exact,0,"Trachinotus carolinus (Linnaeus, 1766)",Trachinotus carolinus,7CLG7,1,Catalogue of Life,
466,Triceratium...,Triceratium,21603,21617,5.57,1,NO_ANNOT,,,Exact,0,"Triceratium Ehrenberg, 1839",Triceratium,urn:lsid:irmng.org:taxname:1269049,181,IRMNG,
467,Trisopterus fasciatus,Trisopterus fasciatus,21622,21643,13.44,2,NO_ANNOT,,,Exact,0,Trisopterus fasciatus,Trisopterus fasciatus,169548,183,Sherborn Index Animalium,
468,Triturus alpestris,Triturus alpestris,21648,21666,11.12,2,NO_ANNOT,,,Exact,0,"Triturus alpestris (Laurenti, 1768)",Triturus alpestris,7D87X,1,Catalogue of Life,
469,Trochilus duchaissingii,Trochilus duchaissingii,21720,21743,7.42,2,NO_ANNOT,,,PartialExact,0,"Trochilus Linnaeus, 1758",Trochilus,82QP,1,Catalogue of Life,
470,Turbinella valida,Turbinella valida,21752,21769,12.75,2,NO_ANNOT,,,Exact,0,Turbinella valida (Sowerby 1850),Turbinella valida,81569,172,PaleoBioDB,
471,Turbinellus validus,Turbinellus validus,21774,21793,12.61,2,NO_ANNOT,,,Exact,0,"Turbinellus validus G. B. Sowerby I, 1850",Turbinellus validus,urn:lsid:marinespecies.org:taxname:1439456,9,WoRMS,
472,Turbonilla angusta,Turbonilla angusta,21798,21816,12.60,2,NO_ANNOT,,,Exact,0,"Turbonilla angusta Thiele, 1925",Turbonilla angusta,7CXH8,1,Catalogue of Life,
473,Nisiturris angustula,Nisiturris angustula,21821,21841,12.22,2,NO_ANNOT,,,PartialExact,0,"Nisiturris Dall & Bartsch, 1906",Nisiturris,7P9W3,1,Catalogue of Life,
474,Nisiturris aratibacillum,Nisiturris aratibacillum,21846,21870,12.48,2,NO_ANNOT,,,PartialExact,0,"Nisiturris Dall & Bartsch, 1906",Nisiturris,7P9W3,1,Catalogue of Life,
475,Pyrgiscus beatula,Pyrgiscus beatula,21875,21892,12.81,2,NO_ANNOT,,,PartialExact,0,"Pyrgiscus Philippi, 1841",Pyrgiscus,7PFD8,1,Catalogue of Life,
476,Nisiturris contexta,Nisiturris contexta,21897,21916,10.47,2,NO_ANNOT,,,PartialExact,0,"Nisiturris Dall & Bartsch, 1906",Nisiturris,7P9W3,1,Catalogue of Life,
477,Tragula egressa,Tragula egressa,21935,21950,10.64,2,NO_ANNOT,,,PartialExact,0,"Tragula Monterosato, 1884",Tragula,7PJRJ,1,Catalogue of Life,
478,Evaletta,Evaletta,21955,21963,4.69,1,NO_ANNOT,,,Exact,0,"Evaletta Pilsbry, 1918",Evaletta,urn:lsid:irmng.org:taxname:1450579,181,IRMNG,
479,Chemnitzia galeata,Chemnitzia galeata,21980,21998,12.87,2,NO_ANNOT,,,PartialExact,0,"Chemnitzia (S.L. Endlicher) J.F.C. Montagne in A.C.V.D. d'Orbigny, 1847",Chemnitzia,3MR4,1,Catalogue of Life,
480,Nisiturris insititia,Nisiturris insititia,22003,22023,11.03,2,NO_ANNOT,,,PartialExact,0,"Nisiturris Dall & Bartsch, 1906",Nisiturris,7P9W3,1,Catalogue of Life,
481,Turbonilla kauaiensis,Turbonilla kauaiensis,22028,22049,13.99,2,NO_ANNOT,,,Exact,0,"Turbonilla kauaiensis Pilsbry, 1918",Turbonilla kauaiensis,59NV7,1,Catalogue of Life,
482,Chemnitzia kahoolawensis...,Chemnitzia kahoolawensis,22054,22081,13.18,2,NO_ANNOT,,,PartialExact,0,"Chemnitzia (S.L. Endlicher) J.F.C. Montagne in A.C.V.D. d'Orbigny, 1847",Chemnitzia,3MR4,1,Catalogue of Life,
483,Evaletta laysaneusis,Evaletta laysaneusis,22086,22106,7.59,2,NO_ANNOT,,,PartialExact,0,"Evaletta Pilsbry, 1918",Evaletta,urn:lsid:irmng.org:taxname:1450579,181,IRMNG,
484,Chemnitzia obleotamentum,Chemnitzia obleotamentum,22111,22135,8.04,2,NO_ANNOT,,,PartialExact,0,"Chemnitzia (S.L. Endlicher) J.F.C. Montagne in A.C.V.D. d'Orbigny, 1847",Chemnitzia,3MR4,1,Catalogue of Life,
485,Chemnitzia persequa,Chemnitzia persequa,22140,22159,10.75,2,NO_ANNOT,,,Fuzzy,1,"Chemnitzia peraequa (Pilsbry & C. W. Johnson, 1917)",Chemnitzia peraequa,7QMZ5,1,Catalogue of Life,
486,Nisiturris pertenuis,Nisiturris pertenuis,22164,22184,11.18,2,NO_ANNOT,,,PartialExact,0,"Nisiturris Dall & Bartsch, 1906",Nisiturris,7P9W3,1,Catalogue of Life,
487,Pyrgiscus santodomingensis,Pyrgiscus santodomingensis,22189,22215,14.41,2,NO_ANNOT,,,PartialExact,0,"Pyrgiscus Philippi, 1841",Pyrgiscus,7PFD8,1,Catalogue of Life,
488,Chemnitzia thaanumi,Chemnitzia thaanumi,22220,22239,10.58,2,NO_ANNOT,,,PartialExact,0,"Chemnitzia (S.L. Endlicher) J.F.C. Montagne in A.C.V.D. d'Orbigny, 1847",Chemnitzia,3MR4,1,Catalogue of Life,
489,Nisiturris undecimcostata,Nisiturris undecimcostata,22244,22269,13.54,2,NO_ANNOT,,,PartialExact,0,"Nisiturris Dall & Bartsch, 1906",Nisiturris,7P9W3,1,Catalogue of Life,
490,Lancella varicosa,Lancella varicosa,22279,22296,13.34,2,NO_ANNOT,,,PartialExact,0,"Lancella Dall & Bartsch, 1904",Lancella,urn:lsid:irmng.org:taxname:1367021,181,IRMNG,
491,Lancella vitiensis,Lancella vitiensis,22301,22319,13.54,2,NO_ANNOT,,,PartialExact,0,"Lancella Dall & Bartsch, 1904",Lancella,urn:lsid:irmng.org:taxname:1367021,181,IRMNG,
492,Turris cartagenensis,Turris cartagenensis,22345,22365,12.20,2,NO_ANNOT,,,Exact,0,Turris cartagenensis Pilsbry & Brown 1917,Turris cartagenensis,4293411,168,ION,
493,Drillia gibbosa,Drillia gibbosa,22369,22384,11.25,2,NO_ANNOT,,,Exact,0,"Drillia gibbosa (Born, 1778)",Drillia gibbosa,37NQG,1,Catalogue of Life,
494,Turritella,Turritella,22389,22399,6.37,1,NO_ANNOT,,,Exact,0,"Turritella Lamarck, 1799",Turritella,87HM6,1,Catalogue of Life,
495,Tylosurus marinus,Tylosurus marinus,22630,22647,10.95,2,NO_ANNOT,,,Exact,0,"Tylosurus marinus (Walbaum, 1792)",Tylosurus marinus,645278,3,ITIS,
496,Typhis linguifcrus,Typhis linguifcrus,22677,22695,4.72,2,NO_ANNOT,,,Fuzzy,1,"Typhis linguiferus Dall, 1890",Typhis linguiferus,869P8,1,Catalogue of Life,
497,Typhlomolge,Typhlomolge,22699,22710,3.87,1,NO_ANNOT,,,Exact,0,"Typhlomolge Stejneger, 1896",Typhlomolge,849H,1,Catalogue of Life,
498,Typhlotriton,Typhlotriton,22728,22740,3.70,1,NO_ANNOT,,,Exact,0,"Typhlotriton Stejneger, 1892",Typhlotriton,84B2,1,Catalogue of Life,
499,Umbra pygmaea,Umbra pygmaea,22758,22771,8.80,2,NO_ANNOT,,,Exact,0,"Umbra pygmaea (DeKay, 1842)",Umbra pygmaea,7DGKY,1,Catalogue of Life,
500,Umbraculum sinicum aurantiacum,Umbraculum sinicum aurantiacum,22780,22810,18.40,3,NO_ANNOT,,,PartialExact,0,"Umbraculum sinicum (Gmelin, 1791)",Umbraculum sinicum,7DGJV,1,Catalogue of Life,
501,Umbrina cirrhosa,Umbrina cirrhosa,22815,22831,11.03,2,NO_ANNOT,,,Exact,0,Umbrina cirrhosa,Umbrina cirrhosa,117855,183,Sherborn Index Animalium,
502,Upeneus maculatus,Upeneus maculatus,22849,22866,13.00,2,NO_ANNOT,,,Exact,0,"Upeneus maculatus (Bloch, 1793)",Upeneus maculatus,7DM48,1,Catalogue of Life,
503,Vallonia cclophorella..53,Vallonia cclophorella,22871,22896,6.27,2,NO_ANNOT,,,Fuzzy,1,"Vallonia cyclophorella Sterki, 1892",Vallonia cyclophorella,7TKNY,1,Catalogue of Life,
504,Valvata humeralis,Valvata humeralis,22948,22965,11.62,2,NO_ANNOT,,,Exact,0,"Valvata humeralis Say, 1829",Valvata humeralis,urn:lsid:marinespecies.org:taxname:1064017,9,WoRMS,
505,Vasum pugnus,Vasum pugnus,23033,23045,11.11,2,NO_ANNOT,,,Exact,0,Vasum pugnus Pilsbry and Johnson 1917,Vasum pugnus,243195,172,PaleoBioDB,
506,Venericardia aversa,Venericardia aversa,23050,23069,10.03,2,NO_ANNOT,,,Exact,0,Venericardia (Glyptoactis) aversa (Pilsbry and Johnson 1917),Venericardia aversa,160866,172,PaleoBioDB,
507,Vertigo coloradensis arizonensis.,Vertigo coloradensis arizonensis,23095,23128,16.21,3,NO_ANNOT,,,Exact,0,"Vertigo coloradensis var. arizonensis Pilsbry & Vanatta, 1900",Vertigo coloradensis arizonensis,7V9YV,1,Catalogue of Life,
508,Vitrea hammonis,Vitrea hammonis,23192,23207,10.78,2,NO_ANNOT,,,Exact,0,Vitrea hammonis Strom,Vitrea hammonis,gn_129253,186,MCZbase,
509,Vitrina alaskana,Vitrina alaskana,23211,23227,10.65,2,NO_ANNOT,,,Exact,0,"Vitrina alaskana Dall, 1905",Vitrina alaskana,7TM49,1,Catalogue of Life,
510,Volvatella fragilis,Volvatella fragilis,23252,23271,13.51,2,NO_ANNOT,,,Exact,0,"Volvatella fragilis Pease, 1860",Volvatella fragilis,5BQQG,1,Catalogue of Life,
511,Volvula cylichnoides,Volvula cylichnoides,23276,23296,11.23,2,NO_ANNOT,,,Exact,0,Volvula cylichnoides Pilsbry & Johnson 1917,Volvula cylichnoides,4293501,168,ION,
512,Vomer setapinnis,Vomer setapinnis,23326,23342,8.21,2,NO_ANNOT,,,Exact,0,"Vomer setapinnis (Mitchill, 1815)",Vomer setapinnis,5BQVD,1,Catalogue of Life,
513,Vostox brunneipennis,Vostox brunneipennis,23347,23367,10.40,2,NO_ANNOT,,,Exact,0,"Vostox brunneipennis (Audinet-Serville, 1838)",Vostox brunneipennis,5BRHV,1,Catalogue of Life,
514,Xancus rex,Xancus rex,23372,23382,3.69,2,NO_ANNOT,,,Exact,0,Xancus rex Pilsbry and Johnson 1917,Xancus rex,81570,172,PaleoBioDB,
515,Yoldia pisciformis,Yoldia pisciformis,23387,23405,10.59,2,NO_ANNOT,,,Exact,0,Yoldia pisciformis Brown and Pilsbry 1917,Yoldia pisciformis,145012,172,PaleoBioDB,
516,Zonitoides arborea..53,Zonitoides arborea,23409,23431,10.17,2,NO_ANNOT,,,Exact,0,Zonitoides arborea Say,Zonitoides arborea,gn_238684,186,MCZbase,
517,Moschites verrucosa,Moschites verrucosa,23626,23645,10.85,2,NO_ANNOT,,,Exact,0,"Moschites verrucosa (Verrill, 1881)",Moschites verrucosa,44FXP,1,Catalogue of Life,
518,Hagenius brevistylus,Hagenius brevistylus,23968,23988,12.36,2,NO_ANNOT,,,Exact,0,"Hagenius brevistylus Selys, 1854",Hagenius brevistylus,6KWG7,1,Catalogue of Life,
519,Notes,Notes,24552,24557,2.52,1,NO_ANNOT,,,Exact,0,Notes,Notes,3950760,168,ION,
520,Notes,Notes,24721,24726,2.52,1,NO_ANNOT,,,Exact,0,Notes,Notes,3950760,168,ION,
521,Chiorara dalli,Chiorara dalli,24918,24932,2.57,2,NO_ANNOT,,,Fuzzy,1,"Chioraera dalli Heath, 1917",Chioraera dalli,69TJF,1,Catalogue of Life,
522,Notes,Notes,25018,25023,2.52,1,NO_ANNOT,,,Exact,0,Notes,Notes,3950760,168,ION,
523,Orthoptera,Orthoptera,25045,25055,5.31,1,NO_ANNOT,,,Exact,0,Orthoptera,Orthoptera,62294,1,Catalogue of Life,
524,Colpichthys,Colpichthys,25223,25234,5.62,1,NO_ANNOT,,,Exact,0,Colpichthys,Colpichthys,3SKH,1,Catalogue of Life,
525,Thyrinops,Thyrinops,25235,25244,4.40,1,NO_ANNOT,,,Exact,0,"Thyrinops Hubbs, 1918",Thyrinops,urn:lsid:irmng.org:taxname:1293829,181,IRMNG,
526,Austromenidia,Austromenidia,25249,25262,4.70,1,NO_ANNOT,,,Exact,0,"Austromenidia Hubbs, 1918",Austromenidia,urn:lsid:irmng.org:taxname:1060964,181,IRMNG,
527,Notes,Notes,26143,26148,2.52,1,NO_ANNOT,,,Exact,0,Notes,Notes,3950760,168,ION,
528,Oreohelix,Oreohelix,26167,26176,4.83,1,NO_ANNOT,,,Exact,0,"Oreohelix Pilsbry, 1904",Oreohelix,7PBC4,1,Catalogue of Life,
529,Epiphragmophora callistoderma,Epiphragmophora callistoderma,26214,26243,13.28,2,NO_ANNOT,,,Exact,0,"Epiphragmophora callistoderma Pilsbry & Ferriss, 1918",Epiphragmophora callistoderma,7R7QF,1,Catalogue of Life,
530,Mollusca,Mollusca,26626,26634,4.51,1,NO_ANNOT,,,Exact,0,Mollusca,Mollusca,M2L,1,Catalogue of Life,
531,Mollusca,Mollusca,26762,26770,4.51,1,NO_ANNOT,,,Exact,0,Mollusca,Mollusca,M2L,1,Catalogue of Life,
532,Andrena,Andrena,27722,27729,5.06,1,NO_ANNOT,,,Exact,0,"Andrena Fabricius, 1775",Andrena,62BS5,1,Catalogue of Life,
