Index,Verbatim,Name,Start,End,OddsLog10,Cardinality,AnnotNomenType,WordsBefore,WordsAfter,VerifMatchType,VerifEditDistance,VerifMatchedName,VerifMatchedCanonical,VerifTaxonId,VerifDataSourceId,VerifDataSourceTitle,VerifError
0,Abramis crysoleucas,Abramis crysoleucas,103,122,10.16,2,NO_ANNOT,,,Exact,0,Abramis crysoleucas,Abramis crysoleucas,gn_93485,186,MCZbase,
1,Acanthocorphus mindanensis,Acanthocorphus mindanensis,149,175,7.28,2,NO_ANNOT,,,Fuzzy,1,"Acanthocoryphus mindanensis Hebard, 1922",Acanthocoryphus mindanensis,8VJ9,1,Catalogue of Life,
2,Achirus fasciatus,Achirus fasciatus,185,202,12.74,2,NO_ANNOT,,,Exact,0,"Achirus fasciatus Lacepède, 1802",Achirus fasciatus,97X5,1,Catalogue of Life,
3,Acipenser sturio,Acipenser sturio,205,221,8.15,2,NO_ANNOT,,,Exact,0,"Acipenser sturio Linnaeus, 1758",Acipenser sturio,9C7Q,1,Catalogue of Life,
4,Acrypeza reticulata,Acrypeza reticulata,224,243,12.13,2,NO_ANNOT,,,Exact,0,Acrypeza reticulata,Acrypeza reticulata,330489,183,Sherborn Index Animalium,
5,Agriolimax,Agriolimax,248,258,3.75,1,NO_ANNOT,,,Exact,0,"Agriolimax Mörch, 1865",Agriolimax,362327,2,Wikispecies,
6,Alcadia,Alcadia,265,272,3.67,1,NO_ANNOT,,,Exact,0,"Alcadia Gray, 1840",Alcadia,7NNGW,1,Catalogue of Life,
7,Alopias vulpinus,Alopias vulpinus,282,298,12.17,2,NO_ANNOT,,,Exact,0,"Alopias vulpinus (Bonnaterre, 1788)",Alopias vulpinus,C5KF,1,Catalogue of Life,
8,Alloteratura,Alloteratura,301,313,6.01,1,NO_ANNOT,,,Exact,0,Alloteratura,Alloteratura,SLY,1,Catalogue of Life,
9,Alosa sapidissima,Alosa sapidissima,376,393,11.06,2,NO_ANNOT,,,Exact,0,"Alosa sapidissima (Wilson, 1811)",Alosa sapidissima,65WJV,1,Catalogue of Life,
10,Alutera schoepfi,Alutera schoepfi,396,412,9.28,2,NO_ANNOT,,,Exact,0,Alutera schoepfi (Walbaum ),Alutera schoepfi,3236715,168,ION,
11,Ambloplites rupestris,Ambloplites rupestris,415,436,10.91,2,NO_ANNOT,,,Exact,0,"Ambloplites rupestris (Rafinesque, 1817)",Ambloplites rupestris,65ZWQ,1,Catalogue of Life,
12,Ameiurus catus,Ameiurus catus,440,454,11.82,2,NO_ANNOT,,,Exact,0,"Ameiurus catus (Linnaeus, 1758)",Ameiurus catus,CQKB,1,Catalogue of Life,
13,Anchovia mitchilli,Anchovia mitchilli,509,527,10.69,2,NO_ANNOT,,,Exact,0,Anchovia mitchilli,Anchovia mitchilli,gn_105745,186,MCZbase,
14,Ancylecha fenestrata,Ancylecha fenestrata,532,552,12.73,2,NO_ANNOT,,,Exact,0,"Ancylecha fenestrata (Fabricius, 1793)",Ancylecha fenestrata,DNFR,1,Catalogue of Life,
15,Anerota,Anerota,557,564,3.26,1,NO_ANNOT,,,Exact,0,"Anerota Caudell, 1921",Anerota,urn:lsid:irmng.org:taxname:1373288,181,IRMNG,
16,Anguilla rostrata,Anguilla rostrata,612,629,12.40,2,NO_ANNOT,,,Exact,0,"Anguilla rostrata (Lesueur, 1817)",Anguilla rostrata,66R74,1,Catalogue of Life,
17,Angulata,Angulata,640,648,4.57,1,NO_ANNOT,,,Exact,0,"Angulata Wagner, 1905",Angulata,urn:lsid:irmng.org:taxname:1399830,181,IRMNG,
18,Anodonta californiensis,Anodonta californiensis,652,675,11.37,2,NO_ANNOT,,,Exact,0,"Anodonta californiensis I. Lea, 1852",Anodonta californiensis,67675,1,Catalogue of Life,
19,Anthracites apoensis,Anthracites apoensis,679,699,11.01,2,NO_ANNOT,,,Exact,0,"Anthracites apoensis Hebard, 1922",Anthracites apoensis,67H2Q,1,Catalogue of Life,
20,Aphanoconia,Aphanoconia,724,735,4.33,1,NO_ANNOT,,,Exact,0,"Aphanoconia A. J. Wagner, 1905",Aphanoconia,7NQFN,1,Catalogue of Life,
21,Sphaeroconia verecunda,Sphaeroconia verecunda,736,758,11.00,2,NO_ANNOT,,,PartialExact,0,"Sphaeroconia A. J. Wagner, 1909",Sphaeroconia,urn:lsid:marinespecies.org:taxname:1328015,9,WoRMS,
22,Aphredoderus sayanus,Aphredoderus sayanus,762,782,12.85,2,NO_ANNOT,,,Exact,0,"Aphredoderus sayanus (Gilliams, 1824)",Aphredoderus sayanus,FK24,1,Catalogue of Life,
23,Apomotis cyanellus,Apomotis cyanellus,785,803,12.77,2,NO_ANNOT,,,Exact,0,"Apomotis cyanellus (Rafinesque, 1819)",Apomotis cyanellus,168133,3,ITIS,
24,Aprion,Aprion,807,813,2.23,1,NO_ANNOT,,,Exact,0,Aprion,Aprion,62CNV,1,Catalogue of Life,
25,Arlina effulgens,Arlina effulgens,833,849,9.86,2,NO_ANNOT,,,Exact,0,Arlina effulgens Girard 1859,Arlina effulgens,141044400,151,Catalog of Fishes,
26,Arnobia pilipes,Arnobia pilipes,853,868,9.38,2,NO_ANNOT,,,Exact,0,"Arnobia pilipes (Haan, 1843)",Arnobia pilipes,GTCR,1,Catalogue of Life,
27,Astroscopus guttatus,Astroscopus guttatus,873,893,13.75,2,NO_ANNOT,,,Exact,0,"Astroscopus guttatus Abbott, 1860",Astroscopus guttatus,5VW5X,1,Catalogue of Life,
28,Bairdiella chrysura,Bairdiella chrysura,896,915,12.57,2,NO_ANNOT,,,Exact,0,"Bairdiella chrysura (Lacepède, 1802)",Bairdiella chrysura,68B82,1,Catalogue of Life,
29,Balistes carolinensis,Balistes carolinensis,922,943,11.04,2,NO_ANNOT,,,Exact,0,"Balistes carolinensis Gmelin, 1789",Balistes carolinensis,KH46,1,Catalogue of Life,
30,Boleosoma nigrum,Boleosoma nigrum,946,962,11.68,2,NO_ANNOT,,,Exact,0,"Boleosoma nigrum (Rafinesque, 1820)",Boleosoma nigrum,5WN6B,1,Catalogue of Life,
31,Bourciera,Bourciera,1019,1028,5.15,1,NO_ANNOT,,,Exact,0,"Bourciera L. Pfeiffer, 1852",Bourciera,7NQZS,1,Catalogue of Life,
32,Brevoortia tyrannus,Brevoortia tyrannus,1032,1051,12.54,2,NO_ANNOT,,,Exact,0,"Brevoortia tyrannus (Latrobe, 1802)",Brevoortia tyrannus,5WQZY,1,Catalogue of Life,
33,Bugajus couloni,Bugajus couloni,1056,1071,10.27,2,NO_ANNOT,,,Exact,0,"Bugajus couloni (Saussure, 1862)",Bugajus couloni,NPN4,1,Catalogue of Life,
34,Caedicia gloriosa,Caedicia gloriosa,1076,1093,12.85,2,NO_ANNOT,,,Exact,0,"Caedicia gloriosa Hebard, 1922",Caedicia gloriosa,6955W,1,Catalogue of Life,
35,Calleida,Calleida,1114,1122,3.81,1,NO_ANNOT,,,Exact,0,Calleida,Calleida,3FBF,1,Catalogue of Life,
36,Callimenellus,Callimenellus,1126,1139,6.54,1,NO_ANNOT,,,Exact,0,Callimenellus,Callimenellus,3FFL,1,Catalogue of Life,
37,Calybium,Calybium,1156,1164,5.11,1,NO_ANNOT,,,Exact,0,"Calybium Morlet, 1892",Calybium,7NRP7,1,Catalogue of Life,
38,Campostoma anomalum,Campostoma anomalum,1171,1190,12.02,2,NO_ANNOT,,,Exact,0,"Campostoma anomalum (Rafinesque, 1820)",Campostoma anomalum,5WY7J,1,Catalogue of Life,
39,Capnoptera,Capnoptera,1205,1215,5.31,1,NO_ANNOT,,,Exact,0,Capnoptera,Capnoptera,3H4B,1,Catalogue of Life,
40,Caranx crysos,Caranx crysos,1220,1233,6.37,2,NO_ANNOT,,,Exact,0,"Caranx crysos (Mitchill, 1815)",Caranx crysos,R2NP,1,Catalogue of Life,
41,Carcharias taurus,Carcharias taurus,1236,1253,8.50,2,NO_ANNOT,,,Exact,0,"Carcharias taurus Rafinesque, 1810",Carcharias taurus,5WZK9,1,Catalogue of Life,
42,Casigneta cochleata,Casigneta cochleata,1260,1279,13.09,2,NO_ANNOT,,,Exact,0,"Casigneta cochleata Brunner von Wattenwyl, 1878",Casigneta cochleata,69CRK,1,Catalogue of Life,
43,Catostomus commersonnii,Catostomus commersonnii,1312,1335,13.01,2,NO_ANNOT,,,Exact,0,"Catostomus commersonnii (Lacepède, 1803)",Catostomus commersonnii,RW43,1,Catalogue of Life,
44,Cecidophaga,Cecidophaga,1379,1390,5.39,1,NO_ANNOT,,,Exact,0,"Cecidophaga Walsingham, 1911",Cecidophaga,urn:lsid:irmng.org:taxname:1175948,181,IRMNG,
45,Centropristis striatus,Centropristis striatus,1413,1435,13.98,2,NO_ANNOT,,,Exact,0,Centropristis striatus,Centropristis striatus,gn_125111,186,MCZbase,
46,Ceratichthys vigilax,Ceratichthys vigilax,1444,1464,10.13,2,NO_ANNOT,,,Exact,0,"Ceratichthys vigilax Baird & Girard, 1853",Ceratichthys vigilax,5XLBG,1,Catalogue of Life,
47,Cetorhinus maximus,Cetorhinus maximus,1471,1489,8.69,2,NO_ANNOT,,,Exact,0,"Cetorhinus maximus (Gunnerus, 1765)",Cetorhinus maximus,T72Q,1,Catalogue of Life,
48,Chaenobryttus gulosus,Chaenobryttus gulosus,1492,1513,12.81,2,NO_ANNOT,,,Exact,0,"Chaenobryttus gulosus (Cuvier, 1829)",Chaenobryttus gulosus,T9J2,1,Catalogue of Life,
49,Chaetodipterus faber,Chaetodipterus faber,1520,1540,9.19,2,NO_ANNOT,,,Exact,0,"Chaetodipterus faber (Broussonet, 1782)",Chaetodipterus faber,TBSN,1,Catalogue of Life,
50,Chaetodon ocellatus,Chaetodon ocellatus,1543,1562,11.90,2,NO_ANNOT,,,Exact,0,"Chaetodon ocellatus Bloch, 1787",Chaetodon ocellatus,TC2X,1,Catalogue of Life,
51,Characta labuanae,Characta labuanae,1565,1582,11.45,2,NO_ANNOT,,,Exact,0,"Characta labuanae Hebard, 1922",Characta labuanae,69PL3,1,Catalogue of Life,
52,Chilomycterus schoepfi,Chilomycterus schoepfi,1587,1609,10.60,2,NO_ANNOT,,,Exact,0,"Chilomycterus schoepfi (Walbaum, 1792)",Chilomycterus schoepfi,5XSQ2,1,Catalogue of Life,
53,Chloracantha,Chloracantha,1614,1626,5.57,1,NO_ANNOT,,,Exact,0,"Chloracantha Nesom, Y. B. Suh, D. R. Morgan, S. D. Sundb. & B. B. Simpson",Chloracantha,3NJX,1,Catalogue of Life,
54,Chloracris,Chloracris,1643,1653,5.22,1,NO_ANNOT,,,Exact,0,Chloracris,Chloracris,3NK2,1,Catalogue of Life,
55,Chloroxiphidion,Chloroxiphidion,1658,1673,3.74,1,NO_ANNOT,,,Exact,0,Chloroxiphidion,Chloroxiphidion,8CKW,1,Catalogue of Life,
56,Chondroderella,Chondroderella,1678,1692,7.04,1,NO_ANNOT,,,Exact,0,Chondroderella,Chondroderella,62LJK,1,Catalogue of Life,
57,Chrosomus oreas,Chrosomus oreas,1712,1727,8.19,2,NO_ANNOT,,,Exact,0,"Chrosomus oreas Cope, 1868",Chrosomus oreas,5YHY7,1,Catalogue of Life,
58,Cleandrus colosseus,Cleandrus colosseus,1736,1755,12.35,2,NO_ANNOT,,,Exact,0,"Cleandrus colosseus Hebard, 1922",Cleandrus colosseus,VWRB,1,Catalogue of Life,
59,Jleandrus dyaka,Jleandrus dyaka,1771,1786,2.67,2,NO_ANNOT,,,Fuzzy,1,"Cleandrus dyaka Hebard, 1922",Cleandrus dyaka,VWRC,1,Catalogue of Life,
60,Conger conger,Conger conger,1811,1824,5.70,2,NO_ANNOT,,,Exact,0,"Conger conger (Linnaeus, 1758)",Conger conger,XLH2,1,Catalogue of Life,
61,Conocephalus,Conocephalus,1827,1839,6.45,1,NO_ANNOT,,,Exact,0,Conocephalus Blume,Conocephalus,5T84K,1,Catalogue of Life,
62,Chloroxiphidion affinis,Chloroxiphidion affinis,1844,1867,10.57,2,NO_ANNOT,,,PartialExact,0,Chloroxiphidion,Chloroxiphidion,8CKW,1,Catalogue of Life,
63,Xiphidion borneensis,Xiphidion borneensis,1872,1892,10.56,2,NO_ANNOT,,,PartialExact,0,"Xiphidion Provancher, 1875",Xiphidion,urn:lsid:irmng.org:taxname:1324082,181,IRMNG,
64,Xiphidion,Xiphidion,1897,1906,2.94,1,NO_ANNOT,,,Exact,0,"Xiphidion Provancher, 1875",Xiphidion,urn:lsid:irmng.org:taxname:1324082,181,IRMNG,
65,Chloroxiphidion javanicus,Chloroxiphidion javanicus,1920,1945,10.90,2,NO_ANNOT,,,PartialExact,0,Chloroxiphidion,Chloroxiphidion,8CKW,1,Catalogue of Life,
66,Xiphidion laetus,Xiphidion laetus,1952,1968,10.02,2,NO_ANNOT,,,PartialExact,0,"Xiphidion Provancher, 1875",Xiphidion,urn:lsid:irmng.org:taxname:1324082,181,IRMNG,
67,Xiphidion longipennis,Xiphidion longipennis,1973,1994,10.54,2,NO_ANNOT,,,PartialExact,0,"Xiphidion Provancher, 1875",Xiphidion,urn:lsid:irmng.org:taxname:1324082,181,IRMNG,
68,Xiphidion maculatus,Xiphidion maculatus,1999,2018,10.66,2,NO_ANNOT,,,Exact,0,"Xiphidion maculatus Le Guillou, 1841",Xiphidion maculatus,7FXH8,1,Catalogue of Life,
69,Xiphidion melas,Xiphidion melas,2023,2038,6.88,2,NO_ANNOT,,,PartialExact,0,"Xiphidion Provancher, 1875",Xiphidion,urn:lsid:irmng.org:taxname:1324082,181,IRMNG,
70,Chloroxiphidion modestus.,Chloroxiphidion modestus,2043,2068,11.30,2,NO_ANNOT,,,PartialExact,0,Chloroxiphidion,Chloroxiphidion,8CKW,1,Catalogue of Life,
71,Xiphidion vestitus,Xiphidion vestitus,2075,2093,10.50,2,NO_ANNOT,,,Fuzzy,1,"Xiphidion vestitum Redtenbacher, 1891",Xiphidion vestitum,7G9GP,1,Catalogue of Life,
72,Coryphaena hippurus,Coryphaena hippurus,2098,2117,12.45,2,NO_ANNOT,,,Exact,0,"Coryphaena hippurus Linnaeus, 1758",Coryphaena hippurus,6B72Q,1,Catalogue of Life,
73,Cottus bairdii,Cottus bairdii,2120,2134,11.07,2,NO_ANNOT,,,Exact,0,"Cottus bairdii Girard, 1850",Cottus bairdii,YYFS,1,Catalogue of Life,
74,Cubaviana,Cubaviana,2141,2150,3.76,1,NO_ANNOT,,,Exact,0,"Cubaviana Baker, 1922",Cubaviana,urn:lsid:irmng.org:taxname:1150545,181,IRMNG,
75,Cyclopterus lumpus,Cyclopterus lumpus,2154,2172,11.49,2,NO_ANNOT,,,Exact,0,"Cyclopterus lumpus Linnaeus, 1758",Cyclopterus lumpus,32WFN,1,Catalogue of Life,
76,Cynoscion nebulosus,Cynoscion nebulosus,2175,2194,10.04,2,NO_ANNOT,,,Exact,0,"Cynoscion nebulosus (Cuvier, 1830)",Cynoscion nebulosus,6C7N4,1,Catalogue of Life,
77,Cyprinodon variegatus,Cyprinodon variegatus,2200,2221,12.18,2,NO_ANNOT,,,Exact,0,"Cyprinodon variegatus Lacepède, 1803",Cyprinodon variegatus,33HP6,1,Catalogue of Life,
78,Dasyatis say,Dasyatis say,2224,2236,3.88,2,NO_ANNOT,,,Exact,0,"Dasyatis say (Lesueur, 1817)",Dasyatis say,6CC56,1,Catalogue of Life,
79,Dawsonella,Dawsonella,2241,2251,6.37,1,NO_ANNOT,,,Exact,0,"Dawsonella Bradley, 1874",Dawsonella,7P2T5,1,Catalogue of Life,
80,Despoina spinosa,Despoina spinosa,2255,2271,11.08,2,NO_ANNOT,,,Exact,0,"Despoina spinosa Brunner von Wattenwyl, 1895",Despoina spinosa,354JL,1,Catalogue of Life,
81,Diastella maculata,Diastella maculata,2288,2306,13.94,2,NO_ANNOT,,,Exact,0,"Diastella maculata Hebard, 1922",Diastella maculata,35FDQ,1,Catalogue of Life,
82,Dicranocercus zamboangae,Dicranocercus zamboangae,2311,2335,12.71,2,NO_ANNOT,,,Exact,0,"Dicranocercus zamboangae Hebard, 1922",Dicranocercus zamboangae,35R94,1,Catalogue of Life,
83,Diodon hystrix,Diodon hystrix,2340,2354,9.12,2,NO_ANNOT,,,Exact,0,"Diodon hystrix Linnaeus, 1758",Diodon hystrix,6D7LJ,1,Catalogue of Life,
84,Ducetia thymifolia,Ducetia thymifolia,2357,2375,12.20,2,NO_ANNOT,,,Exact,0,"Ducetia thymifolia (Fabricius, 1775)",Ducetia thymifolia,37Z5N,1,Catalogue of Life,
85,Dysmorpha obesa,Dysmorpha obesa,2380,2395,9.50,2,NO_ANNOT,,,Exact,0,"Dysmorpha obesa Brunner von Wattenwyl, 1878",Dysmorpha obesa,389TJ,1,Catalogue of Life,
86,Elbenia makilingae,Elbenia makilingae,2400,2418,9.54,2,NO_ANNOT,,,Exact,0,"Elbenia makilingae Hebard, 1922",Elbenia makilingae,396H8,1,Catalogue of Life,
87,Elimaea annamensis.,Elimaea annamensis,2502,2521,12.90,2,NO_ANNOT,,,Exact,0,"Elimaea (Elimaea) annamensis Hebard, 1922",Elimaea annamensis,6F48B,1,Catalogue of Life,
88,Emoda,Emoda,2634,2639,4.33,1,NO_ANNOT,,,Exact,0,"Emoda H. Adams & A. Adams, 1856",Emoda,7P3DX,1,Catalogue of Life,
89,Enneacanthus gloriosus.,Enneacanthus gloriosus,2648,2671,12.45,2,NO_ANNOT,,,Exact,0,"Enneacanthus gloriosus (Holbrook, 1855)",Enneacanthus gloriosus,39VVF,1,Catalogue of Life,
90,Ephippitytha trigintiduoguttata.,Ephippitytha trigintiduoguttata,2687,2719,13.91,2,NO_ANNOT,,,Exact,0,"Ephippitytha trigintiduoguttata (Serville, 1838)",Ephippitytha trigintiduoguttata,6FPM2,1,Catalogue of Life,
91,Epiphragmophora,Epiphragmophora,2726,2741,6.87,1,NO_ANNOT,,,Exact,0,"Epiphragmophora Doering, 1875",Epiphragmophora,7P3K6,1,Catalogue of Life,
92,Eppioides,Eppioides,2787,2796,4.93,1,NO_ANNOT,,,Exact,0,Eppioides,Eppioides,4DK8,1,Catalogue of Life,
93,Eremarionta.,Eremarionta,2835,2847,3.92,1,NO_ANNOT,,,Exact,0,"Eremarionta Pilsbry, 1913",Eremarionta,7NYZ5,1,Catalogue of Life,
94,Erimyzon sucetta oblongus,Erimyzon sucetta oblongus,2860,2885,8.30,3,NO_ANNOT,,,Exact,0,"Erimyzon sucetta oblongus (Mitchill, 1814)",Erimyzon sucetta oblongus,690347,3,ITIS,
95,I'sox americanns,I�sox americanns,2895,2911,1.69,2,NO_ANNOT,,,NoMatch,,,,,,,,
96,Etheostoma blennioides,Etheostoma blennioides,2927,2949,12.02,2,NO_ANNOT,,,Exact,0,"Etheostoma blennioides Rafinesque, 1819",Etheostoma blennioides,3BL2H,1,Catalogue of Life,
97,Euanisous,Euanisous,3031,3040,2.81,1,NO_ANNOT,,,Exact,0,Euanisous,Euanisous,633J6,1,Catalogue of Life,
98,Euconocephalus,Euconocephalus,3061,3075,6.76,1,NO_ANNOT,,,Exact,0,Euconocephalus,Euconocephalus,635C7,1,Catalogue of Life,
99,Euhexacentrus,Euhexacentrus,3186,3199,6.05,1,NO_ANNOT,,,Exact,0,Euhexacentrus,Euhexacentrus,635DT,1,Catalogue of Life,
100,Eulamia milberti,Eulamia milberti,3221,3237,9.79,2,NO_ANNOT,,,Exact,0,"Eulamia milberti (Müller & Henle, 1839)",Eulamia milberti,3C9SX,1,Catalogue of Life,
101,Eulophophyllum,Eulophophyllum,3244,3258,6.70,1,NO_ANNOT,,,Exact,0,Eulophophyllum,Eulophophyllum,4FV9,1,Catalogue of Life,
102,Eumecopoda,Eumecopoda,3280,3290,5.36,1,NO_ANNOT,,,Exact,0,Eumecopoda,Eumecopoda,4FX9,1,Catalogue of Life,
103,Euthynnus alleteratus,Euthynnus alleteratus,3322,3343,13.91,2,NO_ANNOT,,,Exact,0,"Euthynnus alleteratus (Rafinesque, 1810)",Euthynnus alleteratus,6HJ2S,1,Catalogue of Life,
104,Eutrochatella,Eutrochatella,3346,3359,6.82,1,NO_ANNOT,,,Exact,0,"Eutrochatella P. Fischer, 1885",Eutrochatella,7P3SG,1,Catalogue of Life,
105,S. straminea,S. straminea,3795,3807,6.22,2,NO_ANNOT,,,NoMatch,,,,,,,,
106,Excavata,Excavata,3897,3905,4.57,1,NO_ANNOT,,,Exact,0,Excavata Cavalier-Smith,Excavata,urn:lsid:marinespecies.org:taxname:536210,9,WoRMS,
107,Festiva,Festiva,3909,3916,3.57,1,NO_ANNOT,,,Exact,0,"Festiva Wagner, 1910",Festiva,urn:lsid:irmng.org:taxname:1220185,181,IRMNG,
108,Fumecopoda cyrtoscelis,Fumecopoda cyrtoscelis,3923,3945,6.77,2,NO_ANNOT,,,Fuzzy,1,"Eumecopoda cyrtoscelis (Karsch, 1888)",Eumecopoda cyrtoscelis,3CD5Z,1,Catalogue of Life,
109,Fundulus catenatus,Fundulus catenatus,3950,3968,13.47,2,NO_ANNOT,,,Exact,0,"Fundulus catenatus (Storer, 1846)",Fundulus catenatus,6K3DL,1,Catalogue of Life,
110,Furnia bakeri,Furnia bakeri,4047,4060,10.04,2,NO_ANNOT,,,Exact,0,"Furnia bakeri Karny, 1921",Furnia bakeri,6K4PW,1,Catalogue of Life,
111,Gadus callarias,Gadus callarias,4065,4080,9.82,2,NO_ANNOT,,,Exact,0,"Gadus callarias Linnaeus, 1758",Gadus callarias,6K6PM,1,Catalogue of Life,
112,Gambusia affinis,Gambusia affinis,4083,4099,10.71,2,NO_ANNOT,,,Exact,0,"Gambusia affinis (Baird & Girard, 1853)",Gambusia affinis,6K97T,1,Catalogue of Life,
113,Gastrocopta pellucida hordeacella,Gastrocopta pellucida hordeacella,4109,4142,17.63,3,NO_ANNOT,,,Exact,0,"Gastrocopta pellucida hordeacella (Pilsbry, 1890)",Gastrocopta pellucida hordeacella,7H4QY,1,Catalogue of Life,
114,Geotrochatella,Geotrochatella,4155,4169,7.04,1,NO_ANNOT,,,Exact,0,"Geotrochatella P. Fischer, 1891",Geotrochatella,7P496,1,Catalogue of Life,
115,Gobiesox strumosus,Gobiesox strumosus,4197,4215,10.52,2,NO_ANNOT,,,Exact,0,"Gobiesox strumosus Cope, 1870",Gobiesox strumosus,3GP6R,1,Catalogue of Life,
116,Gobiosoma bosc,Gobiosoma bosc,4218,4232,8.01,2,NO_ANNOT,,,Exact,0,"Gobiosoma bosc (Lacepède, 1800)",Gobiosoma bosc,3GPHH,1,Catalogue of Life,
117,Gonyatopus gemmiculus,Gonyatopus gemmiculus,4236,4257,13.31,2,NO_ANNOT,,,Exact,0,"Gonyatopus gemmiculus Hebard, 1922",Gonyatopus gemmiculus,3GZTF,1,Catalogue of Life,
118,Gonyodiscus,Gonyodiscus,4262,4273,6.46,1,NO_ANNOT,,,Exact,0,"Gonyodiscus Fitzinger, 1833",Gonyodiscus,urn:lsid:irmng.org:taxname:1161541,181,IRMNG,
119,Gryllacris annulicornis,Gryllacris annulicornis,4277,4300,12.73,2,NO_ANNOT,,,Exact,0,"Gryllacris annulicornis Hebard, 1922",Gryllacris annulicornis,6L5Z7,1,Catalogue of Life,
120,Hadropterus peltatus,Hadropterus peltatus,4438,4458,13.28,2,NO_ANNOT,,,Exact,0,Hadropterus peltatus,Hadropterus peltatus,gn_132570,186,MCZbase,
121,Hapalophyllum,Hapalophyllum,4462,4475,6.48,1,NO_ANNOT,,,Exact,0,Hapalophyllum,Hapalophyllum,4TBP,1,Catalogue of Life,
122,Helicina,Helicina,4490,4498,3.96,1,NO_ANNOT,,,Exact,0,"Helicina Rafinesque, 1815",Helicina,7NVZP,1,Catalogue of Life,
123,Helicinidae,Helicinidae,5219,5230,4.57,1,NO_ANNOT,,,Exact,0,"Helicinidae Férussac, 1822",Helicinidae,7NHSH,1,Catalogue of Life,
124,Helminthoglypta cuyamacensis,Helminthoglypta cuyamacensis,5301,5329,13.39,2,NO_ANNOT,,,Exact,0,"Helminthoglypta cuyamacensis (Bartsch, 1895)",Helminthoglypta cuyamacensis,77746,3,ITIS,
125,Hendersonia.,Hendersonia,5361,5373,4.33,1,NO_ANNOT,,,Exact,0,"Hendersonia A. J. Wagner, 1905",Hendersonia,7P52W,1,Catalogue of Life,
126,Hexacentrus mundus,Hexacentrus mundus,5480,5498,11.83,2,NO_ANNOT,,,Exact,0,"Hexacentrus mundus (Walker, F., 1869)",Hexacentrus mundus,3LFYP,1,Catalogue of Life,
127,Hippocampus hudsonius,Hippocampus hudsonius,5546,5567,11.81,2,NO_ANNOT,,,Exact,0,"Hippocampus hudsonius DeKay, 1842",Hippocampus hudsonius,3LZM8,1,Catalogue of Life,
128,Holochlora fuscospinosa,Holochlora fuscospinosa,5570,5593,14.02,2,NO_ANNOT,,,Exact,0,"Holochlora fuscospinosa Brunner von Wattenwyl, 1891",Holochlora fuscospinosa,3M8QT,1,Catalogue of Life,
129,Hybognathus nucbalis,Hybognathus nucbalis,5658,5678,7.22,2,NO_ANNOT,,,Fuzzy,1,"Hybognathus nuchalis Agassiz, 1855",Hybognathus nuchalis,3MY54,1,Catalogue of Life,
130,Hyperhomala woodfordi,Hyperhomala woodfordi,5687,5708,11.71,2,NO_ANNOT,,,Exact,0,"Hyperhomala woodfordi Kirby, W.F., 1899",Hyperhomala woodfordi,3NP73,1,Catalogue of Life,
131,Hybopsis amblops,Hybopsis amblops,5713,5729,9.52,2,NO_ANNOT,,,Exact,0,"Hybopsis amblops (Rafinesque, 1820)",Hybopsis amblops,3MYHK,1,Catalogue of Life,
132,Ictalurus punctatus,Ictalurus punctatus,5804,5823,13.15,2,NO_ANNOT,,,Exact,0,"Ictalurus punctatus (Rafinesque, 1818)",Ictalurus punctatus,3PB88,1,Catalogue of Life,
133,Labidesthes sicculus,Labidesthes sicculus,5855,5875,11.75,2,NO_ANNOT,,,Exact,0,"Labidesthes sicculus (Cope, 1865)",Labidesthes sicculus,6NQ9H,1,Catalogue of Life,
134,Lagodon,Lagodon,5879,5886,3.76,1,NO_ANNOT,,,Exact,0,Lagodon,Lagodon,62VQT,1,Catalogue of Life,
135,Leiostomus xanthurus,Leiostomus xanthurus,5900,5920,12.46,2,NO_ANNOT,,,Exact,0,"Leiostomus xanthurus Lacepède, 1802",Leiostomus xanthurus,3T2K3,1,Catalogue of Life,
136,Lepisosteus osseus,Lepisosteus osseus,5937,5955,12.26,2,NO_ANNOT,,,Exact,0,"Lepisosteus osseus (Linnaeus, 1758)",Lepisosteus osseus,3TFQF,1,Catalogue of Life,
137,Lepomis auritus,Lepomis auritus,5959,5974,12.39,2,NO_ANNOT,,,Exact,0,"Lepomis auritus (Linnaeus, 1758)",Lepomis auritus,3TG2C,1,Catalogue of Life,
138,Leptecheneis naucrates,Leptecheneis naucrates,6028,6050,10.48,2,NO_ANNOT,,,Exact,0,"Leptecheneis naucrates (Linnaeus, 1758)",Leptecheneis naucrates,3TJB5,1,Catalogue of Life,
139,Leptodera ornatipennis,Leptodera ornatipennis,6053,6075,12.65,2,NO_ANNOT,,,Exact,0,"Leptodera ornatipennis Serville, 1838",Leptodera ornatipennis,3TNB7,1,Catalogue of Life,
140,Lesina ensifer,Lesina ensifer,6080,6094,8.68,2,NO_ANNOT,,,Exact,0,"Lesina ensifer (Brullé, 1835)",Lesina ensifer,723D6,1,Catalogue of Life,
141,Letana brunneri,Letana brunneri,6099,6114,10.24,2,NO_ANNOT,,,Exact,0,Letana brunneri Krausze 1904,Letana brunneri,836566,168,ION,
142,Leuciscus vandoisulus,Leuciscus vandoisulus,6119,6140,13.72,2,NO_ANNOT,,,Exact,0,Leuciscus vandoisulus Valenciennes in Cuvier & Valenciennes 1844,Leuciscus vandoisulus,141074953,151,Catalog of Fishes,
143,Lindsleya,Lindsleya,6143,6152,4.94,1,NO_ANNOT,,,Exact,0,"Lindsleya Chitty, 1857",Lindsleya,urn:lsid:irmng.org:taxname:1159239,181,IRMNG,
144,Liotrachela cryptisema,Liotrachela cryptisema,6156,6178,11.00,2,NO_ANNOT,,,Exact,0,"Liotrachela cryptisema Hebard, 1922",Liotrachela cryptisema,3V8VN,1,Catalogue of Life,
145,Lipotactes,Lipotactes,6207,6217,3.55,1,NO_ANNOT,,,Exact,0,Lipotactes Blume,Lipotactes,5TC6B,1,Catalogue of Life,
146,Lobotes surinamensis,Lobotes surinamensis,6240,6260,10.79,2,NO_ANNOT,,,Exact,0,"Lobotes surinamensis (Bloch, 1790)",Lobotes surinamensis,3VTVW,1,Catalogue of Life,
147,Lophius piscatorius,Lophius piscatorius,6263,6282,11.98,2,NO_ANNOT,,,Exact,0,"Lophius piscatorius Linnaeus, 1758",Lophius piscatorius,3W2MQ,1,Catalogue of Life,
148,Lophopsetta maculata,Lophopsetta maculata,6285,6305,12.89,2,NO_ANNOT,,,Exact,0,"Lophopsetta maculata (Günther, 1880)",Lophopsetta maculata,3W44H,1,Catalogue of Life,
149,Lucidella,Lucidella,6308,6317,6.20,1,NO_ANNOT,,,Exact,0,"Lucidella Swainson, 1840",Lucidella,7P7XG,1,Catalogue of Life,
150,Macrolyristes imperator,Macrolyristes imperator,6386,6409,6.36,2,NO_ANNOT,,,Exact,0,"Macrolyristes imperator Snellen van Vollenhoven, 1865",Macrolyristes imperator,3X5XV,1,Catalogue of Life,
151,Macroxiphus megapterus,Macroxiphus megapterus,6414,6436,12.19,2,NO_ANNOT,,,Exact,0,"Macroxiphus megapterus Brongniart, 1897",Macroxiphus megapterus,3XCXW,1,Catalogue of Life,
152,Mataeus,Mataeus,6455,6462,5.27,1,NO_ANNOT,,,Exact,0,"Mataeus Karsch, 1890",Mataeus,urn:lsid:irmng.org:taxname:1265161,181,IRMNG,
153,Mecopoda elongata,Mecopoda elongata,6467,6484,12.76,2,NO_ANNOT,,,Exact,0,"Mecopoda elongata (Linnaeus, 1758)",Mecopoda elongata,3YLPY,1,Catalogue of Life,
154,Megalops atlanticus,Megalops atlanticus,6489,6508,11.51,2,NO_ANNOT,,,Exact,0,"Megalops atlanticus Valenciennes, 1847",Megalops atlanticus,3YVJ9,1,Catalogue of Life,
155,Menidia menidia notata,Menidia menidia notata,6513,6535,14.82,3,NO_ANNOT,,,Exact,0,Menidia menidia notata,Menidia menidia notata,gn_31304,186,MCZbase,
156,Menticirrhus saxatilis,Menticirrhus saxatilis,6538,6560,12.65,2,NO_ANNOT,,,Exact,0,"Menticirrhus saxatilis (Bloch & Schneider, 1801)",Menticirrhus saxatilis,3ZSF8,1,Catalogue of Life,
157,Merluccius bilinearus,Merluccius bilinearus,6569,6590,7.20,2,NO_ANNOT,,,Fuzzy,1,"Merluccius bilinearis (Mitchill, 1814)",Merluccius bilinearis,3ZV6S,1,Catalogue of Life,
158,Mesogonitius chaetodon,Mesogonitius chaetodon,6593,6615,4.91,2,NO_ANNOT,,,Fuzzy,1,"Mesogonistius chaetodon (Baird, 1855)",Mesogonistius chaetodon,423NB,1,Catalogue of Life,
159,Metcalfeia,Metcalfeia,6620,6630,5.23,1,NO_ANNOT,,,Exact,0,"Metcalfeia Chitty, 1857",Metcalfeia,urn:lsid:irmng.org:taxname:1128433,181,IRMNG,
160,Micrarionta,Micrarionta,6634,6645,3.92,1,NO_ANNOT,,,Exact,0,"Micrarionta Ancey, 1880",Micrarionta,7P8TW,1,Catalogue of Life,
161,Microgadus tomcod,Microgadus tomcod,6788,6805,9.20,2,NO_ANNOT,,,Exact,0,"Microgadus tomcod (Walbaum, 1792)",Microgadus tomcod,42WJ3,1,Catalogue of Life,
162,Micropogon undulatus,Micropogon undulatus,6808,6828,11.81,2,NO_ANNOT,,,Exact,0,"Micropogon undulatus (Linnaeus, 1766)",Micropogon undulatus,73HQW,1,Catalogue of Life,
163,Microprion,Microprion,6837,6847,3.11,1,NO_ANNOT,,,Exact,0,"Microprion Pictet & Saussure, 1892",Microprion,urn:lsid:irmng.org:taxname:1360896,181,IRMNG,
164,Micropterus dolomieu,Micropterus dolomieu,6852,6872,10.67,2,NO_ANNOT,,,Exact,0,"Micropterus dolomieu Lacepède, 1802",Micropterus dolomieu,43539,1,Catalogue of Life,
165,Miluna,Miluna,6894,6900,3.27,1,NO_ANNOT,,,Exact,0,"Miluna A. J. Wagner, 1905",Miluna,7P8Z7,1,Catalogue of Life,
166,Minytrema melanops,Minytrema melanops,6904,6922,10.70,2,NO_ANNOT,,,Exact,0,"Minytrema melanops (Rafinesque, 1820)",Minytrema melanops,43KQY,1,Catalogue of Life,
167,Mirollia aeta,Mirollia aeta,6932,6945,8.99,2,NO_ANNOT,,,Exact,0,"Mirollia aeta Hebard, 1922",Mirollia aeta,43MCC,1,Catalogue of Life,
168,Mola inola,Mola inola,6976,6986,4.56,2,NO_ANNOT,,,PartialExact,0,Mola,Mola,63BY7,1,Catalogue of Life,
169,Morone americana,Morone americana,6989,7005,8.57,2,NO_ANNOT,,,Exact,0,"Morone americana (Gmelin, 1789)",Morone americana,6RRD2,1,Catalogue of Life,
170,Morsimus,Morsimus,7009,7017,5.15,1,NO_ANNOT,,,Exact,0,Morsimus,Morsimus,5VBQ,1,Catalogue of Life,
171,Mossula kiriwina,Mossula kiriwina,7063,7079,11.58,2,NO_ANNOT,,,Exact,0,"Mossula kiriwina Hebard, 1922",Mossula kiriwina,44G6M,1,Catalogue of Life,
172,Moxostoma aureolum,Moxostoma aureolum,7084,7102,11.85,2,NO_ANNOT,,,Exact,0,"Moxostoma aureolum (Trautman & Martin, 1951)",Moxostoma aureolum,44GTT,1,Catalogue of Life,
173,Mugil curema,Mugil curema,7109,7121,8.50,2,NO_ANNOT,,,Exact,0,"Mugil curema Valenciennes, 1836",Mugil curema,44J4Q,1,Catalogue of Life,
174,Mustelis canis,Mustelis canis,7126,7140,3.83,2,NO_ANNOT,,,Fuzzy,1,"Mustelus canis (Mitchill, 1815)",Mustelus canis,44QZX,1,Catalogue of Life,
175,Myoxocephalus octodecimspinosus,Myoxocephalus octodecimspinosus,7145,7176,14.18,2,NO_ANNOT,,,Exact,0,"Myoxocephalus octodecimspinosus (Mitchill, 1814)",Myoxocephalus octodecimspinosus,456LP,1,Catalogue of Life,
176,Neoconocephalus,Neoconocephalus,7179,7194,6.73,1,NO_ANNOT,,,Exact,0,Neoconocephalus,Neoconocephalus,5Z5L,1,Catalogue of Life,
177,Nicsara bifasciata,Nicsara bifasciata,7199,7217,11.42,2,NO_ANNOT,,,Exact,0,"Nicsara bifasciata (Redtenbacher, 1891)",Nicsara bifasciata,47DCC,1,Catalogue of Life,
178,Notropis ariommus,Notropis ariommus,7278,7295,11.97,2,NO_ANNOT,,,Exact,0,"Notropis ariommus (Cope, 1867)",Notropis ariommus,74D6D,1,Catalogue of Life,
179,Olcinia erosifolia,Olcinia erosifolia,7692,7710,10.95,2,NO_ANNOT,,,Exact,0,"Olcinia erosifolia Stål, 1877",Olcinia erosifolia,492SM,1,Catalogue of Life,
180,Oligyra,Oligyra,7715,7722,4.52,1,NO_ANNOT,,,Exact,0,"Oligyra Say, 1818",Oligyra,70192,3,ITIS,
181,Onomarchis leuconotus,Onomarchis leuconotus,8211,8232,11.07,2,NO_ANNOT,,,Exact,0,"Onomarchis leuconotus (Serville, 1838)",Onomarchis leuconotus,49L9W,1,Catalogue of Life,
182,Opisthonema oglinum,Opisthonema oglinum,8237,8256,12.82,2,NO_ANNOT,,,Exact,0,"Opisthonema oglinum (Lesueur, 1818)",Opisthonema oglinum,74QVF,1,Catalogue of Life,
183,Opsanus tau,Opsanus tau,8259,8270,3.58,2,NO_ANNOT,,,Exact,0,"Opsanus tau (Linnaeus, 1766)",Opsanus tau,6T47C,1,Catalogue of Life,
184,Opsopoedus emiliae,Opsopoedus emiliae,8275,8293,5.38,2,NO_ANNOT,,,Exact,0,Opsopoedus emiliae,Opsopoedus emiliae,873895,168,ION,
185,Orobophana,Orobophana,8297,8307,3.93,1,NO_ANNOT,,,Exact,0,"Orobophana A. J. Wagner, 1905",Orobophana,7PBCQ,1,Catalogue of Life,
186,Orthopristis chrysopterus,Orthopristis chrysopterus,8311,8336,13.62,2,NO_ANNOT,,,Exact,0,"Orthopristis chrysopterus (Linnaeus, 1766)",Orthopristis chrysopterus,6T93N,1,Catalogue of Life,
187,Oxylakis punctipennis,Oxylakis punctipennis,8345,8366,11.31,2,NO_ANNOT,,,Exact,0,"Oxylakis (Oxylakis) punctipennis Redtenbacher, 1891",Oxylakis punctipennis,4BFD6,1,Catalogue of Life,
188,Oxyscelus,Oxyscelus,8389,8398,5.92,1,NO_ANNOT,,,Exact,0,"Oxyscelus Brunner von Wattenwyl, 1895",Oxyscelus,urn:lsid:irmng.org:taxname:1448526,181,IRMNG,
189,Oxystethus brevipennis,Oxystethus brevipennis,8403,8425,12.59,2,NO_ANNOT,,,Exact,0,"Oxystethus brevipennis Redtenbacher, 1891",Oxystethus brevipennis,4BKDB,1,Catalogue of Life,
190,Pachysaga,Pachysaga,8457,8466,5.10,1,NO_ANNOT,,,Exact,0,Pachysaga,Pachysaga,6C23,1,Catalogue of Life,
191,Pachysagella,Pachysagella,8471,8483,6.73,1,NO_ANNOT,,,Exact,0,"Pachysagella Hebard, 1923",Pachysagella,urn:lsid:irmng.org:taxname:1391063,181,IRMNG,
192,Palinurichthys perciformis,Palinurichthys perciformis,8501,8527,13.38,2,NO_ANNOT,,,Exact,0,"Palinurichthys perciformis (Mitchill, 1818)",Palinurichthys perciformis,75JQ6,1,Catalogue of Life,
193,Paludestrina longinqua,Paludestrina longinqua,8530,8552,10.25,2,NO_ANNOT,,,Exact,0,Paludestrina longinqua Anthors,Paludestrina longinqua,gn_130068,186,MCZbase,
194,Papuogryllacris obiensis,Papuogryllacris obiensis,8556,8580,13.21,2,NO_ANNOT,,,Exact,0,"Papuogryllacris obiensis Hebard, 1922",Papuogryllacris obiensis,6TNQ5,1,Catalogue of Life,
195,Paracaedicia serrata,Paracaedicia serrata,8585,8605,13.79,2,NO_ANNOT,,,Exact,0,"Paracaedicia serrata Brunner von Wattenwyl, 1891",Paracaedicia serrata,4CN8X,1,Catalogue of Life,
196,Paradiaphlebus notatus,Paradiaphlebus notatus,8610,8632,12.68,2,NO_ANNOT,,,Exact,0,"Paradiaphlebus notatus (Brunner von Wattenwyl, 1898)",Paradiaphlebus notatus,75N6X,1,Catalogue of Life,
197,Paragryllacris griffinii,Paragryllacris griffinii,8637,8661,13.09,2,NO_ANNOT,,,Exact,0,"Paragryllacris griffinii Hebard, 1922",Paragryllacris griffinii,4CWCD,1,Catalogue of Life,
198,Paralichthys dentatus,Paralichthys dentatus,8666,8687,13.41,2,NO_ANNOT,,,Exact,0,"Paralichthys dentatus (Linnaeus, 1766)",Paralichthys dentatus,4CYVG,1,Catalogue of Life,
199,Perca flavescens,Perca flavescens,8691,8707,10.28,2,NO_ANNOT,,,Exact,0,"Perca flavescens (Mitchill, 1814)",Perca flavescens,76RQZ,1,Catalogue of Life,
200,Percina caprodes,Percina caprodes,8714,8730,9.88,2,NO_ANNOT,,,Exact,0,"Percina caprodes (Rafinesque, 1818)",Percina caprodes,7744J,1,Catalogue of Life,
201,Phaneroptera,Phaneroptera,8734,8746,5.67,1,NO_ANNOT,,,Exact,0,Phaneroptera,Phaneroptera,63MSW,1,Catalogue of Life,
202,Phanerotus,Phanerotus,8755,8765,5.62,1,NO_ANNOT,,,Exact,0,"Phanerotus Brunner, 1893",Phanerotus,urn:lsid:irmng.org:taxname:1403484,181,IRMNG,
203,Phaula,Phaula,8770,8776,4.29,1,NO_ANNOT,,,Exact,0,Phaula,Phaula,6MZV,1,Catalogue of Life,
204,Phisis acutipennis,Phisis acutipennis,8844,8862,11.83,2,NO_ANNOT,,,Exact,0,"Phisis acutipennis Carl, 1908",Phisis acutipennis,76ZWC,1,Catalogue of Life,
205,Phlugis thaumasia,Phlugis thaumasia,8914,8931,8.98,2,NO_ANNOT,,,Exact,0,"Phlugis thaumasia Hebard, 1922",Phlugis thaumasia,6VBWV,1,Catalogue of Life,
206,Phycis chuss,Phycis chuss,8936,8948,7.52,2,NO_ANNOT,,,Exact,0,"Phycis chuss (Walbaum, 1792)",Phycis chuss,6VDF2,1,Catalogue of Life,
207,Phygela haani,Phygela haani,8962,8975,9.72,2,NO_ANNOT,,,Exact,0,Phygela haani,Phygela haani,4111174,168,ION,
208,Phyllomimus,Phyllomimus,8980,8991,5.62,1,NO_ANNOT,,,Exact,0,Phyllomimus,Phyllomimus,6PP7,1,Catalogue of Life,
209,Phyllophora lanceolata,Phyllophora lanceolata,9068,9090,14.37,2,NO_ANNOT,,,Exact,0,"Phyllophora lanceolata Brunner von Wattenwyl, 1898",Phyllophora lanceolata,4H9PV,1,Catalogue of Life,
210,Phyllotribonia,Phyllotribonia,9095,9109,4.88,1,NO_ANNOT,,,Exact,0,"Phyllotribonia Pictet & Saussure, 1892",Phyllotribonia,urn:lsid:irmng.org:taxname:1130746,181,IRMNG,
211,Phyllozelus abbotti,Phyllozelus abbotti,9114,9133,11.57,2,NO_ANNOT,,,Exact,0,"Phyllozelus (Phyllozelus) abbotti Hebard, 1922",Phyllozelus abbotti,4HDCH,1,Catalogue of Life,
212,Physa,Physa,9138,9143,3.83,1,NO_ANNOT,,,Exact,0,"Physa Draparnaud, 1801",Physa,7PCJZ,1,Catalogue of Life,
213,Pimephales notatus,Pimephales notatus,9150,9168,10.86,2,NO_ANNOT,,,Exact,0,"Pimephales notatus (Rafinesque, 1820)",Pimephales notatus,4HWSS,1,Catalogue of Life,
214,Platycaedicia,Platycaedicia,9175,9188,6.33,1,NO_ANNOT,,,Exact,0,Platycaedicia,Platycaedicia,6RP4,1,Catalogue of Life,
215,Poecilichthys coeruleus,Poecilichthys coeruleus,9206,9229,12.87,2,NO_ANNOT,,,Exact,0,Poecilichthys coeruleus,Poecilichthys coeruleus,gn_143940,186,MCZbase,
216,Poenia,Poenia,9298,9304,3.32,1,NO_ANNOT,,,Exact,0,"Poenia Adams, 1856",Poenia,urn:lsid:irmng.org:taxname:1376746,181,IRMNG,
217,Pogonias cromis,Pogonias cromis,9308,9323,11.48,2,NO_ANNOT,,,Exact,0,"Pogonias cromis (Linnaeus, 1766)",Pogonias cromis,4KVBP,1,Catalogue of Life,
218,Polichne parvicauda,Polichne parvicauda,9327,9346,10.18,2,NO_ANNOT,,,Exact,0,"Polichne parvicauda (Stål, 1861)",Polichne parvicauda,4KXT5,1,Catalogue of Life,
219,Pollachius virens,Pollachius virens,9351,9368,10.94,2,NO_ANNOT,,,Exact,0,"Pollachius virens (Linnaeus, 1758)",Pollachius virens,4KYQ9,1,Catalogue of Life,
220,Polyodon spathula,Polyodon spathula,9371,9388,10.84,2,NO_ANNOT,,,Exact,0,"Polyodon spathula (Walbaum, 1792)",Polyodon spathula,6W65D,1,Catalogue of Life,
221,Pomacanthus arcuatus,Pomacanthus arcuatus,9392,9412,12.67,2,NO_ANNOT,,,Exact,0,"Pomacanthus arcuatus (Linnaeus, 1758)",Pomacanthus arcuatus,4LQ6C,1,Catalogue of Life,
222,Pomatomus saltatrix,Pomatomus saltatrix,9415,9434,11.34,2,NO_ANNOT,,,Exact,0,"Pomatomus saltatrix (Linnaeus, 1766)",Pomatomus saltatrix,4LQWC,1,Catalogue of Life,
223,Pomolobus aestivalis,Pomolobus aestivalis,9441,9461,11.89,2,NO_ANNOT,,,Exact,0,"Pomolobus aestivalis (Mitchill, 1814)",Pomolobus aestivalis,4LR47,1,Catalogue of Life,
224,Potamocottus zopherus,Potamocottus zopherus,9507,9528,12.78,2,NO_ANNOT,,,Exact,0,Potamocottus zopherus Jordan 1877,Potamocottus zopherus,141090017,151,Catalog of Fishes,
225,Poronotus triacanthus,Poronotus triacanthus,9532,9553,12.47,2,NO_ANNOT,,,Exact,0,"Poronotus triacanthus (Peck, 1804)",Poronotus triacanthus,4LYCG,1,Catalogue of Life,
226,Prionotus carolinus,Prionotus carolinus,9556,9575,12.69,2,NO_ANNOT,,,Exact,0,"Prionotus carolinus (Linnaeus, 1771)",Prionotus carolinus,4MGG2,1,Catalogue of Life,
227,Priotrochatella,Priotrochatella,9604,9619,7.01,1,NO_ANNOT,,,Exact,0,"Priotrochatella H. Fischer, 1893",Priotrochatella,7PDBF,1,Catalogue of Life,
228,Prohimerta,Prohimerta,9629,9639,5.00,1,NO_ANNOT,,,Exact,0,Prohimerta,Prohimerta,6WK8,1,Catalogue of Life,
229,Promeca quadripunctata,Promeca quadripunctata,9659,9681,12.83,2,NO_ANNOT,,,Exact,0,"Promeca quadripunctata Brunner von Wattenwyl, 1895",Promeca quadripunctata,6W9N2,1,Catalogue of Life,
230,Pseudophyllus harrisoni,Pseudophyllus harrisoni,9699,9722,13.30,2,NO_ANNOT,,,Exact,0,"Pseudophyllus harrisoni Rehn, J.A.G., 1902",Pseudophyllus harrisoni,4P7K7,1,Catalogue of Life,
231,Pseudopleuronectes americanus,Pseudopleuronectes americanus,9727,9756,11.38,2,NO_ANNOT,,,Exact,0,"Pseudopleuronectes americanus (Walbaum, 1792)",Pseudopleuronectes americanus,4P882,1,Catalogue of Life,
232,Pseudopsyra,Pseudopsyra,9763,9774,5.23,1,NO_ANNOT,,,Exact,0,Pseudopsyra,Pseudopsyra,739Z,1,Catalogue of Life,
233,Pseudotrochatella,Pseudotrochatella,9793,9810,7.17,1,NO_ANNOT,,,Exact,0,"Pseudotrochatella G. Nevill, 1881",Pseudotrochatella,7PF32,1,Catalogue of Life,
234,Psyra brunneri,Psyra brunneri,9817,9831,11.28,2,NO_ANNOT,,,Exact,0,"Psyra brunneri Karny, 1920",Psyra brunneri,4PSG8,1,Catalogue of Life,
235,Pyrgocorypha philippina,Pyrgocorypha philippina,9852,9875,13.34,2,NO_ANNOT,,,Exact,0,"Pyrgocorypha philippina Hebard, 1922",Pyrgocorypha philippina,4QT5D,1,Catalogue of Life,
236,Pyrgodomus,Pyrgodomus,9889,9899,5.49,1,NO_ANNOT,,,Exact,0,"Pyrgodomus Crosse & P. Fischer, 1894",Pyrgodomus,7PFDC,1,Catalogue of Life,
237,Raja eglanteria,Raja eglanteria,9903,9918,7.43,2,NO_ANNOT,,,Exact,0,"Raja eglanteria Bosc, 1800",Raja eglanteria,793KZ,1,Catalogue of Life,
238,Rhaphidophora baeri,Rhaphidophora baeri,9951,9970,12.88,2,NO_ANNOT,,,Exact,0,"Rhaphidophora baeri Bolívar, I., 1890",Rhaphidophora baeri,4S3WF,1,Catalogue of Life,
239,Rhinichthys atronasus,Rhinichthys atronasus,9999,10020,12.72,2,NO_ANNOT,,,Exact,0,"Rhinichthys atronasus (Hermann, 1804)",Rhinichthys atronasus,urn:lsid:marinespecies.org:taxname:1476266,9,WoRMS,
240,Rhinoptera bonasus,Rhinoptera bonasus,10028,10046,12.06,2,NO_ANNOT,,,Exact,0,"Rhinoptera bonasus (Mitchill, 1815)",Rhinoptera bonasus,4S9R4,1,Catalogue of Life,
241,Rhytidogyne griffinii,Rhytidogyne griffinii,10049,10070,12.42,2,NO_ANNOT,,,Exact,0,"Rhytidogyne griffinii Karny, 1907",Rhytidogyne griffinii,4SWNQ,1,Catalogue of Life,
242,Roccus lineatus,Roccus lineatus,10075,10090,13.02,2,NO_ANNOT,,,Exact,0,"Roccus lineatus (Bloch, 1792)",Roccus lineatus,4T8JX,1,Catalogue of Life,
243,Salomona,Salomona,10095,10103,3.85,1,NO_ANNOT,,,Exact,0,Salomona,Salomona,7BXC,1,Catalogue of Life,
244,Sanaa,Sanaa,10214,10219,2.73,1,NO_ANNOT,,,Exact,0,Sanaa,Sanaa,7C4R,1,Catalogue of Life,
245,Sarda sarda,Sarda sarda,10249,10260,6.98,2,NO_ANNOT,,,Exact,0,"Sarda sarda (Bloch, 1793)",Sarda sarda,79MK9,1,Catalogue of Life,
246,Sasima truncata,Sasima truncata,10263,10278,11.31,2,NO_ANNOT,,,Exact,0,"Sasima truncata (Brunner von Wattenwyl, 1898)",Sasima truncata,6Y2K5,1,Catalogue of Life,
247,Sathrophvllia marmorata,Sathrophvllia marmorata,10283,10306,6.77,2,NO_ANNOT,,,Fuzzy,1,"Sathrophyllia marmorata Stål, 1874",Sathrophyllia marmorata,6Y2PF,1,Catalogue of Life,
248,Scambophyllum albomarginatum.,Scambophyllum albomarginatum,10323,10352,14.29,2,NO_ANNOT,,,Exact,0,"Scambophyllum albomarginatum Hebard, 1922",Scambophyllum albomarginatum,6XRVZ,1,Catalogue of Life,
249,Schasicheila,Schasicheila,10393,10405,4.69,1,NO_ANNOT,,,Exact,0,"Schasicheila Shuttleworth, 1852",Schasicheila,7PGBZ,1,Catalogue of Life,
250,Schilbeodes insignis,Schilbeodes insignis,10626,10646,12.24,2,NO_ANNOT,,,Exact,0,Schilbeodes insignis,Schilbeodes insignis,gn_159443,186,MCZbase,
251,Sciaenops ocellatus,Sciaenops ocellatus,10650,10669,12.12,2,NO_ANNOT,,,Exact,0,"Sciaenops ocellatus (Linnaeus, 1766)",Sciaenops ocellatus,4VH94,1,Catalogue of Life,
252,Scomber scombrus,Scomber scombrus,10674,10690,8.89,2,NO_ANNOT,,,Exact,0,"Scomber scombrus Linnaeus, 1758",Scomber scombrus,79XKF,1,Catalogue of Life,
253,Scudderia,Scudderia,10693,10702,4.85,1,NO_ANNOT,,,Exact,0,Scudderia,Scudderia,6458H,1,Catalogue of Life,
254,Segestes frater,Segestes frater,10711,10726,3.60,2,NO_ANNOT,,,Exact,0,"Segestes frater Hebard, 1922",Segestes frater,6YBC4,1,Catalogue of Life,
255,Segestidea soror,Segestidea soror,10761,10777,9.60,2,NO_ANNOT,,,Exact,0,"Segestidea soror Hebard, 1922",Segestidea soror,6YBFB,1,Catalogue of Life,
256,Semotilus atromaculatus,Semotilus atromaculatus,10782,10805,13.99,2,NO_ANNOT,,,Exact,0,"Semotilus atromaculatus (Mitchill, 1818)",Semotilus atromaculatus,4WHNV,1,Catalogue of Life,
257,Seriola zonata,Seriola zonata,10830,10844,12.53,2,NO_ANNOT,,,Exact,0,"Seriola zonata (Mitchill, 1815)",Seriola zonata,4WVB4,1,Catalogue of Life,
258,Sexava coriacea,Sexava coriacea,10849,10864,8.94,2,NO_ANNOT,,,Exact,0,"Sexava coriacea (Linnaeus, 1758)",Sexava coriacea,4X3MD,1,Catalogue of Life,
259,Sonorella,Sonorella,10869,10878,6.20,1,NO_ANNOT,,,Exact,0,"Sonorella Pilsbry, 1900",Sonorella,7PH3Y,1,Catalogue of Life,
260,Sphaeroconia,Sphaeroconia,10937,10949,4.56,1,NO_ANNOT,,,Exact,0,"Sphaeroconia A. J. Wagner, 1909",Sphaeroconia,urn:lsid:marinespecies.org:taxname:1328015,9,WoRMS,
261,Spheroides maculatus,Spheroides maculatus,10953,10973,12.82,2,NO_ANNOT,,,Exact,0,Spheroides maculatus,Spheroides maculatus,gn_165259,186,MCZbase,
262,Sphyrna zygaena,Sphyrna zygaena,10976,10991,9.88,2,NO_ANNOT,,,Exact,0,"Sphyrna zygaena (Linnaeus, 1758)",Sphyrna zygaena,4Z2QW,1,Catalogue of Life,
263,Squalus acanthias,Squalus acanthias,10995,11012,11.22,2,NO_ANNOT,,,Exact,0,"Squalus acanthias Linnaeus, 1758",Squalus acanthias,6ZDWC,1,Catalogue of Life,
264,Squatina dumeril,Squatina dumeril,11017,11033,8.32,2,NO_ANNOT,,,Exact,0,"Squatina dumeril Lesueur, 1818",Squatina dumeril,6ZFHF,1,Catalogue of Life,
265,Stenotomus chrysops,Stenotomus chrysops,11038,11057,10.44,2,NO_ANNOT,,,Exact,0,"Stenotomus chrysops (Linnaeus, 1766)",Stenotomus chrysops,5265X,1,Catalogue of Life,
266,Stephanolepis,Stephanolepis,11064,11077,6.31,1,NO_ANNOT,,,Exact,0,Stephanolepis S.Moore,Stephanolepis,5TGVJ,1,Catalogue of Life,
267,Stictophaula,Stictophaula,11090,11102,5.53,1,NO_ANNOT,,,Exact,0,Stictophaula,Stictophaula,645ML,1,Catalogue of Life,
268,Stoastoma,Stoastoma,11167,11176,5.11,1,NO_ANNOT,,,Exact,0,"Stoastoma C. B. Adams, 1849",Stoastoma,7PHJ5,1,Catalogue of Life,
269,Sympaestria lampra,Sympaestria lampra,11298,11316,9.61,2,NO_ANNOT,,,Exact,0,"Sympaestria lampra Hebard, 1922",Sympaestria lampra,53P3C,1,Catalogue of Life,
270,Syngnathus fuscus,Syngnathus fuscus,11321,11338,10.14,2,NO_ANNOT,,,Exact,0,"Syngnathus fuscus Storer, 1839",Syngnathus fuscus,53WMJ,1,Catalogue of Life,
271,Tamsiana,Tamsiana,11343,11351,3.59,1,NO_ANNOT,,,Exact,0,"Tamsiana Wagner, 1907",Tamsiana,urn:lsid:irmng.org:taxname:1165290,181,IRMNG,
272,Tapiena cerciata,Tapiena cerciata,11361,11377,12.80,2,NO_ANNOT,,,Exact,0,"Tapiena cerciata Hebard, 1922",Tapiena cerciata,54SPC,1,Catalogue of Life,
273,Tautoga onitis,Tautoga onitis,11382,11396,9.50,2,NO_ANNOT,,,Exact,0,"Tautoga onitis (Linnaeus, 1758)",Tautoga onitis,54ZGV,1,Catalogue of Life,
274,Tautogolabrus adspersus,Tautogolabrus adspersus,11403,11426,13.15,2,NO_ANNOT,,,Exact,0,"Tautogolabrus adspersus (Walbaum, 1792)",Tautogolabrus adspersus,54ZGZ,1,Catalogue of Life,
275,Tegra,Tegra,11429,11434,2.73,1,NO_ANNOT,,,Exact,0,Tegra,Tegra,7TBH,1,Catalogue of Life,
276,Temnophyllus speciosus,Temnophyllus speciosus,11439,11461,13.55,2,NO_ANNOT,,,Exact,0,"Temnophyllus speciosus Brunner von Wattenwyl, 1895",Temnophyllus speciosus,7BPKK,1,Catalogue of Life,
277,Teratura,Teratura,11479,11487,5.31,1,NO_ANNOT,,,Exact,0,Teratura,Teratura,647D3,1,Catalogue of Life,
278,Termera,Termera,11511,11518,4.73,1,NO_ANNOT,,,Exact,0,"Termera Stål, 1874",Termera,urn:lsid:irmng.org:taxname:1451109,181,IRMNG,
279,Terpandrus splendidus,Terpandrus splendidus,11523,11544,12.47,2,NO_ANNOT,,,Exact,0,"Terpandrus splendidus Hebard, 1922",Terpandrus splendidus,55HK8,1,Catalogue of Life,
280,Thunnus thynnus,Thunnus thynnus,11549,11564,12.23,2,NO_ANNOT,,,Exact,0,"Thunnus thynnus (Linnaeus, 1758)",Thunnus thynnus,56P7Q,1,Catalogue of Life,
281,Togona philippina,Togona philippina,11567,11584,10.58,2,NO_ANNOT,,,Exact,0,"Togona philippina Hebard, 1922",Togona philippina,57B8R,1,Catalogue of Life,
282,Torpedo nobiliana,Torpedo nobiliana,11589,11606,9.07,2,NO_ANNOT,,,Exact,0,"Torpedo nobiliana Bonaparte, 1835",Torpedo nobiliana,57GDD,1,Catalogue of Life,
283,Trachinotus carolinus,Trachinotus carolinus,11609,11630,12.98,2,NO_ANNOT,,,Exact,0,"Trachinotus carolinus (Linnaeus, 1766)",Trachinotus carolinus,7CLG7,1,Catalogue of Life,
284,Trichiurus lepturus,Trichiurus lepturus,11635,11654,12.40,2,NO_ANNOT,,,Exact,0,"Trichiurus lepturus Linnaeus, 1758",Trichiurus lepturus,589FX,1,Catalogue of Life,
285,Tristramia.,Tristramia,11657,11668,4.95,1,NO_ANNOT,,,Exact,0,"Tristramia Crosse, 1862",Tristramia,urn:lsid:irmng.org:taxname:1393413,181,IRMNG,
286,Trochatella,Trochatella,11678,11689,6.49,1,NO_ANNOT,,,Exact,0,"Trochatella Lesson, 1831",Trochatella,urn:lsid:irmng.org:taxname:1402446,181,IRMNG,
287,Tympanoptera,Tympanoptera,11717,11729,5.67,1,NO_ANNOT,,,Exact,0,Tympanoptera,Tympanoptera,63VVG,1,Catalogue of Life,
288,Typhoptera,Typhoptera,11747,11757,5.31,1,NO_ANNOT,,,Exact,0,Typhoptera,Typhoptera,84BH,1,Catalogue of Life,
289,Ulocentra simotera,Ulocentra simotera,11778,11796,11.67,2,NO_ANNOT,,,Exact,0,Ulocentra simotera,Ulocentra simotera,gn_143474,186,MCZbase,
290,Umbra pygmaea,Umbra pygmaea,11803,11816,8.80,2,NO_ANNOT,,,Exact,0,"Umbra pygmaea (DeKay, 1842)",Umbra pygmaea,7DGKY,1,Catalogue of Life,
291,Ustronia,Ustronia,11819,11827,3.87,1,NO_ANNOT,,,Exact,0,"Ustronia A. J. Wagner, 1908",Ustronia,7PKK7,1,Catalogue of Life,
292,Verecunda,Verecunda,11834,11843,4.53,1,NO_ANNOT,,,Exact,0,"Verecunda Wagner, 1909",Verecunda,urn:lsid:irmng.org:taxname:1398170,181,IRMNG,
293,Viana.,Viana,11847,11853,2.90,1,NO_ANNOT,,,Exact,0,"Viana H. Adams & A. Adams, 1856",Viana,7PKSL,1,Catalogue of Life,
294,Vomer setapinnis,Vomer setapinnis,11897,11913,8.21,2,NO_ANNOT,,,Exact,0,"Vomer setapinnis (Mitchill, 1815)",Vomer setapinnis,5BQVD,1,Catalogue of Life,
295,Waldemaria,Waldemaria,11916,11926,5.02,1,NO_ANNOT,,,Exact,0,"Waldemaria A. J. Wagner, 1905",Waldemaria,7NGFG,1,Catalogue of Life,
296,Xerarionta,Xerarionta,11964,11974,3.79,1,NO_ANNOT,,,Exact,0,"Xerarionta Pilsbry, 1913",Xerarionta,7PL5R,1,Catalogue of Life,
297,Xestrophrys javanicus,Xestrophrys javanicus,11978,11999,6.33,2,NO_ANNOT,,,Fuzzy,1,"Xestophrys javanicus Redtenbacher, 1891",Xestophrys javanicus,7G9N3,1,Catalogue of Life,
298,Xiphidion,Xiphidion,12004,12013,2.94,1,NO_ANNOT,,,Exact,0,"Xiphidion Provancher, 1875",Xiphidion,urn:lsid:irmng.org:taxname:1324082,181,IRMNG,
299,Xiphidiopsis,Xiphidiopsis,12018,12030,5.47,1,NO_ANNOT,,,Exact,0,Xiphidiopsis,Xiphidiopsis,63XKS,1,Catalogue of Life,
300,Zabalius,Zabalius,12109,12117,4.81,1,NO_ANNOT,,,Exact,0,Zabalius,Zabalius,63WSW,1,Catalogue of Life,
301,Zonitoides minuscula,Zonitoides minuscula,12122,12142,12.09,2,NO_ANNOT,,,Exact,0,Zonitoides (Pseudohyalina) minuscula Binney,Zonitoides minuscula,gn_20953,186,MCZbase,
302,Notes,Notes,12195,12200,2.52,1,NO_ANNOT,,,Exact,0,Notes,Notes,3950760,168,ION,
303,Helicinidae,Helicinidae,12222,12233,4.57,1,NO_ANNOT,,,Exact,0,"Helicinidae Férussac, 1822",Helicinidae,7NHSH,1,Catalogue of Life,
304,Notes,Notes,12257,12262,2.52,1,NO_ANNOT,,,Exact,0,Notes,Notes,3950760,168,ION,
305,Notes,Notes,12695,12700,2.52,1,NO_ANNOT,,,Exact,0,Notes,Notes,3950760,168,ION,
306,Notes,Notes,12796,12801,2.52,1,NO_ANNOT,,,Exact,0,Notes,Notes,3950760,168,ION,
307,Tettigoniidae,Tettigoniidae,13032,13045,4.90,1,NO_ANNOT,,,Exact,0,Tettigoniidae,Tettigoniidae,H4J,1,Catalogue of Life,
308,Orthoptera,Orthoptera,13046,13056,5.31,1,NO_ANNOT,,,Exact,0,Orthoptera,Orthoptera,62294,1,Catalogue of Life,
309,HELICINIDAE,Helicinidae,13820,13831,4.57,1,NO_ANNOT,,,Exact,0,"Helicinidae Férussac, 1822",Helicinidae,7NHSH,1,Catalogue of Life,
310,HELICINIDAE.,Helicinidae,13898,13910,4.57,1,NO_ANNOT,,,Exact,0,"Helicinidae Férussac, 1822",Helicinidae,7NHSH,1,Catalogue of Life,
311,HELICINIDAE.,Helicinidae,13977,13989,4.57,1,NO_ANNOT,,,Exact,0,"Helicinidae Férussac, 1822",Helicinidae,7NHSH,1,Catalogue of Life,
312,TETTIGONIIDAE.,Tettigoniidae,14222,14236,4.90,1,NO_ANNOT,,,Exact,0,Tettigoniidae,Tettigoniidae,H4J,1,Catalogue of Life,
313,TETTIGONIIDAE,Tettigoniidae,14399,14412,4.90,1,NO_ANNOT,,,Exact,0,Tettigoniidae,Tettigoniidae,H4J,1,Catalogue of Life,
314,TETTIGONIIDAE.,Tettigoniidae,14464,14478,4.90,1,NO_ANNOT,,,Exact,0,Tettigoniidae,Tettigoniidae,H4J,1,Catalogue of Life,
315,TETTIGONIIDAE,Tettigoniidae,14563,14576,4.90,1,NO_ANNOT,,,Exact,0,Tettigoniidae,Tettigoniidae,H4J,1,Catalogue of Life,
316,TETTIGONIIDAE.,Tettigoniidae,14628,14642,4.90,1,NO_ANNOT,,,Exact,0,Tettigoniidae,Tettigoniidae,H4J,1,Catalogue of Life,
317,TETTIGONIIDAE.,Tettigoniidae,14725,14739,4.90,1,NO_ANNOT,,,Exact,0,Tettigoniidae,Tettigoniidae,H4J,1,Catalogue of Life,
318,TETTIGONIIDAE.,Tettigoniidae,14797,14811,4.90,1,NO_ANNOT,,,Exact,0,Tettigoniidae,Tettigoniidae,H4J,1,Catalogue of Life,
319,TETTIGONIIDAE.,Tettigoniidae,14867,14881,4.90,1,NO_ANNOT,,,Exact,0,Tettigoniidae,Tettigoniidae,H4J,1,Catalogue of Life,
320,TETTIGONIIDAE,Tettigoniidae,14933,14946,4.90,1,NO_ANNOT,,,Exact,0,Tettigoniidae,Tettigoniidae,H4J,1,Catalogue of Life,
321,TETTIGONIIDAE.,Tettigoniidae,15002,15016,4.90,1,NO_ANNOT,,,Exact,0,Tettigoniidae,Tettigoniidae,H4J,1,Catalogue of Life,
322,TETTIGONIIDAE,Tettigoniidae,15070,15083,4.90,1,NO_ANNOT,,,Exact,0,Tettigoniidae,Tettigoniidae,H4J,1,Catalogue of Life,
323,Notes,Notes,15338,15343,2.52,1,NO_ANNOT,,,Exact,0,Notes,Notes,3950760,168,ION,
324,Helicinidae.,Helicinidae,15365,15377,4.57,1,NO_ANNOT,,,Exact,0,"Helicinidae Férussac, 1822",Helicinidae,7NHSH,1,Catalogue of Life,
325,Notes,Notes,15417,15422,2.52,1,NO_ANNOT,,,Exact,0,Notes,Notes,3950760,168,ION,
326,Notes,Notes,15576,15581,2.52,1,NO_ANNOT,,,Exact,0,Notes,Notes,3950760,168,ION,
327,Notes,Notes,15675,15680,2.52,1,NO_ANNOT,,,Exact,0,Notes,Notes,3950760,168,ION,
328,Tettigoniidae,Tettigoniidae,15814,15827,4.90,1,NO_ANNOT,,,Exact,0,Tettigoniidae,Tettigoniidae,H4J,1,Catalogue of Life,
329,Orthoptera.,Orthoptera,15828,15839,5.31,1,NO_ANNOT,,,Exact,0,Orthoptera,Orthoptera,62294,1,Catalogue of Life,
330,Cephalopoda,Cephalopoda,17833,17844,5.48,1,NO_ANNOT,,,Exact,0,"Cephalopoda Cuvier, 1795",Cephalopoda,7NF3H,1,Catalogue of Life,
331,Scaphopoda,Scaphopoda,17845,17855,3.74,1,NO_ANNOT,,,Exact,0,"Scaphopoda Bronn, 1862",Scaphopoda,7NF4V,1,Catalogue of Life,
332,Amphineura,Amphineura,17856,17866,4.04,1,NO_ANNOT,,,Exact,0,"Amphineura Ihering, 1876",Amphineura,urn:lsid:marinespecies.org:taxname:871021,9,WoRMS,
333,Gastropoda,Gastropoda,17878,17888,5.36,1,NO_ANNOT,,,Exact,0,"Gastropoda Cuvier, 1795",Gastropoda,7NF3Y,1,Catalogue of Life,
334,Mollusca,Mollusca,18327,18335,4.51,1,NO_ANNOT,,,Exact,0,Mollusca,Mollusca,M2L,1,Catalogue of Life,
335,Pholadacea,Pholadacea,18841,18851,3.54,1,NO_ANNOT,,,Exact,0,Pholadacea,Pholadacea,urn:lsid:marinespecies.org:taxname:246042,9,WoRMS,
336,Unio.,Unio,19061,19066,2.35,1,NO_ANNOT,,,Exact,0,"Unio Philipsson, 1788",Unio,7PKHN,1,Catalogue of Life,
337,Unio.,Unio,19279,19284,2.35,1,NO_ANNOT,,,Exact,0,"Unio Philipsson, 1788",Unio,7PKHN,1,Catalogue of Life,
338,Notes,Notes,19944,19949,2.52,1,NO_ANNOT,,,Exact,0,Notes,Notes,3950760,168,ION,
339,Notes,Notes,20007,20012,2.52,1,NO_ANNOT,,,Exact,0,Notes,Notes,3950760,168,ION,
340,Notes,Notes,20151,20156,2.52,1,NO_ANNOT,,,Exact,0,Notes,Notes,3950760,168,ION,
341,Notes,Notes,20257,20262,2.52,1,NO_ANNOT,,,Exact,0,Notes,Notes,3950760,168,ION,
342,Tettigoniidae,Tettigoniidae,20387,20400,4.90,1,NO_ANNOT,,,Exact,0,Tettigoniidae,Tettigoniidae,H4J,1,Catalogue of Life,
343,Orthoptera,Orthoptera,20401,20411,5.31,1,NO_ANNOT,,,Exact,0,Orthoptera,Orthoptera,62294,1,Catalogue of Life,
