Index,Verbatim,Name,Start,End,OddsLog10,Cardinality,AnnotNomenType,WordsBefore,WordsAfter,VerifMatchType,VerifEditDistance,VerifMatchedName,VerifMatchedCanonical,VerifTaxonId,VerifDataSourceId,VerifDataSourceTitle,VerifError
0,MOLLUSCA.,Mollusca,34,43,4.51,1,NO_ANNOT,,,Exact,0,Mollusca,Mollusca,M2L,1,Catalogue of Life,
1,Indian mollusca now,Indian mollusca now,160,179,,3,NO_ANNOT,,,NoMatch,,,,,,,,
2,PTEROPODA.,Pteropoda,500,510,5.19,1,NO_ANNOT,,,Exact,0,"Pteropoda Cuvier, 1804",Pteropoda,7NFFH,1,Catalogue of Life,
3,Planorbella,Planorbella,527,538,6.49,1,NO_ANNOT,,,Exact,0,"Planorbella Haldeman, 1843",Planorbella,7PCRP,1,Catalogue of Life,
4,Planorbis.,Planorbis,609,619,4.83,1,NO_ANNOT,,,Exact,0,"Planorbis O. F. Müller, 1773",Planorbis,7PCRT,1,Catalogue of Life,
5,Limacina,Limacina,683,691,3.96,1,NO_ANNOT,,,Exact,0,"Limacina Bosc, 1817",Limacina,7P7GX,1,Catalogue of Life,
6,P. imitans,P. imitans,769,779,4.85,2,NO_ANNOT,,,NoMatch,,,,,,,,
7,Planorbis,Planorbis,843,852,4.83,1,NO_ANNOT,,,Exact,0,"Planorbis O. F. Müller, 1773",Planorbis,7PCRT,1,Catalogue of Life,
8,GASTEROPODA.,Gasteropoda,910,922,5.48,1,NO_ANNOT,,,Exact,0,"Gasteropoda Gray, 1847",Gasteropoda,urn:lsid:irmng.org:taxname:1447446,181,IRMNG,
9,Metulella,Metulella,934,943,6.20,1,NO_ANNOT,,,Exact,0,"Metulella Gabb, 1873",Metulella,7P8T6,1,Catalogue of Life,
10,M. fusiformis.,M. fusiformis,1449,1463,6.57,2,NO_ANNOT,,,NoMatch,,,,,,,,
11,Glyphostoma,Glyphostoma,1474,1485,5.40,1,NO_ANNOT,,,Exact,0,"Glyphostoma Gabb, 1873",Glyphostoma,7P3WY,1,Catalogue of Life,
12,Defrancia,Defrancia,1518,1527,5.71,1,NO_ANNOT,,,Exact,0,"Defrancia Möller, 1842",Defrancia,urn:lsid:irmng.org:taxname:1299942,181,IRMNG,
13,Defrancia,Defrancia,1631,1640,5.71,1,NO_ANNOT,,,Exact,0,"Defrancia Möller, 1842",Defrancia,urn:lsid:irmng.org:taxname:1299942,181,IRMNG,
14,Metulella,Metulella,1646,1655,6.20,1,NO_ANNOT,,,Exact,0,"Metulella Gabb, 1873",Metulella,7P8T6,1,Catalogue of Life,
15,Metula.,Metula,1665,1672,4.29,1,NO_ANNOT,,,Exact,0,"Metula H. Adams & A. Adams, 1853",Metula,87GRJ,1,Catalogue of Life,
16,G. dentifera,G. dentifera,1690,1702,6.60,2,NO_ANNOT,,,NoMatch,,,,,,,,
17,Cordiera.,Cordiera,1932,1941,4.98,1,NO_ANNOT,,,Exact,0,Cordiera,Cordiera,3TZJ,1,Catalogue of Life,
18,Ectracheliza,Ectracheliza,2010,2022,5.61,1,NO_ANNOT,,,Exact,0,"Ectracheliza Gabb, 1873",Ectracheliza,urn:lsid:irmng.org:taxname:1151000,181,IRMNG,
19,Cominella,Cominella,2299,2308,6.20,1,NO_ANNOT,,,Exact,0,"Cominella Gray, 1850",Cominella,7P268,1,Catalogue of Life,
20,Truncaria.,Truncaria,2313,2323,4.85,1,NO_ANNOT,,,Exact,0,"Truncaria A. Adams & Reeve, 1850",Truncaria,7NGFC,1,Catalogue of Life,
21,Truncaria,Truncaria,2587,2596,4.85,1,NO_ANNOT,,,Exact,0,"Truncaria A. Adams & Reeve, 1850",Truncaria,7NGFC,1,Catalogue of Life,
22,E. truncata,E. truncata,2690,2701,7.41,2,NO_ANNOT,,,NoMatch,,,,,,,,
23,Ancillaria,Ancillaria,2978,2988,5.02,1,NO_ANNOT,,,Exact,0,"Ancillaria Lamarck, 1811",Ancillaria,urn:lsid:marinespecies.org:taxname:203983,9,WoRMS,
24,Dibaphus.,Dibaphus,3053,3062,4.65,1,NO_ANNOT,,,Exact,0,"Dibaphus Philippi, 1847",Dibaphus,urn:lsid:irmng.org:taxname:1437509,181,IRMNG,
25,Olividae,Olividae,3338,3346,4.11,1,NO_ANNOT,,,Exact,0,"Olividae Latreille, 1825",Olividae,7NK53,1,Catalogue of Life,
26,Dibaphus.,Dibaphus,3409,3418,4.65,1,NO_ANNOT,,,Exact,0,"Dibaphus Philippi, 1847",Dibaphus,urn:lsid:irmng.org:taxname:1437509,181,IRMNG,
27,Monoptygma,Monoptygma,3506,3516,5.23,1,NO_ANNOT,,,Exact,0,"Monoptygma Lea, 1833",Monoptygma,7P97Q,1,Catalogue of Life,
28,Milra.,Milra,3599,3605,2.73,1,NO_ANNOT,,,NoMatch,,,,,,,,
29,Dibaphus edentulus,Dibaphus edentulus,3636,3654,11.78,2,NO_ANNOT,,,Exact,0,Dibaphus edentulus Swainson,Dibaphus edentulus,gn_133054,186,MCZbase,
30,Mauritia,Mauritia,3659,3667,5.12,1,NO_ANNOT,,,Exact,0,"Mauritia Troschel, 1863",Mauritia,7P8JY,1,Catalogue of Life,
31,D. edentulus,D. edentulus,3766,3778,6.80,2,NO_ANNOT,,,NoMatch,,,,,,,,
32,Mauritia,Mauritia,3892,3900,5.12,1,NO_ANNOT,,,Exact,0,"Mauritia Troschel, 1863",Mauritia,7P8JY,1,Catalogue of Life,
33,Dibaphus,Dibaphus,4073,4081,4.65,1,NO_ANNOT,,,Exact,0,"Dibaphus Philippi, 1847",Dibaphus,urn:lsid:irmng.org:taxname:1437509,181,IRMNG,
34,P. crassilabra.,P. crassilabra,4266,4281,6.43,2,NO_ANNOT,,,NoMatch,,,,,,,,
35,Iopsis,Iopsis,4294,4300,4.23,1,NO_ANNOT,,,Exact,0,"Iopsis Gabb, 1873",Iopsis,urn:lsid:marinespecies.org:taxname:814658,9,WoRMS,
36,Eulima,Eulima,4908,4914,3.57,1,NO_ANNOT,,,Exact,0,"Eulima Risso, 1826",Eulima,87FYK,1,Catalogue of Life,
37,I. fusiformis.,I. fusiformis,4994,5008,6.57,2,NO_ANNOT,,,NoMatch,,,,,,,,
38,Rostellaria,Rostellaria,5479,5490,5.14,1,NO_ANNOT,,,Exact,0,Rostellaria Nees,Rostellaria,4NY,1,Catalogue of Life,
39,Calyptraphorus.,Calyptraphorus,5517,5532,6.27,1,NO_ANNOT,,,Exact,0,"Calyptraphorus Conrad, 1857",Calyptraphorus,7NZT5,1,Catalogue of Life,
40,Rostellaria,Rostellaria,5737,5748,5.14,1,NO_ANNOT,,,Exact,0,Rostellaria Nees,Rostellaria,4NY,1,Catalogue of Life,
41,Calyptraphorus,Calyptraphorus,5884,5898,6.27,1,NO_ANNOT,,,Exact,0,"Calyptraphorus Conrad, 1857",Calyptraphorus,7NZT5,1,Catalogue of Life,
42,Calyptraphorus,Calyptraphorus,6444,6458,6.27,1,NO_ANNOT,,,Exact,0,"Calyptraphorus Conrad, 1857",Calyptraphorus,7NZT5,1,Catalogue of Life,
43,Tessarolax,Tessarolax,6463,6473,4.35,1,NO_ANNOT,,,Exact,0,"Tessarolax Gabb, 1864",Tessarolax,7PJ87,1,Catalogue of Life,
44,Dolophanes,Dolophanes,6615,6625,3.56,1,NO_ANNOT,,,Exact,0,"Dolophanes Gabb, 1873",Dolophanes,urn:lsid:marinespecies.org:taxname:598108,9,WoRMS,
45,Melania.,Melania,6922,6930,3.62,1,NO_ANNOT,,,Exact,0,"Melania Caziot, 1910",Melania,urn:lsid:irmng.org:taxname:1384483,181,IRMNG,
46,Struthiolaria,Struthiolaria,7028,7041,5.46,1,NO_ANNOT,,,Exact,0,"Struthiolaria Lamarck, 1816",Struthiolaria,7PHNB,1,Catalogue of Life,
47,Struthiolaria,Struthiolaria,7219,7232,5.46,1,NO_ANNOT,,,Exact,0,"Struthiolaria Lamarck, 1816",Struthiolaria,7PHNB,1,Catalogue of Life,
48,D. melanoides.,D. melanoides,7382,7396,6.10,2,NO_ANNOT,,,NoMatch,,,,,,,,
49,Achatina.,Achatina,7764,7773,3.96,1,NO_ANNOT,,,Exact,0,"Achatina Lamarck, 1799",Achatina,7NMQS,1,Catalogue of Life,
50,A. oryza,A. oryza,7774,7782,3.61,2,NO_ANNOT,,,NoMatch,,,,,,,,
51,Cylichnella,Cylichnella,7799,7810,6.49,1,NO_ANNOT,,,Exact,0,"Cylichnella Gabb, 1873",Cylichnella,7NV5F,1,Catalogue of Life,
52,Cylichna,Cylichna,7968,7976,4.29,1,NO_ANNOT,,,Exact,0,"Cylichna Lovén, 1846",Cylichna,7NV5C,1,Catalogue of Life,
53,Cylichna.,Cylichna,8147,8156,4.29,1,NO_ANNOT,,,Exact,0,"Cylichna Lovén, 1846",Cylichna,7NV5C,1,Catalogue of Life,
54,C. bidentata.,C. bidentata,8157,8170,7.57,2,NO_ANNOT,,,NoMatch,,,,,,,,
55,Bulla bidentata,Bulla bidentata,8178,8193,11.88,2,NO_ANNOT,,,Exact,0,"Bulla bidentata d'Orbigny, 1841",Bulla bidentata,NTQP,1,Catalogue of Life,
56,Utriculus bidentatus,Utriculus bidentatus,8233,8253,13.76,2,NO_ANNOT,,,PartialExact,0,"Utriculus Schumacher, 1817",Utriculus,urn:lsid:marinespecies.org:taxname:574459,9,WoRMS,
57,ACEPHALA.,Acephala,8289,8298,5.13,1,NO_ANNOT,,,Exact,0,Acephala,Acephala,MLB,1,Catalogue of Life,
58,Corbula,Corbula,8360,8367,4.59,1,NO_ANNOT,,,Exact,0,"Corbula Bruguière, 1797",Corbula,87F85,1,Catalogue of Life,
59,Corbula,Corbula,8573,8580,4.59,1,NO_ANNOT,,,Exact,0,"Corbula Bruguière, 1797",Corbula,87F85,1,Catalogue of Life,
60,Corbula,Corbula,8770,8777,4.59,1,NO_ANNOT,,,Exact,0,"Corbula Bruguière, 1797",Corbula,87F85,1,Catalogue of Life,
61,Pholadomya,Pholadomya,8946,8956,4.63,1,NO_ANNOT,,,Exact,0,"Pholadomya G. B. Sowerby I, 1823",Pholadomya,7PCG3,1,Catalogue of Life,
62,Pholadomya,Pholadomya,9234,9244,4.63,1,NO_ANNOT,,,Exact,0,"Pholadomya G. B. Sowerby I, 1823",Pholadomya,7PCG3,1,Catalogue of Life,
63,Pholadomya.,Pholadomya,9617,9628,4.63,1,NO_ANNOT,,,Exact,0,"Pholadomya G. B. Sowerby I, 1823",Pholadomya,7PCG3,1,Catalogue of Life,
64,JV.␤quadrata,Jv. quadrata,9629,9641,7.41,2,NO_ANNOT,,,NoMatch,,,,,,,,
65,P. humilis.,P. humilis,14392,14403,6.61,2,NO_ANNOT,,,NoMatch,,,,,,,,
66,P. paludosus,P. paludosus,14493,14505,6.77,2,NO_ANNOT,,,NoMatch,,,,,,,,
67,Uintacyon edax.,Uintacyon edax,14663,14678,7.22,2,NO_ANNOT,,,Exact,0,Uintacyon edax (Leidy 1872),Uintacyon edax,52554,172,PaleoBioDB,
68,Uintacyon vorax.,Uintacyon vorax,15892,15908,8.16,2,NO_ANNOT,,,Exact,0,Uintacyon vorax (Leidy 1872),Uintacyon vorax,52563,172,PaleoBioDB,
69,Chameleo pristinus.,Chameleo pristinus,16140,16159,10.76,2,NO_ANNOT,,,Exact,0,Chameleo pristinus (Leidy 1872),Chameleo pristinus,400092,172,PaleoBioDB,
70,Konig.,Konig,16390,16396,2.73,1,NO_ANNOT,,,Exact,0,Konig Adans.,Konig,12711-1,167,IPNI,
71,LeConte,Leconte,18941,18948,3.57,1,NO_ANNOT,,,Exact,0,Hypaetha (Leconte ),Leconte,4247785,168,ION,
72,Agathaumas sylvestris,Agathaumas sylvestris,19162,19183,10.85,2,NO_ANNOT,,,Exact,0,Agathaumas sylvestris Cope 1872,Agathaumas sylvestris,53039,172,PaleoBioDB,
73,Bathmodon,Bathmodon,19908,19917,4.18,1,NO_ANNOT,,,Exact,0,"Bathmodon Cope, 1872",Bathmodon,urn:lsid:irmng.org:taxname:1315879,181,IRMNG,
74,Erisichthe.,Erisichthe,24592,24603,4.88,1,NO_ANNOT,,,Exact,0,"Erisichthe Cope, 1872",Erisichthe,urn:lsid:irmng.org:taxname:1149986,181,IRMNG,
75,Portheus,Portheus,24634,24642,5.52,1,NO_ANNOT,,,Exact,0,"Portheus Cope, 1871",Portheus,urn:lsid:irmng.org:taxname:1305803,181,IRMNG,
76,Ichthyodectes,Ichthyodectes,24647,24660,4.00,1,NO_ANNOT,,,Exact,0,"Ichthyodectes Cope, 1870",Ichthyodectes,urn:lsid:irmng.org:taxname:1053043,181,IRMNG,
77,Portheus,Portheus,24868,24876,5.52,1,NO_ANNOT,,,Exact,0,"Portheus Cope, 1871",Portheus,urn:lsid:irmng.org:taxname:1305803,181,IRMNG,
78,Saurocephalus.,Saurocephalus,24994,25008,6.54,1,NO_ANNOT,,,Exact,0,"Saurocephalus Harlan, 1824",Saurocephalus,urn:lsid:irmng.org:taxname:1325974,181,IRMNG,
79,Erisichthe nitida,Erisichthe nitida,25040,25057,11.25,2,NO_ANNOT,,,Exact,0,Erisichthe nitida (Cope 1873),Erisichthe nitida,125062,172,PaleoBioDB,
80,Portheus angulatus,Portheus angulatus,25563,25581,13.24,2,NO_ANNOT,,,Exact,0,Portheus angulatus (Cope 1872),Portheus angulatus,142484,172,PaleoBioDB,
81,Erisichthe,Erisichthe,25617,25627,4.88,1,NO_ANNOT,,,Exact,0,"Erisichthe Cope, 1872",Erisichthe,urn:lsid:irmng.org:taxname:1149986,181,IRMNG,
82,E. nitida,E. nitida,25653,25662,6.04,2,NO_ANNOT,,,NoMatch,,,,,,,,
83,Saurocephalus,Saurocephalus,25899,25912,6.54,1,NO_ANNOT,,,Exact,0,"Saurocephalus Harlan, 1824",Saurocephalus,urn:lsid:irmng.org:taxname:1325974,181,IRMNG,
84,Megaptera be.llicosa,Megaptera be�llicosa,30000,30020,7.91,2,NO_ANNOT,,,Fuzzy,1,"Megaptera bellicosa Cope, 1871",Megaptera bellicosa,urn:lsid:marinespecies.org:taxname:383696,9,WoRMS,
85,Haliaet'us leucocephalus.,Haliaet�us leucocephalus,30458,30483,5.28,2,NO_ANNOT,,,Fuzzy,1,Haliaetus leucocephalus,Haliaetus leucocephalus,230742,183,Sherborn Index Animalium,
86,H. palliatus,H. palliatus,30526,30538,7.39,2,NO_ANNOT,,,NoMatch,,,,,,,,
87,Mergulus,Mergulus,30543,30551,5.75,1,NO_ANNOT,,,Exact,0,"Mergulus Linnaeus, 1766",Mergulus,urn:lsid:irmng.org:taxname:1390025,181,IRMNG,
88,Ardea ludoviciana,Ardea ludoviciana,30628,30645,12.15,2,NO_ANNOT,,,Exact,0,Ardea ludoviciana,Ardea ludoviciana,32467,183,Sherborn Index Animalium,
89,Larus,Larus,30646,30651,4.57,1,NO_ANNOT,,,Exact,0,"Larus Linnaeus, 1758",Larus,62XFH,1,Catalogue of Life,
90,Mergulus alle,Mergulus alle,30667,30680,5.56,2,NO_ANNOT,,,Exact,0,Mergulus alle,Mergulus alle,73615,183,Sherborn Index Animalium,
91,Pelecanus fuscus,Pelecanus fuscus,30739,30755,12.28,2,NO_ANNOT,,,Exact,0,Pelecanus fuscus,Pelecanus fuscus,23815,183,Sherborn Index Animalium,
92,Querquedula discors,Querquedula discors,30764,30783,9.27,2,NO_ANNOT,,,Exact,0,Querquedula discors (Linnaeus 1766),Querquedula discors,368712,172,PaleoBioDB,
93,Pipilo erythrophthalmus,Pipilo erythrophthalmus,30921,30944,8.95,2,NO_ANNOT,,,Exact,0,"Pipilo erythrophthalmus (Linnaeus, 1758)",Pipilo erythrophthalmus,4J6J5,1,Catalogue of Life,
94,Sturhus vulgaris,Sturhus vulgaris,30999,31015,5.17,2,NO_ANNOT,,,Fuzzy,1,Sturvus vulgaris,Sturvus vulgaris,2564140,168,ION,
95,Lanius rufus,Lanius rufus,31020,31032,7.82,2,NO_ANNOT,,,Exact,0,Lanius rufus,Lanius rufus,49585,183,Sherborn Index Animalium,
96,Cinclus aquaticus,Cinclus aquaticus,31033,31050,12.67,2,NO_ANNOT,,,Exact,0,"Cinclus aquaticus Bechstein, 1797",Cinclus aquaticus,urn:lsid:marinespecies.org:taxname:1437138,9,WoRMS,
97,Chrysornitris pinus,Chrysornitris pinus,31070,31089,5.45,2,NO_ANNOT,,,NoMatch,,,,,,,,
98,Mecistura caadata,Mecistura caadata,31090,31107,8.00,2,NO_ANNOT,,,Fuzzy,1,Mecistura caudata,Mecistura caudata,4160550,168,ION,
99,Parus,Parus,31108,31113,4.57,1,NO_ANNOT,,,Exact,0,"Parus Linnaeus, 1758",Parus,6J9Z,1,Catalogue of Life,
100,Iluscicapa griseola,Iluscicapa griseola,31119,31138,5.30,2,NO_ANNOT,,,NoMatch,,,,,,,,
101,Fringilla montifringilla,Fringilla montifringilla,31155,31179,13.73,2,NO_ANNOT,,,Exact,0,"Fringilla montifringilla Linnaeus, 1758",Fringilla montifringilla,6JPSG,1,Catalogue of Life,
102,Coccothraustes vulgaris,Coccothraustes vulgaris,31191,31214,11.29,2,NO_ANNOT,,,Exact,0,Coccothraustes vulgaris,Coccothraustes vulgaris,407846,183,Sherborn Index Animalium,
103,Erythraca familiaris,Erythraca familiaris,31221,31241,11.64,2,NO_ANNOT,,,PartialExact,0,"Erythraca Baird, 1864",Erythraca,urn:lsid:irmng.org:taxname:1394621,181,IRMNG,
104,Regains cristalus,Regains cristalus,31242,31259,2.19,2,NO_ANNOT,,,NoMatch,,,,,,,,
105,Troglodytes,Troglodytes,31281,31292,3.67,1,NO_ANNOT,,,Exact,0,"Troglodytes Vieillot, 1809",Troglodytes,647TW,1,Catalogue of Life,
106,Exocetus obtusirostris,Exocetus obtusirostris,31729,31751,12.86,2,NO_ANNOT,,,Fuzzy,1,"Exocoetus obtusirostris Günther, 1866",Exocoetus obtusirostris,3DN99,1,Catalogue of Life,
107,Mygale,Mygale,33087,33093,3.34,1,NO_ANNOT,,,Exact,0,"Mygale Latreille in Sonnini, 1802",Mygale,urn:lsid:irmng.org:taxname:1346921,181,IRMNG,
108,Baptemys wyomingensis,Baptemys wyomingensis,33588,33609,12.90,2,NO_ANNOT,,,Exact,0,Baptemys wyomingensis (Leidy 1870),Baptemys wyomingensis,96556,172,PaleoBioDB,
109,Trionyx uintaensis,Trionyx uintaensis,33812,33830,11.67,2,NO_ANNOT,,,Exact,0,Trionyx uintaensis (Cope 1873),Trionyx uintaensis,243529,172,PaleoBioDB,
110,Ichthyosaurus,Ichthyosaurus,34623,34636,6.05,1,NO_ANNOT,,,Exact,0,"Ichthyosaurus König, 1818",Ichthyosaurus,urn:lsid:irmng.org:taxname:1197374,181,IRMNG,
111,Eschrichtius,Eschrichtius,34914,34926,5.51,1,NO_ANNOT,,,Exact,0,"Eschrichtius Gray, 1864",Eschrichtius,62S4J,1,Catalogue of Life,
112,Macrosaurus,Macrosaurus,35002,35013,5.72,1,NO_ANNOT,,,Exact,0,"Macrosaurus Barkas, 1873",Macrosaurus,urn:lsid:irmng.org:taxname:1376904,181,IRMNG,
113,Orthoceratite,Orthoceratite,35355,35368,1.68,1,NO_ANNOT,,,NoMatch,,,,,,,,
114,Larix,Larix,35547,35552,4.27,1,NO_ANNOT,,,Exact,0,Larix,Larix,639D7,1,Catalogue of Life,
115,Lemna,Lemna,35636,35641,3.91,1,NO_ANNOT,,,Exact,0,Lemna,Lemna,5C5P,1,Catalogue of Life,
116,Polycystina,Polycystina,43307,43318,4.42,1,NO_ANNOT,,,Exact,0,Polycystina,Polycystina,GT,1,Catalogue of Life,
117,Bulimus aureolas,Bulimus aureolas,44838,44854,6.36,2,NO_ANNOT,,,Fuzzy,1,"Bulimus aureolus Guppy, 1866",Bulimus aureolus,7QFYX,1,Catalogue of Life,
118,Ancylus,Ancylus,44886,44893,5.50,1,NO_ANNOT,,,Exact,0,"Ancylus O. F. Müller, 1773",Ancylus,87D9W,1,Catalogue of Life,
119,Acmaea,Acmaea,45050,45056,4.98,1,NO_ANNOT,,,Exact,0,"Acmaea Eschscholtz, 1833",Acmaea,7NMSC,1,Catalogue of Life,
120,Carelia extincta,Carelia extincta,45226,45242,10.81,2,NO_ANNOT,,,Exact,0,"Carelia extincta Hyatt & Pilsbry, 1911",Carelia extincta,877TB,1,Catalogue of Life,
121,Fusus,Fusus,45307,45312,3.45,1,NO_ANNOT,,,Exact,0,"Fusus Röding, 1798",Fusus,urn:lsid:irmng.org:taxname:1297458,181,IRMNG,
122,Purpura lapillus,Purpura lapillus,45325,45341,10.66,2,NO_ANNOT,,,Exact,0,"Purpura lapillus (Linnaeus, 1758)",Purpura lapillus,6WP4L,1,Catalogue of Life,
123,Cylindrella,Cylindrella,45492,45503,6.49,1,NO_ANNOT,,,Exact,0,"Cylindrella L. Pfeiffer, 1840",Cylindrella,7P2NV,1,Catalogue of Life,
