Index,Verbatim,Name,Start,End,OddsLog10,Cardinality,AnnotNomenType,WordsBefore,WordsAfter,VerifMatchType,VerifEditDistance,VerifMatchedName,VerifMatchedCanonical,VerifTaxonId,VerifDataSourceId,VerifDataSourceTitle,VerifError
0,Urosalpinx perrugatus,Urosalpinx perrugatus,238,259,12.29,2,NO_ANNOT,,,Exact,0,Urosalpinx perrugatus (Conrad 1846),Urosalpinx perrugatus,135223,172,PaleoBioDB,
1,Arenicola cristata,Arenicola cristata,1066,1084,13.42,2,NO_ANNOT,,,Exact,0,"Arenicola cristata Stimpson, 1856",Arenicola cristata,GFHW,1,Catalogue of Life,
2,Echinoderms,Echinoderms,1103,1114,1.26,1,NO_ANNOT,,,Exact,0,Echinoderms,Echinoderms,3926528,168,ION,
3,Entozoa,Entozoa,1417,1424,1.55,1,NO_ANNOT,,,Exact,0,Entozoa,Entozoa,4158625,168,ION,
4,Mammalia,Mammalia,1551,1559,2.77,1,NO_ANNOT,,,Exact,0,"Mammalia Linnaeus, 1758",Mammalia,6224G,1,Catalogue of Life,
5,Aerope,Aerope,1598,1604,2.10,1,NO_ANNOT,,,Exact,0,Aerope (Endl.) Rchb.,Aerope,5T5BS,1,Catalogue of Life,
6,Trochida,Trochida,1747,1755,2.20,1,NO_ANNOT,,,Exact,0,Trochida,Trochida,49K,1,Catalogue of Life,
7,Notes,Notes,1834,1839,2.52,1,NO_ANNOT,,,Exact,0,Notes,Notes,3950760,168,ION,
8,Myxomycetes,Myxomycetes,1973,1984,3.67,1,NO_ANNOT,,,Exact,0,Myxomycetes,Myxomycetes,F2,1,Catalogue of Life,
9,Lycosidae.,Lycosidae,2408,2418,4.28,1,NO_ANNOT,,,Exact,0,Lycosidae,Lycosidae,C9K,1,Catalogue of Life,
10,Aerope caffra,Aerope caffra,5163,5176,6.17,2,NO_ANNOT,,,Exact,0,"Aerope caffra Férussac, 1821",Aerope caffra,gn_46030,186,MCZbase,
11,Urosalpinx perrugatus,Urosalpinx perrugatus,5378,5399,12.29,2,NO_ANNOT,,,Exact,0,Urosalpinx perrugatus (Conrad 1846),Urosalpinx perrugatus,135223,172,PaleoBioDB,
12,Cephalotes peroni,Cephalotes peroni,9020,9037,9.67,2,NO_ANNOT,,,Exact,0,"Cephalotes peroni E. Geoffroy, 1810",Cephalotes peroni,gn_134751,186,MCZbase,
13,Cynopterus marginatus.,Cynopterus marginatus,9042,9064,13.43,2,NO_ANNOT,,,Exact,0,"Cynopterus marginatus E. Geoffroy, 1810",Cynopterus marginatus,20399,174,Mammal Species of the World,
14,Cynopterus marginatns,Cynopterus marginatns,10282,10303,10.42,2,NO_ANNOT,,,PartialExact,0,"Cynopterus F. Cuvier, 1824",Cynopterus,3YL6,1,Catalogue of Life,
15,Cynopterus,Cynopterus,11189,11199,5.60,1,NO_ANNOT,,,Exact,0,"Cynopterus F. Cuvier, 1824",Cynopterus,3YL6,1,Catalogue of Life,
16,Harpyia,Harpyia,11254,11261,5.00,1,NO_ANNOT,,,Exact,0,Harpyia,Harpyia,62TST,1,Catalogue of Life,
17,Pteropus,Pteropus,11291,11299,5.73,1,NO_ANNOT,,,Exact,0,"Pteropus Brisson, 1762",Pteropus,64365,1,Catalogue of Life,
18,Cephalotes,Cephalotes,11347,11357,3.55,1,NO_ANNOT,,,Exact,0,"Cephalotes Latreille, 1802",Cephalotes,3KHW,1,Catalogue of Life,
19,Cephalotes,Cephalotes,11577,11587,3.55,1,NO_ANNOT,,,Exact,0,"Cephalotes Latreille, 1802",Cephalotes,3KHW,1,Catalogue of Life,
20,P. capistratus,P. capistratus,12677,12691,7.81,2,NO_ANNOT,,,NoMatch,,,,,,,,
21,Epomophorus,Epomophorus,13005,13016,5.72,1,NO_ANNOT,,,Exact,0,"Epomophorus Bennett, 1836",Epomophorus,4DJF,1,Catalogue of Life,
22,Pteropus,Pteropus,13315,13323,5.73,1,NO_ANNOT,,,Exact,0,"Pteropus Brisson, 1762",Pteropus,64365,1,Catalogue of Life,
23,Molossus,Molossus,13791,13799,4.14,1,NO_ANNOT,,,Exact,0,"Molossus E. Geoffroy, 1805",Molossus,63BKR,1,Catalogue of Life,
24,Pteropus edwardsii.,Pteropus edwardsii,14091,14110,12.64,2,NO_ANNOT,,,Exact,0,Pteropus edwardsii,Pteropus edwardsii,154452,183,Sherborn Index Animalium,
25,Pteropus vulgaris.,Pteropus vulgaris,15568,15586,12.80,2,NO_ANNOT,,,Exact,0,"Pteropus vulgaris Temminck, 1837",Pteropus vulgaris,20954,174,Mammal Species of the World,
26,Pteropus rubricollis.,Pteropus rubricollis,17039,17060,13.45,2,NO_ANNOT,,,Exact,0,"Pteropus rubricollis E. Geoffroy, 1810",Pteropus rubricollis,20952,174,Mammal Species of the World,
27,P. vulgaris,P. vulgaris,18010,18021,6.74,2,NO_ANNOT,,,NoMatch,,,,,,,,
28,P. vulgaris,P. vulgaris,18569,18580,6.74,2,NO_ANNOT,,,NoMatch,,,,,,,,
29,P. edwardsii,P. edwardsii,19259,19271,6.58,2,NO_ANNOT,,,NoMatch,,,,,,,,
30,P. vulgaris,P. vulgaris,19272,19283,6.74,2,NO_ANNOT,,,NoMatch,,,,,,,,
31,P. rubricollis,P. rubricollis,19284,19298,7.39,2,NO_ANNOT,,,NoMatch,,,,,,,,
32,P. rubricollis,P. rubricollis,19744,19758,7.39,2,NO_ANNOT,,,NoMatch,,,,,,,,
33,Pteropus edulis.,Pteropus edulis,19920,19936,12.38,2,NO_ANNOT,,,Exact,0,"Pteropus edulis E. Geoffroy, 1810",Pteropus edulis,4Q2ZB,1,Catalogue of Life,
34,Pteropus medius.,Pteropus medius,23227,23243,8.59,2,NO_ANNOT,,,Exact,0,"Pteropus medius Temminck, 1825",Pteropus medius,7WP9Q,1,Catalogue of Life,
35,Pteropus poliocephalus.,Pteropus poliocephalus,25556,25579,13.21,2,NO_ANNOT,,,Exact,0,"Pteropus poliocephalus Temminck, 1825",Pteropus poliocephalus,4Q33H,1,Catalogue of Life,
36,Pteropus melanopogon.,Pteropus melanopogon,27291,27312,11.26,2,NO_ANNOT,,,Exact,0,"Pteropus melanopogon Peters, 1867",Pteropus melanopogon,6WLTB,1,Catalogue of Life,
37,P. medins,P. medins,29745,29754,2.60,2,NO_ANNOT,,,NoMatch,,,,,,,,
38,P. vulgaris.,P. vulgaris,33783,33795,6.74,2,NO_ANNOT,,,NoMatch,,,,,,,,
39,P. capistratus.,P. capistratus,34046,34061,7.81,2,NO_ANNOT,,,NoMatch,,,,,,,,
40,Pteropus capistratus.,Pteropus capistratus,34261,34282,13.87,2,NO_ANNOT,,,Exact,0,"Pteropus capistratus Peters, 1876",Pteropus capistratus,4Q2YW,1,Catalogue of Life,
41,P. vulgaris.,P. vulgaris,35628,35640,6.74,2,NO_ANNOT,,,NoMatch,,,,,,,,
42,P. melanopogon.,P. melanopogon,36468,36483,5.20,2,NO_ANNOT,,,NoMatch,,,,,,,,
43,Cephalotes peronii.,Cephalotes peronii,36709,36728,10.39,2,NO_ANNOT,,,Exact,0,"Cephalotes peronii E. Geoffroy, 1810",Cephalotes peronii,5XJSD,1,Catalogue of Life,
44,Harpyia major.,Harpyia major,38895,38909,5.93,2,NO_ANNOT,,,Exact,0,"Harpyia major Dobson, 1877",Harpyia major,6LFQW,1,Catalogue of Life,
45,Cynopterus marginatus.,Cynopterus marginatus,39755,39777,13.43,2,NO_ANNOT,,,Exact,0,"Cynopterus marginatus E. Geoffroy, 1810",Cynopterus marginatus,20399,174,Mammal Species of the World,
46,Pteropodidae,Pteropodidae,41632,41644,4.81,1,NO_ANNOT,,,Exact,0,"Pteropodidae Gray, 1821",Pteropodidae,FDD,1,Catalogue of Life,
47,Chalinolohus,Chalinolohus,41910,41922,5.35,1,NO_ANNOT,,,NoMatch,,,,,,,,
48,Atalapha cinerea,Atalapha cinerea,42016,42032,10.46,2,NO_ANNOT,,,Exact,0,"Atalapha cinerea Palisot de Beauvois, 1796",Atalapha cinerea,gn_118989,186,MCZbase,
49,Pteropus.,Pteropus,42194,42203,5.73,1,NO_ANNOT,,,Exact,0,"Pteropus Brisson, 1762",Pteropus,64365,1,Catalogue of Life,
50,Atalapha noveboracensis,Atalapha noveboracensis,42220,42243,13.30,2,NO_ANNOT,,,Exact,0,"Atalapha noveboracensis (Erxleben, 1777)",Atalapha noveboracensis,gn_156395,186,MCZbase,
51,Artibeus,Artibeus,42435,42443,5.52,1,NO_ANNOT,,,Exact,0,"Artibeus Leach, 1821",Artibeus,62CJH,1,Catalogue of Life,
52,Carollia,Carollia,42448,42456,4.39,1,NO_ANNOT,,,Exact,0,"Carollia Gray, 1838",Carollia,3HRJ,1,Catalogue of Life,
53,Artibeus,Artibeus,42601,42609,5.52,1,NO_ANNOT,,,Exact,0,"Artibeus Leach, 1821",Artibeus,62CJH,1,Catalogue of Life,
54,Chilonyderis davyi,Chilonyderis davyi,42704,42722,2.83,2,NO_ANNOT,,,NoMatch,,,,,,,,
55,Cephalotes,Cephalotes,42760,42770,3.55,1,NO_ANNOT,,,Exact,0,"Cephalotes Latreille, 1802",Cephalotes,3KHW,1,Catalogue of Life,
56,Notopteris.,Notopteris,42775,42786,5.22,1,NO_ANNOT,,,Exact,0,"Notopteris Gray, 1859",Notopteris,65J2,1,Catalogue of Life,
57,Vesperugo lasiopterus,Vesperugo lasiopterus,42790,42811,10.97,2,NO_ANNOT,,,PartialExact,0,"Vesperugo Keyserling & Blasius, 1830",Vesperugo,urn:lsid:irmng.org:taxname:1211949,181,IRMNG,
58,Noctilio,Noctilio,43439,43447,4.59,1,NO_ANNOT,,,Exact,0,"Noctilio Linnaeus, 1766",Noctilio,64KW,1,Catalogue of Life,
59,Synotus,Synotus,43570,43577,5.03,1,NO_ANNOT,,,Exact,0,"Synotus Keyserling & Blasius, 1839",Synotus,urn:lsid:irmng.org:taxname:1412435,181,IRMNG,
60,Molossus rufus,Molossus rufus,43599,43613,7.69,2,NO_ANNOT,,,Exact,0,"Molossus rufus E. Geoffroy, 1805",Molossus rufus,43YJ8,1,Catalogue of Life,
61,Miniopteris schreibersii.,Miniopteris schreibersii,43808,43833,12.58,2,NO_ANNOT,,,Exact,0,Miniopteris schreibersii,Miniopteris schreibersii,5555346,179,Open Tree of Life,
62,Pupidae,Pupidae,44884,44891,3.87,1,NO_ANNOT,,,Exact,0,"Pupidae Kuroda, 1941",Pupidae,urn:lsid:marinespecies.org:taxname:510964,9,WoRMS,
63,Vertigo callosa,Vertigo callosa,45076,45091,9.31,2,SP_NOV,,,Exact,0,"Vertigo callosa Reuss in Reuss & Meyer, 1849",Vertigo callosa,7FRKX,1,Catalogue of Life,
64,V. gouldii,V. gouldii,45167,45177,6.00,2,NO_ANNOT,,,NoMatch,,,,,,,,
65,V. gouldii,V. gouldii,45505,45515,6.00,2,NO_ANNOT,,,NoMatch,,,,,,,,
66,V. callosa,V. callosa,46446,46456,6.78,2,NO_ANNOT,,,NoMatch,,,,,,,,
67,V. gouldii milium,V. gouldii milium,47480,47497,7.37,3,NO_ANNOT,,,NoMatch,,,,,,,,
68,V. pygmaea,V. pygmaea,47941,47951,5.67,2,NO_ANNOT,,,NoMatch,,,,,,,,
69,V. gouldii,V. gouldii,48602,48612,6.00,2,NO_ANNOT,,,NoMatch,,,,,,,,
70,Vertigo binneyana,Vertigo binneyana,48835,48852,9.29,2,SP_NOV,,,Exact,0,"Vertigo binneyana Sterki, 1890",Vertigo binneyana,7TLHG,1,Catalogue of Life,
71,Vertigo oscariana,Vertigo oscariana,50177,50194,9.29,2,SP_NOV,,,Exact,0,"Vertigo oscariana Sterki, 1890",Vertigo oscariana,5B9BS,1,Catalogue of Life,
72,P. corticaria,P. corticaria,51541,51554,5.99,2,NO_ANNOT,,,NoMatch,,,,,,,,
73,V. tridentata,V. tridentata,52277,52290,7.68,2,NO_ANNOT,,,NoMatch,,,,,,,,
74,V. tridentata.,V. tridentata,52484,52498,7.68,2,SP_NOV,,,NoMatch,,,,,,,,
75,Vertigo rugosula,Vertigo rugosula,52499,52515,9.03,2,SP_NOV,,,Exact,0,"Vertigo rugosula Sterki, 1890",Vertigo rugosula,7TLM9,1,Catalogue of Life,
76,V. ovata,V. ovata,52536,52544,6.41,2,NO_ANNOT,,,NoMatch,,,,,,,,
77,Pupa rupicola,Pupa rupicola,53452,53465,7.96,2,NO_ANNOT,,,Exact,0,"Pupa rupicola Say, 1821",Pupa rupicola,7SWP2,1,Catalogue of Life,
78,Volusia,Volusia,53874,53881,3.64,1,NO_ANNOT,,,Exact,0,"Volusia Hulst, 1890",Volusia,urn:lsid:irmng.org:taxname:1419508,181,IRMNG,
79,V. ovata,V. ovata,54387,54395,6.41,2,NO_ANNOT,,,NoMatch,,,,,,,,
80,Mammalia.,Mammalia,55216,55225,2.77,1,NO_ANNOT,,,Exact,0,"Mammalia Linnaeus, 1758",Mammalia,6224G,1,Catalogue of Life,
81,Arenicola cristata,Arenicola cristata,55257,55275,13.42,2,NO_ANNOT,,,Exact,0,"Arenicola cristata Stimpson, 1856",Arenicola cristata,GFHW,1,Catalogue of Life,
82,Stemonitis.,Stemonitis,57391,57402,5.98,1,NO_ANNOT,,,Exact,0,Stemonitis,Stemonitis,7MCG,1,Catalogue of Life,
83,Stemonitis,Stemonitis,57751,57761,5.98,1,NO_ANNOT,,,Exact,0,Stemonitis,Stemonitis,7MCG,1,Catalogue of Life,
84,Stemonitis,Stemonitis,58152,58162,5.98,1,NO_ANNOT,,,Exact,0,Stemonitis,Stemonitis,7MCG,1,Catalogue of Life,
85,Stemonitis,Stemonitis,58218,58228,5.98,1,NO_ANNOT,,,Exact,0,Stemonitis,Stemonitis,7MCG,1,Catalogue of Life,
86,Stemonitis,Stemonitis,59099,59109,5.98,1,NO_ANNOT,,,Exact,0,Stemonitis,Stemonitis,7MCG,1,Catalogue of Life,
87,Stemonitis,Stemonitis,59267,59277,5.98,1,NO_ANNOT,,,Exact,0,Stemonitis,Stemonitis,7MCG,1,Catalogue of Life,
88,Graptolites,Graptolites,61499,61510,3.67,1,NO_ANNOT,,,Exact,0,"Graptolites Emmons, 1842",Graptolites,urn:lsid:irmng.org:taxname:1419922,181,IRMNG,
89,Bryozoa,Bryozoa,62102,62109,3.17,1,NO_ANNOT,,,Exact,0,Bryozoa,Bryozoa,622CG,1,Catalogue of Life,
90,Crustacea,Crustacea,62221,62230,4.98,1,NO_ANNOT,,,Exact,0,"Crustacea Brünnich, 1772",Crustacea,83677,3,ITIS,
91,AEROPE,Aerope,63986,63992,2.10,1,NO_ANNOT,,,Exact,0,Aerope (Endl.) Rchb.,Aerope,5T5BS,1,Catalogue of Life,
92,Aerope,Aerope,64225,64231,2.10,1,NO_ANNOT,,,Exact,0,Aerope (Endl.) Rchb.,Aerope,5T5BS,1,Catalogue of Life,
93,A. caffra,A. caffra,64280,64289,3.74,2,NO_ANNOT,,,NoMatch,,,,,,,,
94,A. caffra,A. caffra,64447,64456,3.74,2,NO_ANNOT,,,NoMatch,,,,,,,,
95,A. caffra,A. caffra,65930,65939,3.74,2,NO_ANNOT,,,NoMatch,,,,,,,,
96,Aerope,Aerope,66032,66038,2.10,1,NO_ANNOT,,,Exact,0,Aerope (Endl.) Rchb.,Aerope,5T5BS,1,Catalogue of Life,
97,Glandina,Glandina,66382,66390,3.96,1,NO_ANNOT,,,Exact,0,"Glandina Schumacher, 1817",Glandina,urn:lsid:irmng.org:taxname:1434129,181,IRMNG,
98,A. caffra,A. caffra,66764,66773,3.74,2,NO_ANNOT,,,NoMatch,,,,,,,,
99,Agnatha,Agnatha,67101,67108,3.01,1,NO_ANNOT,,,Exact,0,"Agnatha Cope, 1889",Agnatha,urn:lsid:marinespecies.org:taxname:1829,9,WoRMS,
100,Toxoglossa,Toxoglossa,67204,67214,3.29,1,NO_ANNOT,,,Exact,0,"Toxoglossa Troschel, 1848",Toxoglossa,urn:lsid:marinespecies.org:taxname:866532,9,WoRMS,
101,Aerope caffra,Aerope caffra,67269,67282,6.17,2,NO_ANNOT,,,Exact,0,"Aerope caffra Férussac, 1821",Aerope caffra,gn_46030,186,MCZbase,
102,Agnatha,Agnatha,67383,67390,3.01,1,NO_ANNOT,,,Exact,0,"Agnatha Cope, 1889",Agnatha,urn:lsid:marinespecies.org:taxname:1829,9,WoRMS,
103,Agnatha,Agnatha,67714,67721,3.01,1,NO_ANNOT,,,Exact,0,"Agnatha Cope, 1889",Agnatha,urn:lsid:marinespecies.org:taxname:1829,9,WoRMS,
104,Toxoglossa.,Toxoglossa,67813,67824,3.29,1,NO_ANNOT,,,Exact,0,"Toxoglossa Troschel, 1848",Toxoglossa,urn:lsid:marinespecies.org:taxname:866532,9,WoRMS,
105,Rhytida may,Rhytida may,68623,68634,1.80,2,NO_ANNOT,,,PartialExact,0,"Rhytida Albers, 1860",Rhytida,7PFSN,1,Catalogue of Life,
106,Papa hordeacella,Papa hordeacella,69105,69121,5.14,2,NO_ANNOT,,,PartialExact,0,"Papa S.F. Gray, 1821",Papa,urn:lsid:irmng.org:taxname:1080128,181,IRMNG,
107,P. servilis,P. servilis,69709,69720,6.80,2,NO_ANNOT,,,NoMatch,,,,,,,,
108,P. servilis,P. servilis,70615,70626,6.80,2,NO_ANNOT,,,NoMatch,,,,,,,,
109,P. pellucida,P. pellucida,70701,70713,6.69,2,NO_ANNOT,,,NoMatch,,,,,,,,
110,P. servilis,P. servilis,71144,71155,6.80,2,NO_ANNOT,,,NoMatch,,,,,,,,
111,P. pellucida,P. pellucida,71171,71183,6.69,2,NO_ANNOT,,,NoMatch,,,,,,,,
112,P. hordeacella.,P. hordeacella,71471,71486,7.20,2,NO_ANNOT,,,NoMatch,,,,,,,,
113,Pnjm hordeacea there,Pnjm hordeacea there,72002,72022,0.32,3,NO_ANNOT,,,NoMatch,,,,,,,,
114,P. servilis,P. servilis,72333,72344,6.80,2,NO_ANNOT,,,NoMatch,,,,,,,,
115,P. hordeacella.,P. hordeacella,72348,72363,7.20,2,NO_ANNOT,,,NoMatch,,,,,,,,
116,UROSALPINX,Urosalpinx,72769,72779,4.45,1,NO_ANNOT,,,Exact,0,"Urosalpinx Stimpson, 1865",Urosalpinx,7PKJV,1,Catalogue of Life,
117,Fums perrugatus,Fums perrugatus,72934,72949,3.61,2,NO_ANNOT,,,NoMatch,,,,,,,,
118,F. cinereus,F. cinereus,73281,73292,6.43,2,NO_ANNOT,,,NoMatch,,,,,,,,
119,Gasteropoda,Gasteropoda,73551,73562,5.48,1,NO_ANNOT,,,Exact,0,"Gasteropoda Gray, 1847",Gasteropoda,urn:lsid:irmng.org:taxname:1447446,181,IRMNG,
120,Urosalpinx,Urosalpinx,73651,73661,4.45,1,NO_ANNOT,,,Exact,0,"Urosalpinx Stimpson, 1865",Urosalpinx,7PKJV,1,Catalogue of Life,
121,Urosalpinx perrugatus,Urosalpinx perrugatus,74103,74124,12.29,2,NO_ANNOT,,,Exact,0,Urosalpinx perrugatus (Conrad 1846),Urosalpinx perrugatus,135223,172,PaleoBioDB,
122,Coriphaena lineata,Coriphaena lineata,76155,76173,13.19,2,NO_ANNOT,,,Fuzzy,1,"Coryphaena lineata Gmelin, 1789",Coryphaena lineata,YRZH,1,Catalogue of Life,
123,Gmelin,Gmelin,76786,76792,2.19,1,NO_ANNOT,,,NoMatch,,,,,,,,
124,Coryphcena psittacus,Coryphcena psittacus,76811,76831,6.50,2,NO_ANNOT,,,Fuzzy,1,"Coryphaena psittacus Linnaeus, 1766",Coryphaena psittacus,6B6QP,1,Catalogue of Life,
125,Xyrichthys psittacus.,Xyrichthys psittacus,76900,76921,12.66,2,NO_ANNOT,,,Exact,0,"Xyrichthys psittacus (Linnaeus, 1766)",Xyrichthys psittacus,5CP9G,1,Catalogue of Life,
126,Perca asper,Perca asper,76943,76954,3.34,2,NO_ANNOT,,,Exact,0,"Perca asper Linnaeus, 1758",Perca asper,6V3QX,1,Catalogue of Life,
127,Stizostedion,Stizostedion,76980,76992,3.46,1,NO_ANNOT,,,Exact,0,"Perca (Stizostedion) Rafinesque, 1820",Stizostedion,urn:lsid:marinespecies.org:taxname:151329,9,WoRMS,
128,Perca,Perca,77613,77618,3.73,1,NO_ANNOT,,,Exact,0,Perca,Perca,6L2L,1,Catalogue of Life,
129,Aspro vulgaris,Aspro vulgaris,77629,77643,9.80,2,NO_ANNOT,,,Exact,0,"Aspro vulgaris Cuvier, 1828",Aspro vulgaris,HM94,1,Catalogue of Life,
130,Gmelin.,Gmelin,77647,77654,2.19,1,NO_ANNOT,,,NoMatch,,,,,,,,
131,Trigla minuta,Trigla minuta,77676,77689,9.44,2,NO_ANNOT,,,Exact,0,Trigla minuta,Trigla minuta,36400,183,Sherborn Index Animalium,
132,Trigla minuta,Trigla minuta,77710,77723,9.44,2,NO_ANNOT,,,Exact,0,Trigla minuta,Trigla minuta,36400,183,Sherborn Index Animalium,
133,Gmelin.,Gmelin,77752,77759,2.19,1,NO_ANNOT,,,NoMatch,,,,,,,,
134,Trigla,Trigla,77855,77861,3.57,1,NO_ANNOT,,,Exact,0,Trigla,Trigla,7ZX3,1,Catalogue of Life,
135,Gmelin,Gmelin,78481,78487,2.19,1,NO_ANNOT,,,NoMatch,,,,,,,,
136,Salmo,Salmo,78649,78654,3.60,1,NO_ANNOT,,,Exact,0,Salmo,Salmo,7BWX,1,Catalogue of Life,
137,Salmo nelma,Salmo nelma,78677,78688,7.85,2,NO_ANNOT,,,Exact,0,"Salmo nelma Pallas, 1773",Salmo nelma,79D97,1,Catalogue of Life,
138,Salmo,Salmo,78696,78701,3.60,1,NO_ANNOT,,,Exact,0,Salmo,Salmo,7BWX,1,Catalogue of Life,
139,Stenodus.,Stenodus,78749,78758,4.79,1,NO_ANNOT,,,Exact,0,Stenodus,Stenodus,7MLY,1,Catalogue of Life,
140,Salmo,Salmo,78772,78777,3.60,1,NO_ANNOT,,,Exact,0,Salmo,Salmo,7BWX,1,Catalogue of Life,
141,Salmo taimen,Salmo taimen,78805,78817,8.07,2,NO_ANNOT,,,Exact,0,"Salmo taimen Pallas, 1773",Salmo taimen,6XCYZ,1,Catalogue of Life,
142,Salmo,Salmo,78841,78846,3.60,1,NO_ANNOT,,,Exact,0,Salmo,Salmo,7BWX,1,Catalogue of Life,
143,Brachymystax lenok coregonoides,Brachymystax lenok coregonoides,78940,78971,12.84,3,NO_ANNOT,,,PartialExact,0,"Brachymystax coregonoides (Pallas, 1814)",Brachymystax coregonoides,5X25K,1,Catalogue of Life,
144,Exocojthus exsiliens,Exocojthus exsiliens,79064,79084,5.11,2,NO_ANNOT,,,Fuzzy,1,Exocoethus exsiliens,Exocoethus exsiliens,20132,183,Sherborn Index Animalium,
145,Gmelin,Gmelin,79927,79933,2.19,1,NO_ANNOT,,,NoMatch,,,,,,,,
146,Exoccetus exsiliens.,Exoccetus exsiliens,79937,79957,11.88,2,NO_ANNOT,,,Fuzzy,1,"Exocoetus exsiliens Linnaeus, 1771",Exocoetus exsiliens,3DN86,1,Catalogue of Life,
147,Exoccetus exsiliens,Exoccetus exsiliens,80023,80042,11.88,2,NO_ANNOT,,,Fuzzy,1,"Exocoetus exsiliens Linnaeus, 1771",Exocoetus exsiliens,3DN86,1,Catalogue of Life,
148,Cyprinus rivularis,Cyprinus rivularis,80069,80087,12.83,2,NO_ANNOT,,,Exact,0,"Cyprinus rivularis (Pallas, 1773)",Cyprinus rivularis,33HYD,1,Catalogue of Life,
149,Cyprinus phoxinus,Cyprinus phoxinus,80136,80153,12.67,2,NO_ANNOT,,,Exact,0,"Cyprinus phoxinus Linnaeus, 1758",Cyprinus phoxinus,33HXJ,1,Catalogue of Life,
150,Phoxinus phoxinus.,Phoxinus phoxinus,80164,80182,12.67,2,NO_ANNOT,,,Exact,0,"Phoxinus phoxinus (Linnaeus, 1758)",Phoxinus phoxinus,4GTGC,1,Catalogue of Life,
151,MAMMALIA.,Mammalia,80210,80219,2.77,1,NO_ANNOT,,,Exact,0,"Mammalia Linnaeus, 1758",Mammalia,6224G,1,Catalogue of Life,
152,Pleuraspidotherium,Pleuraspidotherium,80910,80928,5.92,1,NO_ANNOT,,,Exact,0,"Pleuraspidotherium Lemoine, 1878",Pleuraspidotherium,urn:lsid:irmng.org:taxname:1166885,181,IRMNG,
153,Insectivora,Insectivora,81039,81050,6.35,1,NO_ANNOT,,,Exact,0,Insectivora,Insectivora,623CC,1,Catalogue of Life,
154,Ungulata,Ungulata,81188,81196,2.95,1,NO_ANNOT,,,Exact,0,Ungulata (awaiting allocation),Ungulata,urn:lsid:irmng.org:taxname:116575,181,IRMNG,
155,Creodonta.,Creodonta,81201,81211,3.63,1,NO_ANNOT,,,Exact,0,Creodonta,Creodonta,urn:lsid:irmng.org:taxname:12202,181,IRMNG,
156,Mammalia,Mammalia,81632,81640,2.77,1,NO_ANNOT,,,Exact,0,"Mammalia Linnaeus, 1758",Mammalia,6224G,1,Catalogue of Life,
157,Arctocyon.,Arctocyon,81906,81916,3.61,1,NO_ANNOT,,,Exact,0,"Arctocyon de Blainville, 1841",Arctocyon,urn:lsid:irmng.org:taxname:1368636,181,IRMNG,
158,Plesiadapis,Plesiadapis,83038,83049,5.98,1,NO_ANNOT,,,Exact,0,"Plesiadapis Russell, 1964",Plesiadapis,urn:lsid:irmng.org:taxname:1219130,181,IRMNG,
159,Hyracotherium,Hyracotherium,83526,83539,5.90,1,NO_ANNOT,,,Exact,0,"Hyracotherium Owen, 1840",Hyracotherium,urn:lsid:irmng.org:taxname:1273885,181,IRMNG,
160,Arctocyon,Arctocyon,83919,83928,3.61,1,NO_ANNOT,,,Exact,0,"Arctocyon de Blainville, 1841",Arctocyon,urn:lsid:irmng.org:taxname:1368636,181,IRMNG,
161,Palaeonictis.,Palaeonictis,84513,84526,6.34,1,NO_ANNOT,,,Exact,0,"Palaeonictis Blainville, 1842",Palaeonictis,urn:lsid:irmng.org:taxname:1294929,181,IRMNG,
162,Protoadapis.,Protoadapis,84687,84699,5.98,1,NO_ANNOT,,,Exact,0,"Protoadapis Lemoine, 1878",Protoadapis,urn:lsid:irmng.org:taxname:1200031,181,IRMNG,
163,Arctocyon priniaevtis.,Arctocyon priniaevtis,84760,84782,5.76,2,NO_ANNOT,,,PartialExact,0,"Arctocyon de Blainville, 1841",Arctocyon,urn:lsid:irmng.org:taxname:1368636,181,IRMNG,
164,Lemuroidea,Lemuroidea,86074,86084,4.04,1,NO_ANNOT,,,Exact,0,"Lemuroidea Gray, 1821",Lemuroidea,622ZR,1,Catalogue of Life,
165,Puerco astragali.,Puerco astragali,86476,86493,2.45,2,NO_ANNOT,,,NoMatch,,,,,,,,
166,Plesiadapis,Plesiadapis,87748,87759,5.98,1,NO_ANNOT,,,Exact,0,"Plesiadapis Russell, 1964",Plesiadapis,urn:lsid:irmng.org:taxname:1219130,181,IRMNG,
167,Anaptomorphus,Anaptomorphus,87832,87845,5.44,1,NO_ANNOT,,,Exact,0,"Anaptomorphus Cope, 1872",Anaptomorphus,urn:lsid:irmng.org:taxname:1105082,181,IRMNG,
168,Indrodon.,Indrodon,87928,87937,4.01,1,NO_ANNOT,,,Exact,0,"Indrodon Cope, 1884",Indrodon,urn:lsid:irmng.org:taxname:1125470,181,IRMNG,
169,Adapisorex,Adapisorex,87938,87948,5.74,1,NO_ANNOT,,,Exact,0,"Adapisorex Lemoine, 1883",Adapisorex,urn:lsid:irmng.org:taxname:1402261,181,IRMNG,
170,Insectivora.,Insectivora,88059,88071,6.35,1,NO_ANNOT,,,Exact,0,Insectivora,Insectivora,623CC,1,Catalogue of Life,
171,Pleuraspidotherium,Pleuraspidotherium,88072,88090,5.92,1,NO_ANNOT,,,Exact,0,"Pleuraspidotherium Lemoine, 1878",Pleuraspidotherium,urn:lsid:irmng.org:taxname:1166885,181,IRMNG,
172,Orthaspidotherium,Orthaspidotherium,88095,88112,6.25,1,NO_ANNOT,,,Exact,0,"Orthaspidotherium Lemoine, 1891",Orthaspidotherium,urn:lsid:irmng.org:taxname:1214807,181,IRMNG,
173,Triisodon.,Triisodon,88543,88553,4.18,1,NO_ANNOT,,,Exact,0,"Triisodon Cope, 1881",Triisodon,urn:lsid:irmng.org:taxname:1412613,181,IRMNG,
174,Tricuspiodon,Tricuspiodon,88554,88566,4.71,1,NO_ANNOT,,,Exact,0,"Tricuspiodon Lemoine, 1885",Tricuspiodon,urn:lsid:irmng.org:taxname:1261432,181,IRMNG,
175,Neoplagiaulax,Neoplagiaulax,88718,88731,4.80,1,NO_ANNOT,,,Exact,0,"Neoplagiaulax Lemoine, 1882",Neoplagiaulax,urn:lsid:irmng.org:taxname:1196244,181,IRMNG,
176,Plilodus,Plilodus,88792,88800,4.79,1,NO_ANNOT,,,NoMatch,,,,,,,,
177,Condylarthra,Condylarthra,88813,88825,3.20,1,NO_ANNOT,,,Exact,0,Condylarthra,Condylarthra,urn:lsid:irmng.org:taxname:10697,181,IRMNG,
178,Protoadapis  crassicuspidens  recticuspidens.,Protoadapis crassicuspidens recticuspidens,89002,89047,18.99,3,NO_ANNOT,,,PartialExact,0,Protoadapis recticuspidens,Protoadapis recticuspidens,gn_2167795,170,Arctos,
179,Lemuroidea.,Lemuroidea,89105,89116,4.04,1,NO_ANNOT,,,Exact,0,"Lemuroidea Gray, 1821",Lemuroidea,622ZR,1,Catalogue of Life,
180,Protoadapis,Protoadapis,89118,89129,5.98,1,NO_ANNOT,,,Exact,0,"Protoadapis Lemoine, 1878",Protoadapis,urn:lsid:irmng.org:taxname:1200031,181,IRMNG,
181,Plesiadapis tricuspidens,Plesiadapis tricuspidens,89137,89161,12.73,2,NO_ANNOT,,,Exact,0,Plesiadapis tricuspidens Gervais 1877,Plesiadapis tricuspidens,50444,172,PaleoBioDB,
182,Insectivora.,Insectivora,89183,89195,6.35,1,NO_ANNOT,,,Exact,0,Insectivora,Insectivora,623CC,1,Catalogue of Life,
183,Adapisorex,Adapisorex,89196,89206,5.74,1,NO_ANNOT,,,Exact,0,"Adapisorex Lemoine, 1883",Adapisorex,urn:lsid:irmng.org:taxname:1402261,181,IRMNG,
184,Adapisoriculus minimus,Adapisoriculus minimus,89228,89250,9.52,2,NO_ANNOT,,,Exact,0,Adapisoriculus minimus Lemoine 1883,Adapisoriculus minimus,246756,172,PaleoBioDB,
185,Pleuraspidotherium,Pleuraspidotherium,89251,89269,5.92,1,NO_ANNOT,,,Exact,0,"Pleuraspidotherium Lemoine, 1878",Pleuraspidotherium,urn:lsid:irmng.org:taxname:1166885,181,IRMNG,
186,Pleuraspidotherium,Pleuraspidotherium,89280,89298,5.92,1,NO_ANNOT,,,Exact,0,"Pleuraspidotherium Lemoine, 1878",Pleuraspidotherium,urn:lsid:irmng.org:taxname:1166885,181,IRMNG,
187,Orthaspidotherium,Orthaspidotherium,89309,89326,6.25,1,NO_ANNOT,,,Exact,0,"Orthaspidotherium Lemoine, 1891",Orthaspidotherium,urn:lsid:irmng.org:taxname:1214807,181,IRMNG,
188,Arctocyon,Arctocyon,89338,89347,3.61,1,NO_ANNOT,,,Exact,0,"Arctocyon de Blainville, 1841",Arctocyon,urn:lsid:irmng.org:taxname:1368636,181,IRMNG,
189,Plesiadapis,Plesiadapis,89389,89400,5.98,1,NO_ANNOT,,,Exact,0,"Plesiadapis Russell, 1964",Plesiadapis,urn:lsid:irmng.org:taxname:1219130,181,IRMNG,
190,Ungulata.,Ungulata,89425,89434,2.95,1,NO_ANNOT,,,Exact,0,Ungulata (awaiting allocation),Ungulata,urn:lsid:irmng.org:taxname:116575,181,IRMNG,
191,Pachynolophus.,Pachynolophus,89435,89449,5.44,1,NO_ANNOT,,,Exact,0,"Pachynolophus Pomel, 1847",Pachynolophus,urn:lsid:irmng.org:taxname:1015915,181,IRMNG,
192,Protodichobune.,Protodichobune,89450,89465,3.39,1,NO_ANNOT,,,Exact,0,"Protodichobune Lemoine, 1891",Protodichobune,urn:lsid:irmng.org:taxname:1131263,181,IRMNG,
193,Lophiodochoerus.,Lophiodochoerus,89466,89482,6.23,1,NO_ANNOT,,,Exact,0,"Lophiodochoerus Lemoine, 1880",Lophiodochoerus,urn:lsid:irmng.org:taxname:1159044,181,IRMNG,
194,Lophiodon.,Lophiodon,89483,89493,4.18,1,NO_ANNOT,,,Exact,0,Lophiodon Hook. f. & Wilson,Lophiodon,145686282,165,Tropicos,
195,Tricuspiodon.,Tricuspiodon,89537,89550,4.71,1,NO_ANNOT,,,Exact,0,"Tricuspiodon Lemoine, 1885",Tricuspiodon,urn:lsid:irmng.org:taxname:1261432,181,IRMNG,
196,Proviverra.,Proviverra,89564,89575,3.40,1,NO_ANNOT,,,Exact,0,"Proviverra Rütimeyer, 1862",Proviverra,urn:lsid:irmng.org:taxname:1041366,181,IRMNG,
197,Multituberculata.,Multituberculata,89576,89593,4.25,1,NO_ANNOT,,,Exact,0,Multituberculata,Multituberculata,urn:lsid:irmng.org:taxname:10438,181,IRMNG,
198,Neoplagiaulax eocaenus.,Neoplagiaulax eocaenus,89594,89617,11.88,2,NO_ANNOT,,,Exact,0,Neoplagiaulax eocaenus,Neoplagiaulax eocaenus,gn_382819,170,Arctos,
199,MESODONTA.,Mesodonta,89636,89646,3.63,1,NO_ANNOT,,,Exact,0,"Mesodonta Matsumura, 1920",Mesodonta,urn:lsid:irmng.org:taxname:1386906,181,IRMNG,
200,Plesiadapis,Plesiadapis,90043,90054,5.98,1,NO_ANNOT,,,Exact,0,"Plesiadapis Russell, 1964",Plesiadapis,urn:lsid:irmng.org:taxname:1219130,181,IRMNG,
201,Mesodonta,Mesodonta,90072,90081,3.63,1,NO_ANNOT,,,Exact,0,"Mesodonta Matsumura, 1920",Mesodonta,urn:lsid:irmng.org:taxname:1386906,181,IRMNG,
202,PROTOADAPIS.,Protoadapis,90314,90326,5.98,1,NO_ANNOT,,,Exact,0,"Protoadapis Lemoine, 1878",Protoadapis,urn:lsid:irmng.org:taxname:1200031,181,IRMNG,
203,Plesiadapis recticuspidens,Plesiadapis recticuspidens,90339,90365,12.82,2,NO_ANNOT,,,Exact,0,Plesiadapis recticuspidens Lemoine 1878,Plesiadapis recticuspidens,144270,172,PaleoBioDB,
204,Microsyops,Microsyops,90866,90876,4.57,1,NO_ANNOT,,,Exact,0,"Microsyops Leidy, 1872",Microsyops,urn:lsid:irmng.org:taxname:1414725,181,IRMNG,
205,Mesodonta.,Mesodonta,90896,90906,3.63,1,NO_ANNOT,,,Exact,0,"Mesodonta Matsumura, 1920",Mesodonta,urn:lsid:irmng.org:taxname:1386906,181,IRMNG,
206,Plesiadapis,Plesiadapis,91022,91033,5.98,1,NO_ANNOT,,,Exact,0,"Plesiadapis Russell, 1964",Plesiadapis,urn:lsid:irmng.org:taxname:1219130,181,IRMNG,
207,Adapis.,Adapis,91091,91098,4.98,1,NO_ANNOT,,,Exact,0,"Adapis Cuvier, 1822",Adapis,urn:lsid:irmng.org:taxname:1310669,181,IRMNG,
208,PLESIADAPIS,Plesiadapis,91232,91243,5.98,1,NO_ANNOT,,,Exact,0,"Plesiadapis Russell, 1964",Plesiadapis,urn:lsid:irmng.org:taxname:1219130,181,IRMNG,
209,INSECTIVORA.,Insectivora,92807,92819,6.35,1,NO_ANNOT,,,Exact,0,Insectivora,Insectivora,623CC,1,Catalogue of Life,
210,Adapisoriculus,Adapisoriculus,92878,92892,6.76,1,NO_ANNOT,,,Exact,0,"Adapisoriculus Lemoine, 1885",Adapisoriculus,urn:lsid:irmng.org:taxname:1057676,181,IRMNG,
211,Insectivora,Insectivora,92897,92908,6.35,1,NO_ANNOT,,,Exact,0,Insectivora,Insectivora,623CC,1,Catalogue of Life,
212,ADAPISOREX,Adapisorex,93101,93111,5.74,1,NO_ANNOT,,,Exact,0,"Adapisorex Lemoine, 1883",Adapisorex,urn:lsid:irmng.org:taxname:1402261,181,IRMNG,
213,Mesodonta,Mesodonta,93914,93923,3.63,1,NO_ANNOT,,,Exact,0,"Mesodonta Matsumura, 1920",Mesodonta,urn:lsid:irmng.org:taxname:1386906,181,IRMNG,
214,ADAPISORICULUS,Adapisoriculus,94007,94021,6.76,1,NO_ANNOT,,,Exact,0,"Adapisoriculus Lemoine, 1885",Adapisoriculus,urn:lsid:irmng.org:taxname:1057676,181,IRMNG,
215,Adapisorex,Adapisorex,94096,94106,5.74,1,NO_ANNOT,,,Exact,0,"Adapisorex Lemoine, 1883",Adapisorex,urn:lsid:irmng.org:taxname:1402261,181,IRMNG,
216,Adapisorex,Adapisorex,94280,94290,5.74,1,NO_ANNOT,,,Exact,0,"Adapisorex Lemoine, 1883",Adapisorex,urn:lsid:irmng.org:taxname:1402261,181,IRMNG,
217,Decticadapis,Decticadapis,94304,94316,6.22,1,NO_ANNOT,,,Exact,0,"Decticadapis Lemoine, 1883",Decticadapis,urn:lsid:irmng.org:taxname:1210303,181,IRMNG,
218,Pleuraspidotherium,Pleuraspidotherium,94437,94455,5.92,1,NO_ANNOT,,,Exact,0,"Pleuraspidotherium Lemoine, 1878",Pleuraspidotherium,urn:lsid:irmng.org:taxname:1166885,181,IRMNG,
219,Insectivora,Insectivora,94581,94592,6.35,1,NO_ANNOT,,,Exact,0,Insectivora,Insectivora,623CC,1,Catalogue of Life,
220,Erinaceus.,Erinaceus,94647,94657,5.69,1,NO_ANNOT,,,Exact,0,"Erinaceus Linnaeus, 1758",Erinaceus,62RKX,1,Catalogue of Life,
221,Erinaceus,Erinaceus,94710,94719,5.69,1,NO_ANNOT,,,Exact,0,"Erinaceus Linnaeus, 1758",Erinaceus,62RKX,1,Catalogue of Life,
222,Centetes,Centetes,94852,94860,3.21,1,NO_ANNOT,,,Exact,0,"Centetes Schinz & Brodtmann, 1827",Centetes,urn:lsid:irmng.org:taxname:1452539,181,IRMNG,
223,Gymnura,Gymnura,94861,94868,5.06,1,NO_ANNOT,,,Exact,0,Gymnura,Gymnura,4RYP,1,Catalogue of Life,
224,Ericulus,Ericulus,94873,94881,5.75,1,NO_ANNOT,,,Exact,0,"Ericulus Simon, 1885",Ericulus,urn:lsid:irmng.org:taxname:1352580,181,IRMNG,
225,Insectivora.,Insectivora,95117,95129,6.35,1,NO_ANNOT,,,Exact,0,Insectivora,Insectivora,623CC,1,Catalogue of Life,
226,ORTHASPIDOTHERIUM,Orthaspidotherium,95130,95147,6.25,1,NO_ANNOT,,,Exact,0,"Orthaspidotherium Lemoine, 1891",Orthaspidotherium,urn:lsid:irmng.org:taxname:1214807,181,IRMNG,
227,Pleuraspidotherium.,Pleuraspidotherium,95239,95258,5.92,1,NO_ANNOT,,,Exact,0,"Pleuraspidotherium Lemoine, 1878",Pleuraspidotherium,urn:lsid:irmng.org:taxname:1166885,181,IRMNG,
228,PLEURASPIDOTHERIUM,Pleuraspidotherium,95656,95674,5.92,1,NO_ANNOT,,,Exact,0,"Pleuraspidotherium Lemoine, 1878",Pleuraspidotherium,urn:lsid:irmng.org:taxname:1166885,181,IRMNG,
229,Pachynolophus,Pachynolophus,96595,96608,5.44,1,NO_ANNOT,,,Exact,0,"Pachynolophus Pomel, 1847",Pachynolophus,urn:lsid:irmng.org:taxname:1015915,181,IRMNG,
230,CREODONTA.,Creodonta,98414,98424,3.63,1,NO_ANNOT,,,Exact,0,Creodonta,Creodonta,urn:lsid:irmng.org:taxname:12202,181,IRMNG,
231,Mesonychidae.,Mesonychidae,98530,98543,4.81,1,NO_ANNOT,,,Exact,0,"Mesonychidae Cope, 1880",Mesonychidae,urn:lsid:irmng.org:taxname:102907,181,IRMNG,
232,Stypolophus,Stypolophus,98619,98630,5.11,1,NO_ANNOT,,,Exact,0,"Stypolophus Cope, 1872",Stypolophus,urn:lsid:irmng.org:taxname:1232174,181,IRMNG,
233,ARCTOCYON,Arctocyon,98646,98655,3.61,1,NO_ANNOT,,,Exact,0,"Arctocyon de Blainville, 1841",Arctocyon,urn:lsid:irmng.org:taxname:1368636,181,IRMNG,
234,Heterohorus,Heterohorus,99285,99296,5.72,1,NO_ANNOT,,,Exact,0,"Heterohorus Tooren, 2011",Heterohorus,4WGG,1,Catalogue of Life,
235,Vertebrata,Vertebrata,99972,99982,4.90,1,NO_ANNOT,,,Exact,0,"Vertebrata S.F. Gray, 1821",Vertebrata,urn:lsid:irmng.org:taxname:1086832,181,IRMNG,
236,Arctocyon.,Arctocyon,100657,100667,3.61,1,NO_ANNOT,,,Exact,0,"Arctocyon de Blainville, 1841",Arctocyon,urn:lsid:irmng.org:taxname:1368636,181,IRMNG,
237,HYAENODICTIS,Hyaenodictis,101357,101369,6.34,1,NO_ANNOT,,,Exact,0,"Hyaenodictis Lemoine, 1885",Hyaenodictis,urn:lsid:irmng.org:taxname:1124674,181,IRMNG,
238,Triisodon,Triisodon,101858,101867,4.18,1,NO_ANNOT,,,Exact,0,"Triisodon Cope, 1881",Triisodon,urn:lsid:irmng.org:taxname:1412613,181,IRMNG,
239,Hyaenodictis.,Hyaenodictis,102016,102029,6.34,1,NO_ANNOT,,,Exact,0,"Hyaenodictis Lemoine, 1885",Hyaenodictis,urn:lsid:irmng.org:taxname:1124674,181,IRMNG,
240,TRICUSPIODON,Tricuspiodon,102302,102314,4.71,1,NO_ANNOT,,,Exact,0,"Tricuspiodon Lemoine, 1885",Tricuspiodon,urn:lsid:irmng.org:taxname:1261432,181,IRMNG,
241,Palaeonictis,Palaeonictis,102562,102574,6.34,1,NO_ANNOT,,,Exact,0,"Palaeonictis Blainville, 1842",Palaeonictis,urn:lsid:irmng.org:taxname:1294929,181,IRMNG,
242,Stypolophus,Stypolophus,102575,102586,5.11,1,NO_ANNOT,,,Exact,0,"Stypolophus Cope, 1872",Stypolophus,urn:lsid:irmng.org:taxname:1232174,181,IRMNG,
243,Centetes,Centetes,102628,102636,3.21,1,NO_ANNOT,,,Exact,0,"Centetes Schinz & Brodtmann, 1827",Centetes,urn:lsid:irmng.org:taxname:1452539,181,IRMNG,
244,Peramus,Peramus,102917,102924,4.91,1,NO_ANNOT,,,Exact,0,"Peramus Owen, 1871",Peramus,urn:lsid:irmng.org:taxname:1371281,181,IRMNG,
245,Spalacotherium.,Spalacotherium,102929,102944,6.12,1,NO_ANNOT,,,Exact,0,"Spalacotherium Owen, 1854",Spalacotherium,urn:lsid:irmng.org:taxname:1023056,181,IRMNG,
246,MULTITUBERCULATA.,Multituberculata,103164,103181,4.25,1,NO_ANNOT,,,Exact,0,Multituberculata,Multituberculata,urn:lsid:irmng.org:taxname:10438,181,IRMNG,
247,Plagiaulax,Plagiaulax,103209,103219,4.35,1,NO_ANNOT,,,Exact,0,"Plagiaulax Richard, 1902",Plagiaulax,urn:lsid:irmng.org:taxname:1195358,181,IRMNG,
248,Ptilodus,Ptilodus,103379,103387,4.79,1,NO_ANNOT,,,Exact,0,"Ptilodus Cope, 1881",Ptilodus,urn:lsid:irmng.org:taxname:1330080,181,IRMNG,
249,Tritylodon.,Tritylodon,103688,103699,4.35,1,NO_ANNOT,,,Exact,0,"Tritylodon Owen, 1884",Tritylodon,urn:lsid:irmng.org:taxname:1291495,181,IRMNG,
250,Ctenacodon,Ctenacodon,103805,103815,4.35,1,NO_ANNOT,,,Exact,0,"Ctenacodon Marsh, 1879",Ctenacodon,urn:lsid:irmng.org:taxname:1424012,181,IRMNG,
251,Neoplagiaulax.,Neoplagiaulax,103832,103846,4.80,1,NO_ANNOT,,,Exact,0,"Neoplagiaulax Lemoine, 1882",Neoplagiaulax,urn:lsid:irmng.org:taxname:1196244,181,IRMNG,
252,Hypoderas,Hypoderas,104875,104884,4.74,1,NO_ANNOT,,,Exact,0,"Hypoderas Giebel, 1861",Hypoderas,urn:lsid:irmng.org:taxname:1356779,181,IRMNG,
253,Florida ccerulea,Florida ccerulea,105085,105101,3.74,2,NO_ANNOT,,,Fuzzy,1,"Florida caerulea (Linnaeus, 1758)",Florida caerulea,6J9LD,1,Catalogue of Life,
254,Hypoderas,Hypoderas,105220,105229,4.74,1,NO_ANNOT,,,Exact,0,"Hypoderas Giebel, 1861",Hypoderas,urn:lsid:irmng.org:taxname:1356779,181,IRMNG,
255,Sialia,Sialia,105779,105785,3.85,1,NO_ANNOT,,,Exact,0,"Sialia Swainson, 1827",Sialia,644QP,1,Catalogue of Life,
256,Hypoderas,Hypoderas,106212,106221,4.74,1,NO_ANNOT,,,Exact,0,"Hypoderas Giebel, 1861",Hypoderas,urn:lsid:irmng.org:taxname:1356779,181,IRMNG,
257,B. dealbatus.,B. dealbatus,106992,107005,7.39,2,NO_ANNOT,,,NoMatch,,,,,,,,
258,Mastodon fioridanus,Mastodon fioridanus,108292,108311,5.89,2,NO_ANNOT,,,Fuzzy,1,Mastodon (Trilophodon) floridanus (Leidy 1886),Mastodon floridanus,47934,172,PaleoBioDB,
259,Rhinoceros proterus,Rhinoceros proterus,108312,108331,10.70,2,NO_ANNOT,,,Exact,0,Rhinoceros proterus (Leidy 1885),Rhinoceros proterus,51356,172,PaleoBioDB,
260,Murex scolopax,Murex scolopax,109938,109952,8.29,2,NO_ANNOT,,,Exact,0,"Murex scolopax Dillwyn, 1817",Murex scolopax,44MFY,1,Catalogue of Life,
261,Gasteropoda,Gasteropoda,111246,111257,5.48,1,NO_ANNOT,,,Exact,0,"Gasteropoda Gray, 1847",Gasteropoda,urn:lsid:irmng.org:taxname:1447446,181,IRMNG,
262,Challenger,Challenger,111265,111275,1.69,1,NO_ANNOT,,,Exact,0,Challenger i Man 1911,Challenger,3547646,168,ION,
263,Sensu stricto.,Sensu stricto,111411,111425,0.78,2,NO_ANNOT,,,NoMatch,,,,,,,,
264,Murex scolopax,Murex scolopax,111426,111440,8.29,2,NO_ANNOT,,,Exact,0,"Murex scolopax Dillwyn, 1817",Murex scolopax,44MFY,1,Catalogue of Life,
265,Murex tribulus,Murex tribulus,112792,112806,10.32,2,NO_ANNOT,,,Exact,0,"Murex tribulus Linnaeus, 1758",Murex tribulus,44MK3,1,Catalogue of Life,
266,Murex occa,Murex occa,112916,112926,6.25,2,NO_ANNOT,,,Exact,0,"Murex occa G. B. Sowerby II, 1834",Murex occa,6S2LV,1,Catalogue of Life,
267,Murex tribulus,Murex tribulus,114003,114017,10.32,2,NO_ANNOT,,,Exact,0,"Murex tribulus Linnaeus, 1758",Murex tribulus,44MK3,1,Catalogue of Life,
268,Murex tribulus,Murex tribulus,114177,114191,10.32,2,NO_ANNOT,,,Exact,0,"Murex tribulus Linnaeus, 1758",Murex tribulus,44MK3,1,Catalogue of Life,
269,Murex occa,Murex occa,115228,115238,6.25,2,NO_ANNOT,,,Exact,0,"Murex occa G. B. Sowerby II, 1834",Murex occa,6S2LV,1,Catalogue of Life,
270,Murex rectirostris,Murex rectirostris,115449,115467,10.90,2,NO_ANNOT,,,Exact,0,"Murex rectirostris G. B. Sowerby II, 1841",Murex rectirostris,6S2M5,1,Catalogue of Life,
271,Murex brevispina,Murex brevispina,116446,116462,10.61,2,NO_ANNOT,,,Exact,0,"Murex brevispina Lamarck, 1822",Murex brevispina,44LVK,1,Catalogue of Life,
272,Murex nigrispinosus,Murex nigrispinosus,117263,117282,10.80,2,NO_ANNOT,,,Exact,0,"Murex nigrispinosus Reeve, 1845",Murex nigrispinosus,73QK9,1,Catalogue of Life,
273,Murex nigrispinosus,Murex nigrispinosus,117324,117343,10.80,2,NO_ANNOT,,,Exact,0,"Murex nigrispinosus Reeve, 1845",Murex nigrispinosus,73QK9,1,Catalogue of Life,
274,Murex ternispina,Murex ternispina,118224,118240,10.61,2,NO_ANNOT,,,Exact,0,"Murex ternispina Lamarck, 1822",Murex ternispina,44MJJ,1,Catalogue of Life,
275,Murex tenuispina,Murex tenuispina,119164,119180,10.61,2,NO_ANNOT,,,Exact,0,"Murex tenuispina Lamarck, 1822",Murex tenuispina,urn:lsid:marinespecies.org:taxname:404864,9,WoRMS,
276,Murex brevispina,Murex brevispina,119690,119706,10.61,2,NO_ANNOT,,,Exact,0,"Murex brevispina Lamarck, 1822",Murex brevispina,44LVK,1,Catalogue of Life,
277,Hurex recurvirostris,Hurex recurvirostris,119853,119873,6.06,2,NO_ANNOT,,,Fuzzy,2,Murex recurvirostrus,Murex recurvirostrus,73QM5,1,Catalogue of Life,
278,Murex rectirostris,Murex rectirostris,120679,120697,10.90,2,NO_ANNOT,,,Exact,0,"Murex rectirostris G. B. Sowerby II, 1841",Murex rectirostris,6S2M5,1,Catalogue of Life,
279,Murex similis,Murex similis,120827,120840,10.29,2,NO_ANNOT,,,Exact,0,"Murex similis G. B. Sowerby II, 1841",Murex similis,44MGG,1,Catalogue of Life,
280,Murex ternispina,Murex ternispina,121350,121366,10.61,2,NO_ANNOT,,,Exact,0,"Murex ternispina Lamarck, 1822",Murex ternispina,44MJJ,1,Catalogue of Life,
281,Murex tryoni,Murex tryoni,121507,121519,9.47,2,NO_ANNOT,,,Exact,0,"Murex tryoni Hidalgo in Tryon, 1880",Murex tryoni,44MKN,1,Catalogue of Life,
282,Murex cailleti,Murex cailleti,121728,121742,9.37,2,NO_ANNOT,,,Exact,0,"Murex cailleti Petit de la Saussaye, 1856",Murex cailleti,44LVX,1,Catalogue of Life,
283,Murex aduncospinosus,Murex aduncospinosus,121940,121960,10.86,2,NO_ANNOT,,,Exact,0,"Murex aduncospinosus G. B. Sowerby II, 1841",Murex aduncospinosus,73QL4,1,Catalogue of Life,
284,Tribulus,Tribulus,122614,122622,5.75,1,NO_ANNOT,,,Exact,0,Tribulus L.,Tribulus,7YZT,1,Catalogue of Life,
285,CRISTATA,Cristata,122956,122964,4.57,1,NO_ANNOT,,,Exact,0,Hypnum sect. Cristata Schimp.,Cristata,145687273,165,Tropicos,
286,Arenieoa cristata,Arenieoa cristata,123639,123656,4.85,2,NO_ANNOT,,,NoMatch,,,,,,,,
287,Arenicola,Arenicola,124286,124295,5.68,1,NO_ANNOT,,,Exact,0,"Arenicola Lamarck, 1801",Arenicola,84LKC,1,Catalogue of Life,
288,Arenicola antillensis.,Arenicola antillensis,124616,124638,13.61,2,NO_ANNOT,,,Exact,0,"Arenicola (Pteroscolex) antillensis Lütken, 1864",Arenicola antillensis,GFHG,1,Catalogue of Life,
289,Annelida,Annelida,124914,124922,3.81,1,NO_ANNOT,,,Exact,0,Annelida,Annelida,NN,1,Catalogue of Life,
290,Notes,Notes,124998,125003,2.52,1,NO_ANNOT,,,Exact,0,Notes,Notes,3950760,168,ION,
291,Arenicola cristata.,Arenicola cristata,125290,125309,13.42,2,NO_ANNOT,,,Exact,0,"Arenicola cristata Stimpson, 1856",Arenicola cristata,GFHW,1,Catalogue of Life,
292,Arenicola antillensis.,Arenicola antillensis,125701,125723,13.61,2,NO_ANNOT,,,Exact,0,"Arenicola (Pteroscolex) antillensis Lütken, 1864",Arenicola antillensis,GFHG,1,Catalogue of Life,
293,Arenicola cristata,Arenicola cristata,126175,126193,13.42,2,NO_ANNOT,,,Exact,0,"Arenicola cristata Stimpson, 1856",Arenicola cristata,GFHW,1,Catalogue of Life,
294,Arenicola antillensis,Arenicola antillensis,126210,126231,13.61,2,NO_ANNOT,,,Exact,0,"Arenicola (Pteroscolex) antillensis Lütken, 1864",Arenicola antillensis,GFHG,1,Catalogue of Life,
295,Arenicola marina,Arenicola marina,126278,126294,8.70,2,NO_ANNOT,,,Exact,0,"Arenicola marina (Linnaeus, 1758)",Arenicola marina,GFJ9,1,Catalogue of Life,
296,Arenicola ecaudata,Arenicola ecaudata,126302,126320,13.42,2,NO_ANNOT,,,Exact,0,"Arenicola ecaudata Johnston, 1835",Arenicola ecaudata,GFJ3,1,Catalogue of Life,
297,Arenicola marina,Arenicola marina,126440,126456,8.70,2,NO_ANNOT,,,Exact,0,"Arenicola marina (Linnaeus, 1758)",Arenicola marina,GFJ9,1,Catalogue of Life,
298,Arenicola ecaudata,Arenicola ecaudata,126647,126665,13.42,2,NO_ANNOT,,,Exact,0,"Arenicola ecaudata Johnston, 1835",Arenicola ecaudata,GFJ3,1,Catalogue of Life,
299,Arenicola cristata,Arenicola cristata,126788,126806,13.42,2,NO_ANNOT,,,Exact,0,"Arenicola cristata Stimpson, 1856",Arenicola cristata,GFHW,1,Catalogue of Life,
300,Arenicola marina,Arenicola marina,126968,126984,8.70,2,NO_ANNOT,,,Exact,0,"Arenicola marina (Linnaeus, 1758)",Arenicola marina,GFJ9,1,Catalogue of Life,
301,Arenicola marina,Arenicola marina,127699,127715,8.70,2,NO_ANNOT,,,Exact,0,"Arenicola marina (Linnaeus, 1758)",Arenicola marina,GFJ9,1,Catalogue of Life,
302,Arenicola eeaudata,Arenicola eeaudata,127802,127820,8.39,2,NO_ANNOT,,,Fuzzy,1,"Arenicola ecaudata Johnston, 1835",Arenicola ecaudata,GFJ3,1,Catalogue of Life,
303,Arenicola cristata,Arenicola cristata,127869,127887,13.42,2,NO_ANNOT,,,Exact,0,"Arenicola cristata Stimpson, 1856",Arenicola cristata,GFHW,1,Catalogue of Life,
