Index,Verbatim,Name,Start,End,OddsLog10,Cardinality,AnnotNomenType,WordsBefore,WordsAfter,VerifMatchType,VerifEditDistance,VerifMatchedName,VerifMatchedCanonical,VerifTaxonId,VerifDataSourceId,VerifDataSourceTitle,VerifError
0,Mammalia',Mammalia,132,141,2.77,1,NO_ANNOT,,,Exact,0,"Mammalia Linnaeus, 1758",Mammalia,6224G,1,Catalogue of Life,
1,Allotheria,Allotheria,1452,1462,3.40,1,NO_ANNOT,,,Exact,0,"Allotheria Marsh, 1880",Allotheria,620767,2,Wikispecies,
2,Marsupialia,Marsupialia,1475,1486,3.23,1,NO_ANNOT,,,Exact,0,"Marsupialia Illiger, 1811",Marsupialia,LQ,1,Catalogue of Life,
3,Insectivora.,Insectivora,1491,1503,6.35,1,NO_ANNOT,,,Exact,0,Insectivora,Insectivora,623CC,1,Catalogue of Life,
4,Allotheria,Allotheria,1544,1554,3.40,1,NO_ANNOT,,,Exact,0,"Allotheria Marsh, 1880",Allotheria,620767,2,Wikispecies,
5,Camptomus.,Camptomus,1727,1737,5.32,1,NO_ANNOT,,,Exact,0,"Camptomus Marsh, 1889",Camptomus,urn:lsid:irmng.org:taxname:1359328,181,IRMNG,
6,Cimolomys,Cimolomys,1769,1778,5.24,1,NO_ANNOT,,,Exact,0,"Cimolomys Marsh, 1889",Cimolomys,urn:lsid:irmng.org:taxname:1031710,181,IRMNG,
7,Dipriodon,Dipriodon,1783,1792,4.18,1,NO_ANNOT,,,Exact,0,"Dipriodon Marsh, 1889",Dipriodon,urn:lsid:irmng.org:taxname:1415087,181,IRMNG,
8,Mammalia.,Mammalia,1985,1994,2.77,1,NO_ANNOT,,,Exact,0,"Mammalia Linnaeus, 1758",Mammalia,6224G,1,Catalogue of Life,
9,Allotheria,Allotheria,3206,3216,3.40,1,NO_ANNOT,,,Exact,0,"Allotheria Marsh, 1880",Allotheria,620767,2,Wikispecies,
10,Plagiaulacidae,Plagiaulacidae,3546,3560,5.12,1,NO_ANNOT,,,Exact,0,"Plagiaulacidae Gill, 1872",Plagiaulacidae,urn:lsid:irmng.org:taxname:103624,181,IRMNG,
11,Allotheria,Allotheria,4148,4158,3.40,1,NO_ANNOT,,,Exact,0,"Allotheria Marsh, 1880",Allotheria,620767,2,Wikispecies,
12,AlLOTHERIA.,Allotheria,4346,4357,3.40,1,NO_ANNOT,,,Exact,0,"Allotheria Marsh, 1880",Allotheria,620767,2,Wikispecies,
13,Cimolomys gracilis,Cimolomys gracilis,4361,4379,12.38,2,NO_ANNOT,,,Exact,0,Cimolomys gracilis (Marsh 1889),Cimolomys gracilis,45127,172,PaleoBioDB,
14,Tritylodontidae,Tritylodontidae,4443,4458,5.09,1,NO_ANNOT,,,Exact,0,"Tritylodontidae Cope, 1884",Tritylodontidae,urn:lsid:irmng.org:taxname:117043,181,IRMNG,
15,Mammalia',Mammalia,4506,4515,2.77,1,NO_ANNOT,,,Exact,0,"Mammalia Linnaeus, 1758",Mammalia,6224G,1,Catalogue of Life,
16,Cimolomys hellus,Cimolomys hellus,4781,4797,11.73,2,NO_ANNOT,,,PartialExact,0,"Cimolomys Marsh, 1889",Cimolomys,urn:lsid:irmng.org:taxname:1031710,181,IRMNG,
17,Cimolomys.,Cimolomys,4854,4864,5.24,1,NO_ANNOT,,,Exact,0,"Cimolomys Marsh, 1889",Cimolomys,urn:lsid:irmng.org:taxname:1031710,181,IRMNG,
18,C. gracilis.,C. gracilis,4948,4960,6.80,2,NO_ANNOT,,,NoMatch,,,,,,,,
19,Cimolomys digona,Cimolomys digona,4964,4980,10.55,2,NO_ANNOT,,,Exact,0,Cimolomys digona Marsh 1889,Cimolomys digona,45125,172,PaleoBioDB,
20,Cimolodon nitidus,Cimolodon nitidus,5293,5310,10.58,2,NO_ANNOT,,,Exact,0,Cimolodon nitidus Marsh 1889,Cimolodon nitidus,45122,172,PaleoBioDB,
21,Cimolodontidae.,Cimolodontidae,5408,5423,5.12,1,NO_ANNOT,,,Exact,0,"Cimolodontidae Marsh, 1889",Cimolodontidae,urn:lsid:irmng.org:taxname:102490,181,IRMNG,
22,Plagiaulacidae.,Plagiaulacidae,5541,5556,5.12,1,NO_ANNOT,,,Exact,0,"Plagiaulacidae Gill, 1872",Plagiaulacidae,urn:lsid:irmng.org:taxname:103624,181,IRMNG,
23,Nanomys minuius,Nanomys minuius,5560,5575,11.46,2,NO_ANNOT,,,PartialExact,0,"Nanomys Marsh, 1889",Nanomys,urn:lsid:irmng.org:taxname:1351289,181,IRMNG,
24,Cimolodontidae.,Cimolodontidae,5674,5689,5.12,1,NO_ANNOT,,,Exact,0,"Cimolodontidae Marsh, 1889",Cimolodontidae,urn:lsid:irmng.org:taxname:102490,181,IRMNG,
25,Ptilodus,Ptilodus,5709,5717,4.79,1,NO_ANNOT,,,Exact,0,"Ptilodus Cope, 1881",Ptilodus,urn:lsid:irmng.org:taxname:1330080,181,IRMNG,
26,Plagiaulacidae.,Plagiaulacidae,5796,5811,5.12,1,NO_ANNOT,,,Exact,0,"Plagiaulacidae Gill, 1872",Plagiaulacidae,urn:lsid:irmng.org:taxname:103624,181,IRMNG,
27,Halodon sculptus,Halodon sculptus,5816,5832,11.32,2,NO_ANNOT,,,Exact,0,Halodon sculptus (Marsh 1889),Halodon sculptus,46768,172,PaleoBioDB,
28,Plagiaulacidae.,Plagiaulacidae,5920,5935,5.12,1,NO_ANNOT,,,Exact,0,"Plagiaulacidae Gill, 1872",Plagiaulacidae,urn:lsid:irmng.org:taxname:103624,181,IRMNG,
29,Halodon,Halodon,6049,6056,3.76,1,NO_ANNOT,,,Exact,0,"Halodon Marsh, 1889",Halodon,urn:lsid:irmng.org:taxname:1391948,181,IRMNG,
30,H. erratus,H. erratus,6357,6367,7.03,2,NO_ANNOT,,,NoMatch,,,,,,,,
31,Plagiaulacidae,Plagiaulacidae,6466,6480,5.12,1,NO_ANNOT,,,Exact,0,"Plagiaulacidae Gill, 1872",Plagiaulacidae,urn:lsid:irmng.org:taxname:103624,181,IRMNG,
32,Neoplagiaulax,Neoplagiaulax,6508,6521,4.80,1,NO_ANNOT,,,Exact,0,"Neoplagiaulax Lemoine, 1882",Neoplagiaulax,urn:lsid:irmng.org:taxname:1196244,181,IRMNG,
33,Plilodus trovrsarlianus,Plilodus trovrsarlianus,6729,6752,7.42,2,NO_ANNOT,,,NoMatch,,,,,,,,
34,Marsupialia,Marsupialia,6813,6824,3.23,1,NO_ANNOT,,,Exact,0,"Marsupialia Illiger, 1811",Marsupialia,LQ,1,Catalogue of Life,
35,Cimolomys gracilis,Cimolomys gracilis,7115,7133,12.38,2,NO_ANNOT,,,Exact,0,Cimolomys gracilis (Marsh 1889),Cimolomys gracilis,45127,172,PaleoBioDB,
36,Cimolodon,Cimolodon,7165,7174,4.18,1,NO_ANNOT,,,Exact,0,"Cimolodon Marsh, 1889",Cimolodon,urn:lsid:irmng.org:taxname:1309825,181,IRMNG,
37,Cimolomys gracilis.,Cimolomys gracilis,7289,7308,12.38,2,NO_ANNOT,,,Exact,0,Cimolomys gracilis (Marsh 1889),Cimolomys gracilis,45127,172,PaleoBioDB,
38,Ciiiioloniys hellus,Ciiiioloniys hellus,7382,7401,4.29,2,NO_ANNOT,,,NoMatch,,,,,,,,
39,Cimolodon nitidus,Cimolodon nitidus,7560,7577,10.58,2,NO_ANNOT,,,Exact,0,Cimolodon nitidus Marsh 1889,Cimolodon nitidus,45122,172,PaleoBioDB,
40,Nanomys,Nanomys,7580,7587,4.82,1,NO_ANNOT,,,Exact,0,"Nanomys Marsh, 1889",Nanomys,urn:lsid:irmng.org:taxname:1351289,181,IRMNG,
41,Plagiaulax,Plagiaulax,7698,7708,4.35,1,NO_ANNOT,,,Exact,0,"Plagiaulax Richard, 1902",Plagiaulax,urn:lsid:irmng.org:taxname:1195358,181,IRMNG,
42,Ptilodus,Ptilodus,7749,7757,4.79,1,NO_ANNOT,,,Exact,0,"Ptilodus Cope, 1881",Ptilodus,urn:lsid:irmng.org:taxname:1330080,181,IRMNG,
43,Ptilodus.,Ptilodus,7978,7987,4.79,1,NO_ANNOT,,,Exact,0,"Ptilodus Cope, 1881",Ptilodus,urn:lsid:irmng.org:taxname:1330080,181,IRMNG,
44,Halodon.,Halodon,8054,8062,3.76,1,NO_ANNOT,,,Exact,0,"Halodon Marsh, 1889",Halodon,urn:lsid:irmng.org:taxname:1391948,181,IRMNG,
45,C. gracilis.,C. gracilis,8139,8151,6.80,2,NO_ANNOT,,,NoMatch,,,,,,,,
46,Cimolomys gracilis,Cimolomys gracilis,8212,8230,12.38,2,NO_ANNOT,,,Exact,0,Cimolomys gracilis (Marsh 1889),Cimolomys gracilis,45127,172,PaleoBioDB,
47,Cimolomys gracilis,Cimolomys gracilis,8327,8345,12.38,2,NO_ANNOT,,,Exact,0,Cimolomys gracilis (Marsh 1889),Cimolomys gracilis,45127,172,PaleoBioDB,
48,Cimolomys bellus,Cimolomys bellus,8346,8362,11.73,2,NO_ANNOT,,,Exact,0,Cimolomys bellus Marsh 1889,Cimolomys bellus,54222,172,PaleoBioDB,
49,Halodon,Halodon,8402,8409,3.76,1,NO_ANNOT,,,Exact,0,"Halodon Marsh, 1889",Halodon,urn:lsid:irmng.org:taxname:1391948,181,IRMNG,
50,Halodon  serratus,Halodon serratus,8439,8456,11.32,2,NO_ANNOT,,,Exact,0,Halodon serratus (Marsh 1889),Halodon serratus,46769,172,PaleoBioDB,
51,Cimolodontidae.,Cimolodontidae,8473,8488,5.12,1,NO_ANNOT,,,Exact,0,"Cimolodontidae Marsh, 1889",Cimolodontidae,urn:lsid:irmng.org:taxname:102490,181,IRMNG,
52,Cimolodon,Cimolodon,8489,8498,4.18,1,NO_ANNOT,,,Exact,0,"Cimolodon Marsh, 1889",Cimolodon,urn:lsid:irmng.org:taxname:1309825,181,IRMNG,
53,Cimolomys,Cimolomys,8548,8557,5.24,1,NO_ANNOT,,,Exact,0,"Cimolomys Marsh, 1889",Cimolomys,urn:lsid:irmng.org:taxname:1031710,181,IRMNG,
54,Allacodon lentus,Allacodon lentus,8781,8797,11.26,2,NO_ANNOT,,,Exact,0,Allacodon lentus Marsh 1889,Allacodon lentus,43873,172,PaleoBioDB,
55,Meniscoessus.,Meniscoessus,8839,8852,4.84,1,NO_ANNOT,,,Exact,0,"Meniscoessus Cope, 1882",Meniscoessus,urn:lsid:irmng.org:taxname:1199744,181,IRMNG,
56,Dlpriodon robustus,Dlpriodon robustus,8866,8884,5.43,2,NO_ANNOT,,,Fuzzy,1,Dipriodon robustus (Marsh 1889),Dipriodon robustus,45847,172,PaleoBioDB,
57,Selenacodon fragiiis,Selenacodon fragiiis,9601,9621,9.42,2,NO_ANNOT,,,Fuzzy,1,Selenacodon fragilis (Marsh 1889),Selenacodon fragilis,51513,172,PaleoBioDB,
58,Selenacodon brevis,Selenacodon brevis,9828,9846,10.28,2,NO_ANNOT,,,Exact,0,Selenacodon brevis (Marsh 1889),Selenacodon brevis,51512,172,PaleoBioDB,
59,Meniscoessus.,Meniscoessus,10214,10227,4.84,1,NO_ANNOT,,,Exact,0,"Meniscoessus Cope, 1882",Meniscoessus,urn:lsid:irmng.org:taxname:1199744,181,IRMNG,
60,Iripiiodon coelatus,Iripiiodon coelatus,10345,10364,5.60,2,NO_ANNOT,,,NoMatch,,,,,,,,
61,Selenacodon frngilis,Selenacodon frngilis,10392,10412,6.58,2,NO_ANNOT,,,Fuzzy,1,Selenacodon fragilis (Marsh 1889),Selenacodon fragilis,51513,172,PaleoBioDB,
62,S. brevis.,S. brevis,10440,10450,5.48,2,NO_ANNOT,,,NoMatch,,,,,,,,
63,Tripriodon caperatus,Tripriodon caperatus,10579,10599,12.07,2,NO_ANNOT,,,Exact,0,Tripriodon caperatus (Marsh 1889),Tripriodon caperatus,54224,172,PaleoBioDB,
64,Tripriodon coelatus,Tripriodon coelatus,10827,10846,11.91,2,NO_ANNOT,,,Exact,0,Tripriodon coelatus (Marsh 1889),Tripriodon coelatus,52512,172,PaleoBioDB,
65,Selenacodon brevis.,Selenacodon brevis,10851,10870,10.28,2,NO_ANNOT,,,Exact,0,Selenacodon brevis (Marsh 1889),Selenacodon brevis,51512,172,PaleoBioDB,
66,Dipriodon robmtus,Dipriodon robmtus,11182,11199,6.52,2,NO_ANNOT,,,PartialExact,0,"Dipriodon Marsh, 1889",Dipriodon,urn:lsid:irmng.org:taxname:1415087,181,IRMNG,
67,Tripriodot coelatus.,Tripriodot coelatus,11234,11254,5.00,2,NO_ANNOT,,,Fuzzy,1,Tripriodon coelatus (Marsh 1889),Tripriodon coelatus,52512,172,PaleoBioDB,
68,Dipriodon lunatus,Dipriodon lunatus,11375,11392,11.54,2,NO_ANNOT,,,Exact,0,Dipriodon lunatus (Marsh 1889),Dipriodon lunatus,45846,172,PaleoBioDB,
69,Selenacodon fragilis,Selenacodon fragilis,11417,11437,11.61,2,NO_ANNOT,,,Exact,0,Selenacodon fragilis (Marsh 1889),Selenacodon fragilis,51513,172,PaleoBioDB,
70,Tripriodon caperatus,Tripriodon caperatus,11524,11544,12.07,2,NO_ANNOT,,,Exact,0,Tripriodon caperatus (Marsh 1889),Tripriodon caperatus,54224,172,PaleoBioDB,
71,T. coelatus,T. coelatus,11620,11631,7.23,2,NO_ANNOT,,,NoMatch,,,,,,,,
72,Selenacodon brevis,Selenacodon brevis,11636,11654,10.28,2,NO_ANNOT,,,Exact,0,Selenacodon brevis (Marsh 1889),Selenacodon brevis,51512,172,PaleoBioDB,
73,Halodon scidptus,Halodon scidptus,11806,11822,6.29,2,NO_ANNOT,,,PartialExact,0,"Halodon Marsh, 1889",Halodon,urn:lsid:irmng.org:taxname:1391948,181,IRMNG,
74,Halodon,Halodon,11827,11834,3.76,1,NO_ANNOT,,,Exact,0,"Halodon Marsh, 1889",Halodon,urn:lsid:irmng.org:taxname:1391948,181,IRMNG,
75,Halodon,Halodon,12068,12075,3.76,1,NO_ANNOT,,,Exact,0,"Halodon Marsh, 1889",Halodon,urn:lsid:irmng.org:taxname:1391948,181,IRMNG,
76,Halodon sculptus',Halodon sculptus,12172,12189,11.32,2,NO_ANNOT,,,Exact,0,Halodon sculptus (Marsh 1889),Halodon sculptus,46768,172,PaleoBioDB,
77,Tripriodon,Tripriodon,12208,12218,4.35,1,NO_ANNOT,,,Exact,0,"Tripriodon Marsh, 1889",Tripriodon,urn:lsid:irmng.org:taxname:1395956,181,IRMNG,
78,Halodon,Halodon,12252,12259,3.76,1,NO_ANNOT,,,Exact,0,"Halodon Marsh, 1889",Halodon,urn:lsid:irmng.org:taxname:1391948,181,IRMNG,
79,Se'etiacodon brevis.,Se�etiacodon brevis,12291,12311,4.52,2,NO_ANNOT,,,NoMatch,,,,,,,,
80,Halodon formosus,Halodon formosus,12325,12341,10.70,2,NO_ANNOT,,,Exact,0,Halodon formosus (Marsh 1889),Halodon formosus,46767,172,PaleoBioDB,
81,Ptilodus,Ptilodus,12401,12409,4.79,1,NO_ANNOT,,,Exact,0,"Ptilodus Cope, 1881",Ptilodus,urn:lsid:irmng.org:taxname:1330080,181,IRMNG,
82,Meniscoessus.,Meniscoessus,12532,12545,4.84,1,NO_ANNOT,,,Exact,0,"Meniscoessus Cope, 1882",Meniscoessus,urn:lsid:irmng.org:taxname:1199744,181,IRMNG,
83,IT.␤serratus,It. serratus,12666,12678,7.23,2,NO_ANNOT,,,NoMatch,,,,,,,,
84,Meniscoessus,Meniscoessus,12729,12741,4.84,1,NO_ANNOT,,,Exact,0,"Meniscoessus Cope, 1882",Meniscoessus,urn:lsid:irmng.org:taxname:1199744,181,IRMNG,
85,Divriodon rohustus,Divriodon rohustus,12830,12848,5.43,2,NO_ANNOT,,,NoMatch,,,,,,,,
86,Multituberculata.,Multituberculata,12931,12948,4.25,1,NO_ANNOT,,,Exact,0,Multituberculata,Multituberculata,urn:lsid:irmng.org:taxname:10438,181,IRMNG,
87,Dipriodon,Dipriodon,13004,13013,4.18,1,NO_ANNOT,,,Exact,0,"Dipriodon Marsh, 1889",Dipriodon,urn:lsid:irmng.org:taxname:1415087,181,IRMNG,
88,Plagiaulacidae.,Plagiaulacidae,13025,13040,5.12,1,NO_ANNOT,,,Exact,0,"Plagiaulacidae Gill, 1872",Plagiaulacidae,urn:lsid:irmng.org:taxname:103624,181,IRMNG,
89,Ilalodon sculptus,Ilalodon sculptus,13041,13058,5.26,2,NO_ANNOT,,,NoMatch,,,,,,,,
90,Dipriodon lunatus.,Dipriodon lunatus,13075,13093,11.54,2,NO_ANNOT,,,Exact,0,Dipriodon lunatus (Marsh 1889),Dipriodon lunatus,45846,172,PaleoBioDB,
91,Dipriodon robustus.,Dipriodon robustus,13095,13114,11.74,2,NO_ANNOT,,,Exact,0,Dipriodon robustus (Marsh 1889),Dipriodon robustus,45847,172,PaleoBioDB,
92,Tripriodon caperatus,Tripriodon caperatus,13115,13135,12.07,2,NO_ANNOT,,,Exact,0,Tripriodon caperatus (Marsh 1889),Tripriodon caperatus,54224,172,PaleoBioDB,
93,Tripriodon coelatus.,Tripriodon coelatus,13161,13181,11.91,2,NO_ANNOT,,,Exact,0,Tripriodon coelatus (Marsh 1889),Tripriodon coelatus,52512,172,PaleoBioDB,
94,Selenacodon fragilis.,Selenacodon fragilis,13183,13204,11.61,2,NO_ANNOT,,,Exact,0,Selenacodon fragilis (Marsh 1889),Selenacodon fragilis,51513,172,PaleoBioDB,
95,Meniscoessus,Meniscoessus,13256,13268,4.84,1,NO_ANNOT,,,Exact,0,"Meniscoessus Cope, 1882",Meniscoessus,urn:lsid:irmng.org:taxname:1199744,181,IRMNG,
96,Meniscoessus,Meniscoessus,13463,13475,4.84,1,NO_ANNOT,,,Exact,0,"Meniscoessus Cope, 1882",Meniscoessus,urn:lsid:irmng.org:taxname:1199744,181,IRMNG,
97,Cimolomys,Cimolomys,13519,13528,5.24,1,NO_ANNOT,,,Exact,0,"Cimolomys Marsh, 1889",Cimolomys,urn:lsid:irmng.org:taxname:1031710,181,IRMNG,
98,AUaeodon lentus,Auaeodon lentus,13589,13604,4.78,2,NO_ANNOT,,,NoMatch,,,,,,,,
99,Allodon,Allodon,13711,13718,3.76,1,NO_ANNOT,,,Exact,0,"Allodon Marsh, 1881",Allodon,urn:lsid:irmng.org:taxname:1426928,181,IRMNG,
100,Bolodon,Bolodon,13723,13730,3.76,1,NO_ANNOT,,,Exact,0,"Bolodon Owen, 1871",Bolodon,urn:lsid:irmng.org:taxname:1274587,181,IRMNG,
101,Allodontidae.,Allodontidae,13751,13764,4.81,1,NO_ANNOT,,,Exact,0,"Allodontidae Marsh, 1889",Allodontidae,urn:lsid:irmng.org:taxname:122184,181,IRMNG,
102,Multituberculata,Multituberculata,13820,13836,4.25,1,NO_ANNOT,,,Exact,0,Multituberculata,Multituberculata,urn:lsid:irmng.org:taxname:10438,181,IRMNG,
103,Meniscoessus,Meniscoessus,14092,14104,4.84,1,NO_ANNOT,,,Exact,0,"Meniscoessus Cope, 1882",Meniscoessus,urn:lsid:irmng.org:taxname:1199744,181,IRMNG,
104,Cimolomys,Cimolomys,14108,14117,5.24,1,NO_ANNOT,,,Exact,0,"Cimolomys Marsh, 1889",Cimolomys,urn:lsid:irmng.org:taxname:1031710,181,IRMNG,
105,Chirox,Chirox,14253,14259,3.27,1,NO_ANNOT,,,Exact,0,"Chirox Cope, 1884",Chirox,urn:lsid:irmng.org:taxname:1416632,181,IRMNG,
106,Bolodon,Bolodon,14266,14273,3.76,1,NO_ANNOT,,,Exact,0,"Bolodon Owen, 1871",Bolodon,urn:lsid:irmng.org:taxname:1274587,181,IRMNG,
107,Ctenacodon,Ctenacodon,14284,14294,4.35,1,NO_ANNOT,,,Exact,0,"Ctenacodon Marsh, 1879",Ctenacodon,urn:lsid:irmng.org:taxname:1424012,181,IRMNG,
108,Oraeodon anceps,Oraeodon anceps,14308,14323,3.45,2,NO_ANNOT,,,Fuzzy,1,Oracodon anceps Marsh 1889,Oracodon anceps,49370,172,PaleoBioDB,
109,Camptomus ampins,Camptomus ampins,14484,14500,8.26,2,NO_ANNOT,,,PartialExact,0,"Camptomus Marsh, 1889",Camptomus,urn:lsid:irmng.org:taxname:1359328,181,IRMNG,
110,AlaJdon lentus.,Alajdon lentus,14517,14532,4.53,2,NO_ANNOT,,,NoMatch,,,,,,,,
111,Meniscoessus,Meniscoessus,14801,14813,4.84,1,NO_ANNOT,,,Exact,0,"Meniscoessus Cope, 1882",Meniscoessus,urn:lsid:irmng.org:taxname:1199744,181,IRMNG,
112,Monotremata,Monotremata,14919,14930,5.03,1,NO_ANNOT,,,Exact,0,"Monotremata Bonaparte, 1837",Monotremata,3L5,1,Catalogue of Life,
113,Dryolestes tenax,Dryolestes tenax,15207,15223,7.97,2,NO_ANNOT,,,Exact,0,Dryolestes tenax Marsh 1889,Dryolestes tenax,54227,172,PaleoBioDB,
114,Didelphops,Didelphops,15396,15406,4.57,1,NO_ANNOT,,,Exact,0,"Didelphops Marsh, 1889",Didelphops,urn:lsid:irmng.org:taxname:1219063,181,IRMNG,
115,Didelphodon vorax,Didelphodon vorax,15407,15424,9.02,2,NO_ANNOT,,,Exact,0,Didelphodon vorax (Marsh 1889),Didelphodon vorax,45711,172,PaleoBioDB,
116,D. ferox,D. ferox,15686,15694,3.61,2,NO_ANNOT,,,NoMatch,,,,,,,,
117,D. comptus,D. comptus,15699,15709,7.03,2,NO_ANNOT,,,NoMatch,,,,,,,,
118,Pediomys elegans,Pediomys elegans,15736,15752,10.25,2,NO_ANNOT,,,Exact,0,Pediomys elegans Marsh 1889,Pediomys elegans,50063,172,PaleoBioDB,
119,Cimolestes curtus,Cimolestes curtus,15860,15877,10.63,2,NO_ANNOT,,,Exact,0,Cimolestes curtus (Marsh 1889),Cimolestes curtus,45113,172,PaleoBioDB,
120,Didelphodon,Didelphodon,15943,15954,4.47,1,NO_ANNOT,,,Exact,0,"Didelphodon Marsh, 1889",Didelphodon,574146,2,Wikispecies,
121,Incertae sedis.,Incertae sedis,16139,16154,9.68,2,NO_ANNOT,,,NoMatch,,,,,,,,
122,Starjodon nitor,Starjodon nitor,16159,16174,2.57,2,NO_ANNOT,,,NoMatch,,,,,,,,
123,Stagodontidae.,Stagodontidae,16268,16282,4.90,1,NO_ANNOT,,,Exact,0,"Stagodontidae Marsh, 1889",Stagodontidae,574145,2,Wikispecies,
124,Platacodon nanus,Platacodon nanus,16470,16486,10.43,2,NO_ANNOT,,,Exact,0,Platacodon nanus Marsh 1889,Platacodon nanus,54217,172,PaleoBioDB,
125,Cimolomys,Cimolomys,17617,17626,5.24,1,NO_ANNOT,,,Exact,0,"Cimolomys Marsh, 1889",Cimolomys,urn:lsid:irmng.org:taxname:1031710,181,IRMNG,
126,Dipriodon,Dipriodon,17737,17746,4.18,1,NO_ANNOT,,,Exact,0,"Dipriodon Marsh, 1889",Dipriodon,urn:lsid:irmng.org:taxname:1415087,181,IRMNG,
127,Platacodon,Platacodon,17826,17836,4.35,1,NO_ANNOT,,,Exact,0,"Platacodon Marsh, 1889",Platacodon,urn:lsid:irmng.org:taxname:1302631,181,IRMNG,
128,Stagodon,Stagodon,17837,17845,4.01,1,NO_ANNOT,,,Exact,0,"Stagodon Marsh, 1889",Stagodon,urn:lsid:irmng.org:taxname:1408313,181,IRMNG,
129,Allotheria.,Allotheria,18547,18558,3.40,1,NO_ANNOT,,,Exact,0,"Allotheria Marsh, 1880",Allotheria,620767,2,Wikispecies,
130,Cimolomys gracilis,Cimolomys gracilis,18575,18593,12.38,2,NO_ANNOT,,,Exact,0,Cimolomys gracilis (Marsh 1889),Cimolomys gracilis,45127,172,PaleoBioDB,
131,Cimolodontidae.,Cimolodontidae,18613,18628,5.12,1,NO_ANNOT,,,Exact,0,"Cimolodontidae Marsh, 1889",Cimolodontidae,urn:lsid:irmng.org:taxname:102490,181,IRMNG,
132,Plagiaulacidae.,Plagiaulacidae,18669,18684,5.12,1,NO_ANNOT,,,Exact,0,"Plagiaulacidae Gill, 1872",Plagiaulacidae,urn:lsid:irmng.org:taxname:103624,181,IRMNG,
133,Halodon,Halodon,18685,18692,3.76,1,NO_ANNOT,,,Exact,0,"Halodon Marsh, 1889",Halodon,urn:lsid:irmng.org:taxname:1391948,181,IRMNG,
134,Dipriodou robustus  lunatus,Dipriodou robustus lunatus,18743,18770,9.95,3,NO_ANNOT,,,PartialFuzzy,1,Dipriodon lunatus (Marsh 1889),Dipriodon lunatus,45846,172,PaleoBioDB,
135,Tripriodon coelatus  cape,Tripriodon coelatus cape,18791,18816,10.78,3,NO_ANNOT,,,PartialExact,0,Tripriodon coelatus (Marsh 1889),Tripriodon coelatus,52512,172,PaleoBioDB,
136,Selenacodon fragilis  brevis,Selenacodon fragilis brevis,18824,18852,15.69,3,NO_ANNOT,,,PartialExact,0,Selenacodon brevis (Marsh 1889),Selenacodon brevis,51512,172,PaleoBioDB,
137,Allacodon lentus,Allacodon lentus,18869,18885,11.26,2,NO_ANNOT,,,Exact,0,Allacodon lentus Marsh 1889,Allacodon lentus,43873,172,PaleoBioDB,
138,Camptoraus amplus,Camptoraus amplus,18896,18913,4.33,2,NO_ANNOT,,,NoMatch,,,,,,,,
139,Oracodon anceps,Oracodon anceps,18915,18930,9.76,2,NO_ANNOT,,,Exact,0,Oracodon anceps Marsh 1889,Oracodon anceps,49370,172,PaleoBioDB,
140,Dryolestidae.,Dryolestidae,18952,18965,4.81,1,NO_ANNOT,,,Exact,0,"Dryolestidae Marsh, 1879",Dryolestidae,urn:lsid:irmng.org:taxname:102271,181,IRMNG,
141,Dryolestes tenax,Dryolestes tenax,18967,18983,7.97,2,NO_ANNOT,,,Exact,0,Dryolestes tenax Marsh 1889,Dryolestes tenax,54227,172,PaleoBioDB,
142,Didelphops vorax  ferox,Didelphops vorax ferox,19002,19025,11.94,3,NO_ANNOT,,,PartialExact,0,Didelphops ferox (Marsh 1889),Didelphops ferox,45718,172,PaleoBioDB,
143,Cimolestes incisus  curtus,Cimolestes incisus curtus,19035,19061,15.13,3,NO_ANNOT,,,PartialExact,0,Cimolestes curtus (Marsh 1889),Cimolestes curtus,45113,172,PaleoBioDB,
144,Pedioniys elegans,Pedioniys elegans,19078,19095,2.46,2,NO_ANNOT,,,NoMatch,,,,,,,,
145,Incertae sedis.,Incertae sedis,19099,19114,9.68,2,NO_ANNOT,,,NoMatch,,,,,,,,
146,Stagodontidae.,Stagodontidae,19118,19132,4.90,1,NO_ANNOT,,,Exact,0,"Stagodontidae Marsh, 1889",Stagodontidae,574145,2,Wikispecies,
147,Stagodon nitor,Stagodon nitor,19133,19147,8.71,2,NO_ANNOT,,,Exact,0,Stagodon nitor (Marsh 1889),Stagodon nitor,51757,172,PaleoBioDB,
148,Platacodon nanus,Platacodon nanus,19148,19164,10.43,2,NO_ANNOT,,,Exact,0,Platacodon nanus Marsh 1889,Platacodon nanus,54217,172,PaleoBioDB,
149,Cimolomys,Cimolomys,19191,19200,5.24,1,NO_ANNOT,,,Exact,0,"Cimolomys Marsh, 1889",Cimolomys,urn:lsid:irmng.org:taxname:1031710,181,IRMNG,
150,Insectivora,Insectivora,19397,19408,6.35,1,NO_ANNOT,,,Exact,0,Insectivora,Insectivora,623CC,1,Catalogue of Life,
151,Marsupialia.,Marsupialia,19412,19424,3.23,1,NO_ANNOT,,,Exact,0,"Marsupialia Illiger, 1811",Marsupialia,LQ,1,Catalogue of Life,
152,Cimolestes,Cimolestes,19457,19467,3.55,1,NO_ANNOT,,,Exact,0,"Cimolestes Marsh, 1889",Cimolestes,urn:lsid:irmng.org:taxname:1434927,181,IRMNG,
153,Meniscoessus,Meniscoessus,19740,19752,4.84,1,NO_ANNOT,,,Exact,0,"Meniscoessus Cope, 1882",Meniscoessus,urn:lsid:irmng.org:taxname:1199744,181,IRMNG,
154,Cimolomys,Cimolomys,19869,19878,5.24,1,NO_ANNOT,,,Exact,0,"Cimolomys Marsh, 1889",Cimolomys,urn:lsid:irmng.org:taxname:1031710,181,IRMNG,
155,Didelphops,Didelphops,19879,19889,4.57,1,NO_ANNOT,,,Exact,0,"Didelphops Marsh, 1889",Didelphops,urn:lsid:irmng.org:taxname:1219063,181,IRMNG,
156,Oracodon,Oracodon,20060,20068,4.01,1,NO_ANNOT,,,Exact,0,"Oracodon Marsh, 1889",Oracodon,urn:lsid:irmng.org:taxname:1386401,181,IRMNG,
157,Cimolomys,Cimolomys,20719,20728,5.24,1,NO_ANNOT,,,Exact,0,"Cimolomys Marsh, 1889",Cimolomys,urn:lsid:irmng.org:taxname:1031710,181,IRMNG,
158,Ptilodus,Ptilodus,20965,20973,4.79,1,NO_ANNOT,,,Exact,0,"Ptilodus Cope, 1881",Ptilodus,urn:lsid:irmng.org:taxname:1330080,181,IRMNG,
159,Cimolomys,Cimolomys,21175,21184,5.24,1,NO_ANNOT,,,Exact,0,"Cimolomys Marsh, 1889",Cimolomys,urn:lsid:irmng.org:taxname:1031710,181,IRMNG,
160,Ptilodus,Ptilodus,21209,21217,4.79,1,NO_ANNOT,,,Exact,0,"Ptilodus Cope, 1881",Ptilodus,urn:lsid:irmng.org:taxname:1330080,181,IRMNG,
161,Cimolomys,Cimolomys,21310,21319,5.24,1,NO_ANNOT,,,Exact,0,"Cimolomys Marsh, 1889",Cimolomys,urn:lsid:irmng.org:taxname:1031710,181,IRMNG,
162,Plagiaulacidae,Plagiaulacidae,21420,21434,5.12,1,NO_ANNOT,,,Exact,0,"Plagiaulacidae Gill, 1872",Plagiaulacidae,urn:lsid:irmng.org:taxname:103624,181,IRMNG,
163,Stereognathus,Stereognathus,21513,21526,5.44,1,NO_ANNOT,,,Exact,0,"Stereognathus Charlesworth, 1855",Stereognathus,urn:lsid:irmng.org:taxname:1436882,181,IRMNG,
164,Bolodontidae.,Bolodontidae,22027,22040,4.81,1,NO_ANNOT,,,Exact,0,"Bolodontidae Osborn, 1887",Bolodontidae,urn:lsid:irmng.org:taxname:100346,181,IRMNG,
165,Tritylodontidae,Tritylodontidae,22083,22098,5.09,1,NO_ANNOT,,,Exact,0,"Tritylodontidae Cope, 1884",Tritylodontidae,urn:lsid:irmng.org:taxname:117043,181,IRMNG,
166,Chirox,Chirox,22136,22142,3.27,1,NO_ANNOT,,,Exact,0,"Chirox Cope, 1884",Chirox,urn:lsid:irmng.org:taxname:1416632,181,IRMNG,
167,Insectivora,Insectivora,22399,22410,6.35,1,NO_ANNOT,,,Exact,0,Insectivora,Insectivora,623CC,1,Catalogue of Life,
168,Marsupialia.,Marsupialia,22415,22427,3.23,1,NO_ANNOT,,,Exact,0,"Marsupialia Illiger, 1811",Marsupialia,LQ,1,Catalogue of Life,
169,Didelphops,Didelphops,22596,22606,4.57,1,NO_ANNOT,,,Exact,0,"Didelphops Marsh, 1889",Didelphops,urn:lsid:irmng.org:taxname:1219063,181,IRMNG,
170,All astragali,All astragali,23899,23912,,2,NO_ANNOT,,,NoMatch,,,,,,,,
