Index,Verbatim,Name,Start,End,OddsLog10,Cardinality,AnnotNomenType,WordsBefore,WordsAfter,VerifMatchType,VerifEditDistance,VerifMatchedName,VerifMatchedCanonical,VerifTaxonId,VerifDataSourceId,VerifDataSourceTitle,VerifError
0,ECHINODERMS,Echinoderms,0,11,1.26,1,NO_ANNOT,,,Exact,0,Echinoderms,Echinoderms,3926528,168,ION,
1,Echinoderms,Echinoderms,259,270,1.26,1,NO_ANNOT,,,Exact,0,Echinoderms,Echinoderms,3926528,168,ION,
2,ECHINOIDEA.,Echinoidea,432,443,4.04,1,NO_ANNOT,,,Exact,0,Echinoidea,Echinoidea,622CV,1,Catalogue of Life,
3,Cidaris tribuloides,Cidaris tribuloides,444,463,11.38,2,NO_ANNOT,,,Exact,0,"Cidaris (Gymnocidaris) tribuloides (Lamarck, 1816)",Cidaris tribuloides,VB9B,1,Catalogue of Life,
4,Echinometra subangularis,Echinometra subangularis,504,528,12.75,2,NO_ANNOT,,,Exact,0,"Echinometra subangularis (Leske, 1778)",Echinometra subangularis,38JGW,1,Catalogue of Life,
5,Toxopneustes variegatus,Toxopneustes variegatus,640,663,11.74,2,NO_ANNOT,,,Exact,0,"Toxopneustes variegatus (Lamarck, 1816)",Toxopneustes variegatus,57M72,1,Catalogue of Life,
6,Hipponoe esculenta,Hipponoe esculenta,673,691,10.48,2,NO_ANNOT,,,Exact,0,"Hipponoe esculenta A. Agassiz, 1872",Hipponoe esculenta,6M8KH,1,Catalogue of Life,
7,Echinanthus rosaceus,Echinanthus rosaceus,729,749,11.87,2,NO_ANNOT,,,Exact,0,"Echinanthus rosaceus (Linnaeus, 1758)",Echinanthus rosaceus,38FQC,1,Catalogue of Life,
8,ASTEROIDEA.,Asteroidea,788,799,5.66,1,NO_ANNOT,,,Exact,0,Asteroidea,Asteroidea,86,1,Catalogue of Life,
9,Astropecten articulatus,Astropecten articulatus,800,823,13.02,2,NO_ANNOT,,,Exact,0,"Astropecten articulatus (Say, 1825)",Astropecten articulatus,J4ST,1,Catalogue of Life,
10,Asterias,Asterias,847,855,5.33,1,NO_ANNOT,,,Exact,0,"Asterias Linnaeus, 1758",Asterias,7NPX9,1,Catalogue of Life,
11,A. articulatus,A. articulatus,1396,1410,7.81,2,NO_ANNOT,,,NoMatch,,,,,,,,
12,A. articulatus,A. articulatus,1444,1458,7.81,2,NO_ANNOT,,,NoMatch,,,,,,,,
13,Astropeden duplicatus,Astropeden duplicatus,2323,2344,4.36,2,NO_ANNOT,,,NoMatch,,,,,,,,
14,A. dubius,A. dubius,2382,2391,6.02,2,NO_ANNOT,,,NoMatch,,,,,,,,
15,A. articulatus,A. articulatus,2419,2433,7.81,2,NO_ANNOT,,,NoMatch,,,,,,,,
16,A. articulatus,A. articulatus,2480,2494,7.81,2,NO_ANNOT,,,NoMatch,,,,,,,,
17,A. duplicatus,A. duplicatus,2556,2569,7.50,2,NO_ANNOT,,,NoMatch,,,,,,,,
18,A. articulatus.,A. articulatus,2645,2660,7.81,2,NO_ANNOT,,,NoMatch,,,,,,,,
19,Echinoderms,Echinoderms,4018,4029,1.26,1,NO_ANNOT,,,Exact,0,Echinoderms,Echinoderms,3926528,168,ION,
20,Aslropecten,Aslropecten,4154,4165,4.87,1,NO_ANNOT,,,Exact,0,Aslropecten,Aslropecten,3578655,168,ION,
21,Astropecten articulatus,Astropecten articulatus,4192,4215,13.02,2,NO_ANNOT,,,Exact,0,"Astropecten articulatus (Say, 1825)",Astropecten articulatus,J4ST,1,Catalogue of Life,
22,Astropecten duplicatus,Astropecten duplicatus,5444,5466,12.71,2,NO_ANNOT,,,Exact,0,"Astropecten duplicatus Gray, 1840",Astropecten duplicatus,67W5P,1,Catalogue of Life,
23,Luidia clathrata,Luidia clathrata,5473,5489,11.28,2,NO_ANNOT,,,Exact,0,"Luidia clathrata (Say, 1825)",Luidia clathrata,3WDNX,1,Catalogue of Life,
24,Pentaceros reticalatus,Pentaceros reticalatus,5524,5546,13.41,2,NO_ANNOT,,,Fuzzy,1,"Pentaceros reticulatus Gray, 1840",Pentaceros reticulatus,76MDH,1,Catalogue of Life,
25,Linckia,Linckia,5586,5593,4.82,1,NO_ANNOT,,,Exact,0,"Linckia Nardo, 1834",Linckia,7PBHQ,1,Catalogue of Life,
26,Ecliinaster spinosus,Ecliinaster spinosus,5610,5630,4.45,2,NO_ANNOT,,,NoMatch,,,,,,,,
27,OPHIUROIDEA.,Ophiuroidea,5669,5681,4.16,1,NO_ANNOT,,,Exact,0,Ophiuroidea,Ophiuroidea,FH,1,Catalogue of Life,
28,Ophiura cinerea,Ophiura cinerea,5682,5697,10.14,2,NO_ANNOT,,,Exact,0,"Ophiura cinerea (Müller & Troschel, 1842)",Ophiura cinerea,urn:lsid:marinespecies.org:taxname:245252,9,WoRMS,
29,Ophiactis,Ophiactis,5748,5757,5.81,1,NO_ANNOT,,,Exact,0,"Ophiactis Lütken, 1856",Ophiactis,7PNC6,1,Catalogue of Life,
30,Mouth papillae,Mouth papillae,6527,6541,,2,NO_ANNOT,,,NoMatch,,,,,,,,
31,Amphiura nereis,Amphiura nereis,7721,7736,9.38,2,NO_ANNOT,,,Exact,0,"Amphiura nereis Lyman, 1883",Amphiura nereis,D6T8,1,Catalogue of Life,
32,Amphiura tumida',Amphiura tumida,7741,7757,11.69,2,NO_ANNOT,,,Exact,0,"Amphiura tumida Lyman, 1878",Amphiura tumida,D6WC,1,Catalogue of Life,
33,Astrophyton costatum,Astrophyton costatum,8012,8032,10.70,2,NO_ANNOT,,,Exact,0,Astrophyton costatum Lym.,Astrophyton costatum,3927478,168,ION,
34,Amphiura,Amphiura,8130,8138,5.31,1,SP_NOV,,,Exact,0,"Amphiura Forbes, 1843",Amphiura,7NNXQ,1,Catalogue of Life,
35,Astropeden articulatus,Astropeden articulatus,8495,8517,4.67,2,NO_ANNOT,,,NoMatch,,,,,,,,
36,Christiana,Christiana,10183,10193,3.93,1,NO_ANNOT,,,Exact,0,Christiana DC.,Christiana,62LKK,1,Catalogue of Life,
37,Wolffia,Wolffia,29597,29604,4.34,1,NO_ANNOT,,,Exact,0,Wolffia,Wolffia,8863,1,Catalogue of Life,
38,Columbiana,Columbiana,29605,29615,3.93,1,NO_ANNOT,,,Exact,0,Columbiana,Columbiana,3SMX,1,Catalogue of Life,
39,Chara,Chara,29746,29751,2.97,1,NO_ANNOT,,,Exact,0,"Chara Linnaeus, 1753",Chara,3M6W,1,Catalogue of Life,
40,Micrasterias,Micrasterias,32225,32237,6.03,1,NO_ANNOT,,,Exact,0,"Micrasterias C.Agardh ex Ralfs, 1848",Micrasterias,63B8Z,1,Catalogue of Life,
41,Euastrum,Euastrum,32238,32246,5.25,1,NO_ANNOT,,,Exact,0,"Euastrum Ehrenberg ex Ralfs, 1848",Euastrum,62RKP,1,Catalogue of Life,
42,Closterium,Closterium,32257,32267,5.45,1,NO_ANNOT,,,Exact,0,"Closterium Nitzsch ex Ralfs, 1848",Closterium,3R7G,1,Catalogue of Life,
43,Gregarina,Gregarina,32652,32661,4.13,1,NO_ANNOT,,,Exact,0,"Gregarina Dufour, 1828",Gregarina,4QZW,1,Catalogue of Life,
44,Rhizopods,Rhizopods,33149,33158,1.09,1,NO_ANNOT,,,Exact,0,Rhizopods,Rhizopods,3413371,168,ION,
45,Eucoryne elegans,Eucoryne elegans,33664,33680,9.95,2,NO_ANNOT,,,Exact,0,"Eucoryne elegans Leidy, 1855",Eucoryne elegans,3BXMK,1,Catalogue of Life,
46,Urnatella gracilis,Urnatella gracilis,33950,33968,13.34,2,NO_ANNOT,,,Exact,0,"Urnatella gracilis Leidy, 1851",Urnatella gracilis,7DRXB,1,Catalogue of Life,
47,Trichina spiralis,Trichina spiralis,34794,34811,9.73,2,NO_ANNOT,,,Exact,0,Trichina spiralis,Trichina spiralis,361996,183,Sherborn Index Animalium,
48,Julus lerrestris,Julus lerrestris,36696,36712,7.39,2,NO_ANNOT,,,Fuzzy,1,"Julus terrestris Linnaeus, 1758",Julus terrestris,3QT6K,1,Catalogue of Life,
49,Specti'um femoratum,Specti�um femoratum,40347,40366,4.96,2,NO_ANNOT,,,NoMatch,,,,,,,,
50,Belostoma,Belostoma,40524,40533,5.11,1,NO_ANNOT,,,Exact,0,"Belostoma Latreille, 1807",Belostoma,39DM,1,Catalogue of Life,
51,Corydalus,Corydalus,40801,40810,5.92,1,NO_ANNOT,,,Exact,0,Corydalus,Corydalus,62LZR,1,Catalogue of Life,
52,Balanus.,Balanus,41120,41128,5.34,1,NO_ANNOT,,,Exact,0,Balanus,Balanus,37JS,1,Catalogue of Life,
53,Cirripedia,Cirripedia,41238,41248,2.64,1,NO_ANNOT,,,Exact,0,"Cirripedia Burmeister, 1834",Cirripedia,urn:lsid:marinespecies.org:taxname:1082,9,WoRMS,
54,Balanus,Balanus,41305,41312,5.34,1,NO_ANNOT,,,Exact,0,Balanus,Balanus,37JS,1,Catalogue of Life,
55,Littorina angulifera,Littorina angulifera,44266,44286,11.18,2,NO_ANNOT,,,Exact,0,"Littorina angulifera (Lamarck, 1822)",Littorina angulifera,7RY53,1,Catalogue of Life,
56,Notes,Notes,44666,44671,2.52,1,NO_ANNOT,,,Exact,0,Notes,Notes,3950760,168,ION,
57,Protozoa,Protozoa,53376,53384,1.80,1,NO_ANNOT,,,Exact,0,Protozoa,Protozoa,Z,1,Catalogue of Life,
58,Procamelus,Procamelus,57317,57327,6.09,1,NO_ANNOT,,,Exact,0,"Procamelus Leidy, 1858",Procamelus,urn:lsid:irmng.org:taxname:1291374,181,IRMNG,
59,Oreodon,Oreodon,57403,57410,3.76,1,NO_ANNOT,,,Exact,0,"Oreodon Leidy, 1851",Oreodon,urn:lsid:irmng.org:taxname:1417996,181,IRMNG,
60,Zeuglodon,Zeuglodon,57536,57545,4.18,1,NO_ANNOT,,,Exact,0,"Zeuglodon Owen, 1839",Zeuglodon,urn:lsid:irmng.org:taxname:1304251,181,IRMNG,
61,Oreodon intermediate,Oreodon intermediate,57683,57703,4.12,2,NO_ANNOT,,,PartialExact,0,"Oreodon Leidy, 1851",Oreodon,urn:lsid:irmng.org:taxname:1417996,181,IRMNG,
62,Anchitherium,Anchitherium,58377,58389,5.81,1,NO_ANNOT,,,Exact,0,"Anchitherium von Meyer, 1844",Anchitherium,urn:lsid:irmng.org:taxname:1035263,181,IRMNG,
63,Titanotherium,Titanotherium,58539,58552,5.90,1,NO_ANNOT,,,Exact,0,"Titanotherium Leidy in Owen, 1852",Titanotherium,urn:lsid:irmng.org:taxname:1173225,181,IRMNG,
64,Limnohyus,Limnohyus,58882,58891,3.98,1,NO_ANNOT,,,Exact,0,"Limnohyus Marsh, 1872",Limnohyus,urn:lsid:irmng.org:taxname:1445937,181,IRMNG,
65,Machairodus,Machairodus,59896,59907,5.25,1,NO_ANNOT,,,Exact,0,"Machairodus Kaup, 1833",Machairodus,urn:lsid:irmng.org:taxname:1198993,181,IRMNG,
66,Drepanodon,Drepanodon,59941,59951,4.35,1,NO_ANNOT,,,Exact,0,"Drepanodon Peracca, 1896",Drepanodon,urn:lsid:irmng.org:taxname:1360613,181,IRMNG,
67,Oreodon,Oreodon,60078,60085,3.76,1,NO_ANNOT,,,Exact,0,"Oreodon Leidy, 1851",Oreodon,urn:lsid:irmng.org:taxname:1417996,181,IRMNG,
68,Megalonyx.,Megalonyx,61971,61981,4.46,1,NO_ANNOT,,,Exact,0,"Megalonyx Lesson, 1832",Megalonyx,urn:lsid:irmng.org:taxname:1431733,181,IRMNG,
69,Megalonyx,Megalonyx,62187,62196,4.46,1,NO_ANNOT,,,Exact,0,"Megalonyx Lesson, 1832",Megalonyx,urn:lsid:irmng.org:taxname:1431733,181,IRMNG,
70,Megalonyx,Megalonyx,62458,62467,4.46,1,NO_ANNOT,,,Exact,0,"Megalonyx Lesson, 1832",Megalonyx,urn:lsid:irmng.org:taxname:1431733,181,IRMNG,
71,Megalonyx,Megalonyx,62635,62644,4.46,1,NO_ANNOT,,,Exact,0,"Megalonyx Lesson, 1832",Megalonyx,urn:lsid:irmng.org:taxname:1431733,181,IRMNG,
72,Megatherium,Megatherium,62645,62656,5.57,1,NO_ANNOT,,,Exact,0,"Megatherium Cuvier, 1796",Megatherium,241788,2,Wikispecies,
73,Megalonyx,Megalonyx,63165,63174,4.46,1,NO_ANNOT,,,Exact,0,"Megalonyx Lesson, 1832",Megalonyx,urn:lsid:irmng.org:taxname:1431733,181,IRMNG,
74,Megalonyx,Megalonyx,63360,63369,4.46,1,NO_ANNOT,,,Exact,0,"Megalonyx Lesson, 1832",Megalonyx,urn:lsid:irmng.org:taxname:1431733,181,IRMNG,
75,Gnathopsis,Gnathopsis,63478,63488,5.11,1,NO_ANNOT,,,Exact,0,"Gnathopsis Leidy, 1852",Gnathopsis,urn:lsid:irmng.org:taxname:1403141,181,IRMNG,
76,Mylodon,Mylodon,63489,63496,3.76,1,NO_ANNOT,,,Exact,0,"Mylodon Owen, 1839",Mylodon,urn:lsid:irmng.org:taxname:1350213,181,IRMNG,
77,Megatherium,Megatherium,63497,63508,5.57,1,NO_ANNOT,,,Exact,0,"Megatherium Cuvier, 1796",Megatherium,241788,2,Wikispecies,
78,Megalonyx,Megalonyx,63569,63578,4.46,1,NO_ANNOT,,,Exact,0,"Megalonyx Lesson, 1832",Megalonyx,urn:lsid:irmng.org:taxname:1431733,181,IRMNG,
79,Megalonyx,Megalonyx,63800,63809,4.46,1,NO_ANNOT,,,Exact,0,"Megalonyx Lesson, 1832",Megalonyx,urn:lsid:irmng.org:taxname:1431733,181,IRMNG,
80,Tardigrada.,Tardigrada,63998,64009,1.37,1,NO_ANNOT,,,Exact,0,Tardigrada,Tardigrada,69,1,Catalogue of Life,
81,Megalonyx,Megalonyx,64113,64122,4.46,1,NO_ANNOT,,,Exact,0,"Megalonyx Lesson, 1832",Megalonyx,urn:lsid:irmng.org:taxname:1431733,181,IRMNG,
82,Megalonyx.,Megalonyx,64326,64336,4.46,1,NO_ANNOT,,,Exact,0,"Megalonyx Lesson, 1832",Megalonyx,urn:lsid:irmng.org:taxname:1431733,181,IRMNG,
83,Tioga,Tioga,64682,64687,2.95,1,NO_ANNOT,,,Exact,0,"Tioga Hulst, 1888",Tioga,urn:lsid:irmng.org:taxname:1411606,181,IRMNG,
84,Holoptychius,Holoptychius,64785,64797,5.51,1,NO_ANNOT,,,Exact,0,"Holoptychius Egerton, 1837",Holoptychius,urn:lsid:irmng.org:taxname:1121297,181,IRMNG,
85,Americanus,Americanus,64798,64808,5.93,1,NO_ANNOT,,,Exact,0,Americanus,Americanus,30472096-2,167,IPNI,
86,Stenacanthus,Stenacanthus,64909,64921,5.35,1,NO_ANNOT,,,Exact,0,"Stenacanthus Leidy, 1856",Stenacanthus,urn:lsid:irmng.org:taxname:1395813,181,IRMNG,
87,Edestus vorax,Edestus vorax,65150,65163,9.58,2,NO_ANNOT,,,Exact,0,Edestus vorax Leidy 1855,Edestus vorax,245279,172,PaleoBioDB,
88,Carcharodon,Carcharodon,65203,65214,4.47,1,NO_ANNOT,,,Exact,0,Carcharodon,Carcharodon,3HC9,1,Catalogue of Life,
89,Edestus,Edestus,65459,65466,5.03,1,NO_ANNOT,,,Exact,0,"Edestus Leidy, 1856",Edestus,142788,2,Wikispecies,
90,Helodus,Helodus,65539,65546,4.54,1,NO_ANNOT,,,Exact,0,"Helodus Agassiz, 1838",Helodus,urn:lsid:irmng.org:taxname:1330997,181,IRMNG,
91,Ctenoptychius,Ctenoptychius,65563,65576,5.60,1,NO_ANNOT,,,Exact,0,"Ctenoptychius Agassiz, 1838",Ctenoptychius,urn:lsid:irmng.org:taxname:1193023,181,IRMNG,
92,Cestracion,Cestracion,65631,65641,3.11,1,NO_ANNOT,,,Exact,0,"Cestracion Schaeffer, 1760",Cestracion,urn:lsid:irmng.org:taxname:1192218,181,IRMNG,
93,Trichecus,Trichecus,66159,66168,6.17,1,NO_ANNOT,,,Exact,0,"Trichecus Oken, 1816",Trichecus,7Z52,1,Catalogue of Life,
94,Rosmarus,Rosmarus,66169,66177,5.26,1,NO_ANNOT,,,Exact,0,"Rosmarus Brünnich, 1772",Rosmarus,63S7Z,1,Catalogue of Life,
95,Dicotyles compressus.,Dicotyles compressus,66948,66969,10.55,2,NO_ANNOT,,,Exact,0,Dicotyles compressus (Leconte 1848),Dicotyles compressus,161901,172,PaleoBioDB,
96,Cimoliasaurus,Cimoliasaurus,67927,67940,6.05,1,NO_ANNOT,,,Exact,0,"Cimoliasaurus Leidy, 1851",Cimoliasaurus,urn:lsid:irmng.org:taxname:1194562,181,IRMNG,
97,Discosaurus,Discosaurus,67945,67956,5.72,1,NO_ANNOT,,,Exact,0,"Discosaurus Credner, 1883",Discosaurus,urn:lsid:irmng.org:taxname:1336456,181,IRMNG,
98,Hadrosaurus,Hadrosaurus,68998,69009,5.72,1,NO_ANNOT,,,Exact,0,"Hadrosaurus Leidy, 1858",Hadrosaurus,urn:lsid:irmng.org:taxname:1279818,181,IRMNG,
99,Cyclura,Cyclura,69137,69144,5.06,1,NO_ANNOT,,,Exact,0,"Cyclura Gray, 1845",Cyclura,87FCN,1,Catalogue of Life,
100,Hadrosaurus,Hadrosaurus,69937,69948,5.72,1,NO_ANNOT,,,Exact,0,"Hadrosaurus Leidy, 1858",Hadrosaurus,urn:lsid:irmng.org:taxname:1279818,181,IRMNG,
101,Dinosauria,Dinosauria,70180,70190,3.40,1,NO_ANNOT,,,Exact,0,"Dinosauria Owen, 1842",Dinosauria,7104,2,Wikispecies,
102,Chelone,Chelone,70511,70518,3.14,1,NO_ANNOT,,,Exact,0,Chelone L.,Chelone,3MP8,1,Catalogue of Life,
103,Emys,Emys,70519,70523,3.73,1,NO_ANNOT,,,Exact,0,"Emys Duméril & Bibron, 1835",Emys,87FTX,1,Catalogue of Life,
104,Trionyx.,Trionyx,70528,70536,4.04,1,NO_ANNOT,,,Exact,0,"Trionyx Gray, 1870",Trionyx,87L6K,1,Catalogue of Life,
105,Bothremys,Bothremys,70537,70546,5.24,1,NO_ANNOT,,,Exact,0,"Bothremys Leidy, 1865",Bothremys,urn:lsid:irmng.org:taxname:1024065,181,IRMNG,
106,Podoenemys expansa.,Podoenemys expansa,70756,70775,4.45,2,NO_ANNOT,,,Fuzzy,1,Podocnemys expansa,Podocnemys expansa,2143059,168,ION,
107,Carnivora,Carnivora,71564,71573,6.06,1,NO_ANNOT,,,Exact,0,"Carnivora Bowdich, 1821",Carnivora,VS,1,Catalogue of Life,
108,Pachydermata,Pachydermata,71574,71586,3.65,1,NO_ANNOT,,,Exact,0,Pachydermata,Pachydermata,4215506,168,ION,
109,Ruminantia,Ruminantia,71587,71597,3.84,1,NO_ANNOT,,,Exact,0,"Ruminantia Scopoli, 1777",Ruminantia,13225,2,Wikispecies,
110,Proboscidea,Proboscidea,71598,71609,5.78,1,NO_ANNOT,,,Exact,0,"Proboscidea Illiger, 1811",Proboscidea,3WB,1,Catalogue of Life,
111,Rodentia,Rodentia,71610,71618,3.50,1,NO_ANNOT,,,Exact,0,"Rodentia Bowdich, 1821",Rodentia,3Z5,1,Catalogue of Life,
112,Insectivora,Insectivora,71623,71634,6.35,1,NO_ANNOT,,,Exact,0,Insectivora,Insectivora,623CC,1,Catalogue of Life,
113,Equus,Equus,73756,73761,3.83,1,NO_ANNOT,,,Exact,0,"Equus Linnaeus, 1758",Equus,4DLP,1,Catalogue of Life,
114,Protohippus,Protohippus,73874,73885,6.19,1,NO_ANNOT,,,Exact,0,"Protohippus Leidy, 1858",Protohippus,urn:lsid:irmng.org:taxname:1064587,181,IRMNG,
115,Hipparion,Hipparion,73890,73899,2.94,1,NO_ANNOT,,,Exact,0,"Hipparion de Christol, 1832",Hipparion,76180,2,Wikispecies,
116,Uintatherium,Uintatherium,75337,75349,5.81,1,NO_ANNOT,,,Exact,0,"Uintatherium Leidy, 1872",Uintatherium,urn:lsid:irmng.org:taxname:1023727,181,IRMNG,
117,Uintatherium,Uintatherium,75725,75737,5.81,1,NO_ANNOT,,,Exact,0,"Uintatherium Leidy, 1872",Uintatherium,urn:lsid:irmng.org:taxname:1023727,181,IRMNG,
118,Uintatherium,Uintatherium,76422,76434,5.81,1,NO_ANNOT,,,Exact,0,"Uintatherium Leidy, 1872",Uintatherium,urn:lsid:irmng.org:taxname:1023727,181,IRMNG,
119,Uiiitamastix atrox.,Uiiitamastix atrox,76683,76702,2.75,2,NO_ANNOT,,,NoMatch,,,,,,,,
120,Uintatherium,Uintatherium,77056,77068,5.81,1,NO_ANNOT,,,Exact,0,"Uintatherium Leidy, 1872",Uintatherium,urn:lsid:irmng.org:taxname:1023727,181,IRMNG,
121,Megatherium,Megatherium,78355,78366,5.57,1,NO_ANNOT,,,Exact,0,"Megatherium Cuvier, 1796",Megatherium,241788,2,Wikispecies,
122,Notes,Notes,80351,80356,2.52,1,NO_ANNOT,,,Exact,0,Notes,Notes,3950760,168,ION,
123,Littorina angulifera,Littorina angulifera,80502,80522,11.18,2,NO_ANNOT,,,Exact,0,"Littorina angulifera (Lamarck, 1822)",Littorina angulifera,7RY53,1,Catalogue of Life,
124,Bradypus tridactylis,Bradypus tridactylis,80756,80776,13.45,2,NO_ANNOT,,,Fuzzy,1,"Bradypus tridactylus Linnaeus, 1758",Bradypus tridactylus,N5F3,1,Catalogue of Life,
125,Trichina spiralis,Trichina spiralis,80875,80892,9.73,2,NO_ANNOT,,,Exact,0,Trichina spiralis,Trichina spiralis,361996,183,Sherborn Index Animalium,
126,Spectrum femoratum,Spectrum femoratum,81032,81050,11.27,2,NO_ANNOT,,,Exact,0,"Spectrum femoratum Say, 1824",Spectrum femoratum,4YH3J,1,Catalogue of Life,
127,Entozoa.,Entozoa,81151,81159,1.55,1,NO_ANNOT,,,Exact,0,Entozoa,Entozoa,4158625,168,ION,
128,Locusta.,Locusta,81317,81325,3.40,1,NO_ANNOT,,,Exact,0,Locusta Riv. ex Medik.Phil.,Locusta,5TC7Z,1,Catalogue of Life,
129,Parmelia.,Parmelia,81694,81703,4.39,1,NO_ANNOT,,,Exact,0,Parmelia,Parmelia,6HXG,1,Catalogue of Life,
130,Helix alternata,Helix alternata,81870,81885,10.50,2,NO_ANNOT,,,Exact,0,"Helix alternata Say, 1817",Helix alternata,7RKHW,1,Catalogue of Life,
131,Cryptobia,Cryptobia,81982,81991,3.87,1,NO_ANNOT,,,Exact,0,"Cryptobia J. Leidy, 1846",Cryptobia,3WGG,1,Catalogue of Life,
132,Cryptoicus.,Cryptoicus,81995,82006,6.34,1,NO_ANNOT,,,Exact,0,"Cryptoicus J. Leidy, 1847",Cryptoicus,3WLW,1,Catalogue of Life,
133,Planaria.,Planaria,82273,82282,4.68,1,NO_ANNOT,,,Exact,0,"Planaria Müller O.F., 1776",Planaria,7PCQW,1,Catalogue of Life,
134,Planaria.,Planaria,82386,82395,4.68,1,NO_ANNOT,,,Exact,0,"Planaria Müller O.F., 1776",Planaria,7PCQW,1,Catalogue of Life,
135,Ruminantia,Ruminantia,82628,82638,3.84,1,NO_ANNOT,,,Exact,0,"Ruminantia Scopoli, 1777",Ruminantia,13225,2,Wikispecies,
136,Poebrotherium,Poebrotherium,82639,82652,5.90,1,NO_ANNOT,,,Exact,0,"Poebrotherium Leidy, 1847",Poebrotherium,urn:lsid:irmng.org:taxname:1096359,181,IRMNG,
137,Belostoma.,Belostoma,82835,82845,5.11,1,NO_ANNOT,,,Exact,0,"Belostoma Latreille, 1807",Belostoma,39DM,1,Catalogue of Life,
138,Entozoa,Entozoa,82967,82974,1.55,1,NO_ANNOT,,,Exact,0,Entozoa,Entozoa,4158625,168,ION,
139,Cryptobia helicis.,Cryptobia helicis,82975,82993,9.10,2,NO_ANNOT,,,Exact,0,Cryptobia helicis J.Leidy,Cryptobia helicis,96166,195,AlgaeBase,
140,Locusta.,Locusta,83061,83069,3.40,1,NO_ANNOT,,,Exact,0,Locusta Riv. ex Medik.Phil.,Locusta,5TC7Z,1,Catalogue of Life,
141,Distoma,Distoma,83253,83260,4.69,1,NO_ANNOT,,,Exact,0,"Distoma Rafinesque, 1814",Distoma,urn:lsid:irmng.org:taxname:1367490,181,IRMNG,
142,Balanus.,Balanus,83468,83476,5.34,1,NO_ANNOT,,,Exact,0,Balanus,Balanus,37JS,1,Catalogue of Life,
143,Pachydermata,Pachydermata,83824,83836,3.65,1,NO_ANNOT,,,Exact,0,Pachydermata,Pachydermata,4215506,168,ION,
144,Merycoidodon,Merycoidodon,83837,83849,4.71,1,NO_ANNOT,,,Exact,0,"Merycoidodon Leidy, 1848",Merycoidodon,urn:lsid:irmng.org:taxname:1207009,181,IRMNG,
145,Tapirus,Tapirus,84380,84387,5.01,1,NO_ANNOT,,,Exact,0,"Tapirus Brisson, 1762",Tapirus,7SQ4,1,Catalogue of Life,
146,Americanus fossilis.,Americanus fossilis,84388,84408,13.07,2,NO_ANNOT,,,PartialExact,0,Americanus,Americanus,30472096-2,167,IPNI,
147,Entozoa.,Entozoa,84762,84770,1.55,1,NO_ANNOT,,,Exact,0,Entozoa,Entozoa,4158625,168,ION,
148,Corydalus cornutus,Corydalus cornutus,85527,85545,13.48,2,NO_ANNOT,,,Exact,0,"Corydalus cornutus (Linnaeus, 1758)",Corydalus cornutus,YPR7,1,Catalogue of Life,
149,Rhinoceros occidentalis.,Rhinoceros occidentalis,86301,86325,11.51,2,NO_ANNOT,,,Exact,0,Rhinoceros occidentalis (Leidy 1850),Rhinoceros occidentalis,51353,172,PaleoBioDB,
150,Eucrotaphus,Eucrotaphus,86567,86578,5.11,1,NO_ANNOT,,,Exact,0,"Eucrotaphus Leidy, 1850",Eucrotaphus,urn:lsid:irmng.org:taxname:1107354,181,IRMNG,
151,Notes,Notes,86776,86781,2.52,1,NO_ANNOT,,,Exact,0,Notes,Notes,3950760,168,ION,
152,Gordius aquaticus.,Gordius aquaticus,86808,86826,11.73,2,NO_ANNOT,,,Exact,0,"Gordius aquaticus Linnaeus, 1758",Gordius aquaticus,3H2QC,1,Catalogue of Life,
153,Entozoa.,Entozoa,86910,86918,1.55,1,NO_ANNOT,,,Exact,0,Entozoa,Entozoa,4158625,168,ION,
154,Entozoa,Entozoa,86998,87005,1.55,1,NO_ANNOT,,,Exact,0,Entozoa,Entozoa,4158625,168,ION,
155,Insects.,Insects,87016,87024,0.51,1,NO_ANNOT,,,Exact,0,Insects,Insects,3747023,168,ION,
156,Vermes.,Vermes,87372,87379,1.27,1,NO_ANNOT,,,Exact,0,Vermes Linnaeus 1758,Vermes,89231520,132,ZooBank,
157,Entozoa.,Entozoa,87464,87472,1.55,1,NO_ANNOT,,,Exact,0,Entozoa,Entozoa,4158625,168,ION,
158,Plumatella,Plumatella,87861,87871,6.37,1,NO_ANNOT,,,Exact,0,"Plumatella Lamarck, 1816",Plumatella,84SGM,1,Catalogue of Life,
159,Cristatella,Cristatella,87935,87946,6.49,1,NO_ANNOT,,,Exact,0,"Cristatella (G. Stache, 1889) Groves, 1933",Cristatella,3VXZ,1,Catalogue of Life,
160,Balaena palaeallantica,Balaena palaeallantica,88146,88168,7.87,2,NO_ANNOT,,,Fuzzy,1,Balaena palaeatlantica (Leidy 1851),Balaena palaeatlantica,63980,172,PaleoBioDB,
161,B. prisca,B. prisca,88173,88182,5.25,2,NO_ANNOT,,,NoMatch,,,,,,,,
162,Balhygnathus borealis,Balhygnathus borealis,88888,88909,6.18,2,NO_ANNOT,,,Fuzzy,1,Bathygnathus borealis Leidy 1853,Bathygnathus borealis,65123,172,PaleoBioDB,
163,Gasteropoda,Gasteropoda,89058,89069,5.48,1,NO_ANNOT,,,Exact,0,"Gasteropoda Gray, 1847",Gasteropoda,urn:lsid:irmng.org:taxname:1447446,181,IRMNG,
164,Mammalia,Mammalia,89806,89814,2.77,1,NO_ANNOT,,,Exact,0,"Mammalia Linnaeus, 1758",Mammalia,6224G,1,Catalogue of Life,
165,Chelonia,Chelonia,89819,89827,3.87,1,NO_ANNOT,,,Exact,0,"Chelonia Duméril & Bibron, 1835",Chelonia,87BST,1,Catalogue of Life,
166,Thoracosaurus grandis.,Thoracosaurus grandis,90770,90792,12.42,2,NO_ANNOT,,,Exact,0,Thoracosaurus grandis Leidy 1852,Thoracosaurus grandis,65117,172,PaleoBioDB,
167,Ursus amplidens,Ursus amplidens,90842,90857,9.89,2,NO_ANNOT,,,Exact,0,Ursus amplidens Leidy 1853,Ursus amplidens,52603,172,PaleoBioDB,
168,Mammalia,Mammalia,91056,91064,2.77,1,NO_ANNOT,,,Exact,0,"Mammalia Linnaeus, 1758",Mammalia,6224G,1,Catalogue of Life,
169,Chelonia,Chelonia,91069,91077,3.87,1,NO_ANNOT,,,Exact,0,"Chelonia Duméril & Bibron, 1835",Chelonia,87BST,1,Catalogue of Life,
170,Gregarina,Gregarina,91302,91311,4.13,1,NO_ANNOT,,,Exact,0,"Gregarina Dufour, 1828",Gregarina,4QZW,1,Catalogue of Life,
171,Nematoidea imperfecta,Nematoidea imperfecta,91393,91414,6.29,2,NO_ANNOT,,,PartialExact,0,Nematoidea,Nematoidea,'gn_1259207',170,Arctos,
172,Infusoria.,Infusoria,91451,91461,4.85,1,NO_ANNOT,,,Exact,0,Infusoria Ciliata,Infusoria,4085954,168,ION,
173,Felis atrox,Felis atrox,91560,91571,7.38,2,NO_ANNOT,,,Exact,0,Felis atrox (Leidy 1853),Felis atrox,46509,172,PaleoBioDB,
174,Mammalia,Mammalia,92093,92101,2.77,1,NO_ANNOT,,,Exact,0,"Mammalia Linnaeus, 1758",Mammalia,6224G,1,Catalogue of Life,
175,Chelonia,Chelonia,92106,92114,3.87,1,NO_ANNOT,,,Exact,0,"Chelonia Duméril & Bibron, 1835",Chelonia,87BST,1,Catalogue of Life,
176,Mammalia,Mammalia,92542,92550,2.77,1,NO_ANNOT,,,Exact,0,"Mammalia Linnaeus, 1758",Mammalia,6224G,1,Catalogue of Life,
177,Chelonia,Chelonia,92555,92563,3.87,1,NO_ANNOT,,,Exact,0,"Chelonia Duméril & Bibron, 1835",Chelonia,87BST,1,Catalogue of Life,
178,Brimosaufus grandis,Brimosaufus grandis,92657,92676,4.34,2,NO_ANNOT,,,Fuzzy,1,Brimosaurus grandis (Leidy 1855),Brimosaurus grandis,65124,172,PaleoBioDB,
179,Bison latifrons.,Bison latifrons,92735,92751,4.17,2,NO_ANNOT,,,Exact,0,"Bison latifrons Harlan, 1825",Bison latifrons,202518,2,Wikispecies,
180,Dinictis filina.,Dinictis filina,92805,92821,12.15,2,NO_ANNOT,,,Fuzzy,1,Dinictis felina (Leidy 1854),Dinictis felina,45752,172,PaleoBioDB,
181,Hydrachna.,Hydrachna,92994,93004,4.46,1,NO_ANNOT,,,Exact,0,"Hydrachna O. F. Müller, 1776",Hydrachna,4ZPG,1,Catalogue of Life,
182,Hippodon,Hippodon,93052,93060,4.01,1,NO_ANNOT,,,Exact,0,"Hippodon Leidy, 1854",Hippodon,urn:lsid:irmng.org:taxname:1420783,181,IRMNG,
183,Merycodus,Merycodus,93065,93074,4.96,1,NO_ANNOT,,,Exact,0,"Merycodus Leidy, 1854",Merycodus,urn:lsid:irmng.org:taxname:1306133,181,IRMNG,
184,Mammalia,Mammalia,93177,93185,2.77,1,NO_ANNOT,,,Exact,0,"Mammalia Linnaeus, 1758",Mammalia,6224G,1,Catalogue of Life,
185,Urnatella gracilis,Urnatella gracilis,93470,93488,13.34,2,NO_ANNOT,,,Exact,0,"Urnatella gracilis Leidy, 1851",Urnatella gracilis,7DRXB,1,Catalogue of Life,
186,Plumatella.,Plumatella,93510,93521,6.37,1,NO_ANNOT,,,Exact,0,"Plumatella Lamarck, 1816",Plumatella,84SGM,1,Catalogue of Life,
187,Bootherium cavifrons,Bootherium cavifrons,93783,93803,9.88,2,NO_ANNOT,,,Exact,0,Bootherium cavifrons (Leidy 1852),Bootherium cavifrons,44582,172,PaleoBioDB,
188,Oribos moschatus,Oribos moschatus,93809,93825,4.69,2,NO_ANNOT,,,Fuzzy,1,"Ovibos moschatus (Zimmermann, 1780)",Ovibos moschatus,4B9SQ,1,Catalogue of Life,
189,Mammalia.,Mammalia,94781,94790,2.77,1,NO_ANNOT,,,Exact,0,"Mammalia Linnaeus, 1758",Mammalia,6224G,1,Catalogue of Life,
190,Ichthyodorulites.,Ichthyodorulites,94869,94886,4.51,1,NO_ANNOT,,,Exact,0,"Ichthyodorulites Bronn, 1848",Ichthyodorulites,urn:lsid:irmng.org:taxname:1174206,181,IRMNG,
191,Entozoa,Entozoa,94996,95003,1.55,1,NO_ANNOT,,,Exact,0,Entozoa,Entozoa,4158625,168,ION,
192,Mammalia,Mammalia,95124,95132,2.77,1,NO_ANNOT,,,Exact,0,"Mammalia Linnaeus, 1758",Mammalia,6224G,1,Catalogue of Life,
193,Mammalia,Mammalia,95508,95516,2.77,1,NO_ANNOT,,,Exact,0,"Mammalia Linnaeus, 1758",Mammalia,6224G,1,Catalogue of Life,
194,Mammalia,Mammalia,95810,95818,2.77,1,NO_ANNOT,,,Exact,0,"Mammalia Linnaeus, 1758",Mammalia,6224G,1,Catalogue of Life,
195,Vertebrata,Vertebrata,96829,96839,4.90,1,NO_ANNOT,,,Exact,0,"Vertebrata S.F. Gray, 1821",Vertebrata,urn:lsid:irmng.org:taxname:1086832,181,IRMNG,
196,Vertebrata,Vertebrata,96986,96996,4.90,1,NO_ANNOT,,,Exact,0,"Vertebrata S.F. Gray, 1821",Vertebrata,urn:lsid:irmng.org:taxname:1086832,181,IRMNG,
197,Gordius,Gordius,97291,97298,4.56,1,NO_ANNOT,,,Exact,0,"Gordius Linnaeus, 1758",Gordius,84NTY,1,Catalogue of Life,
198,CEstrus.,Cestrus,97312,97320,5.01,1,NO_ANNOT,,,Exact,0,Cestrus,Cestrus,3LBR,1,Catalogue of Life,
199,Entozoa,Entozoa,97453,97460,1.55,1,NO_ANNOT,,,Exact,0,Entozoa,Entozoa,4158625,168,ION,
200,Coprolites,Coprolites,97532,97542,1.93,1,NO_ANNOT,,,Exact,0,Coprolites,Coprolites,2526574,168,ION,
201,Oecanthus.,Oecanthus,97954,97964,4.82,1,NO_ANNOT,,,Exact,0,Oecanthus,Oecanthus,674R,1,Catalogue of Life,
202,Vertebrata,Vertebrata,98291,98301,4.90,1,NO_ANNOT,,,Exact,0,"Vertebrata S.F. Gray, 1821",Vertebrata,urn:lsid:irmng.org:taxname:1086832,181,IRMNG,
203,Urnatella gracilis.,Urnatella gracilis,98562,98581,13.34,2,NO_ANNOT,,,Exact,0,"Urnatella gracilis Leidy, 1851",Urnatella gracilis,7DRXB,1,Catalogue of Life,
204,Mammalia,Mammalia,98645,98653,2.77,1,NO_ANNOT,,,Exact,0,"Mammalia Linnaeus, 1758",Mammalia,6224G,1,Catalogue of Life,
205,Rhyncodemus sylvaticus.,Rhyncodemus sylvaticus,99116,99139,6.59,2,NO_ANNOT,,,Fuzzy,1,"Rhynchodemus sylvaticus (Leidy, 1851) Leidy, 1851",Rhynchodemus sylvaticus,78W2Z,1,Catalogue of Life,
206,Hadrosaurus,Hadrosaurus,99433,99444,5.72,1,NO_ANNOT,,,Exact,0,"Hadrosaurus Leidy, 1858",Hadrosaurus,urn:lsid:irmng.org:taxname:1279818,181,IRMNG,
207,Manayunkia speciosa.,Manayunkia speciosa,99871,99891,12.71,2,NO_ANNOT,,,Exact,0,"Manayunkia speciosa Leidy, 1859",Manayunkia speciosa,3XSXD,1,Catalogue of Life,
208,Hystracantlius arcuatus,Hystracantlius arcuatus,99941,99964,7.07,2,NO_ANNOT,,,NoMatch,,,,,,,,
209,Cladodus occidentalis.,Cladodus occidentalis,99969,99991,12.41,2,NO_ANNOT,,,Exact,0,Cladodus occidentalis (Leidy 1859),Cladodus occidentalis,149516,172,PaleoBioDB,
210,Clepsysaurus,Clepsysaurus,100159,100171,5.96,1,NO_ANNOT,,,Exact,0,"Clepsysaurus Lea, 1853",Clepsysaurus,urn:lsid:irmng.org:taxname:1173561,181,IRMNG,
211,Eurydorus serridens,Eurydorus serridens,100172,100191,11.86,2,NO_ANNOT,,,Exact,0,Eurydorus serridens (Leidy 1859),Eurydorus serridens,347622,172,PaleoBioDB,
212,Compsosaurus,Compsosaurus,100196,100208,5.96,1,NO_ANNOT,,,Exact,0,"Compsosaurus Leidy, 1857",Compsosaurus,urn:lsid:irmng.org:taxname:1316134,181,IRMNG,
213,Ursus,Ursus,100474,100479,3.45,1,NO_ANNOT,,,Exact,0,"Ursus Linnaeus, 1758",Ursus,63VHR,1,Catalogue of Life,
214,Americanus,Americanus,100480,100490,5.93,1,NO_ANNOT,,,Exact,0,Americanus,Americanus,30472096-2,167,IPNI,
215,Dromatherium sylvestre,Dromatherium sylvestre,100772,100794,11.82,2,NO_ANNOT,,,Exact,0,Dromatherium sylvestre Emmons 1857,Dromatherium sylvestre,172471,172,PaleoBioDB,
216,Lytta vittata.,Lytta vittata,101071,101085,10.18,2,NO_ANNOT,,,Exact,0,Lytta vittata,Lytta vittata,61161,183,Sherborn Index Animalium,
217,Saurocephalus,Saurocephalus,101565,101578,6.54,1,NO_ANNOT,,,Exact,0,"Saurocephalus Harlan, 1824",Saurocephalus,urn:lsid:irmng.org:taxname:1325974,181,IRMNG,
218,Megalonyx,Megalonyx,101860,101869,4.46,1,NO_ANNOT,,,Exact,0,"Megalonyx Lesson, 1832",Megalonyx,urn:lsid:irmng.org:taxname:1431733,181,IRMNG,
219,Hyalonema mirabilis.,Hyalonema mirabilis,102138,102158,13.05,2,NO_ANNOT,,,Exact,0,Hyalonema mirabilis,Hyalonema mirabilis,86Y3L,1,Catalogue of Life,
220,Trichina spiralis.,Trichina spiralis,102232,102250,9.73,2,NO_ANNOT,,,Exact,0,Trichina spiralis,Trichina spiralis,361996,183,Sherborn Index Animalium,
221,Hippotherium,Hippotherium,102398,102410,5.81,1,NO_ANNOT,,,Exact,0,"Hippotherium Kaup, 1833",Hippotherium,urn:lsid:irmng.org:taxname:1196014,181,IRMNG,
222,Phalangopsis.,Phalangopsis,103049,103062,5.47,1,NO_ANNOT,,,Exact,0,Phalangopsis,Phalangopsis,63N54,1,Catalogue of Life,
223,Acanthias,Acanthias,103710,103719,5.50,1,NO_ANNOT,,,Exact,0,"Acanthias Bonaparte, 1838",Acanthias,urn:lsid:irmng.org:taxname:1464126,181,IRMNG,
224,Bison latifrons.,Bison latifrons,104749,104765,4.17,2,NO_ANNOT,,,Exact,0,"Bison latifrons Harlan, 1825",Bison latifrons,202518,2,Wikispecies,
225,Geomvs bursarius.,Geomvs bursarius,104839,104856,9.87,2,NO_ANNOT,,,Fuzzy,1,"Geomys bursarius (Shaw, 1800)",Geomys bursarius,3FQBV,1,Catalogue of Life,
226,Castoroides,Castoroides,104994,105005,5.22,1,NO_ANNOT,,,Exact,0,"Castoroides Foster, 1838",Castoroides,241267,2,Wikispecies,
227,Elotherium,Elotherium,105267,105277,5.45,1,NO_ANNOT,,,Exact,0,"Elotherium Pomel, 1847",Elotherium,urn:lsid:irmng.org:taxname:1306758,181,IRMNG,
228,Megalosaurus.,Megalosaurus,105748,105761,5.96,1,NO_ANNOT,,,Exact,0,"Megalosaurus Buckland, 1824",Megalosaurus,64325,2,Wikispecies,
229,Conosaurus,Conosaurus,105823,105833,5.60,1,NO_ANNOT,,,Exact,0,"Conosaurus Gibbes, ? 1851",Conosaurus,urn:lsid:irmng.org:taxname:1442865,181,IRMNG,
230,Ptychodus.,Ptychodus,105921,105931,4.96,1,NO_ANNOT,,,Exact,0,"Ptychodus Agassiz, 1837",Ptychodus,urn:lsid:irmng.org:taxname:1384143,181,IRMNG,
231,Dicotyles nasutus,Dicotyles nasutus,106115,106132,10.70,2,NO_ANNOT,,,Exact,0,Dicotyles nasutus (Leidy 1868),Dicotyles nasutus,45685,172,PaleoBioDB,
232,Anchippus,Anchippus,106133,106142,5.90,1,NO_ANNOT,,,Exact,0,"Anchippus Leidy, 1868",Anchippus,urn:lsid:irmng.org:taxname:1430111,181,IRMNG,
233,Texanus,Texanus,106143,106150,5.34,1,NO_ANNOT,,,NoMatch,,,,,,,,
234,Ancliippodus riparius,Ancliippodus riparius,106151,106172,6.01,2,NO_ANNOT,,,NoMatch,,,,,,,,
235,Lophiodon occidentalis.,Lophiodon occidentalis,106173,106196,11.80,2,NO_ANNOT,,,Exact,0,Lophiodon occidentalis (Leidy 1868),Lophiodon occidentalis,47758,172,PaleoBioDB,
236,Insectivora,Insectivora,106283,106294,6.35,1,NO_ANNOT,,,Exact,0,Insectivora,Insectivora,623CC,1,Catalogue of Life,
237,Wolffia,Wolffia,106374,106381,4.34,1,NO_ANNOT,,,Exact,0,Wolffia,Wolffia,8863,1,Catalogue of Life,
238,Columbiana.,Columbiana,106382,106393,3.93,1,NO_ANNOT,,,Exact,0,Columbiana,Columbiana,3SMX,1,Catalogue of Life,
239,Pheronema,Pheronema,106470,106479,5.75,1,NO_ANNOT,,,Exact,0,"Pheronema Leidy, 1868",Pheronema,84S2P,1,Catalogue of Life,
240,Coprolites,Coprolites,106720,106730,1.93,1,NO_ANNOT,,,Exact,0,Coprolites,Coprolites,2526574,168,ION,
241,Mammalia,Mammalia,107077,107085,2.77,1,NO_ANNOT,,,Exact,0,"Mammalia Linnaeus, 1758",Mammalia,6224G,1,Catalogue of Life,
242,Mammalia,Mammalia,107249,107257,2.77,1,NO_ANNOT,,,Exact,0,"Mammalia Linnaeus, 1758",Mammalia,6224G,1,Catalogue of Life,
243,Elasmosaurus platyurus,Elasmosaurus platyurus,107442,107464,12.92,2,NO_ANNOT,,,Exact,0,Elasmosaurus platyurus (Cope 1868),Elasmosaurus platyurus,70301,172,PaleoBioDB,
244,Megacerops coloradensis.,Megacerops coloradensis,107545,107569,12.40,2,NO_ANNOT,,,Exact,0,Megacerops coloradensis (Leidy 1870),Megacerops coloradensis,47980,172,PaleoBioDB,
245,Puicilopleuron valens,Puicilopleuron valens,107629,107650,4.80,2,NO_ANNOT,,,Fuzzy,1,Poicilopleuron valens (Leidy 1870),Poicilopleuron valens,64030,172,PaleoBioDB,
246,Baptemys,Baptemys,107651,107659,5.07,1,NO_ANNOT,,,Exact,0,"Baptemys Leidy, 1870",Baptemys,urn:lsid:irmng.org:taxname:1122590,181,IRMNG,
247,Emys,Emys,107673,107677,3.73,1,NO_ANNOT,,,Exact,0,"Emys Duméril & Bibron, 1835",Emys,87FTX,1,Catalogue of Life,
248,Xiphactinus audax,Xiphactinus audax,108024,108041,10.30,2,NO_ANNOT,,,Exact,0,Xiphactinus audax (Leidy 1870),Xiphactinus audax,117694,172,PaleoBioDB,
249,Ichthyodorulites.,Ichthyodorulites,108052,108069,4.51,1,NO_ANNOT,,,Exact,0,"Ichthyodorulites Bronn, 1848",Ichthyodorulites,urn:lsid:irmng.org:taxname:1174206,181,IRMNG,
250,Asteracanthus siderius.,Asteracanthus siderius,108130,108153,12.27,2,NO_ANNOT,,,Exact,0,Asteracanthus siderius Leidy 1870,Asteracanthus siderius,142487,172,PaleoBioDB,
251,Hadrosaurus,Hadrosaurus,108203,108214,5.72,1,NO_ANNOT,,,Exact,0,"Hadrosaurus Leidy, 1858",Hadrosaurus,urn:lsid:irmng.org:taxname:1279818,181,IRMNG,
252,Oncobatis pentagonus,Oncobatis pentagonus,108295,108315,13.17,2,NO_ANNOT,,,Exact,0,Oncobatis pentagonus Leidy 1870,Oncobatis pentagonus,390534,172,PaleoBioDB,
253,Mylocyprinus robustus.,Mylocyprinus robustus,108320,108342,13.85,2,NO_ANNOT,,,Exact,0,Mylocyprinus robustus Leidy 1870,Mylocyprinus robustus,391603,172,PaleoBioDB,
254,Crocodilus,Crocodilus,108621,108631,6.09,1,NO_ANNOT,,,Exact,0,"Crocodilus Duméril & Bibron, 1851",Crocodilus,8FX8J,1,Catalogue of Life,
255,Urnatella,Urnatella,108695,108704,6.20,1,NO_ANNOT,,,Exact,0,"Urnatella Leidy, 1851",Urnatella,856L,1,Catalogue of Life,
256,Oreodon,Oreodon,109000,109007,3.76,1,NO_ANNOT,,,Exact,0,"Oreodon Leidy, 1851",Oreodon,urn:lsid:irmng.org:taxname:1417996,181,IRMNG,
257,O. superbus.,O. superbus,109009,109021,5.52,2,NO_ANNOT,,,NoMatch,,,,,,,,
258,Cordylophora,Cordylophora,109102,109114,6.59,1,NO_ANNOT,,,Exact,0,"Cordylophora Allman, 1844",Cordylophora,7NTJK,1,Catalogue of Life,
259,Palseosyops paludosus,Palseosyops paludosus,109192,109213,5.49,2,NO_ANNOT,,,Fuzzy,1,Palaeosyops paludosus (Leidy 1870),Palaeosyops paludosus,49706,172,PaleoBioDB,
260,Notharctus,Notharctus,109236,109246,5.62,1,NO_ANNOT,,,Exact,0,"Notharctus Leidy, 1870",Notharctus,urn:lsid:irmng.org:taxname:1091291,181,IRMNG,
261,Graphiodon vinearius,Graphiodon vinearius,109328,109348,11.34,2,NO_ANNOT,,,Exact,0,Graphiodon vinearius (Leidy 1870),Graphiodon vinearius,63617,172,PaleoBioDB,
262,Emys,Emys,109445,109449,3.73,1,NO_ANNOT,,,Exact,0,"Emys Duméril & Bibron, 1835",Emys,87FTX,1,Catalogue of Life,
263,Bena arenosa.,Bena arenosa,109469,109482,11.08,2,NO_ANNOT,,,PartialExact,0,Bena,Bena,39F9,1,Catalogue of Life,
264,Saniwa ensidens.,Saniwa ensidens,109588,109604,9.14,2,NO_ANNOT,,,Exact,0,"Saniwa ensidens (Leidy, 1870)",Saniwa ensidens,298639,2,Wikispecies,
265,Lophiotherium sylvaticum.,Lophiotherium sylvaticum,109709,109734,13.04,2,NO_ANNOT,,,Exact,0,Lophiotherium sylvaticum (Leidy 1870),Lophiotherium sylvaticum,47767,172,PaleoBioDB,
266,Mylodon robustus,Mylodon robustus,109819,109835,11.32,2,NO_ANNOT,,,Exact,0,Mylodon robustus (Owen 1842),Mylodon robustus,161720,172,PaleoBioDB,
267,Dromotherium,Dromotherium,109843,109855,5.81,1,NO_ANNOT,,,Exact,0,"Dromotherium Coues, 1889",Dromotherium,urn:lsid:irmng.org:taxname:1159559,181,IRMNG,
268,Ichthyodorulites.,Ichthyodorulites,110028,110045,4.51,1,NO_ANNOT,,,Exact,0,"Ichthyodorulites Bronn, 1848",Ichthyodorulites,urn:lsid:irmng.org:taxname:1174206,181,IRMNG,
269,Discosaurus,Discosaurus,110178,110189,5.72,1,NO_ANNOT,,,Exact,0,"Discosaurus Credner, 1883",Discosaurus,urn:lsid:irmng.org:taxname:1336456,181,IRMNG,
270,Anguillulidae.,Anguillulidae,110536,110550,4.90,1,NO_ANNOT,,,Exact,0,Anguillulidae,Anguillulidae,urn:lsid:irmng.org:taxname:121248,181,IRMNG,
271,Ovibos cavifrons.,Ovibos cavifrons,110839,110856,7.70,2,NO_ANNOT,,,Exact,0,Ovibos cavifrons (Leidy 1852),Ovibos cavifrons,49511,172,PaleoBioDB,
272,Nothosaurops occiduus.,Nothosaurops occiduus,110906,110928,10.72,2,NO_ANNOT,,,Exact,0,Nothosaurops occiduus (Leidy 1870),Nothosaurops occiduus,201968,172,PaleoBioDB,
273,Cordylophora.,Cordylophora,111292,111305,6.59,1,NO_ANNOT,,,Exact,0,"Cordylophora Allman, 1844",Cordylophora,7NTJK,1,Catalogue of Life,
274,Taenia mediocanellata.,Taenia mediocanellata,111843,111865,10.27,2,NO_ANNOT,,,Exact,0,Taenia mediocanellata,Taenia mediocanellata,4200829,168,ION,
275,Mysops minimus.,Mysops minimus,112596,112611,6.46,2,NO_ANNOT,,,Exact,0,Mysops minimus (Leidy 1871),Mysops minimus,48929,172,PaleoBioDB,
276,Hadrohyus supremus,Hadrohyus supremus,112785,112803,10.44,2,NO_ANNOT,,,Exact,0,Hadrohyus supremus Leidy 1872,Hadrohyus supremus,361557,172,PaleoBioDB,
277,Rhinoceros pacificus.,Rhinoceros pacificus,112804,112825,11.06,2,NO_ANNOT,,,Exact,0,Rhinoceros pacificus (Leidy 1872),Rhinoceros pacificus,51355,172,PaleoBioDB,
278,Stylemys,Stylemys,112826,112834,5.07,1,NO_ANNOT,,,Exact,0,"Stylemys Leidy, 1851",Stylemys,urn:lsid:irmng.org:taxname:1414312,181,IRMNG,
279,Dibothrium cordiceps.,Dibothrium cordiceps,112923,112944,11.84,2,NO_ANNOT,,,Exact,0,Dibothrium cordiceps Leidy 1871,Dibothrium cordiceps,4200893,168,ION,
280,Anchitherium.,Anchitherium,113463,113476,5.81,1,NO_ANNOT,,,Exact,0,"Anchitherium von Meyer, 1844",Anchitherium,urn:lsid:irmng.org:taxname:1035263,181,IRMNG,
281,Paleeosyops humilis,Paleeosyops humilis,113766,113785,5.33,2,NO_ANNOT,,,Fuzzy,1,Palaeosyops humilis (Leidy 1872),Palaeosyops humilis,49695,172,PaleoBioDB,
282,Uintatherium robutum,Uintatherium robutum,113786,113806,7.82,2,NO_ANNOT,,,Fuzzy,1,Uintatherium robustum Leidy 1872,Uintatherium robustum,52580,172,PaleoBioDB,
283,Felis augustus,Felis augustus,114184,114198,7.50,2,NO_ANNOT,,,Exact,0,Felis augustus (Leidy 1872),Felis augustus,46510,172,PaleoBioDB,
284,Oligosimus,Oligosimus,114199,114209,5.49,1,NO_ANNOT,,,Exact,0,"Oligosimus Leidy, 1872",Oligosimus,urn:lsid:irmng.org:taxname:1313907,181,IRMNG,
285,Tylosteus ornatus.,Tylosteus ornatus,114222,114240,13.05,2,NO_ANNOT,,,Exact,0,Tylosteus ornatus Leidy 1872,Tylosteus ornatus,56580,172,PaleoBioDB,
286,Otodus divaricatus,Otodus divaricatus,114411,114429,12.39,2,NO_ANNOT,,,Exact,0,Otodus divaricatus Leidy 1872,Otodus divaricatus,390254,172,PaleoBioDB,
287,Oxyrhina extenta,Oxyrhina extenta,114430,114446,9.97,2,NO_ANNOT,,,Exact,0,Oxyrhina extenta Leidy 1873,Oxyrhina extenta,400067,172,PaleoBioDB,
288,.Acrodus humilis,Acrodus humilis,114447,114463,11.49,2,NO_ANNOT,,,Exact,0,Acrodus humilis Leidy 1872,Acrodus humilis,390239,172,PaleoBioDB,
289,Pycnodus faba.,Pycnodus faba,114464,114478,8.57,2,NO_ANNOT,,,Exact,0,Pycnodus faba Leidy 1872,Pycnodus faba,275577,172,PaleoBioDB,
290,Artemia salina,Artemia salina,114533,114547,7.38,2,NO_ANNOT,,,Exact,0,"Artemia salina (Linnaeus, 1758)",Artemia salina,GVWB,1,Catalogue of Life,
291,Uintatherium robustum,Uintatherium robustum,114935,114956,13.04,2,NO_ANNOT,,,Exact,0,Uintatherium robustum Leidy 1872,Uintatherium robustum,52580,172,PaleoBioDB,
292,Uintacyon edax,Uintacyon edax,115169,115183,7.22,2,NO_ANNOT,,,Exact,0,Uintacyon edax (Leidy 1872),Uintacyon edax,52554,172,PaleoBioDB,
293,U. vorax,U. vorax,115184,115192,4.22,2,NO_ANNOT,,,NoMatch,,,,,,,,
294,Chameleo pristinus.,Chameleo pristinus,115193,115212,10.76,2,NO_ANNOT,,,Exact,0,Chameleo pristinus (Leidy 1872),Chameleo pristinus,400092,172,PaleoBioDB,
295,Gamasus,Gamasus,115347,115354,3.89,1,NO_ANNOT,,,Exact,0,"Gamasus Latreille, 1802",Gamasus,urn:lsid:irmng.org:taxname:1326905,181,IRMNG,
296,Distoma hepaticum.,Distoma hepaticum,116311,116329,11.72,2,NO_ANNOT,,,Exact,0,Distoma hepaticum,Distoma hepaticum,3758459,168,ION,
297,Vaucheria.,Vaucheria,116488,116498,4.85,1,NO_ANNOT,,,Exact,0,"Vaucheria A.P. de Candolle, 1801",Vaucheria,7Q67H,1,Catalogue of Life,
298,Mus rattus.,Mus rattus,116635,116646,7.04,2,NO_ANNOT,,,Exact,0,"Mus rattus Linnaeus, 1758",Mus rattus,urn:lsid:marinespecies.org:taxname:993637,9,WoRMS,
299,Lingula,Lingula,116758,116765,4.59,1,NO_ANNOT,,,Exact,0,"Lingula Bruguière, 1791",Lingula,87GXD,1,Catalogue of Life,
300,Protozoa.,Protozoa,116923,116932,1.80,1,NO_ANNOT,,,Exact,0,Protozoa,Protozoa,Z,1,Catalogue of Life,
301,Actinophrys sol.,Actinophrys sol,117062,117078,3.71,2,NO_ANNOT,,,Exact,0,Actinophrys sol Ehr.,Actinophrys sol,46118,3,ITIS,
302,Difflugia.,Difflugia,117149,117159,4.31,1,NO_ANNOT,,,Exact,0,Difflugia,Difflugia,45CT,1,Catalogue of Life,
303,Rhizopods.,Rhizopods,117337,117347,1.09,1,NO_ANNOT,,,Exact,0,Rhizopods,Rhizopods,3413371,168,ION,
304,Rhizopods.,Rhizopods,117437,117447,1.09,1,NO_ANNOT,,,Exact,0,Rhizopods,Rhizopods,3413371,168,ION,
305,Rotifer vulgaris.,Rotifer vulgaris,117530,117547,10.17,2,NO_ANNOT,,,Exact,0,"Rotifer vulgaris Schrank, 1801",Rotifer vulgaris,4TGGC,1,Catalogue of Life,
306,Pectinatella magnifica.,Pectinatella magnifica,117600,117623,14.15,2,NO_ANNOT,,,Exact,0,"Pectinatella magnifica (Leidy, 1851)",Pectinatella magnifica,6TVNM,1,Catalogue of Life,
307,Infusoria.,Infusoria,117782,117792,4.85,1,NO_ANNOT,,,Exact,0,Infusoria Ciliata,Infusoria,4085954,168,ION,
308,Rhizopods.,Rhizopods,118180,118190,1.09,1,NO_ANNOT,,,Exact,0,Rhizopods,Rhizopods,3413371,168,ION,
309,Dryocampa.,Dryocampa,118250,118260,3.98,1,NO_ANNOT,,,Exact,0,Dryocampa,Dryocampa,48HH,1,Catalogue of Life,
310,Titanotherium.,Titanotherium,118329,118343,5.90,1,NO_ANNOT,,,Exact,0,"Titanotherium Leidy in Owen, 1852",Titanotherium,urn:lsid:irmng.org:taxname:1173225,181,IRMNG,
311,Rhizopods.,Rhizopods,118403,118413,1.09,1,NO_ANNOT,,,Exact,0,Rhizopods,Rhizopods,3413371,168,ION,
312,Rhizopods.,Rhizopods,118705,118715,1.09,1,NO_ANNOT,,,Exact,0,Rhizopods,Rhizopods,3413371,168,ION,
313,Bathygnathus borealis.,Bathygnathus borealis,119003,119025,12.49,2,NO_ANNOT,,,Exact,0,Bathygnathus borealis Leidy 1853,Bathygnathus borealis,65123,172,PaleoBioDB,
314,Notes,Notes,119160,119165,2.52,1,NO_ANNOT,,,Exact,0,Notes,Notes,3950760,168,ION,
315,Notes,Notes,119239,119244,2.52,1,NO_ANNOT,,,Exact,0,Notes,Notes,3950760,168,ION,
316,Rhizopods.,Rhizopods,119341,119351,1.09,1,NO_ANNOT,,,Exact,0,Rhizopods,Rhizopods,3413371,168,ION,
317,Ouramoeba.,Ouramoeba,119780,119790,4.46,1,NO_ANNOT,,,Exact,0,"Ouramoeba Leidy, 1874",Ouramoeba,urn:lsid:irmng.org:taxname:1162397,181,IRMNG,
318,Mermis acuminata.,Mermis acuminata,119845,119862,12.64,2,NO_ANNOT,,,Exact,0,Mermis acuminata,Mermis acuminata,4034535,168,ION,
319,Rhizopods.,Rhizopods,119921,119931,1.09,1,NO_ANNOT,,,Exact,0,Rhizopods,Rhizopods,3413371,168,ION,
320,Quercus heterophylla.,Quercus heterophylla,119983,120004,13.19,2,NO_ANNOT,,,Exact,0,Quercus heterophylla F.Michx.,Quercus heterophylla,4R559,1,Catalogue of Life,
321,Petalodus.,Petalodus,120055,120065,4.96,1,NO_ANNOT,,,Exact,0,"Petalodus Owen, 1840",Petalodus,urn:lsid:irmng.org:taxname:1370519,181,IRMNG,
322,Mastodon andium.,Mastodon andium,120111,120127,8.92,2,NO_ANNOT,,,Exact,0,Mastodon andium (Cuvier 1805),Mastodon andium,108487,172,PaleoBioDB,
323,Arcella,Arcella,120185,120192,5.79,1,NO_ANNOT,,,Exact,0,Arcella,Arcella,62D42,1,Catalogue of Life,
324,Nebela.,Nebela,120685,120692,4.17,1,NO_ANNOT,,,Exact,0,Nebela,Nebela,5Y4L,1,Catalogue of Life,
325,Rhizopods.,Rhizopods,120938,120948,1.09,1,NO_ANNOT,,,Exact,0,Rhizopods,Rhizopods,3413371,168,ION,
326,Eozoon.,Eozoon,121196,121203,2.87,1,NO_ANNOT,,,Exact,0,"Eozoon Dawson, 1865",Eozoon,urn:lsid:irmng.org:taxname:1251418,181,IRMNG,
327,Termes flavipes.,Termes flavipes,121414,121430,9.00,2,NO_ANNOT,,,Exact,0,"Termes flavipes Kollar, 1837",Termes flavipes,55FTM,1,Catalogue of Life,
328,Gregarines.,Gregarines,121493,121504,1.95,1,NO_ANNOT,,,Exact,0,Gregarines,Gregarines,3605721,168,ION,
329,Infusoria.,Infusoria,121722,121732,4.85,1,NO_ANNOT,,,Exact,0,Infusoria Ciliata,Infusoria,4085954,168,ION,
330,Chelifer.,Chelifer,121842,121851,4.72,1,NO_ANNOT,,,Exact,0,"Chelifer Geoffroy, 1762",Chelifer,3MMZ,1,Catalogue of Life,
331,Dinamoeba.,Dinamoeba,122063,122073,4.46,1,NO_ANNOT,,,Exact,0,"Dinamoeba Pascher, 1916",Dinamoeba,840158,2,Wikispecies,
332,Rhizopods,Rhizopods,122337,122346,1.09,1,NO_ANNOT,,,Exact,0,Rhizopods,Rhizopods,3413371,168,ION,
333,Difflugia.,Difflugia,122594,122604,4.31,1,NO_ANNOT,,,Exact,0,Difflugia,Difflugia,45CT,1,Catalogue of Life,
334,Rhizopods,Rhizopods,122727,122736,1.09,1,NO_ANNOT,,,Exact,0,Rhizopods,Rhizopods,3413371,168,ION,
335,Cyphoderia.,Cyphoderia,123194,123205,5.02,1,NO_ANNOT,,,Exact,0,Cyphoderia,Cyphoderia,3YP8,1,Catalogue of Life,
336,Foraminifera,Foraminifera,123302,123314,5.67,1,NO_ANNOT,,,Exact,0,Foraminifera,Foraminifera,4F,1,Catalogue of Life,
337,Mactra.,Mactra,123478,123485,4.19,1,NO_ANNOT,,,Exact,0,"Mactra Linnaeus, 1767",Mactra,7P87V,1,Catalogue of Life,
338,Tetrarhynchus.,Tetrarhynchus,123716,123730,5.44,1,NO_ANNOT,,,Exact,0,"Tetrarhynchus Rudolphi, 1809",Tetrarhynchus,urn:lsid:irmng.org:taxname:1308667,181,IRMNG,
339,Donax fossar.,Donax fossar,123781,123794,8.10,2,NO_ANNOT,,,Fuzzy,1,"Donax fossor Say, 1822",Donax fossor,379QH,1,Catalogue of Life,
340,Gordius,Gordius,123857,123864,4.56,1,NO_ANNOT,,,Exact,0,"Gordius Linnaeus, 1758",Gordius,84NTY,1,Catalogue of Life,
341,Trenia mediocanellata.,Trenia mediocanellata,123947,123969,5.33,2,NO_ANNOT,,,Fuzzy,1,Toenia mediocanellata,Toenia mediocanellata,3951087,168,ION,
342,Rhizopods,Rhizopods,124029,124038,1.09,1,NO_ANNOT,,,Exact,0,Rhizopods,Rhizopods,3413371,168,ION,
343,Rhizopods,Rhizopods,124312,124321,1.09,1,NO_ANNOT,,,Exact,0,Rhizopods,Rhizopods,3413371,168,ION,
344,Orgyia.,Orgyia,124584,124591,4.70,1,NO_ANNOT,,,Exact,0,"Orgyia Stackhouse, 1816",Orgyia,7PNMX,1,Catalogue of Life,
345,Idae.,Idae,124761,124766,2.78,1,NO_ANNOT,,,Exact,0,Ida sect. Idae Oakeley,Idae,325456-2,167,IPNI,
346,Blatta.,Blatta,124828,124835,4.15,1,NO_ANNOT,,,Exact,0,Blatta,Blatta,62HHD,1,Catalogue of Life,
347,Filaria immitis,Filaria immitis,125009,125024,5.35,2,NO_ANNOT,,,Exact,0,"Filaria immitis Leidy, 1856",Filaria immitis,8964707,11,GBIF Backbone Taxonomy,
348,Rhizopods,Rhizopods,125257,125266,1.09,1,NO_ANNOT,,,Exact,0,Rhizopods,Rhizopods,3413371,168,ION,
349,Rhizopods,Rhizopods,125456,125465,1.09,1,NO_ANNOT,,,Exact,0,Rhizopods,Rhizopods,3413371,168,ION,
350,.Scolithus,Scolithus,125825,125835,4.82,1,NO_ANNOT,,,Exact,0,Scolithus,Scolithus,6455X,1,Catalogue of Life,
351,Entozoa,Entozoa,125968,125975,1.55,1,NO_ANNOT,,,Exact,0,Entozoa,Entozoa,4158625,168,ION,
352,Distichopus,Distichopus,126227,126238,6.19,1,NO_ANNOT,,,Exact,0,"Distichopus Leidy, 1882",Distichopus,urn:lsid:irmng.org:taxname:1373272,181,IRMNG,
353,Balanus,Balanus,126494,126501,5.34,1,NO_ANNOT,,,Exact,0,Balanus,Balanus,37JS,1,Catalogue of Life,
354,Rotifera,Rotifera,126654,126662,4.98,1,NO_ANNOT,,,Exact,0,Rotifera,Rotifera,5Y,1,Catalogue of Life,
355,Tubularia,Tubularia,127062,127071,4.85,1,NO_ANNOT,,,Exact,0,"Tubularia Linnaeus, 1758",Tubularia,7Q5H6,1,Catalogue of Life,
356,Anodonta fluviatilis.,Anodonta fluviatilis,127328,127349,11.18,2,NO_ANNOT,,,Exact,0,"Anodonta fluviatilis (Gmelin, 1791)",Anodonta fluviatilis,7Q4XM,1,Catalogue of Life,
357,Pediculus,Pediculus,127399,127408,5.92,1,NO_ANNOT,,,Exact,0,Pediculus,Pediculus,6JZ3,1,Catalogue of Life,
358,Notes.,Notes,127644,127650,2.52,1,NO_ANNOT,,,Exact,0,Notes,Notes,3950760,168,ION,
359,Manayunkia speciosa.,Manayunkia speciosa,127699,127719,12.71,2,NO_ANNOT,,,Exact,0,"Manayunkia speciosa Leidy, 1859",Manayunkia speciosa,3XSXD,1,Catalogue of Life,
360,Manayunkia.,Manayunkia,127774,127785,5.41,1,NO_ANNOT,,,Exact,0,"Manayunkia Leidy, 1859",Manayunkia,84PYY,1,Catalogue of Life,
361,Urnatella gracilis,Urnatella gracilis,127969,127987,13.34,2,NO_ANNOT,,,Exact,0,"Urnatella gracilis Leidy, 1851",Urnatella gracilis,7DRXB,1,Catalogue of Life,
362,Foraminifera,Foraminifera,128394,128406,5.67,1,NO_ANNOT,,,Exact,0,Foraminifera,Foraminifera,4F,1,Catalogue of Life,
363,Dictyophora,Dictyophora,128554,128565,6.35,1,NO_ANNOT,,,Exact,0,"Dictyophora F.Schmitz, 1896",Dictyophora,633B8,1,Catalogue of Life,
364,Apsilus vorax.,Apsilus vorax,128569,128583,10.05,2,NO_ANNOT,,,Fuzzy,1,"Asilus vorax Harris, 1835",Asilus vorax,8B4GP,1,Catalogue of Life,
365,Eumeces chalcides.,Eumeces chalcides,128637,128655,9.20,2,NO_ANNOT,,,Exact,0,"Eumeces chalcides Leidy, 1884",Eumeces chalcides,6161144,11,GBIF Backbone Taxonomy,
366,Pentastomum proboscideum.,Pentastomum proboscideum,128857,128882,10.69,2,NO_ANNOT,,,Exact,0,"Pentastomum proboscideum (Rudolphi, 1812)",Pentastomum proboscideum,urn:lsid:marinespecies.org:taxname:730342,9,WoRMS,
367,Hippotherium,Hippotherium,129093,129105,5.81,1,NO_ANNOT,,,Exact,0,"Hippotherium Kaup, 1833",Hippotherium,urn:lsid:irmng.org:taxname:1196014,181,IRMNG,
368,Mylodon.,Mylodon,129180,129188,3.76,1,NO_ANNOT,,,Exact,0,"Mylodon Owen, 1839",Mylodon,urn:lsid:irmng.org:taxname:1350213,181,IRMNG,
369,Bothriocephalus,Bothriocephalus,129238,129253,6.73,1,NO_ANNOT,,,Exact,0,"Bothriocephalus Rudolphi, 1808",Bothriocephalus,7NQYR,1,Catalogue of Life,
370,Amia,Amia,129730,129734,3.28,1,NO_ANNOT,,,Exact,0,Amia,Amia,TT8,1,Catalogue of Life,
371,Toxodon,Toxodon,129809,129816,3.76,1,NO_ANNOT,,,Exact,0,"Toxodon Owen, 1837",Toxodon,urn:lsid:irmng.org:taxname:1305015,181,IRMNG,
372,Bopyrus palemoneticola.,Bopyrus palemoneticola,130822,130845,7.41,2,NO_ANNOT,,,Fuzzy,1,"Bopyrus palaemoneticola Packard, 1881",Bopyrus palaemoneticola,MJ72,1,Catalogue of Life,
373,Lepas fascicularis.,Lepas fascicularis,130900,130919,10.68,2,NO_ANNOT,,,Exact,0,"Lepas fascicularis Ellis and Solander, 1786",Lepas fascicularis,89562,3,ITIS,
374,Cirolana concharum.,Cirolana concharum,131056,131075,10.80,2,NO_ANNOT,,,Exact,0,"Cirolana concharum (Stimpson, 1853)",Cirolana concharum,VGBK,1,Catalogue of Life,
375,Entozoa,Entozoa,131280,131287,1.55,1,NO_ANNOT,,,Exact,0,Entozoa,Entozoa,4158625,168,ION,
376,Odontaspis littoralis.,Odontaspis littoralis,131475,131497,13.27,2,NO_ANNOT,,,PartialExact,0,Odontaspis,Odontaspis,63FSQ,1,Catalogue of Life,
377,Crustacea.,Crustacea,131559,131569,4.98,1,NO_ANNOT,,,Exact,0,"Crustacea Brünnich, 1772",Crustacea,83677,3,ITIS,
378,Megalonyx,Megalonyx,131845,131854,4.46,1,NO_ANNOT,,,Exact,0,"Megalonyx Lesson, 1832",Megalonyx,urn:lsid:irmng.org:taxname:1431733,181,IRMNG,
379,Gregarines,Gregarines,132254,132264,1.95,1,NO_ANNOT,,,Exact,0,Gregarines,Gregarines,3605721,168,ION,
380,Gonyleptes,Gonyleptes,132457,132467,3.55,1,NO_ANNOT,,,Exact,0,"Gonyleptes Kirby, 1819",Gonyleptes,7PHC5,1,Catalogue of Life,
381,Solpuga.,Solpuga,132472,132480,3.57,1,NO_ANNOT,,,Exact,0,"Solpuga Lichtenstein, 1796",Solpuga,7JJY,1,Catalogue of Life,
382,Platygonus,Platygonus,133195,133205,5.93,1,NO_ANNOT,,,Exact,0,"Platygonus Leconte, 1848",Platygonus,urn:lsid:irmng.org:taxname:1395938,181,IRMNG,
383,Hippotherium,Hippotherium,133635,133647,5.81,1,NO_ANNOT,,,Exact,0,"Hippotherium Kaup, 1833",Hippotherium,urn:lsid:irmng.org:taxname:1196014,181,IRMNG,
384,Mola rotunda.,Mola rotunda,133900,133913,8.88,2,NO_ANNOT,,,Exact,0,"Mola rotunda Cuvier, 1797",Mola rotunda,43V8K,1,Catalogue of Life,
385,Beroe,Beroe,133965,133970,2.83,1,NO_ANNOT,,,Exact,0,"Beroe Muller, 1776",Beroe,7NQPN,1,Catalogue of Life,
386,Velella.,Velella,134058,134066,5.79,1,NO_ANNOT,,,Exact,0,"Velella Lamarck, 1801",Velella,7Q67W,1,Catalogue of Life,
387,Entozoa.,Entozoa,134130,134138,1.55,1,NO_ANNOT,,,Exact,0,Entozoa,Entozoa,4158625,168,ION,
388,Entozoa.,Entozoa,134292,134300,1.55,1,NO_ANNOT,,,Exact,0,Entozoa,Entozoa,4158625,168,ION,
389,MYXOMYCETES.,Myxomycetes,134357,134369,3.67,1,NO_ANNOT,,,Exact,0,Myxomycetes,Myxomycetes,F2,1,Catalogue of Life,
390,Pliysarum nucleatum.,Pliysarum nucleatum,134389,134409,6.51,2,NO_ANNOT,,,NoMatch,,,,,,,,
391,Physarum,Physarum,135804,135812,5.25,1,NO_ANNOT,,,Exact,0,Physarum,Physarum,6PWK,1,Catalogue of Life,
392,Physarum.,Physarum,137120,137129,5.25,1,NO_ANNOT,,,Exact,0,Physarum,Physarum,6PWK,1,Catalogue of Life,
393,Chondrioderma aculeatum.,Chondrioderma aculeatum,137130,137154,13.02,2,NO_ANNOT,,,Exact,0,"Chondrioderma aculeatum Rex, 1891",Chondrioderma aculeatum,5XZTZ,1,Catalogue of Life,
394,C. difforme,C. difforme,138125,138136,5.57,2,NO_ANNOT,,,NoMatch,,,,,,,,
395,Stemonitis,Stemonitis,138256,138266,5.98,1,NO_ANNOT,,,Exact,0,Stemonitis,Stemonitis,7MCG,1,Catalogue of Life,
396,Stemonitis splendens,Stemonitis splendens,139634,139654,12.41,2,NO_ANNOT,,,Exact,0,"Stemonitis splendens Rostaf., 1874",Stemonitis splendens,6ZJNT,1,Catalogue of Life,
397,Stemonitis,Stemonitis,139756,139766,5.98,1,NO_ANNOT,,,Exact,0,Stemonitis,Stemonitis,7MCG,1,Catalogue of Life,
398,Coniatricha typhina,Coniatricha typhina,140892,140911,5.49,2,NO_ANNOT,,,NoMatch,,,,,,,,
399,Stemonitis nigrescens.,Stemonitis nigrescens,141404,141426,12.52,2,NO_ANNOT,,,Exact,0,"Stemonitis nigrescens Rex, 1891",Stemonitis nigrescens,4ZSYM,1,Catalogue of Life,
400,Stemonitis,Stemonitis,142718,142728,5.98,1,NO_ANNOT,,,Exact,0,Stemonitis,Stemonitis,7MCG,1,Catalogue of Life,
401,Comatricha irregularis.,Comatricha irregularis,143170,143193,12.54,2,NO_ANNOT,,,Exact,0,"Comatricha irregularis Rex, 1891",Comatricha irregularis,XDVG,1,Catalogue of Life,
402,Stemonitis,Stemonitis,144488,144498,5.98,1,NO_ANNOT,,,Exact,0,Stemonitis,Stemonitis,7MCG,1,Catalogue of Life,
403,Cribraria violacea.,Cribraria violacea,144958,144977,11.36,2,NO_ANNOT,,,Exact,0,"Cribraria violacea Rex, 1891",Cribraria violacea,ZFKD,1,Catalogue of Life,
404,Cribraria mieroscopica,Cribraria mieroscopica,146096,146118,12.59,2,NO_ANNOT,,,Fuzzy,1,"Cribraria microscopica Berk. & M.A.Curtis, 1873",Cribraria microscopica,ZFJK,1,Catalogue of Life,
405,Cribraria.,Cribraria,146317,146327,4.85,1,NO_ANNOT,,,Exact,0,Cribraria,Cribraria,3VS9,1,Catalogue of Life,
406,Cribraria languescens.,Cribraria languescens,146328,146350,11.70,2,NO_ANNOT,,,Exact,0,"Cribraria languescens Rex, 1891",Cribraria languescens,ZFJ8,1,Catalogue of Life,
407,Cribraria,Cribraria,147079,147088,4.85,1,NO_ANNOT,,,Exact,0,Cribraria,Cribraria,3VS9,1,Catalogue of Life,
408,C. microcarpa,C. microcarpa,148088,148101,6.38,2,NO_ANNOT,,,NoMatch,,,,,,,,
409,C. tenella,C. tenella,148131,148141,6.42,2,NO_ANNOT,,,NoMatch,,,,,,,,
410,C. purpurea.,C. purpurea,148194,148206,4.94,2,NO_ANNOT,,,NoMatch,,,,,,,,
411,Trichia,Trichia,148277,148284,4.00,1,NO_ANNOT,,,Exact,0,"Trichia De Haan, 1839 [in De Haan, 1833-1850]",Trichia,7PJTQ,1,Catalogue of Life,
412,Trichia,Trichia,149038,149045,4.00,1,NO_ANNOT,,,Exact,0,"Trichia De Haan, 1839 [in De Haan, 1833-1850]",Trichia,7PJTQ,1,Catalogue of Life,
413,Trichia,Trichia,149157,149164,4.00,1,NO_ANNOT,,,Exact,0,"Trichia De Haan, 1839 [in De Haan, 1833-1850]",Trichia,7PJTQ,1,Catalogue of Life,
414,Trichias,Trichias,149205,149213,5.33,1,NO_ANNOT,,,Exact,0,Trichias Swainson in H. Murray 1834,Trichias,4509206,168,ION,
415,Hemiarcyria obscura.,Hemiarcyria obscura,149271,149291,11.15,2,NO_ANNOT,,,Exact,0,"Hemiarcyria obscura Rex, 1891",Hemiarcyria obscura,6LNPY,1,Catalogue of Life,
416,Hemiarcyria,Hemiarcyria,149914,149925,5.14,1,NO_ANNOT,,,Exact,0,"Hemiarcyria Fries in Endlicher, 1836",Hemiarcyria,urn:lsid:irmng.org:taxname:1192257,181,IRMNG,
417,Hemiarcyria longifila.,Hemiarcyria longifila,150070,150092,11.50,2,NO_ANNOT,,,Exact,0,"Hemiarcyria longifila Rex, 1891",Hemiarcyria longifila,6LNQD,1,Catalogue of Life,
418,Hemiarcyria clavata,Hemiarcyria clavata,151145,151164,12.68,2,NO_ANNOT,,,Exact,0,"Hemiarcyria clavata (Pers.) Rostaf., 1875",Hemiarcyria clavata,6LNQK,1,Catalogue of Life,
419,Heviiarcyria rubiformis,Heviiarcyria rubiformis,151544,151567,5.97,2,NO_ANNOT,,,NoMatch,,,,,,,,
420,Hemiarcyria,Hemiarcyria,151620,151631,5.14,1,NO_ANNOT,,,Exact,0,"Hemiarcyria Fries in Endlicher, 1836",Hemiarcyria,urn:lsid:irmng.org:taxname:1192257,181,IRMNG,
421,Hemiarcyria,Hemiarcyria,152500,152511,5.14,1,NO_ANNOT,,,Exact,0,"Hemiarcyria Fries in Endlicher, 1836",Hemiarcyria,urn:lsid:irmng.org:taxname:1192257,181,IRMNG,
422,Arcyria,Arcyria,152611,152618,4.43,1,NO_ANNOT,,,Exact,0,Arcyria,Arcyria,32FC,1,Catalogue of Life,
423,Arcyria.,Arcyria,152925,152933,4.43,1,NO_ANNOT,,,Exact,0,Arcyria,Arcyria,32FC,1,Catalogue of Life,
424,Hemiarcyria stipata,Hemiarcyria stipata,152981,153000,12.68,2,NO_ANNOT,,,Exact,0,"Hemiarcyria stipata (Schwein.) Rostaf., 1876",Hemiarcyria stipata,3KLF3,1,Catalogue of Life,
425,DIANEMA,Dianema,153093,153100,5.34,1,NO_ANNOT,,,Exact,0,Dianema,Dianema,87FJT,1,Catalogue of Life,
426,Dianema,Dianema,153388,153395,5.34,1,NO_ANNOT,,,Exact,0,Dianema,Dianema,87FJT,1,Catalogue of Life,
427,Faunal,Faunal,155891,155897,1.19,1,NO_ANNOT,,,NoMatch,,,,,,,,
428,VAMPYROPS.,Vampyrops,156188,156198,4.40,1,NO_ANNOT,,,Exact,0,Vampyrops Helleri W. Peters,Vampyrops,'1005041',184,ASM Mammal Diversity DB,
429,Vampyrops zarhinus.,Vampyrops zarhinus,156223,156242,11.49,2,SP_NOV,,,Exact,0,"Vampyrops zarhinus H. Allen, 1891",Vampyrops zarhinus,gn_144534,186,MCZbase,
430,V. lineatus,V. lineatus,159529,159540,7.23,2,NO_ANNOT,,,NoMatch,,,,,,,,
431,V. lineatus.,V. lineatus,159728,159740,7.23,2,NO_ANNOT,,,NoMatch,,,,,,,,
432,V. lineatus.,V. lineatus,159941,159953,7.23,2,NO_ANNOT,,,NoMatch,,,,,,,,
433,V. vittatus,V. vittatus,161082,161093,7.23,2,NO_ANNOT,,,NoMatch,,,,,,,,
434,V. zarhinus,V. zarhinus,161571,161582,6.75,2,NO_ANNOT,,,NoMatch,,,,,,,,
435,V. lineatus,V. lineatus,161613,161624,7.23,2,NO_ANNOT,,,NoMatch,,,,,,,,
436,V. zarhinus,V. zarhinus,161786,161797,6.75,2,NO_ANNOT,,,NoMatch,,,,,,,,
437,Chiroderma,Chiroderma,162041,162051,5.17,1,NO_ANNOT,,,Exact,0,"Chiroderma Peters, 1860",Chiroderma,3NBP,1,Catalogue of Life,
438,Brachyphylla.,Brachyphylla,162129,162142,6.73,1,NO_ANNOT,,,Exact,0,"Brachyphylla Gray, 1834",Brachyphylla,3CHC,1,Catalogue of Life,
439,Vainpyrops lineatus.,Vainpyrops lineatus,162154,162174,5.82,2,NO_ANNOT,,,NoMatch,,,,,,,,
440,V. lineatus.,V. lineatus,162239,162251,7.23,2,NO_ANNOT,,,NoMatch,,,,,,,,
441,V. zarhinus,V. zarhinus,162378,162389,6.75,2,NO_ANNOT,,,NoMatch,,,,,,,,
442,V. zarhinus,V. zarhinus,162999,163010,6.75,2,NO_ANNOT,,,NoMatch,,,,,,,,
443,V. lineatus,V. lineatus,163254,163265,7.23,2,NO_ANNOT,,,NoMatch,,,,,,,,
444,V. lineatus.,V. lineatus,163716,163728,7.23,2,NO_ANNOT,,,NoMatch,,,,,,,,
445,V. zarhinus,V. zarhinus,163833,163844,6.75,2,NO_ANNOT,,,NoMatch,,,,,,,,
446,Pygoderma,Pygoderma,164344,164353,5.00,1,NO_ANNOT,,,Exact,0,"Pygoderma Peters, 1863",Pygoderma,63R7V,1,Catalogue of Life,
447,Ametrida,Ametrida,164354,164362,3.81,1,NO_ANNOT,,,Exact,0,"Ametrida Gray, 1847",Ametrida,TSL,1,Catalogue of Life,
448,Stenoderma.,Stenoderma,164367,164378,5.17,1,NO_ANNOT,,,Exact,0,"Stenoderma E. Geoffroy, 1818",Stenoderma,7MLF,1,Catalogue of Life,
449,Chiroderma.,Chiroderma,165001,165012,5.17,1,NO_ANNOT,,,Exact,0,"Chiroderma Peters, 1860",Chiroderma,3NBP,1,Catalogue of Life,
450,Chiroderma,Chiroderma,165091,165101,5.17,1,NO_ANNOT,,,Exact,0,"Chiroderma Peters, 1860",Chiroderma,3NBP,1,Catalogue of Life,
451,Vampyrops,Vampyrops,165123,165132,4.40,1,NO_ANNOT,,,Exact,0,Vampyrops Helleri W. Peters,Vampyrops,'1005041',184,ASM Mammal Diversity DB,
452,Vampyrops,Vampyrops,165967,165976,4.40,1,NO_ANNOT,,,Exact,0,Vampyrops Helleri W. Peters,Vampyrops,'1005041',184,ASM Mammal Diversity DB,
453,Vampyrops.,Vampyrops,166092,166102,4.40,1,NO_ANNOT,,,Exact,0,Vampyrops Helleri W. Peters,Vampyrops,'1005041',184,ASM Mammal Diversity DB,
454,Vampyrops,Vampyrops,167143,167152,4.40,1,NO_ANNOT,,,Exact,0,Vampyrops Helleri W. Peters,Vampyrops,'1005041',184,ASM Mammal Diversity DB,
455,Vampyrops,Vampyrops,167243,167252,4.40,1,NO_ANNOT,,,Exact,0,Vampyrops Helleri W. Peters,Vampyrops,'1005041',184,ASM Mammal Diversity DB,
456,Chiroderma,Chiroderma,167325,167335,5.17,1,NO_ANNOT,,,Exact,0,"Chiroderma Peters, 1860",Chiroderma,3NBP,1,Catalogue of Life,
457,Chiroderma,Chiroderma,167625,167635,5.17,1,NO_ANNOT,,,Exact,0,"Chiroderma Peters, 1860",Chiroderma,3NBP,1,Catalogue of Life,
458,Mollusca,Mollusca,168016,168024,4.51,1,NO_ANNOT,,,Exact,0,Mollusca,Mollusca,M2L,1,Catalogue of Life,
459,Helix hortensis,Helix hortensis,168216,168231,10.11,2,NO_ANNOT,,,Exact,0,"Helix hortensis O. F. Müller, 1774",Helix hortensis,7RLMW,1,Catalogue of Life,
460,Helix hortensis,Helix hortensis,168346,168361,10.11,2,NO_ANNOT,,,Exact,0,"Helix hortensis O. F. Müller, 1774",Helix hortensis,7RLMW,1,Catalogue of Life,
461,Zonites,Zonites,168362,168369,2.96,1,NO_ANNOT,,,Exact,0,"Zonites Montfort, 1810",Zonites,7PLG3,1,Catalogue of Life,
462,Hyalinia arboreus,Hyalinia arboreus,168370,168387,10.63,2,NO_ANNOT,,,PartialExact,0,Hyalinia,Hyalinia,4ZDF,1,Catalogue of Life,
463,Pisidium.,Pisidium,168447,168456,5.11,1,NO_ANNOT,,,Exact,0,"Pisidium C. Pfeiffer, 1821",Pisidium,7PCNC,1,Catalogue of Life,
464,Helix hortensis,Helix hortensis,168507,168522,10.11,2,NO_ANNOT,,,Exact,0,"Helix hortensis O. F. Müller, 1774",Helix hortensis,7RLMW,1,Catalogue of Life,
465,Zonites arboreus,Zonites arboreus,169169,169185,9.72,2,NO_ANNOT,,,Exact,0,Zonites arboreus Say,Zonites arboreus,gn_239303,186,MCZbase,
466,Pisidium,Pisidium,169645,169653,5.11,1,NO_ANNOT,,,Exact,0,"Pisidium C. Pfeiffer, 1821",Pisidium,7PCNC,1,Catalogue of Life,
467,Ancylus,Ancylus,169726,169733,5.50,1,NO_ANNOT,,,Exact,0,"Ancylus O. F. Müller, 1773",Ancylus,87D9W,1,Catalogue of Life,
468,Hemiarcyria clavata,Hemiarcyria clavata,171591,171610,12.68,2,NO_ANNOT,,,Exact,0,"Hemiarcyria clavata (Pers.) Rostaf., 1875",Hemiarcyria clavata,6LNQK,1,Catalogue of Life,
469,Heiniarcyria clavata,Heiniarcyria clavata,171680,171700,6.61,2,NO_ANNOT,,,NoMatch,,,,,,,,
470,Mycetozoa,Mycetozoa,171802,171811,1.97,1,NO_ANNOT,,,Exact,0,Mycetozoa,Mycetozoa,58,1,Catalogue of Life,
471,Hemiarcyria clavata,Hemiarcyria clavata,172154,172173,12.68,2,NO_ANNOT,,,Exact,0,"Hemiarcyria clavata (Pers.) Rostaf., 1875",Hemiarcyria clavata,6LNQK,1,Catalogue of Life,
472,Mycetozoa,Mycetozoa,172204,172213,1.97,1,NO_ANNOT,,,Exact,0,Mycetozoa,Mycetozoa,58,1,Catalogue of Life,
473,Hemiarcyria,Hemiarcyria,173323,173334,5.14,1,NO_ANNOT,,,Exact,0,"Hemiarcyria Fries in Endlicher, 1836",Hemiarcyria,urn:lsid:irmng.org:taxname:1192257,181,IRMNG,
