Index,Verbatim,Name,Start,End,OddsLog10,Cardinality,AnnotNomenType,WordsBefore,WordsAfter,VerifMatchType,VerifEditDistance,VerifMatchedName,VerifMatchedCanonical,VerifTaxonId,VerifDataSourceId,VerifDataSourceTitle,VerifError
0,Micaria longipes,Micaria longipes,7025,7041,10.56,2,NO_ANNOT,,,Exact,0,"Micaria longipes Emerton, 1890",Micaria longipes,73GL9,1,Catalogue of Life,
1,Micaria formicoides,Micaria formicoides,7084,7103,11.18,2,SP_NOV,,,Exact,0,"Micaria formicoides Banks, 1892",Micaria formicoides,gn_40047,186,MCZbase,
2,Cybceus.,Cybceus,8302,8310,5.27,1,NO_ANNOT,,,NoMatch,,,,,,,,
3,Epigynum,Epigynum,8947,8955,4.79,1,NO_ANNOT,,,Exact,0,Epigynum Wight,Epigynum,4D55,1,Catalogue of Life,
4,Thargalia agilis,Thargalia agilis,9385,9401,11.22,2,SP_NOV,,,Exact,0,"Thargalia agilis Banks, 1892",Thargalia agilis,gn_85154,186,MCZbase,
5,Thargalia perplexa,Thargalia perplexa,10574,10592,10.20,2,NO_ANNOT,,,Exact,0,"Thargalia perplexa Banks, 1892",Thargalia perplexa,gn_4966,186,MCZbase,
6,Thargalia fallax now,Thargalia fallax now,12037,12057,5.85,3,NO_ANNOT,,,PartialExact,0,"Thargalia fallax Banks, 1892",Thargalia fallax,gn_166789,186,MCZbase,
7,T. perplexa venter,T. perplexa venter,12837,12855,4.22,3,NO_ANNOT,,,NoMatch,,,,,,,,
8,Thargalia bivittata,Thargalia bivittata,12962,12981,12.46,2,NO_ANNOT,,,Exact,0,"Thargalia bivittata Banks, 1892",Thargalia bivittata,95339965,169,uBio NameBank,
9,Thargalia crocata,Thargalia crocata,13055,13072,12.10,2,NO_ANNOT,,,Exact,0,"Thargalia crocata Marx, 1890",Thargalia crocata,95339979,169,uBio NameBank,
10,Prosthesima rufula,Prosthesima rufula,13133,13151,10.93,2,SP_NOV,,,Exact,0,"Prosthesima rufula Banks, 1892",Prosthesima rufula,185643,3,ITIS,
11,Prosthesima frigida,Prosthesima frigida,14204,14223,11.24,2,SP_NOV,,,Exact,0,"Prosthesima frigida Banks, 1892",Prosthesima frigida,gn_13458,186,MCZbase,
12,P. rufula,P. rufula,14869,14878,6.02,2,NO_ANNOT,,,NoMatch,,,,,,,,
13,Prosthesima immaculata,Prosthesima immaculata,14991,15013,12.59,2,SP_NOV,,,Exact,0,"Prosthesima immaculata Banks, 1892",Prosthesima immaculata,185644,3,ITIS,
14,Prosthesima blanda,Prosthesima blanda,15601,15619,10.36,2,SP_NOV,,,Exact,0,"Prosthesima blanda Banks, 1892",Prosthesima blanda,gn_35268,186,MCZbase,
15,Prosthesima atra,Prosthesima atra,16234,16250,8.42,2,NO_ANNOT,,,Exact,0,"Prosthesima atra Emerton, 1902",Prosthesima atra,95348361,169,uBio NameBank,
16,Prosthesima depressa,Prosthesima depressa,16330,16350,7.33,2,NO_ANNOT,,,Exact,0,"Prosthesima depressa Emerton, 1890",Prosthesima depressa,185626,3,ITIS,
17,Prosthesima ecclesiastica,Prosthesima ecclesiastica,16400,16425,12.35,2,NO_ANNOT,,,Exact,0,"Prosthesima ecclesiastica Emerton, 1902",Prosthesima ecclesiastica,95345691,169,uBio NameBank,
18,Prosthesima minima,Prosthesima minima,16471,16489,7.15,2,SP_NOV,,,Exact,0,"Prosthesima minima Banks, 1892",Prosthesima minima,gn_89205,186,MCZbase,
19,Poecilochroa montana,Poecilochroa montana,17056,17076,8.05,2,NO_ANNOT,,,Exact,0,"Poecilochroa montana Emerton, 1890",Poecilochroa montana,185752,3,ITIS,
20,Poecilochroa bilineata,Poecilochroa bilineata,17259,17281,12.71,2,NO_ANNOT,,,Exact,0,Poecilochroa bilineata (Hentz ),Poecilochroa bilineata,3925504,168,ION,
21,Gnaphosa brumalis,Gnaphosa brumalis,17327,17344,11.75,2,NO_ANNOT,,,Exact,0,"Gnaphosa brumalis Thorell, 1875",Gnaphosa brumalis,3GKZD,1,Catalogue of Life,
22,Gnaphosa conspersa,Gnaphosa conspersa,17363,17381,10.67,2,NO_ANNOT,,,Exact,0,"Gnaphosa conspersa Thorell, 1877",Gnaphosa conspersa,185693,3,ITIS,
23,Gnaphosa humilis,Gnaphosa humilis,17409,17425,11.55,2,SP_NOV,,,Exact,0,"Gnaphosa humilis Holm, 1939",Gnaphosa humilis,185704,3,ITIS,
24,G. seudderi,G. seudderi,17921,17932,6.86,2,NO_ANNOT,,,NoMatch,,,,,,,,
25,G. brumalis,G. brumalis,17978,17989,6.80,2,NO_ANNOT,,,NoMatch,,,,,,,,
26,Drassus saccatus,Drassus saccatus,18067,18083,11.45,2,NO_ANNOT,,,Exact,0,"Drassus saccatus Emerton, 1890",Drassus saccatus,gn_84701,186,MCZbase,
27,Drassus humilis,Drassus humilis,18149,18164,10.84,2,SP_NOV,,,Exact,0,"Drassus humilis Banks, 1892",Drassus humilis,185670,3,ITIS,
28,Clubiona obesa,Clubiona obesa,18956,18970,7.80,2,NO_ANNOT,,,Exact,0,"Clubiona obesa Hentz, 1847",Clubiona obesa,5ZDDM,1,Catalogue of Life,
29,Clubiona tibialis,Clubiona tibialis,19381,19398,10.99,2,NO_ANNOT,,,Exact,0,"Clubiona tibialis Emerton, 1890",Clubiona tibialis,WCJV,1,Catalogue of Life,
30,C. crassipalpis,C. crassipalpis,19631,19646,6.42,2,NO_ANNOT,,,NoMatch,,,,,,,,
31,Epigynum,Epigynum,19876,19884,4.79,1,NO_ANNOT,,,Exact,0,Epigynum Wight,Epigynum,4D55,1,Catalogue of Life,
32,Clubiona crassipalpis,Clubiona crassipalpis,20299,20320,10.61,2,NO_ANNOT,,,Exact,0,"Clubiona crassipalpis Keyserling, 1887",Clubiona crassipalpis,gn_69414,186,MCZbase,
33,Clubiona canadensis,Clubiona canadensis,20413,20432,11.48,2,NO_ANNOT,,,Exact,0,"Clubiona canadensis Emerton, 1890",Clubiona canadensis,WC5W,1,Catalogue of Life,
34,Clubiona pygmea,Clubiona pygmea,20462,20477,8.80,2,SP_NOV,,,Fuzzy,1,"Clubiona pygmaea Banks, 1892",Clubiona pygmaea,WCFZ,1,Catalogue of Life,
35,C. rubra,C. rubra,20632,20640,4.85,2,NO_ANNOT,,,NoMatch,,,,,,,,
36,C. rubra  epigynum,C. rubra epigynum,20940,20958,9.98,3,NO_ANNOT,,,NoMatch,,,,,,,,
37,C. rubra.,C. rubra,21069,21078,4.85,2,NO_ANNOT,,,NoMatch,,,,,,,,
38,Clubiona rubra,Clubiona rubra,21121,21135,9.03,2,NO_ANNOT,,,Exact,0,"Clubiona rubra Keyserling, 1887",Clubiona rubra,gn_65668,186,MCZbase,
39,Clubiona abbotti,Clubiona abbotti,21174,21190,9.21,2,NO_ANNOT,,,Exact,0,Clubiona abbotti L. Koch,Clubiona abbotti,gn_101192,186,MCZbase,
40,C. rubra,C. rubra,21367,21375,4.85,2,NO_ANNOT,,,NoMatch,,,,,,,,
41,Clubiona lenta,Clubiona lenta,21821,21835,9.06,2,SP_NOV,,,Exact,0,"Clubiona lenta Banks, 1892",Clubiona lenta,gn_48682,186,MCZbase,
42,Clubiona americana,Clubiona americana,22564,22582,7.46,2,NO_ANNOT,,,Exact,0,"Clubiona americana Banks, 1892",Clubiona americana,95339316,169,uBio NameBank,
43,Clubiona excepta,Clubiona excepta,22692,22708,9.45,2,NO_ANNOT,,,Exact,0,"Clubiona excepta Emerton, 1890",Clubiona excepta,95339720,169,uBio NameBank,
44,Trachelas tranquilla,Trachelas tranquilla,22754,22774,10.73,2,NO_ANNOT,,,Exact,0,"Trachelas tranquilla Comstock, 1912",Trachelas tranquilla,95341082,169,uBio NameBank,
45,Hentz ruber,Hentz ruber,22775,22786,,2,NO_ANNOT,,,PartialExact,0,Synemosyna (Hentz ),Hentz,3952664,168,ION,
46,Clubiona tranquilla,Clubiona tranquilla,22793,22812,11.08,2,NO_ANNOT,,,Exact,0,Clubiona tranquilla,Clubiona tranquilla,385665,183,Sherborn Index Animalium,
47,Anyphsena incerta,Anyphsena incerta,22866,22883,5.07,2,NO_ANNOT,,,Fuzzy,1,Anyphaena incerta Keyserling 1887,Anyphaena incerta,gn_84314,186,MCZbase,
48,Anyphsena saltabunda,Anyphsena saltabunda,22960,22980,5.71,2,NO_ANNOT,,,Fuzzy,1,"Anyphaena saltabunda Emerton, 1902",Anyphaena saltabunda,95336981,169,uBio NameBank,
49,Phrurolithus minutus,Phrurolithus minutus,23032,23052,12.71,2,SP_NOV,,,Exact,0,"Phrurolithus minutus Banks, 1892",Phrurolithus minutus,gn_80498,186,MCZbase,
50,Phrarolithus pugnatus,Phrarolithus pugnatus,23778,23799,6.60,2,NO_ANNOT,,,Fuzzy,1,"Phrurolithus pugnatus Emerton, 1890",Phrurolithus pugnatus,gn_63360,186,MCZbase,
51,Phrurolithus palustris,Phrurolithus palustris,23840,23862,12.58,2,SP_NOV,,,Exact,0,"Phrurolithus palustris Banks, 1892",Phrurolithus palustris,gn_7944,186,MCZbase,
52,Phrurolithus alarius,Phrurolithus alarius,24387,24407,11.99,2,NO_ANNOT,,,Exact,0,"Phrurolithus alarius Emerton, 1890",Phrurolithus alarius,95337789,169,uBio NameBank,
53,Agroeca pratensis,Agroeca pratensis,24438,24455,12.03,2,NO_ANNOT,,,Exact,0,"Agroeca pratensis Emerton, 1890",Agroeca pratensis,665RK,1,Catalogue of Life,
54,Agroeca ornata,Agroeca ornata,24502,24516,11.78,2,SP_NOV,,,Exact,0,"Agroeca ornata Banks, 1892",Agroeca ornata,5TTRK,1,Catalogue of Life,
55,Cybaeus giganteus,Cybaeus giganteus,25183,25200,12.20,2,SP_NOV,,,Exact,0,"Cybaeus giganteus Banks, 1892",Cybaeus giganteus,6C564,1,Catalogue of Life,
56,Coelotes medicinalis,Coelotes medicinalis,26657,26677,10.93,2,NO_ANNOT,,,Exact,0,Coelotes medicinalis (Hentz ),Coelotes medicinalis,3925467,168,ION,
57,Coelotes fidelis,Coelotes fidelis,26697,26713,10.15,2,SP_NOV,,,Exact,0,"Coelotes fidelis Banks, 1892",Coelotes fidelis,gn_25009,186,MCZbase,
58,C. lamellosus,C. lamellosus,26900,26913,6.88,2,NO_ANNOT,,,NoMatch,,,,,,,,
59,C. longitarsus,C. longitarsus,27250,27264,7.19,2,NO_ANNOT,,,NoMatch,,,,,,,,
60,Coelotes longitarsus,Coelotes longitarsus,27494,27514,10.73,2,NO_ANNOT,,,Exact,0,"Coelotes longitarsus Emerton, 1890",Coelotes longitarsus,gn_49042,186,MCZbase,
61,Coelotes altilis,Coelotes altilis,27848,27864,10.15,2,SP_NOV,,,Exact,0,"Coelotes altilis Banks, 1892",Coelotes altilis,gn_41930,186,MCZbase,
62,C. montanus,C. montanus,28599,28610,6.75,2,NO_ANNOT,,,NoMatch,,,,,,,,
63,Coelotes lineatus,Coelotes lineatus,28677,28694,10.77,2,SP_NOV,,,Exact,0,"Coelotes lineatus Banks, 1892",Coelotes lineatus,gn_245998,186,MCZbase,
64,Coelotus gnavus,Coelotus gnavus,30390,30405,10.82,2,SP_NOV,,,Fuzzy,1,"Coelotes gnavus Banks, 1892",Coelotes gnavus,gn_47729,186,MCZbase,
65,Tegenaria derhami,Tegenaria derhami,30915,30932,10.30,2,NO_ANNOT,,,Exact,0,"Tegenaria derhami (Scopoli, 1763)",Tegenaria derhami,10194800,11,GBIF Backbone Taxonomy,
66,Cicurina complicata,Cicurina complicata,30959,30978,11.98,2,NO_ANNOT,,,Exact,0,"Cicurina complicata Emerton, 1890",Cicurina complicata,gn_69228,186,MCZbase,
67,Cicurina arcuata,Cicurina arcuata,31005,31021,11.51,2,NO_ANNOT,,,Exact,0,"Cicurina arcuata Keyserling, 1887",Cicurina arcuata,5Z65D,1,Catalogue of Life,
68,Cicurina pallida,Cicurina pallida,31070,31086,10.63,2,NO_ANNOT,,,Exact,0,"Cicurina pallida Keyserling, 1887",Cicurina pallida,5YTVZ,1,Catalogue of Life,
69,Cicurina creber,Cicurina creber,31157,31172,7.40,2,SP_NOV,,,Exact,0,"Cicurina creber Banks, 1892",Cicurina creber,gn_165699,186,MCZbase,
70,Hahnia radula,Hahnia radula,32527,32540,6.18,2,NO_ANNOT,,,Exact,0,"Hahnia radula Emerton, 1890",Hahnia radula,gn_85054,186,MCZbase,
71,Hahnia b'.maculata,Hahnia b��maculata,32559,32577,7.19,2,NO_ANNOT,,,PartialExact,0,Hahnia Medik.,Hahnia,7MZWV,1,Catalogue of Life,
72,Hahnia cinerea,Hahnia cinerea,32659,32673,8.40,2,NO_ANNOT,,,Exact,0,"Hahnia cinerea Emerton, 1890",Hahnia cinerea,3J9NF,1,Catalogue of Life,
73,Agalena naevia,Agalena naevia,32751,32765,10.13,2,NO_ANNOT,,,Exact,0,"Agalena naevia Emerton, 1902",Agalena naevia,95327380,169,uBio NameBank,
74,Dictyna volucripes,Dictyna volucripes,32818,32836,10.75,2,NO_ANNOT,,,Exact,0,"Dictyna volucripes Keyserling, 1881",Dictyna volucripes,6CTKL,1,Catalogue of Life,
75,Dictyna sublata,Dictyna sublata,32891,32906,11.89,2,NO_ANNOT,,,Exact,0,Dictyna sublata Hentz,Dictyna sublata,gn_4695,186,MCZbase,
76,Dictyna longispina,Dictyna longispina,32955,32973,11.61,2,NO_ANNOT,,,Exact,0,"Dictyna longispina Emerton, 1888",Dictyna longispina,6D5JZ,1,Catalogue of Life,
77,Dictyna minuta,Dictyna minuta,33009,33023,10.21,2,NO_ANNOT,,,Exact,0,"Dictyna minuta Emerton, 1888",Dictyna minuta,6CTJM,1,Catalogue of Life,
78,Dictyna cruciata,Dictyna cruciata,33060,33076,12.09,2,NO_ANNOT,,,Exact,0,"Dictyna cruciata Emerton, 1888",Dictyna cruciata,gn_205679,186,MCZbase,
79,Dictyna foxii,Dictyna foxii,33118,33131,9.07,2,NO_ANNOT,,,Exact,0,Dictyna foxii Marx,Dictyna foxii,3907737,168,ION,
80,Dictyna volupis,Dictyna volupis,33620,33635,10.42,2,NO_ANNOT,,,Exact,0,"Dictyna volupis Keyserling, 1881",Dictyna volupis,gn_86512,186,MCZbase,
81,Dictyna frondea,Dictyna frondea,33692,33707,10.38,2,NO_ANNOT,,,Exact,0,"Dictyna frondea Emerton, 1888",Dictyna frondea,gn_13461,186,MCZbase,
82,Dictyna maxima,Dictyna maxima,33738,33752,6.92,2,SP_NOV,,,Exact,0,"Dictyna maxima Banks, 1892",Dictyna maxima,gn_45223,186,MCZbase,
83,Dictyna decorata,Dictyna decorata,34451,34467,12.09,2,SP_NOV,,,Exact,0,"Dictyna decorata Banks, 1892",Dictyna decorata,gn_79073,186,MCZbase,
84,Prodalia foxii,Prodalia foxii,34849,34863,9.11,2,NO_ANNOT,,,Exact,0,"Prodalia foxii Marx, 1891",Prodalia foxii,95332144,169,uBio NameBank,
85,Dictyna dubia.,Dictyna dubia,35340,35354,5.97,2,SP_NOV,,,Exact,0,"Dictyna dubia Banks, 1892",Dictyna dubia,gn_86558,186,MCZbase,
86,Amaurobius silvestris,Amaurobius silvestris,35804,35825,12.50,2,NO_ANNOT,,,Fuzzy,1,"Amaurobius sylvestris Emerton, 1888",Amaurobius sylvestris,gn_89244,186,MCZbase,
87,Titanoeca americana,Titanoeca americana,35851,35870,8.54,2,NO_ANNOT,,,Exact,0,"Titanoeca americana Emerton, 1888",Titanoeca americana,577YV,1,Catalogue of Life,
88,Neophanes,Neophanes,35923,35932,3.39,1,NO_ANNOT,,,Exact,0,"Neophanes Marx, 1891",Neophanes,urn:lsid:irmng.org:taxname:1338661,181,IRMNG,
89,Dictyna,Dictyna,35960,35967,4.34,1,NO_ANNOT,,,Exact,0,Dictyna,Dictyna,44XN,1,Catalogue of Life,
90,Neophanes pallidus,Neophanes pallidus,36088,36106,9.99,2,NO_ANNOT,,,Exact,0,"Neophanes pallidus Marx, 1891",Neophanes pallidus,95332224,169,uBio NameBank,
91,Theridium tepidariorum,Theridium tepidariorum,37152,37174,12.82,2,NO_ANNOT,,,Exact,0,Theridium tepidariorum,Theridium tepidariorum,379466,183,Sherborn Index Animalium,
92,Theridium rupicola,Theridium rupicola,37261,37279,12.14,2,NO_ANNOT,,,Exact,0,"Theridium rupicola Emerton, 1882",Theridium rupicola,gn_254553,186,MCZbase,
93,Theridium kentuckyense,Theridium kentuckyense,37330,37352,11.57,2,NO_ANNOT,,,PartialExact,0,"Theridium Leach, 1816",Theridium,urn:lsid:irmng.org:taxname:1355982,181,IRMNG,
94,Theridium differens,Theridium differens,37443,37462,11.71,2,NO_ANNOT,,,Exact,0,"Theridium differens Emerton, 1882",Theridium differens,gn_246712,186,MCZbase,
95,Theridium spiralis,Theridium spiralis,37500,37518,12.42,2,NO_ANNOT,,,PartialExact,0,"Theridium Leach, 1816",Theridium,urn:lsid:irmng.org:taxname:1355982,181,IRMNG,
96,Theridium murarium,Theridium murarium,37592,37610,12.04,2,NO_ANNOT,,,Exact,0,"Theridium murarium Emerton, 1882",Theridium murarium,gn_254552,186,MCZbase,
97,Theridium punctissparsum,Theridium punctissparsum,37661,37685,7.61,2,NO_ANNOT,,,PartialExact,0,"Theridium Leach, 1816",Theridium,urn:lsid:irmng.org:taxname:1355982,181,IRMNG,
98,Theridium frondeum,Theridium frondeum,37737,37755,11.19,2,NO_ANNOT,,,PartialExact,0,"Theridium Leach, 1816",Theridium,urn:lsid:irmng.org:taxname:1355982,181,IRMNG,
99,Mimetus interfector,Mimetus interfector,37786,37805,11.32,2,NO_ANNOT,,,Exact,0,"Mimetus interfector Hentz, 1850",Mimetus interfector,6RK9M,1,Catalogue of Life,
100,Mimetus epeiroides,Mimetus epeiroides,37871,37889,11.47,2,NO_ANNOT,,,Exact,0,"Mimetus epeiroides Emerton, 1882",Mimetus epeiroides,43F32,1,Catalogue of Life,
101,Ero thoracica,Ero thoracica,37958,37971,3.28,2,NO_ANNOT,,,Exact,0,"Ero thoracica Emerton, 1902",Ero thoracica,95271687,169,uBio NameBank,
102,Steatoda borealis,Steatoda borealis,38011,38028,12.15,2,NO_ANNOT,,,Exact,0,"Steatoda borealis (Hentz, 1850)",Steatoda borealis,4ZMNL,1,Catalogue of Life,
103,Steatoda marmorata,Steatoda marmorata,38066,38084,12.92,2,NO_ANNOT,,,Exact,0,"Steatoda marmorata (Simon, 1910)",Steatoda marmorata,6ZHJ2,1,Catalogue of Life,
104,Steatoda guttata,Steatoda guttata,38114,38130,12.56,2,NO_ANNOT,,,Exact,0,Steatoda guttata Wid.,Steatoda guttata,4063534,168,ION,
105,Steatoda triangulosa,Steatoda triangulosa,38185,38205,12.91,2,NO_ANNOT,,,Exact,0,"Steatoda triangulosa (Walckenaer, 1802)",Steatoda triangulosa,4ZMS7,1,Catalogue of Life,
106,Dipoena nigra,Dipoena nigra,38228,38241,9.85,2,NO_ANNOT,,,Exact,0,"Dipoena nigra (Emerton, 1882)",Dipoena nigra,36PR9,1,Catalogue of Life,
107,Steatoda nigra,Steatoda nigra,38246,38260,9.81,2,NO_ANNOT,,,Exact,0,"Steatoda nigra Emerton, 1882",Steatoda nigra,gn_78443,186,MCZbase,
108,Argyrodes trigonum,Argyrodes trigonum,38305,38323,11.90,2,NO_ANNOT,,,Exact,0,"Argyrodes trigonum (Hentz, 1850)",Argyrodes trigonum,urn:lsid:marinespecies.org:taxname:1491373,9,WoRMS,
109,Linyphia,Linyphia,38347,38355,4.25,1,NO_ANNOT,,,Exact,0,Linyphia,Linyphia,62YGM,1,Catalogue of Life,
110,Euryopsis funebris,Euryopsis funebris,38372,38390,12.02,2,NO_ANNOT,,,Fuzzy,1,"Euryopis funebris (Hentz, 1850)",Euryopis funebris,3D5K3,1,Catalogue of Life,
111,Pholcomma hirsuta,Pholcomma hirsuta,38422,38439,11.56,2,NO_ANNOT,,,Exact,0,Pholcomma hirsuta,Pholcomma hirsuta,gn_82088,186,MCZbase,
112,Ceratinella fissiceps,Ceratinella fissiceps,38522,38543,12.88,2,NO_ANNOT,,,Exact,0,"Ceratinella fissiceps Emerton, 1882",Ceratinella fissiceps,95285048,169,uBio NameBank,
113,Ceratinella similis,Ceratinella similis,38595,38614,13.43,2,SP_NOV,,,Exact,0,"Ceratinella similis Banks, 1892",Ceratinella similis,gn_77095,186,MCZbase,
114,Ceratinella minuta,Ceratinella minuta,39245,39263,12.36,2,NO_ANNOT,,,Exact,0,"Ceratinella minuta Emerton, 1882",Ceratinella minuta,gn_74022,186,MCZbase,
115,Ceratinella bulbosa,Ceratinella bulbosa,39333,39352,13.60,2,NO_ANNOT,,,Exact,0,"Ceratinella bulbosa Emerton, 1882",Ceratinella bulbosa,gn_9205,186,MCZbase,
116,C. fissiceps.,C. fissiceps,39524,39537,6.06,2,NO_ANNOT,,,NoMatch,,,,,,,,
117,Ceratinella pygmea,Ceratinella pygmea,39635,39653,11.44,2,NO_ANNOT,,,Exact,0,Ceratinella pygmea Em.,Ceratinella pygmea,3907701,168,ION,
118,Ceratinella atriceps,Ceratinella atriceps,39826,39846,12.72,2,NO_ANNOT,,,Exact,0,"Ceratinella atriceps Emerton, 1882",Ceratinella atriceps,95285014,169,uBio NameBank,
119,Ceratinella,Ceratinella,39895,39906,6.49,1,NO_ANNOT,,,Exact,0,Ceratinella,Ceratinella,62K8Z,1,Catalogue of Life,
120,Ceratinella laetabilis,Ceratinella laetabilis,40386,40408,13.91,2,NO_ANNOT,,,Exact,0,"Ceratinella laetabilis Emerton, 1902",Ceratinella laetabilis,95285060,169,uBio NameBank,
121,Ceratinella brunnea,Ceratinella brunnea,40473,40492,12.69,2,NO_ANNOT,,,Exact,0,"Ceratinella brunnea Emerton, 1882",Ceratinella brunnea,SLNG,1,Catalogue of Life,
122,Ceratinella micropalpis,Ceratinella micropalpis,40551,40574,13.35,2,NO_ANNOT,,,Exact,0,"Ceratinella micropalpis Emerton, 1882",Ceratinella micropalpis,gn_48685,186,MCZbase,
123,Ceratinella placida,Ceratinella placida,40604,40623,13.15,2,SP_NOV,,,Exact,0,"Ceratinella placida Banks, 1892",Ceratinella placida,5XL2X,1,Catalogue of Life,
124,Ceratinella formosa,Ceratinella formosa,41417,41436,10.11,2,SP_NOV,,,Exact,0,"Ceratinella formosa Banks, 1892",Ceratinella formosa,gn_38472,186,MCZbase,
125,Ceratinella annulipes,Ceratinella annulipes,42058,42079,12.78,2,SP_NOV,,,Exact,0,Ceratinella annulipes Banks,Ceratinella annulipes,gn_23666,186,MCZbase,
126,Ceratinopsis interpres,Ceratinopsis interpres,42415,42437,9.75,2,NO_ANNOT,,,Exact,0,"Ceratinopsis interpres (O. Pickard-Cambridge, 1874)",Ceratinopsis interpres,SLRG,1,Catalogue of Life,
127,Ceratinopsis nigriceps,Ceratinopsis nigriceps,42554,42576,11.86,2,NO_ANNOT,,,Exact,0,"Ceratinopsis nigriceps Emerton, 1882",Ceratinopsis nigriceps,SLRR,1,Catalogue of Life,
128,Ceratinopsis nigripalpis,Ceratinopsis nigripalpis,42663,42687,12.32,2,NO_ANNOT,,,Exact,0,"Ceratinopsis nigripalpis Emerton, 1882",Ceratinopsis nigripalpis,SLRS,1,Catalogue of Life,
129,Ceratinopsis frontatus,Ceratinopsis frontatus,42735,42757,13.19,2,SP_NOV,,,Exact,0,Ceratinopsis frontatus,Ceratinopsis frontatus,3907705,168,ION,
130,Grammonota pictilis,Grammonota pictilis,43066,43085,10.98,2,NO_ANNOT,,,Exact,0,"Grammonota pictilis (O. Pickard-Cambridge, 1875)",Grammonota pictilis,3H79G,1,Catalogue of Life,
131,Grammonota ornata,Grammonota ornata,43135,43152,11.10,2,NO_ANNOT,,,Exact,0,"Grammonota ornata (O. Pickard-Cambridge, 1875)",Grammonota ornata,3H79D,1,Catalogue of Life,
132,Grammonota venusta.,Grammonota venusta,43203,43222,10.07,2,SP_NOV,,,Exact,0,"Grammonota venusta Banks, 1892",Grammonota venusta,gn_83355,186,MCZbase,
133,Spiropalpus spiralis,Spiropalpus spiralis,43771,43791,13.32,2,NO_ANNOT,,,Exact,0,"Spiropalpus spiralis Emerton, 1882",Spiropalpus spiralis,gn_89285,186,MCZbase,
134,Corniculftria directa,Corniculftria directa,43823,43844,5.63,2,NO_ANNOT,,,NoMatch,,,,,,,,
135,Cornicularia communis,Cornicularia communis,43881,43902,12.39,2,NO_ANNOT,,,Exact,0,"Cornicularia communis Emerton, 1882",Cornicularia communis,gn_65326,186,MCZbase,
136,Cornicularia indirecta,Cornicularia indirecta,43936,43958,12.20,2,NO_ANNOT,,,Exact,0,"Cornicularia indirecta Kaston, 1948",Cornicularia indirecta,95298801,169,uBio NameBank,
137,Cornicularia pallida,Cornicularia pallida,43999,44019,12.04,2,NO_ANNOT,,,Exact,0,"Cornicularia pallida Emerton, 1882",Cornicularia pallida,gn_71117,186,MCZbase,
138,Cornicularia formosa.,Cornicularia formosa,44079,44100,8.99,2,SP_NOV,,,Exact,0,"Cornicularia formosa Banks, 1892",Cornicularia formosa,gn_86609,186,MCZbase,
139,Cornicularia placida,Cornicularia placida,44418,44438,12.04,2,NO_ANNOT,,,Exact,0,"Cornicularia placida Banks, 1892",Cornicularia placida,gn_34442,186,MCZbase,
140,C. directa,C. directa,44543,44553,6.14,2,NO_ANNOT,,,NoMatch,,,,,,,,
141,Lophomma cristata,Lophomma cristata,44747,44764,12.98,2,NO_ANNOT,,,Exact,0,"Lophomma cristata Emerton, 1882",Lophomma cristata,95285922,169,uBio NameBank,
142,Lophocarenum castaneum,Lophocarenum castaneum,44822,44844,11.56,2,NO_ANNOT,,,Exact,0,"Lophocarenum castaneum Emerton, 1882",Lophocarenum castaneum,gn_92469,186,MCZbase,
143,Lophocarenum tristis,Lophocarenum tristis,45042,45062,11.88,2,SP_NOV,,,Exact,0,"Lophocarenum tristis Banks, 1892",Lophocarenum tristis,gn_85462,186,MCZbase,
144,Lophocarenum florens,Lophocarenum florens,45407,45427,11.56,2,NO_ANNOT,,,Exact,0,"Lophocarenum florens Emerton, 1911",Lophocarenum florens,95289028,169,uBio NameBank,
145,Lophocarenum unimaculatum,Lophocarenum unimaculatum,45489,45514,13.20,2,SP_NOV,,,Exact,0,"Lophocarenum unimaculatum Banks, 1892",Lophocarenum unimaculatum,gn_87508,186,MCZbase,
146,Lophocarenum miniatum,Lophocarenum miniatum,46114,46135,12.72,2,SP_NOV,,,Exact,0,"Lophocarenum miniatum Banks, 1892",Lophocarenum miniatum,gn_75119,186,MCZbase,
147,Lophocarenum venustum,Lophocarenum venustum,46487,46508,12.72,2,SP_NOV,,,Exact,0,"Lophocarenum venustum Banks, 1892",Lophocarenum venustum,gn_82680,186,MCZbase,
148,Lophocarenum parvum,Lophocarenum parvum,47079,47098,11.10,2,SP_NOV,,,Exact,0,"Lophocarenum parvum Banks, 1892",Lophocarenum parvum,gn_74601,186,MCZbase,
149,Lophocarenum exiguum,Lophocarenum exiguum,47681,47701,10.84,2,SP_NOV,,,Exact,0,"Lophocarenum exiguum Banks, 1892",Lophocarenum exiguum,gn_44594,186,MCZbase,
150,Lophocarenum spiniferum,Lophocarenum spiniferum,48180,48203,12.82,2,NO_ANNOT,,,Exact,0,"Lophocarenum spiniferum Emerton, 1882",Lophocarenum spiniferum,95296174,169,uBio NameBank,
151,Lophocarenum crenatum,Lophocarenum crenatum,48241,48262,12.72,2,NO_ANNOT,,,Exact,0,"Lophocarenum crenatum Emerton, 1882",Lophocarenum crenatum,gn_42507,186,MCZbase,
152,Lophocarenum,Lophocarenum,48302,48314,5.48,1,NO_ANNOT,,,Exact,0,"Lophocarenum Menge, 1868",Lophocarenum,urn:lsid:irmng.org:taxname:1127621,181,IRMNG,
153,Lophocarenum erigonoides,Lophocarenum erigonoides,48939,48963,12.23,2,NO_ANNOT,,,Exact,0,"Lophocarenum erigonoides Emerton, 1882",Lophocarenum erigonoides,gn_69738,186,MCZbase,
154,Lophocarenum formosum,Lophocarenum formosum,49042,49063,12.27,2,SP_NOV,,,Exact,0,"Lophocarenum formosum Banks, 1892",Lophocarenum formosum,gn_26916,186,MCZbase,
155,Lophocarenum arvensis,Lophocarenum arvensis,49623,49644,12.83,2,SP_NOV,,,Exact,0,"Lophocarenum arvensis Banks, 1892",Lophocarenum arvensis,gn_50591,186,MCZbase,
156,Lophocarenum longior,Lophocarenum longior,50042,50062,11.19,2,SP_NOV,,,Exact,0,"Lophocarenum longior Banks, 1892",Lophocarenum longior,gn_81666,186,MCZbase,
157,Tmeticus unicorn,Tmeticus unicorn,50554,50570,6.95,2,SP_NOV,,,Exact,0,"Tmeticus unicorn Banks, 1892",Tmeticus unicorn,gn_87447,186,MCZbase,
158,Tmeticus trilobatus,Tmeticus trilobatus,51048,51067,13.83,2,NO_ANNOT,,,Exact,0,"Tmeticus trilobatus Emerton, 1882",Tmeticus trilobatus,gn_88250,186,MCZbase,
159,Tmeticus obscurus,Tmeticus obscurus,51214,51231,12.80,2,SP_NOV,,,Exact,0,"Tmeticus obscurus Banks, 1892",Tmeticus obscurus,gn_78629,186,MCZbase,
160,Tmeticus flaveolus,Tmeticus flaveolus,51703,51721,13.13,2,SP_NOV,,,Exact,0,"Tmeticus flaveolus Banks, 1892",Tmeticus flaveolus,gn_180754,186,MCZbase,
161,Tmeticus luxuosus,Tmeticus luxuosus,52311,52328,12.94,2,SP_NOV,,,Exact,0,"Tmeticus luxuosus Banks, 1892",Tmeticus luxuosus,gn_71729,186,MCZbase,
162,Tmeticus rusticus,Tmeticus rusticus,52736,52753,13.00,2,NO_ANNOT,,,Exact,0,"Tmeticus rusticus Banks, 1892",Tmeticus rusticus,gn_84346,186,MCZbase,
163,Tmeticus pallidus,Tmeticus pallidus,53073,53090,12.59,2,NO_ANNOT,,,Exact,0,"Tmeticus pallidus Emerton, 1882",Tmeticus pallidus,gn_78341,186,MCZbase,
164,Tmeticus humilis,Tmeticus humilis,53129,53145,12.94,2,SP_NOV,,,Exact,0,"Tmeticus humilis Banks, 1892",Tmeticus humilis,gn_6826,186,MCZbase,
165,Tmeticus moestus,Tmeticus moestus,53509,53525,13.36,2,SP_NOV,,,Exact,0,"Tmeticus moestus Banks, 1892",Tmeticus moestus,gn_75613,186,MCZbase,
166,Tmeticus debilis,Tmeticus debilis,53970,53986,12.94,2,SP_NOV,,,Exact,0,"Tmeticus debilis Banks, 1892",Tmeticus debilis,gn_88010,186,MCZbase,
167,Tmeticus palustris,Tmeticus palustris,54356,54374,13.23,2,SP_NOV,,,Exact,0,"Tmeticus palustris Banks, 1892",Tmeticus palustris,gn_6293,186,MCZbase,
168,Tmeticus distinctus,Tmeticus distinctus,54922,54941,13.83,2,SP_NOV,,,Exact,0,"Tmeticus distinctus Banks, 1892",Tmeticus distinctus,gn_78852,186,MCZbase,
169,Tmeticus maculatus,Tmeticus maculatus,55353,55371,13.72,2,SP_NOV,,,Exact,0,"Tmeticus maculatus Banks, 1892",Tmeticus maculatus,gn_71454,186,MCZbase,
170,Tmeticus minutus,Tmeticus minutus,55823,55839,13.36,2,SP_NOV,,,Exact,0,"Tmeticus minutus Banks, 1892",Tmeticus minutus,gn_80499,186,MCZbase,
171,Tmeticus gnavus,Tmeticus gnavus,56340,56355,11.54,2,SP_NOV,,,Exact,0,"Tmeticus gnavus Banks, 1892",Tmeticus gnavus,gn_180088,186,MCZbase,
172,Erigone longipalpis,Erigone longipalpis,56774,56793,10.00,2,NO_ANNOT,,,Exact,0,"Erigone longipalpis (Sundevall, 1830)",Erigone longipalpis,6GPYT,1,Catalogue of Life,
173,Linyphia marginata,Linyphia marginata,56843,56861,12.15,2,NO_ANNOT,,,Exact,0,Linyphia marginata,Linyphia marginata,248831,183,Sherborn Index Animalium,
174,Linyphia communis,Linyphia communis,56876,56893,11.27,2,NO_ANNOT,,,Exact,0,Linyphia communis,Linyphia communis,122335,183,Sherborn Index Animalium,
175,Linyphia clathrata,Linyphia clathrata,56929,56947,12.15,2,NO_ANNOT,,,Exact,0,Linyphia clathrata,Linyphia clathrata,112496,183,Sherborn Index Animalium,
176,Linyphia phrygiana,Linyphia phrygiana,56986,57004,11.34,2,NO_ANNOT,,,Exact,0,Linyphia phrygiana,Linyphia phrygiana,302042,183,Sherborn Index Animalium,
177,L. phrygiana var.␤annulipes.,L. phrygiana var. annulipes,57021,57049,13.69,3,NO_ANNOT,,,NoMatch,,,,,,,,
178,LinypMa mandibulata,Linypma mandibulata,57353,57372,5.19,2,NO_ANNOT,,,NoMatch,,,,,,,,
179,Linyphia variabilis,Linyphia variabilis,57416,57435,11.66,2,NO_ANNOT,,,Exact,0,"Linyphia variabilis Banks, 1892",Linyphia variabilis,gn_81947,186,MCZbase,
180,L. marginata,L. marginata,58129,58141,7.57,2,NO_ANNOT,,,NoMatch,,,,,,,,
181,Linyphia conferta,Linyphia conferta,58550,58567,10.34,2,NO_ANNOT,,,Exact,0,Linyphia conferta,Linyphia conferta,124114,183,Sherborn Index Animalium,
182,X. variabilis,X. variabilis,58986,58999,7.08,2,NO_ANNOT,,,NoMatch,,,,,,,,
183,L. variabilis,L. variabilis,59321,59334,7.08,2,NO_ANNOT,,,NoMatch,,,,,,,,
184,L. variabilis.,L. variabilis,59423,59437,7.08,2,NO_ANNOT,,,NoMatch,,,,,,,,
185,Stemonyphantes bucculentus,Stemonyphantes bucculentus,59505,59531,12.36,2,NO_ANNOT,,,Exact,0,"Stemonyphantes bucculentus Fage, 1919",Stemonyphantes bucculentus,95296386,169,uBio NameBank,
186,Diplostyla nigrina,Diplostyla nigrina,59632,59650,11.99,2,NO_ANNOT,,,Exact,0,"Diplostyla nigrina Emerton, 1882",Diplostyla nigrina,95284003,169,uBio NameBank,
187,Diplostyla pallida,Diplostyla pallida,59717,59735,11.85,2,SP_NOV,,,Exact,0,"Diplostyla pallida Banks, 1892",Diplostyla pallida,gn_70552,186,MCZbase,
188,Diplostyla alboventris,Diplostyla alboventris,60260,60282,12.85,2,SP_NOV,,,Exact,0,"Diplostyla alboventris Banks, 1892",Diplostyla alboventris,gn_99508,186,MCZbase,
189,Diplostyla concolor,Diplostyla concolor,61367,61386,11.80,2,NO_ANNOT,,,Exact,0,"Diplostyla concolor (Wider, 1834)",Diplostyla concolor,36NKH,1,Catalogue of Life,
190,Drapetisca socialis,Drapetisca socialis,61433,61452,11.99,2,NO_ANNOT,,,Exact,0,"Drapetisca socialis (Sundevall, 1833)",Drapetisca socialis,37LHW,1,Catalogue of Life,
191,Helophora insignis,Helophora insignis,61490,61508,13.08,2,NO_ANNOT,,,Exact,0,"Helophora insignis (Blackwall, 1841)",Helophora insignis,3KHFY,1,Catalogue of Life,
192,Bathyphantes minuta,Bathyphantes minuta,61641,61660,9.77,2,NO_ANNOT,,,PartialExact,0,Bathyphantes,Bathyphantes,38PV,1,Catalogue of Life,
193,Bathyphantes nebulosa,Bathyphantes nebulosa,61697,61718,11.21,2,NO_ANNOT,,,PartialExact,0,Bathyphantes,Bathyphantes,38PV,1,Catalogue of Life,
194,Bathyphantes,Bathyphantes,61779,61791,3.91,1,NO_ANNOT,,,Exact,0,Bathyphantes,Bathyphantes,38PV,1,Catalogue of Life,
195,Bathyphantes alpina,Bathyphantes alpina,61844,61863,10.41,2,NO_ANNOT,,,Exact,0,"Bathyphantes alpina Emerton, 1882",Bathyphantes alpina,gn_43411,186,MCZbase,
196,Bathyphantes subalpina,Bathyphantes subalpina,61907,61929,11.06,2,NO_ANNOT,,,Exact,0,"Bathyphantes subalpina Emerton, 1882",Bathyphantes subalpina,95290348,169,uBio NameBank,
197,Bathyphantes decorata,Bathyphantes decorata,61978,61999,11.65,2,SP_NOV,,,Exact,0,"Bathyphantes decorata Banks, 1892",Bathyphantes decorata,gn_79074,186,MCZbase,
198,Bathyphantes argenteomaculata,Bathyphantes argenteomaculata,62696,62725,12.55,2,SP_NOV,,,Exact,0,"Bathyphantes argenteomaculata Banks, 1892",Bathyphantes argenteomaculata,gn_37460,186,MCZbase,
199,Bathyphantes pallida,Bathyphantes pallida,63199,63219,10.57,2,SP_NOV,,,Exact,0,"Bathyphantes pallida Banks, 1892",Bathyphantes pallida,gn_71116,186,MCZbase,
200,Bathyphantes sabulosa,Bathyphantes sabulosa,63599,63620,11.21,2,NO_ANNOT,,,PartialExact,0,Bathyphantes,Bathyphantes,38PV,1,Catalogue of Life,
201,LinypJiia sabulosa,Linypjiia sabulosa,63626,63644,5.28,2,NO_ANNOT,,,NoMatch,,,,,,,,
202,Bathyphantes zygia,Bathyphantes zygia,63680,63698,8.15,2,NO_ANNOT,,,Exact,0,Bathyphantes zygia (Keyserling),Bathyphantes zygia,gn_225845,186,MCZbase,
203,Erigone zygia,Erigone zygia,63705,63718,7.39,2,NO_ANNOT,,,Exact,0,"Erigone zygia Keyserling, 1886",Erigone zygia,95291870,169,uBio NameBank,
204,Bathyphantes formica,Bathyphantes formica,63788,63808,7.48,2,NO_ANNOT,,,Exact,0,"Bathyphantes formica Emerton, 1882",Bathyphantes formica,gn_38372,186,MCZbase,
205,Bathyphantes umbratilis,Bathyphantes umbratilis,63842,63865,11.32,2,NO_ANNOT,,,Exact,0,"Bathyphantes umbratilis Banks, 1892",Bathyphantes umbratilis,95290360,169,uBio NameBank,
206,Erigone umbratilis,Erigone umbratilis,63872,63890,10.56,2,NO_ANNOT,,,Exact,0,"Erigone umbratilis Keyserling, 1886",Erigone umbratilis,95290359,169,uBio NameBank,
207,Bathyphantes complicata,Bathyphantes complicata,63929,63952,11.92,2,NO_ANNOT,,,Exact,0,"Bathyphantes complicata Emerton, 1882",Bathyphantes complicata,gn_71325,186,MCZbase,
208,Bathyphantes unimaculata,Bathyphantes unimaculata,64157,64181,12.23,2,SP_NOV,,,Exact,0,"Bathyphantes unimaculata Banks, 1892",Bathyphantes unimaculata,95291857,169,uBio NameBank,
209,Bathyphantes inornata,Bathyphantes inornata,64635,64656,11.65,2,SP_NOV,,,Exact,0,"Bathyphantes inornata Crosby & Bishop, 1928",Bathyphantes inornata,95283898,169,uBio NameBank,
210,Bathyphantes tristis,Bathyphantes tristis,65119,65139,10.30,2,SP_NOV,,,Exact,0,"Bathyphantes tristis Banks, 1892",Bathyphantes tristis,gn_85461,186,MCZbase,
211,Microneta viaria,Microneta viaria,65513,65529,10.75,2,NO_ANNOT,,,Exact,0,"Microneta viaria (Blackwall, 1841)",Microneta viaria,4323T,1,Catalogue of Life,
212,Microneta latens,Microneta latens,65576,65592,10.98,2,SP_NOV,,,Exact,0,"Microneta latens Banks, 1892",Microneta latens,gn_42870,186,MCZbase,
213,Microneta quinquedentata,Microneta quinquedentata,66183,66207,13.50,2,NO_ANNOT,,,Exact,0,"Microneta quinquedentata Emerton, 1882",Microneta quinquedentata,gn_84024,186,MCZbase,
214,Microneta palustris,Microneta palustris,66230,66249,12.42,2,SP_NOV,,,Exact,0,"Microneta palustris Banks, 1892",Microneta palustris,gn_10457,186,MCZbase,
215,Negundo,Negundo,66633,66640,3.27,1,NO_ANNOT,,,Exact,0,Negundo Boehm.,Negundo,5TDCD,1,Catalogue of Life,
216,Microneta discolor,Microneta discolor,66652,66670,8.30,2,NO_ANNOT,,,Exact,0,"Microneta discolor Emerton, 1882",Microneta discolor,gn_89650,186,MCZbase,
217,Microneta cornupalpis,Microneta cornupalpis,66709,66730,12.04,2,NO_ANNOT,,,Exact,0,"Microneta cornupalpis Emerton, 1882",Microneta cornupalpis,95284630,169,uBio NameBank,
218,Microneta luteola,Microneta luteola,66835,66852,11.85,2,SP_NOV,,,Exact,0,"Microneta luteola Banks, 1892",Microneta luteola,gn_71726,186,MCZbase,
219,Microneta flaveola,Microneta flaveola,67336,67354,12.04,2,SP_NOV,,,Exact,0,"Microneta flaveola Banks, 1892",Microneta flaveola,4323K,1,Catalogue of Life,
220,Microneta complicata,Microneta complicata,67681,67701,13.20,2,SP_NOV,,,Exact,0,"Microneta complicata Banks, 1892",Microneta complicata,gn_94718,186,MCZbase,
221,Microneta minutissima,Microneta minutissima,68157,68178,12.32,2,SP_NOV,,,Exact,0,"Microneta minutissima Banks, 1892",Microneta minutissima,gn_81269,186,MCZbase,
222,Microneta frontata,Microneta frontata,68762,68780,12.93,2,SP_NOV,,,Exact,0,"Microneta frontata Banks, 1892",Microneta frontata,gn_81745,186,MCZbase,
223,Microneta gigantea,Microneta gigantea,69155,69173,11.25,2,NO_ANNOT,,,Exact,0,"Microneta gigantea Banks, 1892",Microneta gigantea,gn_47484,186,MCZbase,
224,Microneta distincta,Microneta distincta,69600,69619,12.01,2,SP_NOV,,,Exact,0,"Microneta distincta Banks, 1892",Microneta distincta,gn_61260,186,MCZbase,
225,Epeira corticaria,Epeira corticaria,69932,69949,4.91,2,NO_ANNOT,,,Exact,0,"Epeira corticaria Emerton, 1884",Epeira corticaria,gn_85600,186,MCZbase,
226,Epeira silvatica,Epeira silvatica,70002,70018,6.02,2,NO_ANNOT,,,Exact,0,"Epeira silvatica Emerton, 1884",Epeira silvatica,gn_82843,186,MCZbase,
227,Epeira nordmanni,Epeira nordmanni,70044,70060,4.66,2,NO_ANNOT,,,Exact,0,"Epeira nordmanni Thorell, 1870",Epeira nordmanni,4550175,11,GBIF Backbone Taxonomy,
228,Epeira cinerea,Epeira cinerea,70129,70143,3.67,2,NO_ANNOT,,,Exact,0,"Epeira cinerea Emerton, 1884",Epeira cinerea,gn_166269,186,MCZbase,
229,Epeira patagiata,Epeira patagiata,70265,70281,10.60,2,NO_ANNOT,,,Exact,0,Epeira patagiata,Epeira patagiata,295088,183,Sherborn Index Animalium,
230,Epeira strix,Epeira strix,70329,70341,7.55,2,NO_ANNOT,,,Exact,0,Epeira strix,Epeira strix,368198,183,Sherborn Index Animalium,
231,Epeira trifolium,Epeira trifolium,70381,70397,9.62,2,NO_ANNOT,,,Exact,0,Epeira trifolium,Epeira trifolium,387890,183,Sherborn Index Animalium,
232,Epeira marmorea,Epeira marmorea,70423,70438,7.97,2,NO_ANNOT,,,Exact,0,Epeira marmorea,Epeira marmorea,249941,183,Sherborn Index Animalium,
233,Epeira insularis,Epeira insularis,70461,70477,9.93,2,NO_ANNOT,,,Exact,0,Epeira insularis,Epeira insularis,214909,183,Sherborn Index Animalium,
234,Epeira thaddeus,Epeira thaddeus,70502,70517,9.46,2,NO_ANNOT,,,Exact,0,Epeira thaddeus,Epeira thaddeus,381604,183,Sherborn Index Animalium,
235,Epeira pratensis,Epeira pratensis,70579,70595,10.20,2,NO_ANNOT,,,Exact,0,Epeira pratensis,Epeira pratensis,313058,183,Sherborn Index Animalium,
236,Epeira trivittata,Epeira trivittata,70615,70632,6.61,2,NO_ANNOT,,,Exact,0,"Epeira trivittata Emerton, 1902",Epeira trivittata,95311846,169,uBio NameBank,
237,Epeira domiciliorum,Epeira domiciliorum,70657,70676,10.23,2,NO_ANNOT,,,Exact,0,Epeira domiciliorum,Epeira domiciliorum,144706,183,Sherborn Index Animalium,
238,Epeira juniperi,Epeira juniperi,70744,70759,5.79,2,NO_ANNOT,,,Exact,0,"Epeira juniperi Emerton, 1884",Epeira juniperi,gn_39108,186,MCZbase,
239,Epeira labyrinthea,Epeira labyrinthea,70778,70796,8.83,2,NO_ANNOT,,,Exact,0,Epeira labyrinthea,Epeira labyrinthea,221136,183,Sherborn Index Animalium,
240,Epeira globosa,Epeira globosa,70821,70835,5.70,2,NO_ANNOT,,,Exact,0,"Epeira globosa Keyserling, 1892",Epeira globosa,95304855,169,uBio NameBank,
241,Epeira placida,Epeira placida,70848,70862,9.36,2,NO_ANNOT,,,Exact,0,Epeira placida,Epeira placida,306501,183,Sherborn Index Animalium,
242,Epeira gibberosa,Epeira gibberosa,70930,70946,10.17,2,NO_ANNOT,,,Exact,0,Epeira gibberosa,Epeira gibberosa,187546,183,Sherborn Index Animalium,
243,Epeira parvula,Epeira parvula,70981,70995,5.23,2,NO_ANNOT,,,Exact,0,Epeira parvula Keyserling 1863,Epeira parvula,2035206,168,ION,
244,Cyclosa conica,Cyclosa conica,71162,71176,11.15,2,NO_ANNOT,,,Exact,0,"Cyclosa conica (Pallas, 1772)",Cyclosa conica,32WSC,1,Catalogue of Life,
245,Singa variabilis,Singa variabilis,71198,71214,11.77,2,NO_ANNOT,,,Exact,0,"Singa variabilis Emerton, 1884",Singa variabilis,gn_81946,186,MCZbase,
246,Singa maculata,Singa maculata,71266,71280,12.10,2,NO_ANNOT,,,Exact,0,"Singa maculata Emerton, 1884",Singa maculata,gn_76674,186,MCZbase,
247,Acrosoma rugosa,Acrosoma rugosa,71323,71338,11.76,2,NO_ANNOT,,,PartialExact,0,"Acrosoma Perty, 1833",Acrosoma,urn:lsid:irmng.org:taxname:1349614,181,IRMNG,
248,Meta menardi,Meta menardi,71356,71368,8.06,2,NO_ANNOT,,,Exact,0,"Meta menardi (Latreille, 1804)",Meta menardi,428FV,1,Catalogue of Life,
249,Argiope riparia,Argiope riparia,71440,71455,8.25,2,NO_ANNOT,,,Exact,0,"Argiope riparia Emerton, 1884",Argiope riparia,95305978,169,uBio NameBank,
250,Argiope transversa.,Argiope transversa,71481,71500,8.58,2,NO_ANNOT,,,Exact,0,"Argiope transversa Emerton, 1884",Argiope transversa,95306411,169,uBio NameBank,
251,Argyroepeira hortorum,Argyroepeira hortorum,71525,71546,12.36,2,NO_ANNOT,,,Exact,0,"Argyroepeira hortorum Emerton, 1884",Argyroepeira hortorum,95300258,169,uBio NameBank,
252,Tetragnatha vermiformis,Tetragnatha vermiformis,71618,71641,12.55,2,NO_ANNOT,,,Exact,0,"Tetragnatha vermiformis Emerton, 1884",Tetragnatha vermiformis,55ML2,1,Catalogue of Life,
253,Tetragnatha extensa,Tetragnatha extensa,71660,71679,10.69,2,NO_ANNOT,,,Exact,0,"Tetragnatha extensa (Linnaeus, 1758)",Tetragnatha extensa,7BQWJ,1,Catalogue of Life,
254,Tetragnatha grallator,Tetragnatha grallator,71700,71721,11.20,2,NO_ANNOT,,,Exact,0,Tetragnatha grallator,Tetragnatha grallator,184161,183,Sherborn Index Animalium,
255,Tetragnatha laboriosa,Tetragnatha laboriosa,71742,71763,12.80,2,NO_ANNOT,,,Exact,0,"Tetragnatha laboriosa Hentz, 1850",Tetragnatha laboriosa,55MDL,1,Catalogue of Life,
256,Tetragnatha straminea,Tetragnatha straminea,71779,71800,11.89,2,NO_ANNOT,,,Exact,0,"Tetragnatha straminea Emerton, 1884",Tetragnatha straminea,55MJY,1,Catalogue of Life,
257,Tetragnatha caudata,Tetragnatha caudata,71813,71832,12.88,2,NO_ANNOT,,,Exact,0,"Tetragnatha caudata Emerton, 1884",Tetragnatha caudata,7BQWC,1,Catalogue of Life,
258,Tetragnatha pallida,Tetragnatha pallida,71906,71925,11.99,2,SP_NOV,,,Exact,0,"Tetragnatha pallida O. Pickard-Cambridge, 1889",Tetragnatha pallida,7C2ZR,1,Catalogue of Life,
259,T. grallator,T. grallator,72624,72636,5.53,2,NO_ANNOT,,,NoMatch,,,,,,,,
260,T. vermiformis,T. vermiformis,72685,72699,6.88,2,NO_ANNOT,,,NoMatch,,,,,,,,
261,T. straminea,T. straminea,72763,72775,6.22,2,NO_ANNOT,,,NoMatch,,,,,,,,
262,T. extensa,T. extensa,72804,72814,5.02,2,NO_ANNOT,,,NoMatch,,,,,,,,
263,T. laboriosa,T. laboriosa,72864,72876,7.14,2,NO_ANNOT,,,NoMatch,,,,,,,,
264,T. caudata,T. caudata,72926,72936,7.21,2,NO_ANNOT,,,NoMatch,,,,,,,,
265,T. illinoiensis,T. illinoiensis,73023,73038,7.49,2,NO_ANNOT,,,NoMatch,,,,,,,,
266,Pachygnatha brevis,Pachygnatha brevis,73080,73098,11.14,2,NO_ANNOT,,,Exact,0,"Pachygnatha brevis Keyserling, 1884",Pachygnatha brevis,4BS8Y,1,Catalogue of Life,
267,Pachygnatha autumnalis,Pachygnatha autumnalis,73139,73161,12.75,2,NO_ANNOT,,,Exact,0,"Pachygnatha autumnalis Marx, 1884",Pachygnatha autumnalis,4BS8V,1,Catalogue of Life,
268,Pachygnatha xanthostoma,Pachygnatha xanthostoma,73240,73263,12.17,2,NO_ANNOT,,,Exact,0,"Pachygnatha xanthostoma C. L. Koch, 1845",Pachygnatha xanthostoma,75HWB,1,Catalogue of Life,
269,TJloborus plumipes,Tjloborus plumipes,73301,73319,5.25,2,NO_ANNOT,,,NoMatch,,,,,,,,
270,Hyptiotes cavatus,Hyptiotes cavatus,73363,73380,10.74,2,NO_ANNOT,,,Exact,0,"Hyptiotes cavatus (Hentz, 1847)",Hyptiotes cavatus,3P4V4,1,Catalogue of Life,
271,Xysticus stomachosus,Xysticus stomachosus,73426,73446,13.52,2,NO_ANNOT,,,Exact,0,"Xysticus stomachosus Emerton, 1892",Xysticus stomachosus,95241451,169,uBio NameBank,
272,Xysticus feroculus,Xysticus feroculus,73490,73508,13.13,2,NO_ANNOT,,,Exact,0,"Xysticus feroculus Keyserling, 1881",Xysticus feroculus,gn_39779,186,MCZbase,
273,Xysticus distinctus,Xysticus distinctus,73569,73588,13.83,2,SP_NOV,,,Exact,0,"Xysticus distinctus Banks, 1892",Xysticus distinctus,gn_79196,186,MCZbase,
274,Xysticus brunneus.,Xysticus brunneus,75142,75160,12.76,2,NO_ANNOT,,,Exact,0,"Xysticus brunneus Banks, 1892",Xysticus brunneus,gn_36034,186,MCZbase,
275,Xysticus crudelis,Xysticus crudelis,76507,76524,13.13,2,SP_NOV,,,Exact,0,"Xysticus crudelis Banks, 1892",Xysticus crudelis,gn_41186,186,MCZbase,
276,Xysticus transversus,Xysticus transversus,77731,77751,13.52,2,SP_NOV,,,Exact,0,"Xysticus transversus Banks, 1892",Xysticus transversus,gn_80851,186,MCZbase,
277,Xysticus lentus,Xysticus lentus,79497,79512,13.08,2,SP_NOV,,,Exact,0,"Xysticus lentus Banks, 1892",Xysticus lentus,gn_48684,186,MCZbase,
278,X. triguttatus,X. triguttatus,80549,80563,7.81,2,NO_ANNOT,,,NoMatch,,,,,,,,
279,Xysticus triguttatus,Xysticus triguttatus,80594,80614,14.14,2,NO_ANNOT,,,Exact,0,"Xysticus triguttatus Keyserling, 1880",Xysticus triguttatus,7FZQ4,1,Catalogue of Life,
280,Xysticus nervosus,Xysticus nervosus,80710,80727,12.94,2,SP_NOV,,,Exact,0,"Xysticus nervosus Banks, 1892",Xysticus nervosus,gn_66162,186,MCZbase,
281,Xysticus formosus,Xysticus formosus,82687,82704,12.94,2,SP_NOV,,,Exact,0,"Xysticus formosus Banks, 1892",Xysticus formosus,gn_44474,186,MCZbase,
282,Xysticus limbatus,Xysticus limbatus,83986,84003,13.56,2,NO_ANNOT,,,Exact,0,"Xysticus limbatus Banks, 1913",Xysticus limbatus,95241316,169,uBio NameBank,
283,Xysticus quadrilineatus,Xysticus quadrilineatus,84021,84044,14.13,2,NO_ANNOT,,,Exact,0,"Xysticus quadrilineatus Emerton, 1902",Xysticus quadrilineatus,95241862,169,uBio NameBank,
284,Xysticus gulosus,Xysticus gulosus,84082,84098,12.74,2,NO_ANNOT,,,Exact,0,"Xysticus gulosus Keyserling, 1880",Xysticus gulosus,5CQ8S,1,Catalogue of Life,
285,Xysticus maculatus,Xysticus maculatus,84163,84181,13.72,2,NO_ANNOT,,,Exact,0,Xysticus maculatus Cambridge 1885,Xysticus maculatus,2908981,168,ION,
286,Oxyptila georgiana,Oxyptila georgiana,84254,84272,11.08,2,NO_ANNOT,,,Exact,0,Oxyptila georgiana,Oxyptila georgiana,4063085,168,ION,
287,Oxyptila conspurcata,Oxyptila conspurcata,84328,84348,12.31,2,NO_ANNOT,,,Exact,0,Oxyptila conspurcata Thorell 1877,Oxyptila conspurcata,4115334,168,ION,
288,Coriarachne versicolor,Coriarachne versicolor,84435,84457,7.97,2,NO_ANNOT,,,Exact,0,"Coriarachne versicolor Keyserling, 1880",Coriarachne versicolor,gn_71543,186,MCZbase,
289,Misumena rosea,Misumena rosea,84512,84526,10.33,2,NO_ANNOT,,,Exact,0,"Misumena rosea Hu & Wu, 1989",Misumena rosea,43P3P,1,Catalogue of Life,
290,Misumena georgiana,Misumena georgiana,84576,84594,12.40,2,NO_ANNOT,,,Exact,0,"Misumena georgiana Keyserling, 1880",Misumena georgiana,95355060,169,uBio NameBank,
291,Misumena foliata,Misumena foliata,84615,84631,12.85,2,SP_NOV,,,Exact,0,"Misumena foliata Banks, 1892",Misumena foliata,gn_72128,186,MCZbase,
292,Misumena vatia,Misumena vatia,86740,86754,9.95,2,NO_ANNOT,,,Exact,0,"Misumena vatia (Clerck, 1757)",Misumena vatia,43P3V,1,Catalogue of Life,
293,Misumena placida,Misumena placida,86784,86800,11.96,2,SP_NOV,,,Exact,0,"Misumena placida Banks, 1892",Misumena placida,gn_34036,186,MCZbase,
294,Runcinia aleatorius,Runcinia aleatorius,87860,87879,10.98,2,NO_ANNOT,,,PartialExact,0,Runcinia,Runcinia,7B5B,1,Catalogue of Life,
295,Thomisics aleatorius,Thomisics aleatorius,87915,87935,4.09,2,NO_ANNOT,,,NoMatch,,,,,,,,
296,Runcinia,Runcinia,87945,87953,3.87,1,NO_ANNOT,,,Exact,0,Runcinia,Runcinia,7B5B,1,Catalogue of Life,
297,Tmarsus caudatus,Tmarsus caudatus,88056,88072,11.45,2,NO_ANNOT,,,Fuzzy,1,"Tmarus caudatus Emerton, 1892",Tmarus caudatus,95357610,169,uBio NameBank,
298,Tibellus oblongus,Tibellus oblongus,88138,88155,7.90,2,NO_ANNOT,,,Exact,0,"Tibellus oblongus (Walckenaer, 1802)",Tibellus oblongus,7BZ67,1,Catalogue of Life,
299,Philodromus vulgaris,Philodromus vulgaris,88192,88212,12.69,2,NO_ANNOT,,,Exact,0,"Philodromus vulgaris (Hentz, 1847)",Philodromus vulgaris,4G8WJ,1,Catalogue of Life,
300,Philodromus praelustris,Philodromus praelustris,88256,88279,13.27,2,NO_ANNOT,,,Exact,0,"Philodromus praelustris Keyserling, 1880",Philodromus praelustris,4G8V2,1,Catalogue of Life,
301,Philodromus signifer,Philodromus signifer,88395,88415,11.07,2,SP_NOV,,,Exact,0,"Philodromus signifer Banks, 1892",Philodromus signifer,4G8VS,1,Catalogue of Life,
302,Philodromus gracilis,Philodromus gracilis,90240,90260,12.75,2,SP_NOV,,,Exact,0,"Philodromus gracilis Banks, 1892",Philodromus gracilis,4G8S8,1,Catalogue of Life,
303,Philodromus unicolor,Philodromus unicolor,91654,91674,12.23,2,SP_NOV,,,Exact,0,"Philodromus unicolor Banks, 1892",Philodromus unicolor,gn_88521,186,MCZbase,
304,Philodromus ornatus,Philodromus ornatus,92625,92644,12.98,2,SP_NOV,,,Exact,0,Philodromus ornatus,Philodromus ornatus,286713,183,Sherborn Index Animalium,
305,Philodromus placidus,Philodromus placidus,94001,94021,12.21,2,SP_NOV,,,Exact,0,"Philodromus placidus Banks, 1892",Philodromus placidus,76XRM,1,Catalogue of Life,
306,Philodromus minutus,Philodromus minutus,95534,95553,12.98,2,SP_NOV,,,Exact,0,"Philodromus minutus Banks, 1892",Philodromus minutus,4G8TY,1,Catalogue of Life,
307,Philodromus minusculus,Philodromus minusculus,96723,96745,12.86,2,SP_NOV,,,Exact,0,"Philodromus minusculus Banks, 1892",Philodromus minusculus,gn_73170,186,MCZbase,
308,P. minutus,P. minutus,97117,97127,7.03,2,NO_ANNOT,,,NoMatch,,,,,,,,
309,P. minutus,P. minutus,97238,97248,7.03,2,NO_ANNOT,,,NoMatch,,,,,,,,
310,Philodromus exilis,Philodromus exilis,97287,97305,12.27,2,SP_NOV,,,Exact,0,"Philodromus exilis Banks, 1892",Philodromus exilis,4G8RV,1,Catalogue of Life,
311,P. rufus,P. rufus,97968,97976,3.22,2,NO_ANNOT,,,NoMatch,,,,,,,,
312,P. rufus,P. rufus,98234,98242,3.22,2,NO_ANNOT,,,NoMatch,,,,,,,,
313,Philodromus rufus,Philodromus rufus,98340,98357,9.16,2,NO_ANNOT,,,Exact,0,"Philodromus rufus Walckenaer, 1826",Philodromus rufus,4G8VK,1,Catalogue of Life,
314,Philodromus laticeps,Philodromus laticeps,98392,98412,11.84,2,NO_ANNOT,,,Exact,0,"Philodromus laticeps Keyserling, 1880",Philodromus laticeps,4G8T5,1,Catalogue of Life,
315,Philodromus aureolus,Philodromus aureolus,98456,98476,12.58,2,NO_ANNOT,,,Exact,0,"Philodromus aureolus (Clerck, 1757)",Philodromus aureolus,4G8PS,1,Catalogue of Life,
316,Lycosa frondicola,Lycosa frondicola,98543,98560,5.72,2,NO_ANNOT,,,Exact,0,"Lycosa frondicola Emerton, 1885",Lycosa frondicola,gn_13297,186,MCZbase,
317,Lycosa nidicola,Lycosa nidicola,98602,98617,5.45,2,NO_ANNOT,,,Exact,0,"Lycosa nidicola Emerton, 1885",Lycosa nidicola,gn_72042,186,MCZbase,
318,Lycosa communis,Lycosa communis,98709,98724,5.61,2,NO_ANNOT,,,Exact,0,"Lycosa communis Emerton, 1885",Lycosa communis,gn_69225,186,MCZbase,
319,Lycosa nigroventris,Lycosa nigroventris,98800,98819,6.15,2,NO_ANNOT,,,Exact,0,"Lycosa nigroventris Emerton, 1885",Lycosa nigroventris,gn_44607,186,MCZbase,
320,Lycosa pratensis,Lycosa pratensis,98848,98864,6.10,2,NO_ANNOT,,,Exact,0,"Lycosa pratensis Emerton, 1885",Lycosa pratensis,gn_76905,186,MCZbase,
321,Lycosa similis,Lycosa similis,98887,98901,9.64,2,SP_NOV,,,Exact,0,"Lycosa similis Banks, 1892",Lycosa similis,3WNKY,1,Catalogue of Life,
322,Trochosa avara,Trochosa avara,100937,100951,9.33,2,NO_ANNOT,,,Exact,0,Trochosa avara Keyserling 1877,Trochosa avara,130336,168,ION,
323,T. avara.,T. avara,101098,101107,4.39,2,NO_ANNOT,,,NoMatch,,,,,,,,
324,Lycosa humilis,Lycosa humilis,101133,101147,5.53,2,SP_NOV,,,Exact,0,"Lycosa humilis Banks, 1892",Lycosa humilis,gn_246193,186,MCZbase,
325,Lycosa avara,Lycosa avara,102087,102099,3.32,2,NO_ANNOT,,,Exact,0,Lycosa avara,Lycosa avara,gn_1560944,170,Arctos,
326,Trochosa avara,Trochosa avara,102106,102120,9.33,2,NO_ANNOT,,,Exact,0,Trochosa avara Keyserling 1877,Trochosa avara,130336,168,ION,
327,Lycosa ocreata,Lycosa ocreata,102158,102172,10.24,2,NO_ANNOT,,,Exact,0,Lycosa ocreata,Lycosa ocreata,282099,183,Sherborn Index Animalium,
328,Lycosa polita,Lycosa polita,102232,102245,4.38,2,NO_ANNOT,,,Exact,0,"Lycosa polita Emerton, 1885",Lycosa polita,gn_71730,186,MCZbase,
329,Lycosa scutulata,Lycosa scutulata,102264,102280,10.60,2,NO_ANNOT,,,Exact,0,Lycosa scutulata,Lycosa scutulata,348742,183,Sherborn Index Animalium,
330,Lycosa vulpina,Lycosa vulpina,102302,102316,9.49,2,NO_ANNOT,,,Exact,0,Lycosa vulpina,Lycosa vulpina,408339,183,Sherborn Index Animalium,
331,Lycosa crudelis,Lycosa crudelis,102361,102376,5.73,2,SP_NOV,,,Exact,0,"Lycosa crudelis Banks, 1892",Lycosa crudelis,gn_87889,186,MCZbase,
332,Lycosa immaculata,Lycosa immaculata,103960,103977,6.61,2,SP_NOV,,,Exact,0,"Lycosa immaculata Banks, 1892",Lycosa immaculata,gn_22145,186,MCZbase,
333,Lycosa exitiosa,Lycosa exitiosa,104809,104824,5.90,2,SP_NOV,,,Exact,0,"Lycosa exitiosa Banks, 1892",Lycosa exitiosa,gn_45098,186,MCZbase,
334,Lycosa oblonga,Lycosa oblonga,106054,106068,4.12,2,SP_NOV,,,Exact,0,"Lycosa oblonga Banks, 1892",Lycosa oblonga,gn_72743,186,MCZbase,
335,Pardosa lapidicina,Pardosa lapidicina,107310,107328,11.63,2,NO_ANNOT,,,Exact,0,"Pardosa lapidicina Emerton, 1885",Pardosa lapidicina,4DJTW,1,Catalogue of Life,
336,Pardosa pallida,Pardosa pallida,107363,107378,11.02,2,NO_ANNOT,,,Exact,0,"Pardosa pallida Emerton, 1885",Pardosa pallida,gn_70554,186,MCZbase,
337,Pardosa annulata,Pardosa annulata,107424,107440,12.10,2,SP_NOV,,,Exact,0,"Pardosa annulata (Thorell, 1872)",Pardosa annulata,4DJL3,1,Catalogue of Life,
338,Pardosa venusta,Pardosa venusta,108687,108702,10.59,2,SP_NOV,,,Exact,0,"Pardosa venusta Banks, 1892",Pardosa venusta,gn_83356,186,MCZbase,
339,Coelotes  epigynum,Coelotes epigynum,109796,109814,10.18,2,NO_ANNOT,,,PartialExact,0,Coelotes,Coelotes,3RY9,1,Catalogue of Life,
340,Pardosa brunnea,Pardosa brunnea,109928,109943,10.56,2,NO_ANNOT,,,Exact,0,"Pardosa brunnea Emerton, 1885",Pardosa brunnea,gn_97941,186,MCZbase,
341,Pardosa gracilis,Pardosa gracilis,109963,109979,11.50,2,SP_NOV,,,Exact,0,"Pardosa gracilis Banks, 1892",Pardosa gracilis,gn_12089,186,MCZbase,
342,Pardosa albopatella,Pardosa albopatella,110918,110937,11.90,2,NO_ANNOT,,,Exact,0,"Pardosa albopatella Emerton, 1885",Pardosa albopatella,gn_98643,186,MCZbase,
343,Pardosa nigropalpis,Pardosa nigropalpis,110971,110990,11.22,2,NO_ANNOT,,,Exact,0,"Pardosa nigropalpis Emerton, 1885",Pardosa nigropalpis,4DJWX,1,Catalogue of Life,
344,Pardosa montana,Pardosa montana,111014,111029,7.61,2,NO_ANNOT,,,Exact,0,"Pardosa montana Emerton, 1885",Pardosa montana,gn_69276,186,MCZbase,
345,Pardosa moesta,Pardosa moesta,111071,111085,10.31,2,SP_NOV,,,Exact,0,"Pardosa moesta Banks, 1892",Pardosa moesta,4DJW3,1,Catalogue of Life,
346,P. annulata,P. annulata,111856,111867,7.41,2,NO_ANNOT,,,NoMatch,,,,,,,,
347,P. pallida.,P. pallida,111871,111882,6.33,2,NO_ANNOT,,,NoMatch,,,,,,,,
348,Pardosa obsoleta,Pardosa obsoleta,111897,111913,10.61,2,SP_NOV,,,Exact,0,"Pardosa obsoleta Banks, 1892",Pardosa obsoleta,gn_81399,186,MCZbase,
349,Pirata piratica,Pirata piratica,112707,112722,11.29,2,NO_ANNOT,,,Exact,0,"Pirata piratica (Clerk, 1757)",Pirata piratica,gn_75247,186,MCZbase,
350,Pirata insularis,Pirata insularis,112741,112757,11.26,2,NO_ANNOT,,,Exact,0,"Pirata insularis Emerton, 1885",Pirata insularis,865407,3,ITIS,
351,Pirata montana,Pirata montana,112776,112790,7.27,2,NO_ANNOT,,,PartialExact,0,Pirata,Pirata,6QT5,1,Catalogue of Life,
352,Pirata montanoides,Pirata montanoides,112805,112823,10.77,2,SP_NOV,,,Exact,0,"Pirata montanoides Banks, 1892",Pirata montanoides,4J7RL,1,Catalogue of Life,
353,Pirata agilis,Pirata agilis,113703,113716,10.68,2,SP_NOV,,,Exact,0,"Pirata agilis Banks, 1892",Pirata agilis,gn_85156,186,MCZbase,
354,Pirata minuta,Pirata minuta,114657,114670,9.89,2,NO_ANNOT,,,Exact,0,"Pirata minuta Comstock, 1912",Pirata minuta,95321742,169,uBio NameBank,
355,Pirata exigua,Pirata exigua,114689,114702,9.27,2,SP_NOV,,,Exact,0,"Pirata exigua Banks, 1892",Pirata exigua,gn_45475,186,MCZbase,
356,Aulonia aurantica,Aulonia aurantica,115578,115595,11.05,2,NO_ANNOT,,,Fuzzy,1,"Aulonia aurantiaca Emerton, 1885",Aulonia aurantiaca,gn_93500,186,MCZbase,
357,Ocyale undata,Ocyale undata,115614,115627,10.60,2,NO_ANNOT,,,Exact,0,"Ocyale undata Montgomery, 1902",Ocyale undata,95324498,169,uBio NameBank,
358,Dolomedes tenebrosus,Dolomedes tenebrosus,115643,115663,12.14,2,NO_ANNOT,,,Exact,0,"Dolomedes tenebrosus Hentz, 1844",Dolomedes tenebrosus,6DCX8,1,Catalogue of Life,
359,Dolomedes urinator,Dolomedes urinator,115679,115697,10.63,2,NO_ANNOT,,,Exact,0,"Dolomedes urinator Hentz, 1845",Dolomedes urinator,6DD8Y,1,Catalogue of Life,
360,Dolomedes sexpunctatus,Dolomedes sexpunctatus,115739,115761,12.97,2,NO_ANNOT,,,Exact,0,Dolomedes sexpunctatus,Dolomedes sexpunctatus,354554,183,Sherborn Index Animalium,
361,Dolomedes scriptus,Dolomedes scriptus,115797,115815,12.48,2,NO_ANNOT,,,Exact,0,"Dolomedes scriptus Hentz, 1845",Dolomedes scriptus,378DM,1,Catalogue of Life,
362,Phidippus mystaceus,Phidippus mystaceus,115876,115895,12.82,2,NO_ANNOT,,,Exact,0,"Phidippus mystaceus (Hentz, 1846)",Phidippus mystaceus,6V8LR,1,Catalogue of Life,
363,Phidippus albomaculatus,Phidippus albomaculatus,115944,115967,13.97,2,NO_ANNOT,,,Exact,0,Phidippus albomaculatus Keyserling,Phidippus albomaculatus,gn_86410,186,MCZbase,
364,Phidippus rauterbergii,Phidippus rauterbergii,115995,116017,7.82,2,NO_ANNOT,,,Exact,0,"Phidippus rauterbergii Peckham and Peckham, 1888",Phidippus rauterbergii,gn_85058,186,MCZbase,
365,Phidippus mccookii,Phidippus mccookii,116098,116116,12.32,2,NO_ANNOT,,,Exact,0,Phidippus mccookii (Peckh. ),Phidippus mccookii,3952608,168,ION,
366,Phidippus tripunctatus,Phidippus tripunctatus,116185,116207,13.94,2,NO_ANNOT,,,Exact,0,Phidippus tripunctatus (Hentz ),Phidippus tripunctatus,3952628,168,ION,
367,Phidippus cardinalis,Phidippus cardinalis,116223,116243,13.31,2,NO_ANNOT,,,Exact,0,"Phidippus cardinalis (Hentz, 1845)",Phidippus cardinalis,4G4CS,1,Catalogue of Life,
368,Phidippus rufus,Phidippus rufus,116263,116278,9.45,2,NO_ANNOT,,,Exact,0,"Phidippus rufus (Hentz, 1846)",Phidippus rufus,4G4F4,1,Catalogue of Life,
369,Phidippus minutus,Phidippus minutus,116383,116400,13.26,2,SP_NOV,,,Exact,0,Phidippus minutus Banks,Phidippus minutus,gn_63310,186,MCZbase,
370,Philaeus militaris,Philaeus militaris,117437,117455,12.76,2,NO_ANNOT,,,Exact,0,"Philaeus militaris Peckham & Peckham, 1888",Philaeus militaris,95245631,169,uBio NameBank,
371,Dendryphantes capitatus,Dendryphantes capitatus,117473,117496,11.72,2,NO_ANNOT,,,Exact,0,"Dendryphantes capitatus Prószynski, 1976",Dendryphantes capitatus,95252107,169,uBio NameBank,
372,Dendryphantes elegans,Dendryphantes elegans,117515,117536,9.18,2,NO_ANNOT,,,Exact,0,"Dendryphantes elegans Prószynski, 1976",Dendryphantes elegans,95257660,169,uBio NameBank,
373,Dendryphantes flavus,Dendryphantes flavus,117564,117584,9.54,2,NO_ANNOT,,,Exact,0,"Dendryphantes flavus Peckham and Peckham, 1888",Dendryphantes flavus,gn_7047,186,MCZbase,
374,Dendryphantes flavipedes,Dendryphantes flavipedes,117648,117672,10.43,2,NO_ANNOT,,,Exact,0,"Dendryphantes flavipedes Peckham and Peckham, 1888",Dendryphantes flavipedes,gn_172953,186,MCZbase,
375,Dendryphantes insignis,Dendryphantes insignis,117754,117776,11.01,2,SP_NOV,,,Exact,0,"Dendryphantes insignis Banks, 1892",Dendryphantes insignis,gn_47171,186,MCZbase,
376,Dendryphantes ornatus,Dendryphantes ornatus,118746,118767,11.36,2,SP_NOV,,,Exact,0,"Dendryphantes ornatus Banks, 1892",Dendryphantes ornatus,gn_73707,186,MCZbase,
377,Dendryphantes exiguus,Dendryphantes exiguus,119859,119880,9.59,2,SP_NOV,,,Exact,0,"Dendryphantes exiguus Banks, 1892",Dendryphantes exiguus,gn_44596,186,MCZbase,
378,D. insignis.,D. insignis,120880,120892,6.69,2,NO_ANNOT,,,NoMatch,,,,,,,,
379,Attus palustris,Attus palustris,120907,120922,11.83,2,NO_ANNOT,,,Exact,0,"Attus palustris Peckham and Peckham, 1883",Attus palustris,gn_6295,186,MCZbase,
380,Icius formosus,Icius formosus,120971,120985,11.06,2,SP_NOV,,,Exact,0,"Icius formosus Banks, 1892",Icius formosus,gn_26918,186,MCZbase,
381,Icius albovittatus,Icius albovittatus,122045,122063,12.17,2,NO_ANNOT,,,Exact,0,Icius albovittatus Keyserling,Icius albovittatus,gn_42713,186,MCZbase,
382,Wala albovittata,Wala albovittata,122089,122105,12.13,2,NO_ANNOT,,,Exact,0,"Wala albovittata Keyserling, 1884",Wala albovittata,gn_42712,186,MCZbase,
383,Icius palmarum,Icius palmarum,122112,122126,11.18,2,NO_ANNOT,,,Exact,0,"Icius palmarum Peckham & Peckham, 1888",Icius palmarum,95248165,169,uBio NameBank,
384,Icius mitratus,Icius mitratus,122159,122173,11.68,2,NO_ANNOT,,,Exact,0,"Icius mitratus Emerton, 1891",Icius mitratus,95248148,169,uBio NameBank,
385,Icius hartii,Icius hartii,122261,122273,10.30,2,NO_ANNOT,,,Exact,0,"Icius hartii Emerton, 1891",Icius hartii,gn_35767,186,MCZbase,
386,Icius moestus,Icius moestus,122301,122314,11.49,2,SP_NOV,,,Exact,0,"Icius moestus Banks, 1892",Icius moestus,gn_72766,186,MCZbase,
387,Icius elegans,Icius elegans,123472,123485,9.31,2,NO_ANNOT,,,Exact,0,"Icius elegans Emerton, 1902",Icius elegans,95257653,169,uBio NameBank,
388,Eris octavus,Eris octavus,123554,123566,3.91,2,NO_ANNOT,,,Exact,0,Eris octavus (Hentz ),Eris octavus,3952522,168,ION,
389,Eris nervosus,Eris nervosus,123588,123601,5.02,2,NO_ANNOT,,,Exact,0,"Eris nervosus Peckham and Peckham, 1888",Eris nervosus,gn_66161,186,MCZbase,
390,Hasarius hoyi,Hasarius hoyi,123622,123635,8.72,2,NO_ANNOT,,,Exact,0,"Hasarius hoyi Emerton, 1891",Hasarius hoyi,95246333,169,uBio NameBank,
391,Habrocestum latens,Habrocestum latens,123662,123680,10.97,2,SP_NOV,,,Exact,0,"Habrocestum latens Peckham and Peckham, 1896",Habrocestum latens,gn_246002,186,MCZbase,
392,Habrocestum coecatum,Habrocestum coecatum,124544,124564,7.38,2,NO_ANNOT,,,Exact,0,"Habrocestum coecatum Peckham & Peckham, 1888",Habrocestum coecatum,95246963,169,uBio NameBank,
393,Habrocestum peregrinum,Habrocestum peregrinum,124673,124695,12.43,2,NO_ANNOT,,,Exact,0,"Habrocestum peregrinum Emerton, 1891",Habrocestum peregrinum,95247173,169,uBio NameBank,
394,Habrocestum splendens,Habrocestum splendens,124733,124754,11.61,2,NO_ANNOT,,,Exact,0,"Habrocestum splendens Emerton, 1902",Habrocestum splendens,95246999,169,uBio NameBank,
395,Saitis pulex,Saitis pulex,124814,124826,10.25,2,NO_ANNOT,,,Exact,0,Saitis pulex (Hentz ),Saitis pulex,3952661,168,ION,
396,Astia vittata,Astia vittata,124842,124855,11.98,2,NO_ANNOT,,,Exact,0,"Astia vittata Peckham & Peckham, 1888",Astia vittata,95249349,169,uBio NameBank,
397,Astia vittata var.␤niger,Astia vittata var. niger,124873,124897,13.94,3,NO_ANNOT,,,PartialExact,0,Astia niger (Hentz ),Astia niger,3952485,168,ION,
398,Epiblemum scenicum,Epiblemum scenicum,124918,124936,12.25,2,NO_ANNOT,,,Exact,0,"Epiblemum scenicum Peckham & Peckham, 1888",Epiblemum scenicum,95255302,169,uBio NameBank,
399,Admestina wheelerii,Admestina wheelerii,124953,124972,10.42,2,NO_ANNOT,,,Exact,0,Admestina wheelerii Peckham & Peckham 1888,Admestina wheelerii,3952482,168,ION,
400,Marptusa familiaris,Marptusa familiaris,126073,126092,12.07,2,NO_ANNOT,,,Exact,0,"Marptusa familiaris Peckham & Peckham, 1888",Marptusa familiaris,95253839,169,uBio NameBank,
401,Marptusa rupicola,Marptusa rupicola,126108,126125,11.57,2,NO_ANNOT,,,Exact,0,"Marptusa rupicola Banks, 1892",Marptusa rupicola,95253841,169,uBio NameBank,
402,Homalattus cyaneus,Homalattus cyaneus,127516,127534,12.18,2,NO_ANNOT,,,Exact,0,Homalattus cyaneus (Hentz ),Homalattus cyaneus,3952542,168,ION,
403,Neon nellii,Neon nellii,127557,127568,3.22,2,NO_ANNOT,,,Exact,0,Neon nellii Peckham & Peckham,Neon nellii,gn_67817,186,MCZbase,
404,Zygoballus bettini,Zygoballus bettini,127655,127673,12.18,2,NO_ANNOT,,,Exact,0,"Zygoballus bettini Peckham & Peckham, 1888",Zygoballus bettini,7GHDF,1,Catalogue of Life,
405,Synemosyna formica,Synemosyna formica,127699,127717,8.50,2,NO_ANNOT,,,Exact,0,"Synemosyna formica Hentz, 1846",Synemosyna formica,53W8L,1,Catalogue of Life,
406,Synageles pioata,Synageles pioata,127770,127786,5.56,2,NO_ANNOT,,,Fuzzy,1,Synageles picata Hentz,Synageles picata,3908552,168,ION,
407,Lycosa exitiosa,Lycosa exitiosa,127848,127863,5.90,2,NO_ANNOT,,,Exact,0,"Lycosa exitiosa Banks, 1892",Lycosa exitiosa,gn_45098,186,MCZbase,
408,Pardosa annulata,Pardosa annulata,127875,127891,12.10,2,NO_ANNOT,,,Exact,0,"Pardosa annulata (Thorell, 1872)",Pardosa annulata,4DJL3,1,Catalogue of Life,
409,Pardosa venusta,Pardosa venusta,127901,127916,10.59,2,NO_ANNOT,,,Exact,0,"Pardosa venusta Banks, 1892",Pardosa venusta,gn_83356,186,MCZbase,
410,Pardosa gracilis,Pardosa gracilis,127925,127941,11.50,2,NO_ANNOT,,,Exact,0,"Pardosa gracilis Banks, 1892",Pardosa gracilis,gn_12089,186,MCZbase,
411,Pirata montanoides,Pirata montanoides,127951,127969,10.77,2,NO_ANNOT,,,Exact,0,"Pirata montanoides Banks, 1892",Pirata montanoides,4J7RL,1,Catalogue of Life,
412,Pirata agilis,Pirata agilis,127979,127992,10.68,2,NO_ANNOT,,,Exact,0,"Pirata agilis Banks, 1892",Pirata agilis,gn_85156,186,MCZbase,
413,Pirata exigua,Pirata exigua,128002,128015,9.27,2,NO_ANNOT,,,Exact,0,"Pirata exigua Banks, 1892",Pirata exigua,gn_45475,186,MCZbase,
414,Pardosa gracilis,Pardosa gracilis,128024,128040,11.50,2,NO_ANNOT,,,Exact,0,"Pardosa gracilis Banks, 1892",Pardosa gracilis,gn_12089,186,MCZbase,
415,Micaria formicoides,Micaria formicoides,128050,128069,11.18,2,NO_ANNOT,,,Exact,0,"Micaria formicoides Banks, 1892",Micaria formicoides,gn_40047,186,MCZbase,
416,Thargalia agilis,Thargalia agilis,128079,128095,11.22,2,NO_ANNOT,,,Exact,0,"Thargalia agilis Banks, 1892",Thargalia agilis,gn_85154,186,MCZbase,
417,Thargalia perplexa,Thargalia perplexa,128104,128122,10.20,2,NO_ANNOT,,,Exact,0,"Thargalia perplexa Banks, 1892",Thargalia perplexa,gn_4966,186,MCZbase,
418,Thargalia,Thargalia,128132,128141,4.56,1,NO_ANNOT,,,Exact,0,"Thargalia Karsch, 1880",Thargalia,urn:lsid:irmng.org:taxname:1389591,181,IRMNG,
419,Prosthesima rufula,Prosthesima rufula,128157,128175,10.93,2,NO_ANNOT,,,Exact,0,"Prosthesima rufula Banks, 1892",Prosthesima rufula,185643,3,ITIS,
420,Prosthesima frigida,Prosthesima frigida,128185,128204,11.24,2,NO_ANNOT,,,Exact,0,"Prosthesima frigida Banks, 1892",Prosthesima frigida,gn_13458,186,MCZbase,
421,Prosthesima,Prosthesima,128213,128224,4.57,1,NO_ANNOT,,,Exact,0,"Prosthesima Koch, 1872",Prosthesima,urn:lsid:irmng.org:taxname:1335728,181,IRMNG,
422,Prosthesima immaculata,Prosthesima immaculata,128240,128262,12.59,2,NO_ANNOT,,,Exact,0,"Prosthesima immaculata Banks, 1892",Prosthesima immaculata,185644,3,ITIS,
423,Gtiaphosa humilis,Gtiaphosa humilis,128272,128289,5.41,2,NO_ANNOT,,,NoMatch,,,,,,,,
424,Drassus humilis,Drassus humilis,128299,128314,10.84,2,NO_ANNOT,,,Exact,0,"Drassus humilis Banks, 1892",Drassus humilis,185670,3,ITIS,
425,Chtbiona obesa,Chtbiona obesa,128323,128337,1.49,2,NO_ANNOT,,,NoMatch,,,,,,,,
426,Cluhiona tibialis,Cluhiona tibialis,128347,128364,4.68,2,NO_ANNOT,,,Fuzzy,1,"Clubiona tibialis Emerton, 1890",Clubiona tibialis,WCJV,1,Catalogue of Life,
427,Clubiona crassipalpis,Clubiona crassipalpis,128373,128394,10.61,2,NO_ANNOT,,,Exact,0,"Clubiona crassipalpis Keyserling, 1887",Clubiona crassipalpis,gn_69414,186,MCZbase,
428,Clubiona pygmea,Clubiona pygmea,128404,128419,8.80,2,NO_ANNOT,,,Fuzzy,1,"Clubiona pygmaea Banks, 1892",Clubiona pygmaea,WCFZ,1,Catalogue of Life,
429,Cluhiona abbotti,Cluhiona abbotti,128429,128445,2.90,2,NO_ANNOT,,,Fuzzy,1,Clubiona abbotti L. Koch,Clubiona abbotti,gn_101192,186,MCZbase,
430,Clubiona lenta,Clubiona lenta,128454,128468,9.06,2,NO_ANNOT,,,Exact,0,"Clubiona lenta Banks, 1892",Clubiona lenta,gn_48682,186,MCZbase,
431,Phrurolithus viinutus,Phrurolithus viinutus,128478,128499,12.91,2,NO_ANNOT,,,PartialExact,0,Phrurolithus,Phrurolithus,63MJC,1,Catalogue of Life,
432,Phrurolithus palustris,Phrurolithus palustris,128532,128554,12.58,2,NO_ANNOT,,,Exact,0,"Phrurolithus palustris Banks, 1892",Phrurolithus palustris,gn_7944,186,MCZbase,
433,Cyhceus giganteus,Cyhceus giganteus,128564,128581,5.89,2,NO_ANNOT,,,NoMatch,,,,,,,,
434,Ccelotes fidelis,Ccelotes fidelis,128590,128606,3.84,2,NO_ANNOT,,,Fuzzy,1,"Coelotes fidelis Banks, 1892",Coelotes fidelis,gn_25009,186,MCZbase,
435,Ccelotes altilis,Ccelotes altilis,128616,128632,3.84,2,NO_ANNOT,,,Fuzzy,1,"Coelotes altilis Banks, 1892",Coelotes altilis,gn_41930,186,MCZbase,
436,Cicnrina creber,Cicnrina creber,128642,128657,1.10,2,NO_ANNOT,,,Fuzzy,1,"Cicurina creber Banks, 1892",Cicurina creber,gn_165699,186,MCZbase,
437,Gicurina placida,Gicurina placida,128667,128683,4.32,2,NO_ANNOT,,,Fuzzy,1,"Cicurina placida Banks, 1892",Cicurina placida,VB2Q,1,Catalogue of Life,
438,Dictyna foxii,Dictyna foxii,128692,128705,9.07,2,NO_ANNOT,,,Exact,0,Dictyna foxii Marx,Dictyna foxii,3907737,168,ION,
439,Dictyna maxima,Dictyna maxima,128715,128729,6.92,2,NO_ANNOT,,,Exact,0,"Dictyna maxima Banks, 1892",Dictyna maxima,gn_45223,186,MCZbase,
440,Dictyna decorata,Dictyna decorata,128738,128754,12.09,2,NO_ANNOT,,,Exact,0,"Dictyna decorata Banks, 1892",Dictyna decorata,gn_79073,186,MCZbase,
441,Dictyna dubia.,Dictyna dubia,128763,128777,5.97,2,NO_ANNOT,,,Exact,0,"Dictyna dubia Banks, 1892",Dictyna dubia,gn_86558,186,MCZbase,
442,Tmeticus obscurus,Tmeticus obscurus,128796,128813,12.80,2,NO_ANNOT,,,Exact,0,"Tmeticus obscurus Banks, 1892",Tmeticus obscurus,gn_78629,186,MCZbase,
443,Tmeticus rusticus,Tmeticus rusticus,128823,128840,13.00,2,NO_ANNOT,,,Exact,0,"Tmeticus rusticus Banks, 1892",Tmeticus rusticus,gn_84346,186,MCZbase,
444,Tmeticus mimitus,Tmeticus mimitus,128849,128865,8.33,2,NO_ANNOT,,,PartialExact,0,Tmeticus,Tmeticus,7XCY,1,Catalogue of Life,
445,Microneta minutissima,Microneta minutissima,128875,128896,12.32,2,NO_ANNOT,,,Exact,0,"Microneta minutissima Banks, 1892",Microneta minutissima,gn_81269,186,MCZbase,
446,Linyphia variabilis,Linyphia variabilis,128906,128925,11.66,2,NO_ANNOT,,,Exact,0,"Linyphia variabilis Banks, 1892",Linyphia variabilis,gn_81947,186,MCZbase,
447,Diplostyla pallida,Diplostyla pallida,128934,128952,11.85,2,NO_ANNOT,,,Exact,0,"Diplostyla pallida Banks, 1892",Diplostyla pallida,gn_70552,186,MCZbase,
448,Dendryphantes,Dendryphantes,129014,129027,4.00,1,NO_ANNOT,,,Exact,0,Dendryphantes,Dendryphantes,436C,1,Catalogue of Life,
449,Admestina wheeleri,Admestina wheeleri,129048,129066,11.33,2,NO_ANNOT,,,Exact,0,"Admestina wheeleri Peckham & Peckham, 1888",Admestina wheeleri,64SVH,1,Catalogue of Life,
450,Linyphia conferta,Linyphia conferta,129103,129120,10.34,2,NO_ANNOT,,,Exact,0,Linyphia conferta,Linyphia conferta,124114,183,Sherborn Index Animalium,
451,Philodromus viinusculus,Philodromus viinusculus,129130,129153,8.14,2,NO_ANNOT,,,PartialExact,0,Philodromus,Philodromus,6NGM,1,Catalogue of Life,
452,Philodromus exilis,Philodromus exilis,129163,129181,12.27,2,NO_ANNOT,,,Exact,0,"Philodromus exilis Banks, 1892",Philodromus exilis,4G8RV,1,Catalogue of Life,
453,Bathyphaites decorata,Bathyphaites decorata,129191,129212,5.34,2,NO_ANNOT,,,Fuzzy,1,"Bathyphantes decorata Banks, 1892",Bathyphantes decorata,gn_79074,186,MCZbase,
454,Bathyphantes tristis,Bathyphantes tristis,129221,129241,10.30,2,NO_ANNOT,,,Exact,0,"Bathyphantes tristis Banks, 1892",Bathyphantes tristis,gn_85461,186,MCZbase,
455,Microneta palustris,Microneta palustris,129251,129270,12.42,2,NO_ANNOT,,,Exact,0,"Microneta palustris Banks, 1892",Microneta palustris,gn_10457,186,MCZbase,
456,Microneta luteola,Microneta luteola,129280,129297,11.85,2,NO_ANNOT,,,Exact,0,"Microneta luteola Banks, 1892",Microneta luteola,gn_71726,186,MCZbase,
457,Microneta complicata,Microneta complicata,129307,129327,13.20,2,NO_ANNOT,,,Exact,0,"Microneta complicata Banks, 1892",Microneta complicata,gn_94718,186,MCZbase,
458,Microneta gigantea,Microneta gigantea,129337,129355,11.25,2,NO_ANNOT,,,Exact,0,"Microneta gigantea Banks, 1892",Microneta gigantea,gn_47484,186,MCZbase,
459,Microneta distincta,Microneta distincta,129365,129384,12.01,2,NO_ANNOT,,,Exact,0,"Microneta distincta Banks, 1892",Microneta distincta,gn_61260,186,MCZbase,
460,Ceratinella,Ceratinella,129393,129404,6.49,1,NO_ANNOT,,,Exact,0,Ceratinella,Ceratinella,62K8Z,1,Catalogue of Life,
461,Ceratinella formosa,Ceratinella formosa,129422,129441,10.11,2,NO_ANNOT,,,Exact,0,"Ceratinella formosa Banks, 1892",Ceratinella formosa,gn_38472,186,MCZbase,
462,Ceratinella anmdipes,Ceratinella anmdipes,129451,129471,12.62,2,NO_ANNOT,,,PartialExact,0,Ceratinella,Ceratinella,62K8Z,1,Catalogue of Life,
463,Ceratinella pygmea,Ceratinella pygmea,129482,129500,11.44,2,NO_ANNOT,,,Exact,0,Ceratinella pygmea Em.,Ceratinella pygmea,3907701,168,ION,
464,Ceratinella maesta,Ceratinella maesta,129509,129527,12.44,2,NO_ANNOT,,,Fuzzy,1,"Ceratinella moesta Banks, 1892",Ceratinella moesta,gn_75612,186,MCZbase,
465,Ceratinella,Ceratinella,129537,129548,6.49,1,NO_ANNOT,,,Exact,0,Ceratinella,Ceratinella,62K8Z,1,Catalogue of Life,
466,Bathyphantes unimaculata,Bathyphantes unimaculata,129565,129589,12.23,2,NO_ANNOT,,,Exact,0,"Bathyphantes unimaculata Banks, 1892",Bathyphantes unimaculata,95291857,169,uBio NameBank,
467,Xysticus lentus.,Xysticus lentus,129599,129615,13.08,2,NO_ANNOT,,,Exact,0,"Xysticus lentus Banks, 1892",Xysticus lentus,gn_48684,186,MCZbase,
468,Xysticus stomachosus,Xysticus stomachosus,129634,129654,13.52,2,NO_ANNOT,,,Exact,0,"Xysticus stomachosus Emerton, 1892",Xysticus stomachosus,95241451,169,uBio NameBank,
469,Xysticus ferocnlus,Xysticus ferocnlus,129663,129681,8.10,2,NO_ANNOT,,,Fuzzy,1,"Xysticus feroculus Keyserling, 1881",Xysticus feroculus,gn_39779,186,MCZbase,
470,Xysticus,Xysticus,129690,129698,6.00,1,NO_ANNOT,,,Exact,0,Xysticus,Xysticus,89NC,1,Catalogue of Life,
471,Xysticus cnuhlis,Xysticus cnuhlis,129716,129732,7.91,2,NO_ANNOT,,,PartialExact,0,Xysticus,Xysticus,89NC,1,Catalogue of Life,
472,Xysticus tiansversus,Xysticus tiansversus,129740,129760,8.49,2,NO_ANNOT,,,Fuzzy,1,"Xysticus transversus Banks, 1892",Xysticus transversus,gn_80851,186,MCZbase,
473,Xysticus gulosus,Xysticus gulosus,129769,129785,12.74,2,NO_ANNOT,,,Exact,0,"Xysticus gulosus Keyserling, 1880",Xysticus gulosus,5CQ8S,1,Catalogue of Life,
474,Xysticus nervosus,Xysticus nervosus,129794,129811,12.94,2,NO_ANNOT,,,Exact,0,"Xysticus nervosus Banks, 1892",Xysticus nervosus,gn_66162,186,MCZbase,
475,Xysticus foymosus,Xysticus foymosus,129820,129837,7.91,2,NO_ANNOT,,,Fuzzy,1,"Xysticus formosus Banks, 1892",Xysticus formosus,gn_44474,186,MCZbase,
476,Xysticus quadrilineatus,Xysticus quadrilineatus,129847,129870,14.13,2,NO_ANNOT,,,Exact,0,"Xysticus quadrilineatus Emerton, 1902",Xysticus quadrilineatus,95241862,169,uBio NameBank,
477,Oxyptila georgiana,Oxyptila georgiana,129880,129898,11.08,2,NO_ANNOT,,,Exact,0,Oxyptila georgiana,Oxyptila georgiana,4063085,168,ION,
478,Oxyptila conspurcata,Oxyptila conspurcata,129908,129928,12.31,2,NO_ANNOT,,,Exact,0,Oxyptila conspurcata Thorell 1877,Oxyptila conspurcata,4115334,168,ION,
479,Coriarachne versicolor,Coriarachne versicolor,129938,129960,7.97,2,NO_ANNOT,,,Exact,0,"Coriarachne versicolor Keyserling, 1880",Coriarachne versicolor,gn_71543,186,MCZbase,
480,Misumena rosea,Misumena rosea,129970,129984,10.33,2,NO_ANNOT,,,Exact,0,"Misumena rosea Hu & Wu, 1989",Misumena rosea,43P3P,1,Catalogue of Life,
481,Misumena,Misumena,129994,130002,5.30,1,NO_ANNOT,,,Exact,0,Misumena,Misumena,63C4P,1,Catalogue of Life,
482,Jiuncinia aleatorius,Jiuncinia aleatorius,130020,130040,4.84,2,NO_ANNOT,,,NoMatch,,,,,,,,
483,Philodromus prcelustris,Philodromus prcelustris,130050,130073,8.25,2,NO_ANNOT,,,Fuzzy,1,"Philodromus praelustris Keyserling, 1880",Philodromus praelustris,4G8V2,1,Catalogue of Life,
484,Philodromus signifer,Philodromus signifer,130083,130103,11.07,2,NO_ANNOT,,,Exact,0,"Philodromus signifer Banks, 1892",Philodromus signifer,4G8VS,1,Catalogue of Life,
485,Philodromus gracilis,Philodromus gracilis,130113,130133,12.75,2,NO_ANNOT,,,Exact,0,"Philodromus gracilis Banks, 1892",Philodromus gracilis,4G8S8,1,Catalogue of Life,
486,Philodromus unicolor,Philodromus unicolor,130143,130163,12.23,2,NO_ANNOT,,,Exact,0,"Philodromus unicolor Banks, 1892",Philodromus unicolor,gn_88521,186,MCZbase,
487,Philodromus vulgaris,Philodromus vulgaris,130173,130193,12.69,2,NO_ANNOT,,,Exact,0,"Philodromus vulgaris (Hentz, 1847)",Philodromus vulgaris,4G8WJ,1,Catalogue of Life,
488,Philodromus oruatus,Philodromus oruatus,130202,130221,7.95,2,NO_ANNOT,,,Fuzzy,1,Philodromus ornatus,Philodromus ornatus,286713,183,Sherborn Index Animalium,
489,Philodromus placidus,Philodromus placidus,130230,130250,12.21,2,NO_ANNOT,,,Exact,0,"Philodromus placidus Banks, 1892",Philodromus placidus,76XRM,1,Catalogue of Life,
490,Philodromus,Philodromus,130260,130271,5.62,1,NO_ANNOT,,,Exact,0,Philodromus,Philodromus,6NGM,1,Catalogue of Life,
491,Lycosa rufiventris,Lycosa rufiventris,130288,130306,6.25,2,NO_ANNOT,,,Exact,0,"Lycosa rufiventris Banks, 1892",Lycosa rufiventris,gn_81774,186,MCZbase,
492,Lycosa humilis,Lycosa humilis,130316,130330,5.53,2,NO_ANNOT,,,Exact,0,"Lycosa humilis Banks, 1892",Lycosa humilis,gn_246193,186,MCZbase,
493,Lycosa crudelis,Lycosa crudelis,130339,130354,5.73,2,NO_ANNOT,,,Exact,0,"Lycosa crudelis Banks, 1892",Lycosa crudelis,gn_87889,186,MCZbase,
494,Lycosa oblonga,Lycosa oblonga,130364,130378,4.12,2,NO_ANNOT,,,Exact,0,"Lycosa oblonga Banks, 1892",Lycosa oblonga,gn_72743,186,MCZbase,
495,Pardosa,Pardosa,130388,130395,4.36,1,NO_ANNOT,,,Exact,0,Pardosa,Pardosa,6HK8,1,Catalogue of Life,
496,Pardosa obsoleta,Pardosa obsoleta,130412,130428,10.61,2,NO_ANNOT,,,Exact,0,"Pardosa obsoleta Banks, 1892",Pardosa obsoleta,gn_81399,186,MCZbase,
497,Neophanes pallidus,Neophanes pallidus,130438,130456,9.99,2,NO_ANNOT,,,Exact,0,"Neophanes pallidus Marx, 1891",Neophanes pallidus,95332224,169,uBio NameBank,
498,Neophanes pallidus,Neophanes pallidus,130466,130484,9.99,2,NO_ANNOT,,,Exact,0,"Neophanes pallidus Marx, 1891",Neophanes pallidus,95332224,169,uBio NameBank,
499,Xysticus distinctus.,Xysticus distinctus,130502,130522,13.83,2,NO_ANNOT,,,Exact,0,"Xysticus distinctus Banks, 1892",Xysticus distinctus,gn_79196,186,MCZbase,
500,Lophocarenum tristis,Lophocarenum tristis,130540,130560,11.88,2,NO_ANNOT,,,Exact,0,"Lophocarenum tristis Banks, 1892",Lophocarenum tristis,gn_85462,186,MCZbase,
501,Lophocarenum unimaculatum,Lophocarenum unimaculatum,130569,130594,13.20,2,NO_ANNOT,,,Exact,0,"Lophocarenum unimaculatum Banks, 1892",Lophocarenum unimaculatum,gn_87508,186,MCZbase,
502,Lophocarenum castaneum,Lophocarenum castaneum,130602,130624,11.56,2,NO_ANNOT,,,Exact,0,"Lophocarenum castaneum Emerton, 1882",Lophocarenum castaneum,gn_92469,186,MCZbase,
503,Lophocarenum miniatum,Lophocarenum miniatum,130633,130654,12.72,2,NO_ANNOT,,,Exact,0,"Lophocarenum miniatum Banks, 1892",Lophocarenum miniatum,gn_75119,186,MCZbase,
504,Lophocarenum venustum,Lophocarenum venustum,130663,130684,12.72,2,NO_ANNOT,,,Exact,0,"Lophocarenum venustum Banks, 1892",Lophocarenum venustum,gn_82680,186,MCZbase,
505,Lophocarenum parvum,Lophocarenum parvum,130692,130711,11.10,2,NO_ANNOT,,,Exact,0,"Lophocarenum parvum Banks, 1892",Lophocarenum parvum,gn_74601,186,MCZbase,
506,Lophocarenum erigonoides,Lophocarenum erigonoides,130720,130744,12.23,2,NO_ANNOT,,,Exact,0,"Lophocarenum erigonoides Emerton, 1882",Lophocarenum erigonoides,gn_69738,186,MCZbase,
507,Lophocarenum,Lophocarenum,130753,130765,5.48,1,NO_ANNOT,,,Exact,0,"Lophocarenum Menge, 1868",Lophocarenum,urn:lsid:irmng.org:taxname:1127621,181,IRMNG,
508,Lophocarenum formosum,Lophocarenum formosum,130788,130809,12.27,2,NO_ANNOT,,,Exact,0,"Lophocarenum formosum Banks, 1892",Lophocarenum formosum,gn_26916,186,MCZbase,
509,Lophocarenum arvensis,Lophocarenum arvensis,130819,130840,12.83,2,NO_ANNOT,,,Exact,0,"Lophocarenum arvensis Banks, 1892",Lophocarenum arvensis,gn_50591,186,MCZbase,
510,Lophocarenum longior,Lophocarenum longior,130850,130870,11.19,2,NO_ANNOT,,,Exact,0,"Lophocarenum longior Banks, 1892",Lophocarenum longior,gn_81666,186,MCZbase,
511,Tmeticus unicorn,Tmeticus unicorn,130880,130896,6.95,2,NO_ANNOT,,,Exact,0,"Tmeticus unicorn Banks, 1892",Tmeticus unicorn,gn_87447,186,MCZbase,
512,Tmeticus flaveolus,Tmeticus flaveolus,130905,130923,13.13,2,NO_ANNOT,,,Exact,0,"Tmeticus flaveolus Banks, 1892",Tmeticus flaveolus,gn_180754,186,MCZbase,
513,Tmeticus luxuosus,Tmeticus luxuosus,130933,130950,12.94,2,NO_ANNOT,,,Exact,0,"Tmeticus luxuosus Banks, 1892",Tmeticus luxuosus,gn_71729,186,MCZbase,
514,Tmeticus humilis,Tmeticus humilis,130960,130976,12.94,2,NO_ANNOT,,,Exact,0,"Tmeticus humilis Banks, 1892",Tmeticus humilis,gn_6826,186,MCZbase,
515,Tmeticus mcestus,Tmeticus mcestus,130985,131001,8.33,2,NO_ANNOT,,,Fuzzy,1,"Tmeticus moestus Banks, 1892",Tmeticus moestus,gn_75613,186,MCZbase,
516,Tmeticus dehilis,Tmeticus dehilis,131011,131027,7.91,2,NO_ANNOT,,,Fuzzy,1,"Tmeticus debilis Banks, 1892",Tmeticus debilis,gn_88010,186,MCZbase,
517,Tmeticus palustris,Tmeticus palustris,131036,131054,13.23,2,NO_ANNOT,,,Exact,0,"Tmeticus palustris Banks, 1892",Tmeticus palustris,gn_6293,186,MCZbase,
518,Tmeticus distinctus,Tmeticus distinctus,131064,131083,13.83,2,NO_ANNOT,,,Exact,0,"Tmeticus distinctus Banks, 1892",Tmeticus distinctus,gn_78852,186,MCZbase,
519,Tmeticus maculatus,Tmeticus maculatus,131093,131111,13.72,2,NO_ANNOT,,,Exact,0,"Tmeticus maculatus Banks, 1892",Tmeticus maculatus,gn_71454,186,MCZbase,
520,Bathyphantes complicata,Bathyphantes complicata,131121,131144,11.92,2,NO_ANNOT,,,Exact,0,"Bathyphantes complicata Emerton, 1882",Bathyphantes complicata,gn_71325,186,MCZbase,
521,Dendryphantes ornatus,Dendryphantes ornatus,131154,131175,11.36,2,NO_ANNOT,,,Exact,0,"Dendryphantes ornatus Banks, 1892",Dendryphantes ornatus,gn_73707,186,MCZbase,
522,Marptusa rupicola,Marptusa rupicola,131185,131202,11.57,2,NO_ANNOT,,,Exact,0,"Marptusa rupicola Banks, 1892",Marptusa rupicola,95253841,169,uBio NameBank,
523,Prosthesima minima,Prosthesima minima,131238,131256,7.15,2,NO_ANNOT,,,Exact,0,"Prosthesima minima Banks, 1892",Prosthesima minima,gn_89205,186,MCZbase,
524,Coelotes longitarsus,Coelotes longitarsus,131265,131285,10.73,2,NO_ANNOT,,,Exact,0,"Coelotes longitarsus Emerton, 1890",Coelotes longitarsus,gn_49042,186,MCZbase,
525,Coelotes altilis,Coelotes altilis,131295,131311,10.15,2,NO_ANNOT,,,Exact,0,"Coelotes altilis Banks, 1892",Coelotes altilis,gn_41930,186,MCZbase,
526,Dictyna maxima,Dictyna maxima,131321,131335,6.92,2,NO_ANNOT,,,Exact,0,"Dictyna maxima Banks, 1892",Dictyna maxima,gn_45223,186,MCZbase,
527,Dictyna decorata,Dictyna decorata,131344,131360,12.09,2,NO_ANNOT,,,Exact,0,"Dictyna decorata Banks, 1892",Dictyna decorata,gn_79073,186,MCZbase,
528,Phidippus,Phidippus,131369,131378,5.90,1,NO_ANNOT,,,Exact,0,Phidippus,Phidippus,63N5N,1,Catalogue of Life,
529,Xysticus nervosus.,Xysticus nervosus,131397,131415,12.94,2,NO_ANNOT,,,Exact,0,"Xysticus nervosus Banks, 1892",Xysticus nervosus,gn_66162,186,MCZbase,
530,Lophocarenum exiguum,Lophocarenum exiguum,131432,131452,10.84,2,NO_ANNOT,,,Exact,0,"Lophocarenum exiguum Banks, 1892",Lophocarenum exiguum,gn_44594,186,MCZbase,
531,Lophocarenum formosum,Lophocarenum formosum,131462,131483,12.27,2,NO_ANNOT,,,Exact,0,"Lophocarenum formosum Banks, 1892",Lophocarenum formosum,gn_26916,186,MCZbase,
532,Phidippus minatus,Phidippus minatus,131493,131510,13.26,2,NO_ANNOT,,,Fuzzy,1,"Phidippus miniatus (Peckham & Peckham, 1883)",Phidippus miniatus,76WLQ,1,Catalogue of Life,
533,Dendryphantes insignis,Dendryphantes insignis,131520,131542,11.01,2,NO_ANNOT,,,Exact,0,"Dendryphantes insignis Banks, 1892",Dendryphantes insignis,gn_47171,186,MCZbase,
534,Dendryphantes ornatus,Dendryphantes ornatus,131552,131573,11.36,2,NO_ANNOT,,,Exact,0,"Dendryphantes ornatus Banks, 1892",Dendryphantes ornatus,gn_73707,186,MCZbase,
535,Dendryphantes exiguus,Dendryphantes exiguus,131582,131603,9.59,2,NO_ANNOT,,,Exact,0,"Dendryphantes exiguus Banks, 1892",Dendryphantes exiguus,gn_44596,186,MCZbase,
536,Jems formosus,Jems formosus,131613,131626,3.11,2,NO_ANNOT,,,NoMatch,,,,,,,,
537,Diplostyla alboventris,Diplostyla alboventris,131639,131661,12.85,2,NO_ANNOT,,,Exact,0,"Diplostyla alboventris Banks, 1892",Diplostyla alboventris,gn_99508,186,MCZbase,
538,Hahrocestum latens,Hahrocestum latens,131726,131744,4.66,2,NO_ANNOT,,,Fuzzy,1,"Habrocestum latens Peckham and Peckham, 1896",Habrocestum latens,gn_246002,186,MCZbase,
539,Cornicularia formosa,Cornicularia formosa,131754,131774,8.99,2,NO_ANNOT,,,Exact,0,"Cornicularia formosa Banks, 1892",Cornicularia formosa,gn_86609,186,MCZbase,
540,Cornicularia,Cornicularia,131784,131796,5.37,1,NO_ANNOT,,,Exact,0,Cornicularia,Cornicularia,62N2M,1,Catalogue of Life,
541,Lycosa immaculata,Lycosa immaculata,131815,131832,6.61,2,NO_ANNOT,,,Exact,0,"Lycosa immaculata Banks, 1892",Lycosa immaculata,gn_22145,186,MCZbase,
542,Bathyphantes pallida,Bathyphantes pallida,131842,131862,10.57,2,NO_ANNOT,,,Exact,0,"Bathyphantes pallida Banks, 1892",Bathyphantes pallida,gn_71116,186,MCZbase,
543,Theridium,Theridium,131870,131879,5.28,1,NO_ANNOT,,,Exact,0,"Theridium Leach, 1816",Theridium,urn:lsid:irmng.org:taxname:1355982,181,IRMNG,
544,Tmeticus gnavus,Tmeticus gnavus,131903,131918,11.54,2,NO_ANNOT,,,Exact,0,"Tmeticus gnavus Banks, 1892",Tmeticus gnavus,gn_180088,186,MCZbase,
545,Microneta latens,Microneta latens,131928,131944,10.98,2,NO_ANNOT,,,Exact,0,"Microneta latens Banks, 1892",Microneta latens,gn_42870,186,MCZbase,
546,Microneta flaveola,Microneta flaveola,131953,131971,12.04,2,NO_ANNOT,,,Exact,0,"Microneta flaveola Banks, 1892",Microneta flaveola,4323K,1,Catalogue of Life,
547,Microneta frontata,Microneta frontata,131981,131999,12.93,2,NO_ANNOT,,,Exact,0,"Microneta frontata Banks, 1892",Microneta frontata,gn_81745,186,MCZbase,
548,Ceratinella,Ceratinella,132009,132020,6.49,1,NO_ANNOT,,,Exact,0,Ceratinella,Ceratinella,62K8Z,1,Catalogue of Life,
549,Ceratinella bulbosa,Ceratinella bulbosa,132036,132055,13.60,2,NO_ANNOT,,,Exact,0,"Ceratinella bulbosa Emerton, 1882",Ceratinella bulbosa,gn_9205,186,MCZbase,
550,Ceratinella similis,Ceratinella similis,132065,132084,13.43,2,NO_ANNOT,,,Exact,0,"Ceratinella similis Banks, 1892",Ceratinella similis,gn_77095,186,MCZbase,
551,Ceratinopsis frontatus,Ceratinopsis frontatus,132094,132116,13.19,2,NO_ANNOT,,,Exact,0,Ceratinopsis frontatus,Ceratinopsis frontatus,3907705,168,ION,
552,Grammonota vennsta,Grammonota vennsta,132126,132144,10.07,2,NO_ANNOT,,,Fuzzy,1,"Grammonota venusta Banks, 1892",Grammonota venusta,gn_83355,186,MCZbase,
553,Bathyphantes inornata,Bathyphantes inornata,132155,132176,11.65,2,NO_ANNOT,,,Exact,0,"Bathyphantes inornata Crosby & Bishop, 1928",Bathyphantes inornata,95283898,169,uBio NameBank,
554,Cybceus giganteus,Cybceus giganteus,132186,132203,12.20,2,NO_ANNOT,,,Fuzzy,1,"Cybaeus giganteus Banks, 1892",Cybaeus giganteus,6C564,1,Catalogue of Life,
555,Ccelotes fidelis,Ccelotes fidelis,132213,132229,3.84,2,NO_ANNOT,,,Fuzzy,1,"Coelotes fidelis Banks, 1892",Coelotes fidelis,gn_25009,186,MCZbase,
556,Philodromus minutus,Philodromus minutus,132239,132258,12.98,2,NO_ANNOT,,,Exact,0,"Philodromus minutus Banks, 1892",Philodromus minutus,4G8TY,1,Catalogue of Life,
557,Tetragnatha pallida.,Tetragnatha pallida,132268,132288,11.99,2,NO_ANNOT,,,Exact,0,"Tetragnatha pallida O. Pickard-Cambridge, 1889",Tetragnatha pallida,7C2ZR,1,Catalogue of Life,
