Index,Verbatim,Name,Start,End,OddsLog10,Cardinality,AnnotNomenType,WordsBefore,WordsAfter,VerifMatchType,VerifEditDistance,VerifMatchedName,VerifMatchedCanonical,VerifTaxonId,VerifDataSourceId,VerifDataSourceTitle,VerifError
0,Notes,Notes,1026,1031,2.52,1,NO_ANNOT,,,Exact,0,Notes,Notes,3950760,168,ION,
1,Unio propinquus,Unio propinquus,2510,2525,8.42,2,NO_ANNOT,,,Exact,0,"Unio propinquus I. Lea, 1857",Unio propinquus,7DKQ7,1,Catalogue of Life,
2,U. turgidus,U. turgidus,2536,2547,6.26,2,NO_ANNOT,,,NoMatch,,,,,,,,
3,U. caliginosus,U. caliginosus,2562,2576,7.19,2,NO_ANNOT,,,NoMatch,,,,,,,,
4,PULMONATA.,Pulmonata,2582,2592,4.74,1,NO_ANNOT,,,Exact,0,"Pulmonata Cuvier, 1814",Pulmonata,51473,2,Wikispecies,
5,AGNATHA.,Agnatha,2593,2601,3.01,1,NO_ANNOT,,,Exact,0,"Agnatha Cope, 1889",Agnatha,urn:lsid:marinespecies.org:taxname:1829,9,WoRMS,
6,Macrocyclis,Macrocyclis,2651,2662,4.58,1,NO_ANNOT,,,Exact,0,"Macrocyclis H. Beck, 1837",Macrocyclis,7P86D,1,Catalogue of Life,
7,Selenites,Selenites,2667,2676,3.38,1,NO_ANNOT,,,Exact,0,"Selenites Fischer in Shuttleworth, 1877",Selenites,urn:lsid:irmng.org:taxname:1318001,181,IRMNG,
8,Circinaria concava,Circinaria concava,2686,2704,10.61,2,NO_ANNOT,,,Exact,0,Circinaria concava Say,Circinaria concava,gn_106832,186,MCZbase,
9,AULACOPODA.,Aulacopoda,2823,2834,3.74,1,NO_ANNOT,,,Exact,0,Aulacopoda,Aulacopoda,77064,3,ITIS,
10,Vitrea arborea,Vitrea arborea,2854,2868,8.84,2,NO_ANNOT,,,PartialExact,0,"Vitrea Fitzinger, 1833",Vitrea,7PKVF,1,Catalogue of Life,
11,Vitrea indentata,Vitrea indentata,3099,3115,11.66,2,NO_ANNOT,,,Exact,0,Vitrea indentata Say,Vitrea indentata,gn_101645,186,MCZbase,
12,Omphalina kopnodes,Omphalina kopnodes,3146,3164,10.29,2,NO_ANNOT,,,Exact,0,Omphalina kopnodes (W.G. Binn.),Omphalina kopnodes,gn_30505,186,MCZbase,
13,Omphalina fuliginosa,Omphalina fuliginosa,3222,3242,11.72,2,NO_ANNOT,,,Exact,0,Omphalina fuliginosa (Massee) Manjula,Omphalina fuliginosa,74L5N,1,Catalogue of Life,
14,Omphalina laevigata,Omphalina laevigata,3290,3309,12.04,2,NO_ANNOT,,,Exact,0,Omphalina laevigata,Omphalina laevigata,urn:lsid:marinespecies.org:taxname:1366519,9,WoRMS,
15,Macrocyclis,Macrocyclis,3520,3531,4.58,1,NO_ANNOT,,,Exact,0,"Macrocyclis H. Beck, 1837",Macrocyclis,7P86D,1,Catalogue of Life,
16,Selenites,Selenites,3540,3549,3.38,1,NO_ANNOT,,,Exact,0,"Selenites Fischer in Shuttleworth, 1877",Selenites,urn:lsid:irmng.org:taxname:1318001,181,IRMNG,
17,Selenites,Selenites,3567,3576,3.38,1,NO_ANNOT,,,Exact,0,"Selenites Fischer in Shuttleworth, 1877",Selenites,urn:lsid:irmng.org:taxname:1318001,181,IRMNG,
18,Omphalina rugeli,Omphalina rugeli,3692,3708,9.56,2,NO_ANNOT,,,Exact,0,"Omphalina rugeli (W. G. Binney, 1879)",Omphalina rugeli,84YVN,1,Catalogue of Life,
19,Vitrinizonites latissimus,Vitrinizonites latissimus,3781,3806,10.95,2,NO_ANNOT,,,Exact,0,"Vitrinizonites latissimus (Lewis, 1875)",Vitrinizonites latissimus,7TM83,1,Catalogue of Life,
20,Gastrodonta acerra,Gastrodonta acerra,3861,3879,8.38,2,NO_ANNOT,,,Exact,0,Gastrodonta acerra Lewis,Gastrodonta acerra,gn_150431,186,MCZbase,
21,Gastrodonta intertexta,Gastrodonta intertexta,3927,3949,9.44,2,NO_ANNOT,,,Exact,0,Gastrodonta intertexta Binn,Gastrodonta intertexta,gn_54331,186,MCZbase,
22,Gastrodonta ligera,Gastrodonta ligera,3980,3998,10.20,2,NO_ANNOT,,,Exact,0,Gastrodonta ligera Say,Gastrodonta ligera,gn_120087,186,MCZbase,
23,Gastrodonta demissa,Gastrodonta demissa,4037,4056,9.97,2,NO_ANNOT,,,Exact,0,Gastrodonta demissa,Gastrodonta demissa,urn:lsid:marinespecies.org:taxname:1366444,9,WoRMS,
24,Gastrodonta oapsella,Gastrodonta oapsella,4084,4104,5.84,2,NO_ANNOT,,,PartialExact,0,"Gastrodonta Albers, 1850",Gastrodonta,7P37X,1,Catalogue of Life,
25,Gastrodonta gularis,Gastrodonta gularis,4212,4231,10.80,2,NO_ANNOT,,,Exact,0,Gastrodonta gularis,Gastrodonta gularis,urn:lsid:marinespecies.org:taxname:1366482,9,WoRMS,
26,Gastrodonta collisella,Gastrodonta collisella,4387,4409,11.15,2,NO_ANNOT,,,Exact,0,"Gastrodonta collisella Pilsbry, 1896",Gastrodonta collisella,7RDM4,1,Catalogue of Life,
27,Gastrodonta interna,Gastrodonta interna,4472,4491,8.97,2,NO_ANNOT,,,Exact,0,"Gastrodonta interna (Say, 1821)",Gastrodonta interna,3FDK5,1,Catalogue of Life,
28,Limax campestris,Limax campestris,4621,4637,10.08,2,NO_ANNOT,,,Exact,0,"Limax (Eulimax) campestris Binney, 1842",Limax campestris,7RWMM,1,Catalogue of Life,
29,Philomycus carolinensis,Philomycus carolinensis,4751,4774,14.16,2,NO_ANNOT,,,Exact,0,Philomycus carolinensis,Philomycus carolinensis,gn_54930,186,MCZbase,
30,Pyramidula perspectiva,Pyramidula perspectiva,4881,4903,11.41,2,NO_ANNOT,,,Exact,0,"Pyramidula perspectiva (Say, 1817)",Pyramidula perspectiva,7SXYH,1,Catalogue of Life,
31,Pyramidula alternata,Pyramidula alternata,5148,5168,13.08,2,NO_ANNOT,,,Exact,0,Pyramidula alternata,Pyramidula alternata,urn:lsid:marinespecies.org:taxname:1366375,9,WoRMS,
32,Pyramidula alternata carinata,Pyramidula alternata carinata,5458,5487,18.85,3,NO_ANNOT,,,PartialExact,0,Pyramidula alternata,Pyramidula alternata,urn:lsid:marinespecies.org:taxname:1366375,9,WoRMS,
33,P. alternata mordax,P. alternata mordax,5744,5763,10.36,3,NO_ANNOT,,,NoMatch,,,,,,,,
34,Helicodiscus lineatus,Helicodiscus lineatus,6048,6069,14.25,2,NO_ANNOT,,,Exact,0,"Helicodiscus lineatus (Say, 1817)",Helicodiscus lineatus,7RJ5Z,1,Catalogue of Life,
35,HOLOPODA.,Holopoda,6145,6154,3.40,1,NO_ANNOT,,,Exact,0,Holopoda,Holopoda,77407,3,ITIS,
36,Polygyra plicata,Polygyra plicata,6177,6193,12.31,2,NO_ANNOT,,,Exact,0,"Polygyra plicata Say, 1821",Polygyra plicata,7SSF4,1,Catalogue of Life,
37,Polygyra troostiana,Polygyra troostiana,6235,6254,11.98,2,NO_ANNOT,,,Exact,0,"Polygyra troostiana I. Lea, 1838",Polygyra troostiana,7SSFR,1,Catalogue of Life,
38,Polygyra inflecta,Polygyra inflecta,6302,6319,11.43,2,NO_ANNOT,,,Exact,0,Polygyra inflecta,Polygyra inflecta,urn:lsid:marinespecies.org:taxname:1366501,9,WoRMS,
39,Polygyra rugeli,Polygyra rugeli,6580,6595,10.19,2,NO_ANNOT,,,Exact,0,Polygyra (Triodopsis) rugeli Shutt,Polygyra rugeli,gn_157618,186,MCZbase,
40,Polygyra fraudulenta,Polygyra fraudulenta,6682,6702,11.55,2,NO_ANNOT,,,Exact,0,Polygyra fraudulenta Pils.,Polygyra fraudulenta,gn_110746,186,MCZbase,
41,Polygyra tridentata,Polygyra tridentata,6890,6909,12.78,2,NO_ANNOT,,,Exact,0,Polygyra tridentata,Polygyra tridentata,urn:lsid:marinespecies.org:taxname:1366610,9,WoRMS,
42,Polygra palliata,Polygra palliata,7153,7169,4.60,2,NO_ANNOT,,,Fuzzy,1,Polygyra palliata,Polygyra palliata,290002,183,Sherborn Index Animalium,
43,Polygyra obstricta,Polygyra obstricta,7228,7246,11.59,2,NO_ANNOT,,,Exact,0,Polygyra obstricta,Polygyra obstricta,urn:lsid:marinespecies.org:taxname:1366550,9,WoRMS,
44,Polygyra appressa perigrapta,Polygyra appressa perigrapta,7304,7332,15.03,3,NO_ANNOT,,,Exact,0,"Polygyra appressa perigrapta Pilsbry, 1894",Polygyra appressa perigrapta,7TZXX,1,Catalogue of Life,
45,Polygyra subpalliata,Polygyra subpalliata,7515,7535,13.09,2,NO_ANNOT,,,Exact,0,"Polygyra (Triodopsis) subpalliata Pilsbry, 1893",Polygyra subpalliata,7SSCL,1,Catalogue of Life,
46,Mesodon wetherhyi,Mesodon wetherhyi,7600,7617,9.17,2,NO_ANNOT,,,Fuzzy,1,"Mesodon wetherbyi (Bland, 1873)",Mesodon wetherbyi,77558,3,ITIS,
47,Polygyra wetherbyi,Polygyra wetherbyi,7730,7748,9.48,2,NO_ANNOT,,,Exact,0,Polygyra wetherbyi Bld,Polygyra wetherbyi,gn_37717,186,MCZbase,
48,Polygyra wheatleyi,Polygyra wheatleyi,7977,7995,11.27,2,NO_ANNOT,,,Exact,0,Polygyra wheatleyi,Polygyra wheatleyi,urn:lsid:marinespecies.org:taxname:1366633,9,WoRMS,
49,Polygyra,Polygyra,8051,8059,4.77,1,NO_ANNOT,,,Exact,0,"Polygyra Say, 1818",Polygyra,7PD3F,1,Catalogue of Life,
50,Polygyra elevata,Polygyra elevata,8166,8182,12.31,2,NO_ANNOT,,,Exact,0,Polygyra elevata,Polygyra elevata,158384,183,Sherborn Index Animalium,
51,Polygyra exoleta,Polygyra exoleta,8431,8447,10.82,2,NO_ANNOT,,,Exact,0,Polygyra (Triodopsis) exoleta Binney,Polygyra exoleta,gn_157038,186,MCZbase,
52,Polygyra andrewsae,Polygyra andrewsae,8535,8553,10.99,2,NO_ANNOT,,,Exact,0,Polygyra andrewsae,Polygyra andrewsae,urn:lsid:marinespecies.org:taxname:1366379,9,WoRMS,
53,Polygyra albolabris,Polygyra albolabris,8894,8913,12.12,2,NO_ANNOT,,,Exact,0,Polygyra albolabris,Polygyra albolabris,urn:lsid:marinespecies.org:taxname:1366373,9,WoRMS,
54,Polygyra albolabris major,Polygyra albolabris major,8980,9005,12.86,3,NO_ANNOT,,,Exact,0,Polygyra albolabris major Brun,Polygyra albolabris major,gn_109064,186,MCZbase,
55,Polygyra thyroides,Polygyra thyroides,9271,9289,11.09,2,NO_ANNOT,,,Exact,0,Polygyra thyroides,Polygyra thyroides,urn:lsid:marinespecies.org:taxname:1366604,9,WoRMS,
56,Polygyra clausa,Polygyra clausa,9495,9510,10.56,2,NO_ANNOT,,,Exact,0,Polygyra (Triodopsis) clausa Say,Polygyra clausa,gn_95258,186,MCZbase,
57,Polygyra downieana,Polygyra downieana,9578,9596,11.86,2,NO_ANNOT,,,Exact,0,Polygyra downieana Bland,Polygyra downieana,gn_31250,186,MCZbase,
58,Polygyra monodon fraterna,Polygyra monodon fraterna,9669,9694,13.33,3,NO_ANNOT,,,Exact,0,Polygyra monodon fraterna Say,Polygyra monodon fraterna,gn_92343,186,MCZbase,
59,Polygyra leai,Polygyra leai,9719,9732,8.07,2,NO_ANNOT,,,Exact,0,Polygyra leai (Ward.),Polygyra leai,gn_22930,186,MCZbase,
60,Polygyra hirsuta altispira,Polygyra hirsuta altispira,9781,9807,14.37,3,NO_ANNOT,,,Exact,0,"Polygyra hirsuta altispira Pilsbry, 1894",Polygyra hirsuta altispira,7TZYM,1,Catalogue of Life,
61,Polygyra stenotrema,Polygyra stenotrema,9900,9919,10.59,2,NO_ANNOT,,,Exact,0,Polygyra stenotrema,Polygyra stenotrema,urn:lsid:marinespecies.org:taxname:1366589,9,WoRMS,
62,Polygyra stenotrema depilata,Polygyra stenotrema depilata,10033,10061,16.37,3,NO_ANNOT,,,Exact,0,"Polygyra (Stenotrema) stenotrema var. depilata Pilsbry, 1895",Polygyra stenotrema depilata,7V8X5,1,Catalogue of Life,
63,Bulimulus dealbatus,Bulimulus dealbatus,10166,10185,13.64,2,NO_ANNOT,,,Exact,0,"Bulimulus (Rabdotus) dealbatus (Say, 1821)",Bulimulus dealbatus,7QFQB,1,Catalogue of Life,
64,ELASMOGNATHA.,Elasmognatha,10229,10242,3.96,1,NO_ANNOT,,,Exact,0,Elasmognatha,Elasmognatha,urn:lsid:marinespecies.org:taxname:448,9,WoRMS,
65,Suocinea obliqua,Suocinea obliqua,10265,10281,3.94,2,NO_ANNOT,,,Fuzzy,1,"Succinea obliqua Say, 1824",Succinea obliqua,urn:lsid:marinespecies.org:taxname:1365732,9,WoRMS,
66,Succinea ovalis,Succinea ovalis,10320,10335,11.67,2,NO_ANNOT,,,Exact,0,"Succinea ovalis Say, 1817",Succinea ovalis,7T9N5,1,Catalogue of Life,
67,Succinea avara,Succinea avara,10461,10475,9.74,2,NO_ANNOT,,,Exact,0,"Succinea avara Say, 1824",Succinea avara,urn:lsid:marinespecies.org:taxname:1289102,9,WoRMS,
68,LIMNOPHILA.,Limnophila,10529,10540,4.33,1,NO_ANNOT,,,Exact,0,Limnophila R. Br.,Limnophila,62YKR,1,Catalogue of Life,
69,Limnsea desidiosa,Limnsea desidiosa,10560,10577,5.51,2,NO_ANNOT,,,Fuzzy,1,"Limnaea desidiosa Say, 1821",Limnaea desidiosa,urn:lsid:marinespecies.org:taxname:1364607,9,WoRMS,
70,Limnaea humilis,Limnaea humilis,10699,10714,12.22,2,NO_ANNOT,,,Exact,0,"Limnaea humilis Say, 1822",Limnaea humilis,7RX4Y,1,Catalogue of Life,
71,Planorbis trivolvis,Planorbis trivolvis,10744,10763,11.28,2,NO_ANNOT,,,Exact,0,"Planorbis trivolvis Say, 1817",Planorbis trivolvis,4JL3C,1,Catalogue of Life,
72,Planorbis bicarinatus,Planorbis bicarinatus,10794,10815,12.97,2,NO_ANNOT,,,Exact,0,"Planorbis bicarinatus Lamarck, 1804",Planorbis bicarinatus,7SQSL,1,Catalogue of Life,
73,Planorbis dilatatus,Planorbis dilatatus,10859,10878,12.55,2,NO_ANNOT,,,Exact,0,"Planorbis dilatatus Gould, 1841",Planorbis dilatatus,7SQTG,1,Catalogue of Life,
74,Ancylus diaphanus,Ancylus diaphanus,10917,10934,12.75,2,NO_ANNOT,,,Exact,0,"Ancylus diaphanus Haldeman, 1841",Ancylus diaphanus,7Q3ZM,1,Catalogue of Life,
75,Physa gyrina,Physa gyrina,10979,10991,10.34,2,NO_ANNOT,,,Exact,0,"Physa gyrina Say, 1821",Physa gyrina,7SPS8,1,Catalogue of Life,
76,Physa heterostropha,Physa heterostropha,11061,11080,10.40,2,NO_ANNOT,,,Exact,0,"Physa heterostropha (Say, 1817)",Physa heterostropha,7SPSN,1,Catalogue of Life,
77,Physa,Physa,11223,11228,3.83,1,NO_ANNOT,,,Exact,0,"Physa Draparnaud, 1801",Physa,7PCJZ,1,Catalogue of Life,
78,Integra,Integra,11229,11236,1.55,1,NO_ANNOT,,,Exact,0,Prasophyllum sect. Integra G.Don,Integra,108849-3,167,IPNI,
79,Physa microstoma,Physa microstoma,11282,11298,10.35,2,NO_ANNOT,,,Exact,0,"Physa microstoma Haldeman, 1840",Physa microstoma,7SPTJ,1,Catalogue of Life,
80,PROSOBRANCHIATA.,Prosobranchiata,11783,11799,3.93,1,NO_ANNOT,,,Exact,0,Prosobranchiata,Prosobranchiata,141465348,164,BioLib.cz,
81,Helicina orbiculata,Helicina orbiculata,11837,11856,11.98,2,NO_ANNOT,,,Exact,0,"Helicina orbiculata (Say, 1818)",Helicina orbiculata,3K7SX,1,Catalogue of Life,
82,Helicina occulta,Helicina occulta,11885,11901,9.19,2,NO_ANNOT,,,Exact,0,"Helicina occulta Say, 1831",Helicina occulta,7RHZP,1,Catalogue of Life,
83,H. occulta,H. occulta,12576,12586,4.90,2,NO_ANNOT,,,NoMatch,,,,,,,,
84,Somatogyrus aureus,Somatogyrus aureus,12849,12867,8.51,2,NO_ANNOT,,,Exact,0,"Somatogyrus aureus Tryon, 1865",Somatogyrus aureus,7T6PG,1,Catalogue of Life,
85,Pomatiopsis lapidaria,Pomatiopsis lapidaria,12919,12940,11.44,2,NO_ANNOT,,,Exact,0,"Pomatiopsis lapidaria (Say, 1817)",Pomatiopsis lapidaria,6W6L7,1,Catalogue of Life,
86,Vivipara intertexta,Vivipara intertexta,13015,13034,9.18,2,NO_ANNOT,,,Exact,0,Vivipara intertexta Say,Vivipara intertexta,gn_23051,186,MCZbase,
87,Campeloma ponderosum,Campeloma ponderosum,13073,13093,12.17,2,NO_ANNOT,,,Exact,0,Campeloma ponderosum Say,Campeloma ponderosum,gn_53946,186,MCZbase,
88,Campeloma,Campeloma,13327,13336,5.11,1,NO_ANNOT,,,Exact,0,"Campeloma Rafinesque, 1819",Campeloma,7NRRC,1,Catalogue of Life,
89,Campeloma geniculum,Campeloma geniculum,13439,13458,12.02,2,NO_ANNOT,,,Exact,0,"Campeloma geniculum (Conrad, 1834)",Campeloma geniculum,QCGL,1,Catalogue of Life,
90,Lioplax subcarinata,Lioplax subcarinata,13503,13522,12.09,2,NO_ANNOT,,,Exact,0,"Lioplax subcarinata (Say, 1817)",Lioplax subcarinata,3V7GX,1,Catalogue of Life,
91,Fusis fluvialis,Fusis fluvialis,15169,15184,5.08,2,NO_ANNOT,,,Fuzzy,1,"Fusus fluvialis Say, 1825",Fusus fluvialis,6K5M5,1,Catalogue of Life,
92,Melafusus,Melafusus,15190,15199,4.31,1,NO_ANNOT,,,Exact,0,"Melafusus Swainson, 1840",Melafusus,urn:lsid:irmng.org:taxname:1399240,181,IRMNG,
93,LiTHASiA,Lithasia,15228,15236,3.89,1,NO_ANNOT,,,Exact,0,"Lithasia Haldeman, 1840",Lithasia,7P7Q8,1,Catalogue of Life,
94,Anculosa,Anculosa,15253,15261,4.61,1,NO_ANNOT,,,Exact,0,"Anculosa Say, 1821",Anculosa,urn:lsid:irmng.org:taxname:1008122,181,IRMNG,
95,Ldthasia geniculata,Ldthasia geniculata,15262,15281,5.60,2,NO_ANNOT,,,Fuzzy,1,"Lithasia geniculata (Haldeman, 1840)",Lithasia geniculata,3VHLV,1,Catalogue of Life,
96,Lithasia,Lithasia,15301,15309,3.89,1,NO_ANNOT,,,Exact,0,"Lithasia Haldeman, 1840",Lithasia,7P7Q8,1,Catalogue of Life,
97,Angitrema,Angitrema,15313,15322,5.75,1,NO_ANNOT,,,Exact,0,"Angitrema Haldeman, 1841",Angitrema,urn:lsid:marinespecies.org:taxname:1248738,9,WoRMS,
98,Melania armigera,Melania armigera,15339,15355,10.39,2,NO_ANNOT,,,Exact,0,"Melania armigera Say, 1821",Melania armigera,3Z78L,1,Catalogue of Life,
99,Glotella,Glotella,15360,15368,6.03,1,NO_ANNOT,,,Exact,0,"Glotella Philippi, 1853",Glotella,urn:lsid:irmng.org:taxname:1367008,181,IRMNG,
100,Angitrema.,Angitrema,15408,15418,5.75,1,NO_ANNOT,,,Exact,0,"Angitrema Haldeman, 1841",Angitrema,urn:lsid:marinespecies.org:taxname:1248738,9,WoRMS,
101,Angitrema,Angitrema,15499,15508,5.75,1,NO_ANNOT,,,Exact,0,"Angitrema Haldeman, 1841",Angitrema,urn:lsid:marinespecies.org:taxname:1248738,9,WoRMS,
102,Lithasia,Lithasia,15523,15531,3.89,1,NO_ANNOT,,,Exact,0,"Lithasia Haldeman, 1840",Lithasia,7P7Q8,1,Catalogue of Life,
103,Angitrema,Angitrema,15551,15560,5.75,1,NO_ANNOT,,,Exact,0,"Angitrema Haldeman, 1841",Angitrema,urn:lsid:marinespecies.org:taxname:1248738,9,WoRMS,
104,Lithasia,Lithasia,15597,15605,3.89,1,NO_ANNOT,,,Exact,0,"Lithasia Haldeman, 1840",Lithasia,7P7Q8,1,Catalogue of Life,
105,Ceriphasia,Ceriphasia,15716,15726,4.23,1,NO_ANNOT,,,Exact,0,"Ceriphasia Swainson, 1840",Ceriphasia,urn:lsid:irmng.org:taxname:1366721,181,IRMNG,
106,C. sulcata,C. sulcata,15745,15755,7.21,2,NO_ANNOT,,,NoMatch,,,,,,,,
107,P.␤canaliculatum,P. canaliculatum,15764,15780,7.41,2,NO_ANNOT,,,NoMatch,,,,,,,,
108,Melania undulata,Melania undulata,15862,15878,11.36,2,NO_ANNOT,,,Exact,0,"Melania undulata Say, 1829",Melania undulata,urn:lsid:marinespecies.org:taxname:1249514,9,WoRMS,
109,Strephobasis,Strephobasis,15884,15896,5.47,1,NO_ANNOT,,,Exact,0,"Strephobasis Lea, 1861",Strephobasis,urn:lsid:irmng.org:taxname:1191458,181,IRMNG,
110,S. spillmani cornea,S. spillmani cornea,15912,15931,6.84,3,NO_ANNOT,,,NoMatch,,,,,,,,
111,Pleurocera.,Pleurocera,15980,15991,5.31,1,NO_ANNOT,,,Exact,0,"Pleurocera Rafinesque, 1818",Pleurocera,7PCVY,1,Catalogue of Life,
112,Elimia,Elimia,15992,15998,4.07,1,NO_ANNOT,,,Exact,0,"Elimia H. Adams & A. Adams, 1854",Elimia,7NYFN,1,Catalogue of Life,
113,Melasma,Melasma,16053,16060,4.74,1,NO_ANNOT,,,Exact,0,Melasma Bergius,Melasma,5NMC,1,Catalogue of Life,
114,Juga,Juga,16074,16078,2.48,1,NO_ANNOT,,,Exact,0,"Juga H. Adams & A. Adams, 1854",Juga,7P66Q,1,Catalogue of Life,
115,Elimia,Elimia,16165,16171,4.07,1,NO_ANNOT,,,Exact,0,"Elimia H. Adams & A. Adams, 1854",Elimia,7NYFN,1,Catalogue of Life,
116,Pleurocera,Pleurocera,16336,16346,5.31,1,NO_ANNOT,,,Exact,0,"Pleurocera Rafinesque, 1818",Pleurocera,7PCVY,1,Catalogue of Life,
117,Elimia.,Elimia,16392,16399,4.07,1,NO_ANNOT,,,Exact,0,"Elimia H. Adams & A. Adams, 1854",Elimia,7NYFN,1,Catalogue of Life,
118,Holstonia,Holstonia,16400,16409,4.04,1,NO_ANNOT,,,Exact,0,"Holstonia Resser, 1938",Holstonia,urn:lsid:irmng.org:taxname:1403083,181,IRMNG,
119,Lithasia,Lithasia,16441,16449,3.89,1,NO_ANNOT,,,Exact,0,"Lithasia Haldeman, 1840",Lithasia,7P7Q8,1,Catalogue of Life,
120,Pachychilus.,Pachychilus,16470,16482,6.21,1,NO_ANNOT,,,Exact,0,"Pachychilus I. Lea & H. C. Lea, 1851",Pachychilus,7PBGT,1,Catalogue of Life,
121,Gyrotoma,Gyrotoma,16524,16532,4.94,1,NO_ANNOT,,,Exact,0,"Gyrotoma Shuttleworth, 1845",Gyrotoma,7P4NR,1,Catalogue of Life,
122,Schizostoma,Schizostoma,16558,16569,5.40,1,NO_ANNOT,,,Exact,0,Schizostoma,Schizostoma,7DQF,1,Catalogue of Life,
123,Schizocheilus,Schizocheilus,16574,16587,6.54,1,NO_ANNOT,,,Exact,0,"Schizocheilus Fischer, 1883",Schizocheilus,urn:lsid:irmng.org:taxname:1448007,181,IRMNG,
124,Apella,Apella,16599,16605,5.49,1,NO_ANNOT,,,Exact,0,Apella Scop.,Apella,145262020,165,Tropicos,
125,Anculosa,Anculosa,16624,16632,4.61,1,NO_ANNOT,,,Exact,0,"Anculosa Say, 1821",Anculosa,urn:lsid:irmng.org:taxname:1008122,181,IRMNG,
126,Lithasia geniculata,Lithasia geniculata,16969,16988,11.90,2,NO_ANNOT,,,Exact,0,"Lithasia geniculata (Haldeman, 1840)",Lithasia geniculata,3VHLV,1,Catalogue of Life,
127,Lithasia verrucosa,Lithasia verrucosa,17169,17187,11.36,2,NO_ANNOT,,,Exact,0,"Lithasia verrucosa (Rafinesque, 1820)",Lithasia verrucosa,3VHM7,1,Catalogue of Life,
128,Lithasia venusta,Lithasia venusta,17381,17397,10.12,2,NO_ANNOT,,,Exact,0,Lithasia venusta,Lithasia venusta,3475986,168,ION,
129,Lithasia stygia,Lithasia stygia,17452,17467,8.66,2,NO_ANNOT,,,Exact,0,"Lithasia stygia (Say, 1929)",Lithasia stygia,gn_28907,186,MCZbase,
130,Pleurocera undulatum,Pleurocera undulatum,17674,17694,12.71,2,NO_ANNOT,,,Exact,0,Pleurocera undulatum Say,Pleurocera undulatum,gn_236974,186,MCZbase,
131,Pleurocera undulatum,Pleurocera undulatum,17794,17814,12.71,2,NO_ANNOT,,,Exact,0,Pleurocera undulatum Say,Pleurocera undulatum,gn_236974,186,MCZbase,
132,Melania excurata,Melania excurata,17965,17981,11.36,2,NO_ANNOT,,,Exact,0,"Melania excurata Conrad, 1834",Melania excurata,urn:lsid:marinespecies.org:taxname:1249307,9,WoRMS,
133,M. rorata,M. rorata,17987,17996,6.93,2,NO_ANNOT,,,NoMatch,,,,,,,,
134,Trypanostoma,Trypanostoma,18002,18014,5.63,1,NO_ANNOT,,,Exact,0,"Trypanostoma Lea, 1862",Trypanostoma,urn:lsid:irmng.org:taxname:1432557,181,IRMNG,
135,T. moniliferum,T. moniliferum,18029,18043,7.31,2,NO_ANNOT,,,NoMatch,,,,,,,,
136,Pleurocera undulatum nobile,Pleurocera undulatum nobile,18199,18226,16.32,3,NO_ANNOT,,,PartialExact,0,Pleurocera nobile Lea,Pleurocera nobile,gn_56770,186,MCZbase,
137,Pleurocera undulatum moniliferum,Pleurocera undulatum moniliferum,18309,18341,18.41,3,NO_ANNOT,,,PartialExact,0,Pleurocera moniliferum Lea,Pleurocera moniliferum,gn_110435,186,MCZbase,
138,Pleurocera canaliculatum,Pleurocera canaliculatum,18413,18437,13.06,2,NO_ANNOT,,,Exact,0,Pleurocera canaliculatum Say,Pleurocera canaliculatum,gn_139803,186,MCZbase,
139,Pleurocera gradatum,Pleurocera gradatum,18525,18544,12.55,2,NO_ANNOT,,,Exact,0,Pleurocera gradatum Anth,Pleurocera gradatum,gn_20715,186,MCZbase,
140,Pleurocera filum,Pleurocera filum,18655,18671,7.57,2,NO_ANNOT,,,Exact,0,Pleurocera filum Lea,Pleurocera filum,gn_20714,186,MCZbase,
141,Pleurocera filum,Pleurocera filum,18792,18808,7.57,2,NO_ANNOT,,,Exact,0,Pleurocera filum Lea,Pleurocera filum,gn_20714,186,MCZbase,
142,Pleurocera,Pleurocera,18867,18877,5.31,1,NO_ANNOT,,,Exact,0,"Pleurocera Rafinesque, 1818",Pleurocera,7PCVY,1,Catalogue of Life,
143,Pleurocera cylindraceum,Pleurocera cylindraceum,19046,19069,11.71,2,NO_ANNOT,,,Fuzzy,2,Pleurocera cylindracea,Pleurocera cylindracea,52227480,12,EOL,
144,Trypanostoma roanense,Trypanostoma roanense,19144,19165,11.44,2,NO_ANNOT,,,Exact,0,"Trypanostoma roanense I. Lea, 1864",Trypanostoma roanense,urn:lsid:marinespecies.org:taxname:1249791,9,WoRMS,
145,Pleurocera hastatum,Pleurocera hastatum,19204,19223,12.55,2,NO_ANNOT,,,Exact,0,Pleurocera hastatum Anth,Pleurocera hastatum,gn_26402,186,MCZbase,
146,Pleurocera alveare,Pleurocera alveare,19278,19296,10.43,2,NO_ANNOT,,,Exact,0,"Pleurocera alveare (Conrad, 1834)",Pleurocera alveare,4KB5V,1,Catalogue of Life,
147,Pleurocera,Pleurocera,19348,19358,5.31,1,NO_ANNOT,,,Exact,0,"Pleurocera Rafinesque, 1818",Pleurocera,7PCVY,1,Catalogue of Life,
148,Strephobasis lyonii,Strephobasis lyonii,19440,19459,12.02,2,NO_ANNOT,,,Exact,0,"Strephobasis lyonii I. Lea, 1864",Strephobasis lyonii,84ZPN,1,Catalogue of Life,
149,Strephobasis plena,Strephobasis plena,19554,19572,10.80,2,NO_ANNOT,,,PartialExact,0,"Strephobasis Lea, 1861",Strephobasis,urn:lsid:irmng.org:taxname:1191458,181,IRMNG,
150,S. plena,S. plena,19656,19664,4.99,2,NO_ANNOT,,,NoMatch,,,,,,,,
151,S. spilbnani clarkii,S. spilbnani clarkii,19686,19706,4.51,3,NO_ANNOT,,,NoMatch,,,,,,,,
152,Strephobasis,Strephobasis,19780,19792,5.47,1,NO_ANNOT,,,Exact,0,"Strephobasis Lea, 1861",Strephobasis,urn:lsid:irmng.org:taxname:1191458,181,IRMNG,
153,Goniobasis proxima,Goniobasis proxima,19876,19894,11.46,2,NO_ANNOT,,,Exact,0,"Goniobasis proxima (Say, 1825)",Goniobasis proxima,71821,3,ITIS,
154,Goniobasis proxima symmetrica,Goniobasis proxima symmetrica,19942,19971,17.39,3,NO_ANNOT,,,PartialExact,0,"Goniobasis symmetrica (Haldeman, 1841)",Goniobasis symmetrica,71835,3,ITIS,
155,Goniobasis laqueata,Goniobasis laqueata,20156,20175,12.85,2,NO_ANNOT,,,Exact,0,"Goniobasis laqueata (Say, 1829)",Goniobasis laqueata,71774,3,ITIS,
156,G. deshayesiana,G. deshayesiana,20403,20418,7.08,2,NO_ANNOT,,,NoMatch,,,,,,,,
157,Lea costulata,Lea costulata,20533,20546,3.76,2,NO_ANNOT,,,PartialExact,0,Lea,Lea,5BKR,1,Catalogue of Life,
158,Lea cinerella,Lea cinerella,20547,20560,2.97,2,NO_ANNOT,,,PartialExact,0,Lea,Lea,5BKR,1,Catalogue of Life,
159,Lea sparus,Lea sparus,20561,20571,2.18,2,NO_ANNOT,,,PartialExact,0,Lea,Lea,5BKR,1,Catalogue of Life,
160,Lea rugosa,Lea rugosa,20583,20593,2.68,2,NO_ANNOT,,,PartialExact,0,Lea,Lea,5BKR,1,Catalogue of Life,
161,Lea corrugata,Lea corrugata,20594,20607,3.76,2,NO_ANNOT,,,PartialExact,0,Lea,Lea,5BKR,1,Catalogue of Life,
162,Lea circinata,Lea circinata,20608,20621,3.76,2,NO_ANNOT,,,PartialExact,0,Lea,Lea,5BKR,1,Catalogue of Life,
163,Lea athleta,Lea athleta,20622,20633,1.91,2,NO_ANNOT,,,PartialExact,0,Lea,Lea,5BKR,1,Catalogue of Life,
164,Anculosa subglobosa,Anculosa subglobosa,20674,20693,12.19,2,NO_ANNOT,,,Exact,0,"Anculosa subglobosa (Say, 1825)",Anculosa subglobosa,71547,3,ITIS,
165,Anculosa harpethensis,Anculosa harpethensis,20834,20855,12.44,2,NO_ANNOT,,,Exact,0,"Anculosa harpethensis Pilsbry in Pilsbry & Rhoads, 1896",Anculosa harpethensis,7Q3WJ,1,Catalogue of Life,
166,Elimia,Elimia,21417,21423,4.07,1,NO_ANNOT,,,Exact,0,"Elimia H. Adams & A. Adams, 1854",Elimia,7NYFN,1,Catalogue of Life,
167,A. subglobosa.,A. subglobosa,21556,21570,7.25,2,NO_ANNOT,,,NoMatch,,,,,,,,
168,Anculosa praerosa,Anculosa praerosa,21614,21631,11.92,2,NO_ANNOT,,,Exact,0,"Anculosa praerosa Say, 1821",Anculosa praerosa,71636,3,ITIS,
169,Anculosa ornata,Anculosa ornata,21802,21817,11.87,2,NO_ANNOT,,,Exact,0,"Anculosa ornata J. G. Anthony, 1860",Anculosa ornata,urn:lsid:marinespecies.org:taxname:1248826,9,WoRMS,
170,PELECYPODA.,Pelecypoda,21909,21920,5.36,1,NO_ANNOT,,,Exact,0,"Pelecypoda Goldfuss, 1820",Pelecypoda,urn:lsid:marinespecies.org:taxname:151265,9,WoRMS,
171,Sphaerium striatinum,Sphaerium striatinum,21951,21971,12.53,2,NO_ANNOT,,,Exact,0,"Sphaerium striatinum (Lamarck, 1818)",Sphaerium striatinum,4YPM7,1,Catalogue of Life,
172,Sphaerium fabale,Sphaerium fabale,22041,22057,10.62,2,NO_ANNOT,,,Exact,0,"Sphaerium fabale (Prime, 1852)",Sphaerium fabale,4YPKN,1,Catalogue of Life,
173,Sphserium transversum,Sphserium transversum,22107,22128,6.34,2,NO_ANNOT,,,Fuzzy,1,"Sphaerium (Musculium) transversum (Say, 1829)",Sphaerium transversum,7T6ZH,1,Catalogue of Life,
174,Sphaerium partumeium,Sphaerium partumeium,22164,22184,12.32,2,NO_ANNOT,,,Exact,0,"Sphaerium partumeium (Say, 1822)",Sphaerium partumeium,4YPLM,1,Catalogue of Life,
175,Pisidium abditum,Pisidium abditum,22234,22250,12.15,2,NO_ANNOT,,,Exact,0,"Pisidium abditum (Haldeman, 1841)",Pisidium abditum,urn:lsid:marinespecies.org:taxname:861691,9,WoRMS,
176,TJnio acuens,Tjnio acuens,22296,22308,2.49,2,NO_ANNOT,,,NoMatch,,,,,,,,
177,TJnio alatus,Tjnio alatus,22442,22454,3.77,2,NO_ANNOT,,,NoMatch,,,,,,,,
178,TJnio anodontoides,Tjnio anodontoides,22504,22522,3.34,2,NO_ANNOT,,,NoMatch,,,,,,,,
179,TJnio arcaeformis,Tjnio arcaeformis,22619,22636,3.91,2,NO_ANNOT,,,NoMatch,,,,,,,,
180,Unio asperrimus,Unio asperrimus,22711,22726,9.08,2,NO_ANNOT,,,Exact,0,"Unio asperrimus I. Lea, 1831",Unio asperrimus,7DJF3,1,Catalogue of Life,
181,Unio biangulatus,Unio biangulatus,22768,22784,10.50,2,NO_ANNOT,,,Exact,0,Unio biangulatus,Unio biangulatus,85862,183,Sherborn Index Animalium,
182,TJnio caliginosus,Tjnio caliginosus,22904,22921,4.22,2,NO_ANNOT,,,NoMatch,,,,,,,,
183,Unio capsseformis,Unio capsseformis,23020,23037,4.44,2,NO_ANNOT,,,Fuzzy,1,"Unio capsaeformis I. Lea, 1834",Unio capsaeformis,7DJFR,1,Catalogue of Life,
184,Unio circulus,Unio circulus,23099,23112,9.32,2,NO_ANNOT,,,Exact,0,"Unio circulus I. Lea, 1829",Unio circulus,7DJJJ,1,Catalogue of Life,
185,Unio conradianus,Unio conradianus,23226,23242,10.02,2,NO_ANNOT,,,Exact,0,Unio conradianus Lea,Unio conradianus,gn_124807,186,MCZbase,
186,Unio cooperianus,Unio cooperianus,23457,23473,10.02,2,NO_ANNOT,,,Exact,0,"Unio cooperianus I. Lea, 1834",Unio cooperianus,7DLD3,1,Catalogue of Life,
187,Unio cornutus,Unio cornutus,23618,23631,9.91,2,NO_ANNOT,,,Exact,0,"Unio cornutus Barnes, 1823",Unio cornutus,7DLCN,1,Catalogue of Life,
188,Unio crassidens,Unio crassidens,23696,23711,8.90,2,NO_ANNOT,,,Exact,0,"Unio crassidens Lamarck, 1819",Unio crassidens,7DLD8,1,Catalogue of Life,
189,Unio cuneolus,Unio cuneolus,23921,23934,9.32,2,NO_ANNOT,,,Exact,0,"Unio cuneolus I. Lea, 1840",Unio cuneolus,7DLBR,1,Catalogue of Life,
190,Unio cylindricus,Unio cylindricus,24000,24016,9.94,2,NO_ANNOT,,,Exact,0,"Unio cylindricus Say, 1817",Unio cylindricus,7DLBZ,1,Catalogue of Life,
191,TJnio dromas,Tjnio dromas,24091,24103,1.16,2,NO_ANNOT,,,NoMatch,,,,,,,,
192,TInio edgarianus,Tinio edgarianus,24273,24289,4.06,2,NO_ANNOT,,,NoMatch,,,,,,,,
193,Unio elegans,Unio elegans,24404,24416,7.54,2,NO_ANNOT,,,Exact,0,"Unio elegans I. Lea, 1831",Unio elegans,7DL7F,1,Catalogue of Life,
194,TJnio fascinans,Tjnio fascinans,24529,24544,2.24,2,NO_ANNOT,,,NoMatch,,,,,,,,
195,Lea fassinans.,Lea fassinans,24545,24559,1.40,2,NO_ANNOT,,,PartialExact,0,Lea,Lea,5BKR,1,Catalogue of Life,
196,Unio gibbosus,Unio gibbosus,24608,24621,9.29,2,NO_ANNOT,,,Exact,0,"Unio gibbosus Barnes, 1823",Unio gibbosus,7DKV6,1,Catalogue of Life,
197,Unio glans,Unio glans,25076,25086,3.24,2,NO_ANNOT,,,Exact,0,"Unio glans I. Lea, 1831",Unio glans,7DL6S,1,Catalogue of Life,
198,Unio gracilis,Unio gracilis,25184,25197,9.49,2,NO_ANNOT,,,Exact,0,"Unio gracilis Barnes, 1823",Unio gracilis,986010,3,ITIS,
199,Unio haysianus,Unio haysianus,25315,25329,9.60,2,NO_ANNOT,,,Exact,0,"Unio haysianus I. Lea, 1834",Unio haysianus,7DL9B,1,Catalogue of Life,
200,Unio irroratus,Unio irroratus,25424,25438,10.08,2,NO_ANNOT,,,Exact,0,"Unio irroratus I. Lea, 1827",Unio irroratus,7DL8D,1,Catalogue of Life,
201,Unio kirtlandianus,Unio kirtlandianus,25513,25531,9.95,2,NO_ANNOT,,,Exact,0,"Unio kirtlandianus I. Lea, 1834",Unio kirtlandianus,7DKWX,1,Catalogue of Life,
202,Unio lawi,Unio lawi,25581,25590,5.66,2,NO_ANNOT,,,Exact,0,"Unio lawi Lea, 1871",Unio lawi,986303,3,ITIS,
203,Unio ligamentinus,Unio ligamentinus,25696,25713,9.92,2,NO_ANNOT,,,Exact,0,Unio ligamentinus,Unio ligamentinus,gn_162729,186,MCZbase,
204,Unio muMfeldtianus,Unio mumfeldtianus,26066,26084,4.92,2,NO_ANNOT,,,PartialExact,0,"Unio Philipsson, 1788",Unio,7PKHN,1,Catalogue of Life,
205,Unio multiradiatus,Unio multiradiatus,26171,26189,10.43,2,NO_ANNOT,,,Exact,0,"Unio multiradiatus I. Lea, 1829",Unio multiradiatus,7DKN8,1,Catalogue of Life,
206,Unio obliquus,Unio obliquus,26348,26361,8.15,2,NO_ANNOT,,,Exact,0,Unio obliquus,Unio obliquus,278483,183,Sherborn Index Animalium,
207,Unio ovatus,Unio ovatus,26473,26484,9.43,2,NO_ANNOT,,,Exact,0,"Unio ovatus Say, 1817",Unio ovatus,7DKPN,1,Catalogue of Life,
208,Unio parvus,Unio parvus,26603,26614,7.90,2,NO_ANNOT,,,Exact,0,"Unio parvus Barnes, 1823",Unio parvus,7DKQZ,1,Catalogue of Life,
209,Unio phaseolus,Unio phaseolus,26656,26670,9.49,2,NO_ANNOT,,,Exact,0,"Unio phaseolus Kobelt, 1879",Unio phaseolus,7TJXV,1,Catalogue of Life,
210,Unio pictus,Unio pictus,26755,26766,9.43,2,NO_ANNOT,,,Exact,0,"Unio pictus I. Lea, 1834",Unio pictus,7DL3H,1,Catalogue of Life,
211,Unio pilaris,Unio pilaris,26875,26887,9.23,2,NO_ANNOT,,,Exact,0,"Unio pilaris I. Lea, 1840",Unio pilaris,7DKRG,1,Catalogue of Life,
212,Unio plicatus,Unio plicatus,27037,27050,9.91,2,NO_ANNOT,,,Exact,0,Unio plicatus Leseur,Unio plicatus,gn_173612,186,MCZbase,
213,Unio propinquus,Unio propinquus,27104,27119,8.42,2,NO_ANNOT,,,Exact,0,"Unio propinquus I. Lea, 1857",Unio propinquus,7DKQ7,1,Catalogue of Life,
214,Unio purpuratus,Unio purpuratus,27387,27402,10.19,2,NO_ANNOT,,,Exact,0,Unio purpuratus,Unio purpuratus,gn_172394,186,MCZbase,
215,Unio pustulosus,Unio pustulosus,27496,27511,9.57,2,NO_ANNOT,,,Exact,0,"Unio pustulosus I. Lea, 1831",Unio pustulosus,urn:lsid:marinespecies.org:taxname:858370,9,WoRMS,
216,Unio pybasii,Unio pybasii,27658,27670,8.91,2,NO_ANNOT,,,Exact,0,"Unio pybasii Lea, 1858",Unio pybasii,986246,3,ITIS,
217,Unio pyramidatus,Unio pyramidatus,27838,27854,10.50,2,NO_ANNOT,,,Exact,0,"Unio pyramidatus I. Lea, 1831",Unio pyramidatus,7DL2D,1,Catalogue of Life,
218,Unio rectus,Unio rectus,28014,28025,5.94,2,NO_ANNOT,,,Exact,0,"Unio rectus (Lamarck, 1819)",Unio rectus,7DL2K,1,Catalogue of Life,
219,Unio rubiginosus,Unio rubiginosus,28100,28116,9.88,2,NO_ANNOT,,,Exact,0,"Unio rubiginosus I. Lea, 1829",Unio rubiginosus,7DKTL,1,Catalogue of Life,
220,Unio securis,Unio securis,28219,28231,9.23,2,NO_ANNOT,,,Exact,0,"Unio securis I. Lea, 1829",Unio securis,7DKTN,1,Catalogue of Life,
221,Unio sphaericus,Unio sphaericus,28283,28298,9.63,2,NO_ANNOT,,,Exact,0,"Unio sphaericus Lea, 1868",Unio sphaericus,986827,3,ITIS,
222,Unio subrostratus,Unio subrostratus,28366,28383,10.40,2,NO_ANNOT,,,Exact,0,"Unio subrostratus Say, 1831",Unio subrostratus,986034,3,ITIS,
223,Unio subtentus,Unio subtentus,28433,28447,10.08,2,NO_ANNOT,,,Exact,0,"Unio subtentus Say, 1825",Unio subtentus,7DKF5,1,Catalogue of Life,
224,Unio texasensis,Unio texasensis,28546,28561,9.98,2,NO_ANNOT,,,Exact,0,"Unio texasensis Lea, 1857",Unio texasensis,906953,3,ITIS,
225,Unio trapezoides,Unio trapezoides,28681,28697,9.10,2,NO_ANNOT,,,Exact,0,"Unio trapezoides I. Lea, 1831",Unio trapezoides,7DKGS,1,Catalogue of Life,
226,TJnio triangularis,Tjnio triangularis,28859,28877,4.25,2,NO_ANNOT,,,NoMatch,,,,,,,,
227,Unio tuberculatus,Unio tuberculatus,28930,28947,10.40,2,NO_ANNOT,,,Exact,0,"Unio tuberculatus Barnes, 1823",Unio tuberculatus,7DKHG,1,Catalogue of Life,
228,Unio tumescens,Unio tumescens,29158,29172,8.79,2,NO_ANNOT,,,Exact,0,"Unio tumescens I. Lea, 1845",Unio tumescens,7DKHD,1,Catalogue of Life,
229,Unio turgidus,Unio turgidus,29326,29339,8.95,2,NO_ANNOT,,,Exact,0,"Unio turgidus I. Lea, 1838",Unio turgidus,urn:lsid:marinespecies.org:taxname:860375,9,WoRMS,
230,Unio undulatus,Unio undulatus,29409,29423,10.08,2,NO_ANNOT,,,Exact,0,"Unio undulatus Barnes, 1823",Unio undulatus,7DKG8,1,Catalogue of Life,
231,Unio undulatus,Unio undulatus,29536,29550,10.08,2,NO_ANNOT,,,Exact,0,"Unio undulatus Barnes, 1823",Unio undulatus,7DKG8,1,Catalogue of Life,
232,Alasmodonta undulata,Alasmodonta undulata,29559,29579,11.66,2,NO_ANNOT,,,Exact,0,"Alasmodonta undulata (Say, 1817)",Alasmodonta undulata,BF9C,1,Catalogue of Life,
233,Unio ventricosus,Unio ventricosus,29636,29652,9.88,2,NO_ANNOT,,,Exact,0,"Unio ventricosus Barnes, 1823",Unio ventricosus,7DKG2,1,Catalogue of Life,
234,Unio verrucosus,Unio verrucosus,29718,29733,9.57,2,NO_ANNOT,,,Exact,0,"Unio verrucosus Barnes, 1823",Unio verrucosus,986832,3,ITIS,
235,Alasmodonta complanata,Alasmodonta complanata,29888,29910,11.93,2,NO_ANNOT,,,Exact,0,"Alasmodonta complanata Barnes, 1823",Alasmodonta complanata,BF96,1,Catalogue of Life,
236,Margaritana,Margaritana,29983,29994,4.05,1,NO_ANNOT,,,Exact,0,Margaron (Margaritana),Margaritana,7PNY9,1,Catalogue of Life,
237,M. complanata rugosa,M. complanata rugosa,30084,30104,12.52,3,NO_ANNOT,,,NoMatch,,,,,,,,
238,Unio,Unio,30142,30146,2.35,1,NO_ANNOT,,,Exact,0,"Unio Philipsson, 1788",Unio,7PKHN,1,Catalogue of Life,
239,Alasmodonta confragosa,Alasmodonta confragosa,30191,30213,11.50,2,NO_ANNOT,,,Exact,0,"Alasmodonta confragosa Say, 1829",Alasmodonta confragosa,BF97,1,Catalogue of Life,
240,Alasmodonta edentula,Alasmodonta edentula,30255,30275,10.75,2,NO_ANNOT,,,Exact,0,"Alasmodonta edentula Say, 1829",Alasmodonta edentula,BF98,1,Catalogue of Life,
241,A. pennsylvanica,A. pennsylvanica,30458,30474,7.44,2,NO_ANNOT,,,NoMatch,,,,,,,,
242,Alasmodonta marginata,Alasmodonta marginata,30507,30528,11.82,2,NO_ANNOT,,,Exact,0,Alasmodonta marginata,Alasmodonta marginata,2588603,168,ION,
243,Alasmodonta minor,Alasmodonta minor,30618,30635,5.22,2,NO_ANNOT,,,Fuzzy,1,"Alasmidonta minor (I. Lea, 1845)",Alasmidonta minor,BF8H,1,Catalogue of Life,
244,Alasmodonta rugosa,Alasmodonta rugosa,30701,30719,10.74,2,NO_ANNOT,,,Exact,0,"Alasmodonta rugosa Barnes, 1823",Alasmodonta rugosa,5TVSR,1,Catalogue of Life,
245,Anodonta grandis,Anodonta grandis,30855,30871,9.83,2,NO_ANNOT,,,Exact,0,"Anodonta (Pyganodon) grandis (Say, 1829)",Anodonta grandis,6765M,1,Catalogue of Life,
246,Anodonta harpethensis,Anodonta harpethensis,30913,30934,11.28,2,NO_ANNOT,,,Exact,0,"Anodonta harpethensis I. Lea, 1840",Anodonta harpethensis,5V66Y,1,Catalogue of Life,
247,Anodonta suborbiculata,Anodonta suborbiculata,30980,31002,11.71,2,NO_ANNOT,,,Exact,0,"Anodonta (Nayadina) suborbiculata (Say, 1831)",Anodonta suborbiculata,urn:lsid:marinespecies.org:taxname:861400,9,WoRMS,
248,Anodonta imbecilis,Anodonta imbecilis,31044,31062,10.76,2,NO_ANNOT,,,Exact,0,"Anodonta (Utterbackia) imbecilis (Say, 1829)",Anodonta imbecilis,5V66S,1,Catalogue of Life,
249,Pelecypoda,Pelecypoda,31108,31118,5.36,1,NO_ANNOT,,,Exact,0,"Pelecypoda Goldfuss, 1820",Pelecypoda,urn:lsid:marinespecies.org:taxname:151265,9,WoRMS,
250,Gastropoda,Gastropoda,31175,31185,5.36,1,NO_ANNOT,,,Exact,0,"Gastropoda Cuvier, 1795",Gastropoda,7NF3Y,1,Catalogue of Life,
251,Unio.,Unio,31376,31381,2.35,1,NO_ANNOT,,,Exact,0,"Unio Philipsson, 1788",Unio,7PKHN,1,Catalogue of Life,
252,Unio,Unio,31660,31664,2.35,1,NO_ANNOT,,,Exact,0,"Unio Philipsson, 1788",Unio,7PKHN,1,Catalogue of Life,
253,Listriodon,Listriodon,33192,33202,4.35,1,NO_ANNOT,,,Exact,0,"Listriodon Meyer, 1846",Listriodon,urn:lsid:irmng.org:taxname:1194684,181,IRMNG,
254,Hyotherium,Hyotherium,33203,33213,5.45,1,NO_ANNOT,,,Exact,0,"Hyotherium Meyer, 1834",Hyotherium,urn:lsid:irmng.org:taxname:1041410,181,IRMNG,
255,Palaeomeryx,Palaeomeryx,33214,33225,5.39,1,NO_ANNOT,,,Exact,0,"Palaeomeryx Meyer, 1834",Palaeomeryx,urn:lsid:irmng.org:taxname:1422573,181,IRMNG,
256,Micromeryx,Micromeryx,33226,33236,5.26,1,NO_ANNOT,,,Exact,0,"Micromeryx Lartet, 1851",Micromeryx,urn:lsid:irmng.org:taxname:1379969,181,IRMNG,
257,Dicroceros,Dicroceros,33237,33247,5.26,1,NO_ANNOT,,,Exact,0,"Dicroceros Agassiz, 1842",Dicroceros,urn:lsid:irmng.org:taxname:1402456,181,IRMNG,
258,Artiodactyla,Artiodactyla,33255,33267,3.94,1,NO_ANNOT,,,Exact,0,"Artiodactyla Owen, 1848",Artiodactyla,6227M,1,Catalogue of Life,
259,Perissodactyla,Perissodactyla,33322,33336,4.25,1,NO_ANNOT,,,Exact,0,"Perissodactyla Owen, 1848",Perissodactyla,623DW,1,Catalogue of Life,
260,Aceratherium,Aceratherium,33371,33383,5.81,1,NO_ANNOT,,,Exact,0,"Aceratherium Kaup, 1832",Aceratherium,urn:lsid:irmng.org:taxname:1194937,181,IRMNG,
261,Chalicotherium.,Chalicotherium,33384,33399,6.12,1,NO_ANNOT,,,Exact,0,"Chalicotherium Kaup, 1833",Chalicotherium,urn:lsid:irmng.org:taxname:1064109,181,IRMNG,
262,Proboscidea there,Proboscidea there,33407,33424,4.09,2,NO_ANNOT,,,PartialExact,0,"Proboscidea Illiger, 1811",Proboscidea,3WB,1,Catalogue of Life,
263,Mastodon augustidens.,Mastodon augustidens,33432,33453,5.39,2,NO_ANNOT,,,Fuzzy,1,Mastodon angustidens (Cuvier 1806),Mastodon angustidens,104414,172,PaleoBioDB,
264,Rodentia,Rodentia,33458,33466,3.50,1,NO_ANNOT,,,Exact,0,"Rodentia Bowdich, 1821",Rodentia,3Z5,1,Catalogue of Life,
265,Lagomys,Lagomys,33485,33492,4.82,1,NO_ANNOT,,,Exact,0,"Lagomys Herrera, 1897",Lagomys,urn:lsid:irmng.org:taxname:1452364,181,IRMNG,
266,Myoxus,Myoxus,33493,33499,3.97,1,NO_ANNOT,,,Exact,0,"Myoxus Zimmermann, 1780",Myoxus,63D48,1,Catalogue of Life,
267,Sciurus,Sciurus,33500,33507,5.01,1,NO_ANNOT,,,Exact,0,"Sciurus Linnaeus, 1758",Sciurus,63TBP,1,Catalogue of Life,
268,Chalicomys,Chalicomys,33508,33518,5.41,1,NO_ANNOT,,,Exact,0,"Chalicomys Kaup, 1832",Chalicomys,urn:lsid:irmng.org:taxname:1366704,181,IRMNG,
269,Cricetodon.,Cricetodon,33542,33553,4.35,1,NO_ANNOT,,,Exact,0,"Cricetodon Lartet, 1851",Cricetodon,urn:lsid:irmng.org:taxname:1009713,181,IRMNG,
270,Carnivora,Carnivora,33558,33567,6.06,1,NO_ANNOT,,,Exact,0,"Carnivora Bowdich, 1821",Carnivora,VS,1,Catalogue of Life,
271,Viverra,Viverra,33571,33578,2.81,1,NO_ANNOT,,,Exact,0,"Viverra Linnaeus, 1758",Viverra,874Q,1,Catalogue of Life,
272,Machaerodus,Machaerodus,33616,33627,5.25,1,NO_ANNOT,,,Exact,0,"Machaerodus Agassiz, 1846",Machaerodus,urn:lsid:irmng.org:taxname:1261170,181,IRMNG,
273,Haplogale,Haplogale,33675,33684,4.05,1,NO_ANNOT,,,Exact,0,"Haplogale Schlosser, 1887",Haplogale,urn:lsid:irmng.org:taxname:1390620,181,IRMNG,
274,Plesiosorex,Plesiosorex,33718,33729,5.86,1,NO_ANNOT,,,Exact,0,"Plesiosorex Pomel, 1848",Plesiosorex,urn:lsid:irmng.org:taxname:1129092,181,IRMNG,
275,Erinaceus,Erinaceus,33730,33739,5.69,1,NO_ANNOT,,,Exact,0,"Erinaceus Linnaeus, 1758",Erinaceus,62RKX,1,Catalogue of Life,
276,Talpa,Talpa,33744,33749,3.73,1,NO_ANNOT,,,Exact,0,"Talpa Linnaeus, 1758",Talpa,7S8Q,1,Catalogue of Life,
277,Hylobates.,Hylobates,33780,33790,3.38,1,NO_ANNOT,,,Exact,0,"Hylobates Illiger, 1811",Hylobates,5237,1,Catalogue of Life,
278,Terranova,Terranova,33960,33969,3.51,1,NO_ANNOT,,,Exact,0,"Terranova Leiper & Atkinson, 1914",Terranova,urn:lsid:irmng.org:taxname:1288934,181,IRMNG,
279,Lagomys sardus,Lagomys sardus,34092,34106,10.93,2,NO_ANNOT,,,Exact,0,Lagomys sardus Holl 1829,Lagomys sardus,367860,172,PaleoBioDB,
280,Puffinus.,Puffinus,37302,37311,5.59,1,NO_ANNOT,,,Exact,0,"Puffinus Brisson, 1760",Puffinus,75BM,1,Catalogue of Life,
281,Puffinns borealis,Puffinns borealis,37397,37414,4.24,2,NO_ANNOT,,,Fuzzy,1,Puffinus borealis (Cory 1891),Puffinus borealis,83363,172,PaleoBioDB,
282,Puffinus cinereus,Puffinus cinereus,38157,38174,12.35,2,NO_ANNOT,,,Exact,0,Puffinus cinereus,Puffinus cinereus,116680,183,Sherborn Index Animalium,
283,Puffinus,Puffinus,39051,39059,5.59,1,NO_ANNOT,,,Exact,0,"Puffinus Brisson, 1760",Puffinus,75BM,1,Catalogue of Life,
284,Puffinus conradi,Puffinus conradi,39195,39211,10.95,2,NO_ANNOT,,,Exact,0,Puffinus conradi (Marsh 1870),Puffinus conradi,80563,172,PaleoBioDB,
285,Puffima cinereus,Puffima cinereus,39304,39320,4.32,2,NO_ANNOT,,,NoMatch,,,,,,,,
286,Gmelin,Gmelin,39321,39327,2.19,1,NO_ANNOT,,,NoMatch,,,,,,,,
287,Puffinus arvernensis  rare,Puffinus arvernensis rare,39399,39425,12.70,3,NO_ANNOT,,,PartialExact,0,Puffinus arvernensis Milne Edwards 1871,Puffinus arvernensis,99673001,169,uBio NameBank,
288,Pvffimis cinereus,Pvffimis cinereus,39695,39712,5.73,2,NO_ANNOT,,,NoMatch,,,,,,,,
289,Ptiffinus conradi.,Ptiffinus conradi,39892,39910,4.81,2,NO_ANNOT,,,NoMatch,,,,,,,,
290,Puffinus arvernensis,Puffinus arvernensis,39975,39995,13.52,2,NO_ANNOT,,,Exact,0,Puffinus arvernensis Milne Edwards 1871,Puffinus arvernensis,99673001,169,uBio NameBank,
291,Puffinus arvernensis,Puffinus arvernensis,40344,40364,13.52,2,NO_ANNOT,,,Exact,0,Puffinus arvernensis Milne Edwards 1871,Puffinus arvernensis,99673001,169,uBio NameBank,
292,MilneEdwards naPuffinus arvernensis,Milneedwards napuffinus arvernensis,40868,40903,5.67,3,NO_ANNOT,,,NoMatch,,,,,,,,
293,Paffinns arvernensis,Paffinns arvernensis,41120,41140,5.04,2,NO_ANNOT,,,NoMatch,,,,,,,,
294,Puffinus,Puffinus,41288,41296,5.59,1,NO_ANNOT,,,Exact,0,"Puffinus Brisson, 1760",Puffinus,75BM,1,Catalogue of Life,
295,P. arvernensis.,P. arvernensis,41427,41442,7.60,2,NO_ANNOT,,,NoMatch,,,,,,,,
296,P. horealis,P. horealis,41830,41841,6.80,2,NO_ANNOT,,,NoMatch,,,,,,,,
297,Puffinus cinereus,Puffinus cinereus,41989,42006,12.35,2,NO_ANNOT,,,Exact,0,Puffinus cinereus,Puffinus cinereus,116680,183,Sherborn Index Animalium,
298,Puffinus,Puffinus,42360,42368,5.59,1,NO_ANNOT,,,Exact,0,"Puffinus Brisson, 1760",Puffinus,75BM,1,Catalogue of Life,
299,P. conradi,P. conradi,42403,42413,5.02,2,NO_ANNOT,,,NoMatch,,,,,,,,
300,P. arvernensis,P. arvernensis,42464,42478,7.60,2,NO_ANNOT,,,NoMatch,,,,,,,,
301,P. conradi,P. conradi,42483,42493,5.02,2,NO_ANNOT,,,NoMatch,,,,,,,,
302,Puffinus eyermani,Puffinus eyermani,42573,42590,11.84,2,SP_NOV,,,Exact,0,Puffinus eyermani Shufeldt 1896,Puffinus eyermani,369830,172,PaleoBioDB,
303,Puffinus cinereus,Puffinus cinereus,43091,43108,12.35,2,NO_ANNOT,,,Exact,0,Puffinus cinereus,Puffinus cinereus,116680,183,Sherborn Index Animalium,
304,Piiffinus borealis,Piiffinus borealis,43610,43628,6.59,2,NO_ANNOT,,,NoMatch,,,,,,,,
305,Terranova,Terranova,44378,44387,3.51,1,NO_ANNOT,,,Exact,0,"Terranova Leiper & Atkinson, 1914",Terranova,urn:lsid:irmng.org:taxname:1288934,181,IRMNG,
306,Palceolodus crassipes,Palceolodus crassipes,45114,45135,5.23,2,NO_ANNOT,,,NoMatch,,,,,,,,
307,P. amhiguus,P. amhiguus,45136,45147,5.46,2,NO_ANNOT,,,NoMatch,,,,,,,,
308,Pelecanns gracilis,Pelecanns gracilis,45265,45283,4.41,2,NO_ANNOT,,,Fuzzy,1,Pelecanus gracilis (Milne-Edwards 1867),Pelecanus gracilis,335073,172,PaleoBioDB,
309,Tantalus loculator.,Tantalus loculator,45790,45809,10.24,2,NO_ANNOT,,,Exact,0,Tantalus loculator,Tantalus loculator,32002,183,Sherborn Index Animalium,
310,T. loculator,T. loculator,45873,45885,5.53,2,NO_ANNOT,,,NoMatch,,,,,,,,
311,Tantalus milneedwardsii,Tantalus milneedwardsii,46091,46114,11.70,2,SP_NOV,,,Exact,0,Tantalus milneedwardsii (Shufeldt 1896),Tantalus milneedwardsii,369831,172,PaleoBioDB,
312,Tantalus loculator,Tantalus loculator,46207,46225,10.24,2,NO_ANNOT,,,Exact,0,Tantalus loculator,Tantalus loculator,32002,183,Sherborn Index Animalium,
313,Numenius gypsorum,Numenius gypsorum,47631,47648,11.86,2,NO_ANNOT,,,Exact,0,Numenius gypsorum (Gervais 1844),Numenius gypsorum,335245,172,PaleoBioDB,
314,Numenius,Numenius,47780,47788,4.81,1,NO_ANNOT,,,Exact,0,"Numenius Brisson, 1760",Numenius,65VC,1,Catalogue of Life,
315,Palceortyx brevipes,Palceortyx brevipes,48307,48326,3.97,2,NO_ANNOT,,,Fuzzy,1,Palaeortyx brevipes Milne-Edwards 1871,Palaeortyx brevipes,370472,172,PaleoBioDB,
316,Bubo arvernensis,Bubo arvernensis,50242,50258,8.64,2,NO_ANNOT,,,Exact,0,Bubo arvernensis (Milne-Edwards 1863),Bubo arvernensis,370901,172,PaleoBioDB,
317,Tringa gracilis,Tringa gracilis,50401,50416,11.64,2,NO_ANNOT,,,Exact,0,Tringa gracilis (Milne-Edwards 1868),Tringa gracilis,370801,172,PaleoBioDB,
318,Larus.,Larus,51165,51171,4.57,1,NO_ANNOT,,,Exact,0,"Larus Linnaeus, 1758",Larus,62XFH,1,Catalogue of Life,
319,Larus totanoides,Larus totanoides,51246,51262,11.01,2,NO_ANNOT,,,Exact,0,Larus totanoides (Milne-Edwards 1867),Larus totanoides,335054,172,PaleoBioDB,
320,Larus elegans,Larus elegans,51309,51322,9.76,2,NO_ANNOT,,,Exact,0,Larus elegans (Milne-Edwards 1867),Larus elegans,335052,172,PaleoBioDB,
321,Larus elegans,Larus elegans,51435,51448,9.76,2,NO_ANNOT,,,Exact,0,Larus elegans (Milne-Edwards 1867),Larus elegans,335052,172,PaleoBioDB,
322,Pintts eyermani anterior,Pintts eyermani anterior,51966,51990,2.86,3,NO_ANNOT,,,NoMatch,,,,,,,,
323,Puffinus eyermani.,Puffinus eyermani,52066,52084,11.84,2,NO_ANNOT,,,Exact,0,Puffinus eyermani Shufeldt 1896,Puffinus eyermani,369830,172,PaleoBioDB,
324,Puffinus arvernensis ␤ anterior,Puffinus arvernensis anterior,52302,52333,14.58,3,NO_ANNOT,,,PartialExact,0,Puffinus arvernensis Milne Edwards 1871,Puffinus arvernensis,99673001,169,uBio NameBank,
325,Puffinus arvernensis,Puffinus arvernensis,52401,52421,13.52,2,NO_ANNOT,,,Exact,0,Puffinus arvernensis Milne Edwards 1871,Puffinus arvernensis,99673001,169,uBio NameBank,
326,Puffinus arvernensis,Puffinus arvernensis,52483,52503,13.52,2,NO_ANNOT,,,Exact,0,Puffinus arvernensis Milne Edwards 1871,Puffinus arvernensis,99673001,169,uBio NameBank,
327,Puffinus eyermani,Puffinus eyermani,52549,52566,11.84,2,NO_ANNOT,,,Exact,0,Puffinus eyermani Shufeldt 1896,Puffinus eyermani,369830,172,PaleoBioDB,
328,Puffinus arvernensis,Puffinus arvernensis,52687,52707,13.52,2,NO_ANNOT,,,Exact,0,Puffinus arvernensis Milne Edwards 1871,Puffinus arvernensis,99673001,169,uBio NameBank,
329,Megaderma frons,Megaderma frons,54853,54868,4.78,2,NO_ANNOT,,,Exact,0,"Megaderma frons É. Geoffroy Saint-Hilaire, 1810",Megaderma frons,3YTFQ,1,Catalogue of Life,
330,Nycteris capensis,Nycteris capensis,54882,54899,12.23,2,NO_ANNOT,,,Exact,0,"Nycteris capensis A. Smith, 1829",Nycteris capensis,88SDR,1,Catalogue of Life,
331,Scotophilus miaiinus,Scotophilus miaiinus,54900,54920,8.27,2,NO_ANNOT,,,PartialExact,0,"Scotophilus Leach, 1821",Scotophilus,644X2,1,Catalogue of Life,
332,Hippopotamus amphibius,Hippopotamus amphibius,54946,54968,11.48,2,NO_ANNOT,,,Exact,0,"Hippopotamus amphibius Linnaeus, 1758",Hippopotamus amphibius,3M2JB,1,Catalogue of Life,
333,Phacochoerus afrioanus,Phacochoerus afrioanus,55069,55091,2.70,2,NO_ANNOT,,,Fuzzy,1,"Phacochoerus africanus (Gmelin, 1788)",Phacochoerus africanus,4FKFT,1,Catalogue of Life,
334,GirafFa camelopardalis,Giraffa camelopardalis,55194,55216,7.38,2,NO_ANNOT,,,Exact,0,"Giraffa camelopardalis (Linnaeus, 1758)",Giraffa camelopardalis,3G3KN,1,Catalogue of Life,
335,Giraffa camelopardalis australis,Giraffa camelopardalis australis,55758,55790,12.96,3,NO_ANNOT,,,Exact,0,"Giraffa camelopardalis australis Rhoads, 1896",Giraffa camelopardalis australis,7625498,11,GBIF Backbone Taxonomy,
336,Bubalis swaynei,Bubalis swaynei,55804,55819,9.77,2,NO_ANNOT,,,Exact,0,Bubalis swaynei Sclater,Bubalis swaynei,gn_141207,186,MCZbase,
337,Bubalis cokei,Bubalis cokei,55919,55932,8.67,2,NO_ANNOT,,,Exact,0,"Bubalis cokei (Günther, 1884)",Bubalis cokei,8626065,11,GBIF Backbone Taxonomy,
338,Damaliscus jimela,Damaliscus jimela,56118,56135,11.58,2,NO_ANNOT,,,Exact,0,"Damaliscus jimela (Matschie, 1892)",Damaliscus jimela,32311,174,Mammal Species of the World,
339,Madoqua guentheri,Madoqua guentheri,56251,56268,10.93,2,NO_ANNOT,,,Exact,0,"Madoqua guentheri Thomas, 1894",Madoqua guentheri,72TDF,1,Catalogue of Life,
340,M. phillipsi,M. phillipsi,56528,56540,4.78,2,NO_ANNOT,,,NoMatch,,,,,,,,
341,Madoqua phillipsi.,Madoqua phillipsi,56927,56945,8.68,2,NO_ANNOT,,,Exact,0,Madoqua phillipsi Thomas 1894,Madoqua phillipsi,231408,172,PaleoBioDB,
342,Oreotragus oreotragus,Oreotragus oreotragus,57100,57121,11.68,2,NO_ANNOT,,,Exact,0,"Oreotragus oreotragus (Zimmermann, 1783)",Oreotragus oreotragus,6STZP,1,Catalogue of Life,
343,Kobus ellipsiprymnus,Kobus ellipsiprymnus,57264,57284,11.28,2,NO_ANNOT,,,Exact,0,"Kobus ellipsiprymnus (Ogilby, 1833)",Kobus ellipsiprymnus,3RB5R,1,Catalogue of Life,
344,Kobus defassa,Kobus defassa,57375,57388,9.67,2,NO_ANNOT,,,Exact,0,Kobus defassa (Rüppell 1835),Kobus defassa,235887,172,PaleoBioDB,
345,Cervicapra,Cervicapra,57472,57482,3.85,1,NO_ANNOT,,,Exact,0,"Cervicapra Sparrman, 1780",Cervicapra,3L9V,1,Catalogue of Life,
346,Gazella thomsoni,Gazella thomsoni,57621,57637,12.39,2,NO_ANNOT,,,Exact,0,Gazella thomsoni (Gunther 1884),Gazella thomsoni,163854,172,PaleoBioDB,
347,G. petersi.,G. petersi,57893,57904,4.72,2,NO_ANNOT,,,NoMatch,,,,,,,,
348,Gazella soemmerringi berberana,Gazella soemmerringi berberana,58008,58038,17.92,3,NO_ANNOT,,,Exact,0,Gazella soemmerringi berberana,Gazella soemmerringi berberana,gn_164443,186,MCZbase,
349,Lithocranius walleri,Lithocranius walleri,58167,58187,12.51,2,NO_ANNOT,,,Exact,0,Lithocranius walleri,Lithocranius walleri,gn_148690,186,MCZbase,
350,Oryx beisa,Oryx beisa,58390,58400,6.87,2,NO_ANNOT,,,Exact,0,"Oryx beisa (Rüppell, 1835)",Oryx beisa,74ZD4,1,Catalogue of Life,
351,Strepsiceros strepsiceros,Strepsiceros strepsiceros,58559,58584,11.53,2,NO_ANNOT,,,Exact,0,Strepsiceros strepsiceros (Pallas 1766),Strepsiceros strepsiceros,236724,172,PaleoBioDB,
352,Gazella petersi,Gazella petersi,58686,58701,10.84,2,NO_ANNOT,,,PartialExact,0,"Gazella Blainville, 1816",Gazella,4MJB,1,Catalogue of Life,
353,Strepsiceros imberbis,Strepsiceros imberbis,58789,58810,11.35,2,NO_ANNOT,,,Exact,0,Strepsiceros imberbis (Blythe 1869),Strepsiceros imberbis,234375,172,PaleoBioDB,
354,Equus grevyi,Equus grevyi,58912,58924,7.90,2,NO_ANNOT,,,Exact,0,"Equus (Hippotigris) grevyi Oustalet, 1882",Equus grevyi,7TKN5,1,Catalogue of Life,
355,E. caballus,E. caballus,59538,59549,6.64,2,NO_ANNOT,,,NoMatch,,,,,,,,
356,Rhinoceros bicornis,Rhinoceros bicornis,60201,60220,10.91,2,NO_ANNOT,,,Exact,0,"Rhinoceros bicornis Linnaeus, 1758",Rhinoceros bicornis,4S849,1,Catalogue of Life,
357,Rhinoceros simus,Rhinoceros simus,60475,60491,9.35,2,NO_ANNOT,,,Exact,0,"Rhinoceros simus Burchell, 1817",Rhinoceros simus,4S84W,1,Catalogue of Life,
358,Procavia brucei somalica,Procavia brucei somalica,60665,60689,14.77,3,NO_ANNOT,,,PartialExact,0,Procavia brucei (Gray 1868),Procavia brucei,236852,172,PaleoBioDB,
359,Elephas africanus,Elephas africanus,61389,61406,7.32,2,NO_ANNOT,,,Exact,0,Elephas africanus (Blumenbach 1797),Elephas africanus,157817,172,PaleoBioDB,
360,Sciurus,Sciurus,61523,61530,5.01,1,NO_ANNOT,,,Exact,0,"Sciurus Linnaeus, 1758",Sciurus,63TBP,1,Catalogue of Life,
361,S. poensis,S. poensis,62711,62721,6.82,2,NO_ANNOT,,,NoMatch,,,,,,,,
362,Like poensis,Like poensis,62827,62839,0.27,2,NO_ANNOT,,,NoMatch,,,,,,,,
363,S. cepapi,S. cepapi,62943,62952,3.74,2,NO_ANNOT,,,NoMatch,,,,,,,,
364,Sciurus,Sciurus,63046,63053,5.01,1,NO_ANNOT,,,Exact,0,"Sciurus Linnaeus, 1758",Sciurus,63TBP,1,Catalogue of Life,
365,S. annulatus,S. annulatus,63156,63168,7.39,2,NO_ANNOT,,,NoMatch,,,,,,,,
366,S. cepapi,S. cepapi,63179,63188,3.74,2,NO_ANNOT,,,NoMatch,,,,,,,,
367,Like cepapi,Like cepapi,63196,63207,,2,NO_ANNOT,,,NoMatch,,,,,,,,
368,Sciurus ganana,Sciurus ganana,63466,63480,11.47,2,SP_NOV,,,Exact,0,Sciurus ganana,Sciurus ganana,3877080,168,ION,
369,S. cepapi,S. cepapi,66071,66080,3.74,2,NO_ANNOT,,,NoMatch,,,,,,,,
370,Xerus rutilus,Xerus rutilus,66418,66431,9.98,2,NO_ANNOT,,,Exact,0,"Xerus (Xerus) rutilus (Cretzschmar, 1828)",Xerus rutilus,7X85X,1,Catalogue of Life,
371,Dere,Dere,68759,68763,0.74,1,NO_ANNOT,,,Exact,0,Dere,Dere,43D6,1,Catalogue of Life,
372,Lophiomys smithi,Lophiomys smithi,68993,69009,9.33,2,SP_NOV,,,Exact,0,"Lophiomys smithi Rhoads, 1896",Lophiomys smithi,11418,174,Mammal Species of the World,
373,L. imhausi,L. imhausi,69266,69276,4.90,2,NO_ANNOT,,,NoMatch,,,,,,,,
374,Phractomys cethiopicus,Phractomys cethiopicus,72561,72583,7.96,2,NO_ANNOT,,,Fuzzy,1,Phractomys aethiopicus,Phractomys aethiopicus,4236483,168,ION,
375,Acomys spinosissimus,Acomys spinosissimus,75704,75724,11.49,2,NO_ANNOT,,,Exact,0,"Acomys (Acomys) spinosissimus Peters, 1852",Acomys spinosissimus,7QBF5,1,Catalogue of Life,
376,Acomys.,Acomys,75741,75748,4.53,1,NO_ANNOT,,,Exact,0,"Acomys I. Geoffroy, 1838",Acomys,N5B,1,Catalogue of Life,
377,Acomys,Acomys,78290,78296,4.53,1,NO_ANNOT,,,Exact,0,"Acomys I. Geoffroy, 1838",Acomys,N5B,1,Catalogue of Life,
378,Acomys,Acomys,78523,78529,4.53,1,NO_ANNOT,,,Exact,0,"Acomys I. Geoffroy, 1838",Acomys,N5B,1,Catalogue of Life,
379,Acomys wilsoni,Acomys wilsoni,78776,78790,10.93,2,NO_ANNOT,,,Exact,0,"Acomys (Acomys) wilsoni Thomas, 1892",Acomys wilsoni,7QBF6,1,Catalogue of Life,
380,Acomys,Acomys,79148,79154,4.53,1,NO_ANNOT,,,Exact,0,"Acomys I. Geoffroy, 1838",Acomys,N5B,1,Catalogue of Life,
381,Amara.,Amara,79212,79218,2.97,1,SP_NOV,,,Exact,0,Amara,Amara,T8H,1,Catalogue of Life,
382,Steatoniys parvus,Steatoniys parvus,79222,79239,2.99,2,SP_NOV,,,NoMatch,,,,,,,,
383,Steatomys pratensis,Steatomys pratensis,79542,79561,12.75,2,NO_ANNOT,,,Exact,0,"Steatomys pratensis Peters, 1846",Steatomys pratensis,4ZMTB,1,Catalogue of Life,
384,S.␤edulis,S. edulis,79569,79578,6.32,2,NO_ANNOT,,,NoMatch,,,,,,,,
385,S. pratensis,S. pratensis,80379,80391,7.17,2,NO_ANNOT,,,NoMatch,,,,,,,,
386,S. krebsi,S. krebsi,80396,80405,4.44,2,NO_ANNOT,,,NoMatch,,,,,,,,
387,Mus barbarus,Mus barbarus,80705,80717,6.76,2,NO_ANNOT,,,Exact,0,Mus barbarus,Mus barbarus,6367,183,Sherborn Index Animalium,
388,Mus microdon,Mus microdon,81137,81149,5.51,2,NO_ANNOT,,,Exact,0,"Mus microdon Peters, 1852",Mus microdon,44NJH,1,Catalogue of Life,
389,Pseudoconomys,Pseudoconomys,82163,82176,5.85,1,NO_ANNOT,,,Exact,0,"Pseudoconomys Rhoads, 1896",Pseudoconomys,6439P,1,Catalogue of Life,
390,Pseudoconomys proconodon,Pseudoconomys proconodon,82714,82738,11.68,2,SP_NOV,,,PartialExact,0,"Pseudoconomys Rhoads, 1896",Pseudoconomys,6439P,1,Catalogue of Life,
391,Mus musculus,Mus musculus,83441,83453,6.93,2,NO_ANNOT,,,Exact,0,"Mus (Mus) musculus Linnaeus, 1758",Mus musculus,7VW9H,1,Catalogue of Life,
392,Mus minutoides,Mus minutoides,84580,84594,6.39,2,NO_ANNOT,,,Exact,0,"Mus (Nannomys) minutoides A. Smith, 1834",Mus minutoides,7VW9Y,1,Catalogue of Life,
393,Mus minimus,Mus minimus,84763,84774,6.21,2,NO_ANNOT,,,Exact,0,"Mus minimus Peters, 1852",Mus minimus,7VWCL,1,Catalogue of Life,
394,Mammalia,Mammalia,84782,84790,2.77,1,NO_ANNOT,,,Exact,0,"Mammalia Linnaeus, 1758",Mammalia,6224G,1,Catalogue of Life,
395,Mus mahomet,Mus mahomet,84980,84991,4.31,2,SP_NOV,,,Exact,0,"Mus (Nannomys) mahomet Rhoads, 1896",Mus mahomet,7VW9W,1,Catalogue of Life,
396,Mus minutoides,Mus minutoides,85243,85257,6.39,2,NO_ANNOT,,,Exact,0,"Mus (Nannomys) minutoides A. Smith, 1834",Mus minutoides,7VW9Y,1,Catalogue of Life,
397,Mus musculus,Mus musculus,85975,85987,6.93,2,NO_ANNOT,,,Exact,0,"Mus (Mus) musculus Linnaeus, 1758",Mus musculus,7VW9H,1,Catalogue of Life,
398,TMus arborarius,Tmus arborarius,87092,87107,4.63,2,NO_ANNOT,,,NoMatch,,,,,,,,
399,M. arborarius,M. arborarius,87302,87315,6.78,2,NO_ANNOT,,,NoMatch,,,,,,,,
400,M. dolichurus.,M. dolichurus,87342,87356,6.75,2,NO_ANNOT,,,NoMatch,,,,,,,,
401,Lophuromys sikapusi,Lophuromys sikapusi,88948,88967,10.83,2,NO_ANNOT,,,Exact,0,"Lophuromys (Lophuromys) sikapusi (Temminck, 1853)",Lophuromys sikapusi,7VQQW,1,Catalogue of Life,
402,LasiomyK afer.,Lasiomyk afer,89216,89230,0.92,2,NO_ANNOT,,,Fuzzy,1,"Lasiomys afer Peters, 1866",Lasiomys afer,7VMBJ,1,Catalogue of Life,
403,Acomys.,Acomys,90034,90041,4.53,1,NO_ANNOT,,,Exact,0,"Acomys I. Geoffroy, 1838",Acomys,N5B,1,Catalogue of Life,
404,Golunda reichardi,Golunda reichardi,90046,90063,10.22,2,NO_ANNOT,,,PartialExact,0,"Golunda Gray, 1837",Golunda,634LK,1,Catalogue of Life,
405,PeJomys fallax,Pejomys fallax,90274,90288,2.50,2,NO_ANNOT,,,Fuzzy,1,"Pelomys fallax (Peters, 1852)",Pelomys fallax,76D7L,1,Catalogue of Life,
406,Dendromys mesomelas,Dendromys mesomelas,90970,90989,10.35,2,NO_ANNOT,,,Fuzzy,1,"Dendromus mesomelas (Brants, 1827)",Dendromus mesomelas,6CJHM,1,Catalogue of Life,
407,Dendromys,Dendromys,91027,91036,5.24,1,NO_ANNOT,,,Exact,0,"Dendromys J. B. Fischer, 1830",Dendromys,4335,1,Catalogue of Life,
408,D. typicus,D. typicus,91425,91435,6.47,2,NO_ANNOT,,,NoMatch,,,,,,,,
409,Dendromys,Dendromys,91843,91852,5.24,1,NO_ANNOT,,,Exact,0,"Dendromys J. B. Fischer, 1830",Dendromys,4335,1,Catalogue of Life,
410,D. mystacalis,D. mystacalis,92356,92369,7.08,2,NO_ANNOT,,,NoMatch,,,,,,,,
411,Dendromys,Dendromys,92700,92709,5.24,1,NO_ANNOT,,,Exact,0,"Dendromys J. B. Fischer, 1830",Dendromys,4335,1,Catalogue of Life,
412,Gerbillus,Gerbillus,93269,93278,5.92,1,NO_ANNOT,,,Exact,0,"Gerbillus Desmarest, 1804",Gerbillus,4N64,1,Catalogue of Life,
413,G. schlegeli,G. schlegeli,93417,93429,5.73,2,NO_ANNOT,,,NoMatch,,,,,,,,
414,G. schlegeli.,G. schlegeli,93650,93663,5.73,2,NO_ANNOT,,,NoMatch,,,,,,,,
415,Gerbillus,Gerbillus,93836,93845,5.92,1,SP_NOV,,,Exact,0,"Gerbillus Desmarest, 1804",Gerbillus,4N64,1,Catalogue of Life,
416,Gerbillus,Gerbillus,94198,94207,5.92,1,NO_ANNOT,,,Exact,0,"Gerbillus Desmarest, 1804",Gerbillus,4N64,1,Catalogue of Life,
417,Gerbillus,Gerbillus,95527,95536,5.92,1,NO_ANNOT,,,Exact,0,"Gerbillus Desmarest, 1804",Gerbillus,4N64,1,Catalogue of Life,
418,Gerbillus pulvinatus,Gerbillus pulvinatus,96243,96263,13.76,2,NO_ANNOT,,,Exact,0,"Gerbillus (Gerbillus) pulvinatus Rhoads, 1896",Gerbillus pulvinatus,7V4X2,1,Catalogue of Life,
419,Gerbillus.,Gerbillus,96283,96293,5.92,1,NO_ANNOT,,,Exact,0,"Gerbillus Desmarest, 1804",Gerbillus,4N64,1,Catalogue of Life,
420,Audital bullae,Audital bullae,97710,97724,1.27,2,NO_ANNOT,,,NoMatch,,,,,,,,
421,Gerbillus ruberrimus,Gerbillus ruberrimus,99211,99231,12.65,2,NO_ANNOT,,,Exact,0,"Gerbillus ruberrimus Rhoads, 1896",Gerbillus ruberrimus,7V52K,1,Catalogue of Life,
422,Gerbillus.,Gerbillus,99252,99262,5.92,1,NO_ANNOT,,,Exact,0,"Gerbillus Desmarest, 1804",Gerbillus,4N64,1,Catalogue of Life,
423,Tail unicolor,Tail unicolor,99950,99963,,2,NO_ANNOT,,,NoMatch,,,,,,,,
424,G. pusillus,G. pusillus,101081,101092,6.64,2,NO_ANNOT,,,NoMatch,,,,,,,,
425,Otomys irroratus,Otomys irroratus,101332,101348,12.25,2,NO_ANNOT,,,Exact,0,"Otomys irroratus (Brants, 1827)",Otomys irroratus,4B7KM,1,Catalogue of Life,
426,Otomys.,Otomys,101365,101372,4.53,1,NO_ANNOT,,,Exact,0,"Otomys F. Cuvier, 1824",Otomys,63HZL,1,Catalogue of Life,
427,Heterocephalus glaber,Heterocephalus glaber,102227,102248,10.20,2,NO_ANNOT,,,Exact,0,"Heterocephalus glaber Rüppell, 1842",Heterocephalus glaber,3L83H,1,Catalogue of Life,
428,Heterocephalus,Heterocephalus,102885,102899,6.76,1,NO_ANNOT,,,Exact,0,"Heterocephalus Rüppell, 1842",Heterocephalus,6372X,1,Catalogue of Life,
429,Mas decumanus,Mas decumanus,103936,103949,3.10,2,NO_ANNOT,,,NoMatch,,,,,,,,
430,Heterocephalus,Heterocephalus,106840,106854,6.76,1,NO_ANNOT,,,Exact,0,"Heterocephalus Rüppell, 1842",Heterocephalus,6372X,1,Catalogue of Life,
431,H. phillipsi,H. phillipsi,106976,106988,4.78,2,NO_ANNOT,,,NoMatch,,,,,,,,
432,Heterocephalus.,Heterocephalus,107142,107157,6.76,1,NO_ANNOT,,,Exact,0,"Heterocephalus Rüppell, 1842",Heterocephalus,6372X,1,Catalogue of Life,
433,Rliizomys splendens,Rliizomys splendens,107611,107630,5.36,2,NO_ANNOT,,,NoMatch,,,,,,,,
434,Dembea.,Dembea,107848,107855,4.27,1,NO_ANNOT,,,Exact,0,Dembea,Dembea,62Q8R,1,Catalogue of Life,
435,Pectinator spekei,Pectinator spekei,107860,107877,9.53,2,NO_ANNOT,,,Exact,0,"Pectinator spekei Blyth, 1856",Pectinator spekei,767NN,1,Catalogue of Life,
436,L. ochropus,L. ochropus,108413,108424,5.92,2,NO_ANNOT,,,NoMatch,,,,,,,,
437,Felis leo somaliensis,Felis leo somaliensis,108491,108512,7.92,3,NO_ANNOT,,,Exact,0,Felis leo somaliensis,Felis leo somaliensis,3798264,168,ION,
438,Felis pardus nimr,Felis pardus nimr,108623,108640,11.22,3,NO_ANNOT,,,PartialExact,0,"Felis nimr Hemprich and Ehrenberg, 1833",Felis nimr,144641812,158,EUNIS,
439,Felis caracal nubica,Felis caracal nubica,108809,108829,8.95,3,NO_ANNOT,,,PartialExact,0,"Felis caracal Schreber, 1776",Felis caracal,3DXV2,1,Catalogue of Life,
440,Felis maniculata,Felis maniculata,109143,109159,11.45,2,NO_ANNOT,,,Exact,0,"Felis maniculata Yerbury and Thomas, 1895",Felis maniculata,25591,174,Mammal Species of the World,
441,F. cafer  caffer,F. cafer caffer,109372,109388,7.30,3,NO_ANNOT,,,NoMatch,,,,,,,,
442,Cynailurus jubatus guttatus,Cynailurus jubatus guttatus,109435,109462,18.22,3,NO_ANNOT,,,Exact,0,Cynailurus jubatus guttatus,Cynailurus jubatus guttatus,gn_147601,186,MCZbase,
443,Helogale undulata,Helogale undulata,109564,109581,11.62,2,NO_ANNOT,,,Exact,0,Helogale undulata (Peters 1852),Helogale undulata,232116,172,PaleoBioDB,
444,Herpestes gracilis ochraceus,Herpestes gracilis ochraceus,109954,109982,15.57,3,NO_ANNOT,,,PartialExact,0,Herpestes ochraceus J. E. Gray,Herpestes ochraceus,1006044,184,ASM Mammal Diversity DB,
445,Herpestes,Herpestes,110044,110053,3.38,1,NO_ANNOT,,,Exact,0,"Herpestes Illiger, 1811",Herpestes,4VWT,1,Catalogue of Life,
446,Genetta tigrina,Genetta tigrina,110682,110697,11.24,2,NO_ANNOT,,,Exact,0,"Genetta tigrina (Schreber, 1776)",Genetta tigrina,3FKPC,1,Catalogue of Life,
447,Hyaena crocuta,Hyaena crocuta,111144,111158,9.54,2,NO_ANNOT,,,Exact,0,Hyaena crocuta (Erxleben 1777),Hyaena crocuta,365929,172,PaleoBioDB,
448,Canis mesomelas,Canis mesomelas,111356,111371,9.65,2,NO_ANNOT,,,Exact,0,"Canis mesomelas Schreber, 1775",Canis mesomelas,QLXN,1,Catalogue of Life,
449,Mellivora ratel,Mellivora ratel,111586,111601,6.12,2,NO_ANNOT,,,Exact,0,"Mellivora ratel Horsfield, 1851",Mellivora ratel,3ZLBG,1,Catalogue of Life,
450,Erinaceus albiventris atratus,Erinaceus albiventris atratus,111831,111860,18.46,3,SUBSP_NOV,,,Exact,0,Erinaceus albiventris atratus,Erinaceus albiventris atratus,3877071,168,ION,
451,E. albiventris,E. albiventris,112088,112102,7.33,2,NO_ANNOT,,,NoMatch,,,,,,,,
452,E. diadematus,E. diadematus,114087,114100,7.50,2,NO_ANNOT,,,NoMatch,,,,,,,,
453,Macroscelides rufescens,Macroscelides rufescens,114357,114380,11.97,2,NO_ANNOT,,,Exact,0,"Macroscelides rufescens Peters, 1878",Macroscelides rufescens,11066855,11,GBIF Backbone Taxonomy,
454,M. intufi,M. intufi,114472,114481,3.74,2,NO_ANNOT,,,NoMatch,,,,,,,,
455,Macroscelides,Macroscelides,114825,114838,5.54,1,NO_ANNOT,,,Exact,0,"Macroscelides A. Smith, 1829",Macroscelides,5JNF,1,Catalogue of Life,
456,Crocidura doriana,Crocidura doriana,115083,115100,12.22,2,NO_ANNOT,,,Exact,0,"Crocidura doriana Dobson, 1887",Crocidura doriana,18924,174,Mammal Species of the World,
457,Crocidura,Crocidura,115331,115340,5.48,1,NO_ANNOT,,,Exact,0,"Crocidura Wagler, 1832",Crocidura,3W2V,1,Catalogue of Life,
458,C. leucura,C. leucura,115771,115781,5.67,2,NO_ANNOT,,,NoMatch,,,,,,,,
459,Cercopithecus rufoviridis,Cercopithecus rufoviridis,115875,115900,13.94,2,NO_ANNOT,,,Fuzzy,1,Cercopithecus rufo-viridis,Cercopithecus rufo-viridis,339703,183,Sherborn Index Animalium,
460,C. flavidus,C. flavidus,116061,116072,6.26,2,NO_ANNOT,,,NoMatch,,,,,,,,
461,Colobus guereza,Colobus guereza,116252,116267,7.44,2,NO_ANNOT,,,Exact,0,"Colobus guereza Rüppell, 1835",Colobus guereza,5ZN3P,1,Catalogue of Life,
462,HYMENOPTERA,Hymenoptera,116640,116651,5.44,1,NO_ANNOT,,,Exact,0,Hymenoptera,Hymenoptera,HYM,1,Catalogue of Life,
463,Hymenoptera,Hymenoptera,116774,116785,5.44,1,NO_ANNOT,,,Exact,0,Hymenoptera,Hymenoptera,HYM,1,Catalogue of Life,
464,MUTILLID.,Mutillid,117380,117389,1.80,1,NO_ANNOT,,,Exact,0,Mutillid,Mutillid,3772847,168,ION,
465,Apterogyna,Apterogyna,117390,117400,4.93,1,NO_ANNOT,,,Exact,0,"Apterogyna Reitter, 1902",Apterogyna,ZD4,1,Catalogue of Life,
466,Mutilla pedunculata,Mutilla pedunculata,117457,117476,14.11,2,NO_ANNOT,,,Exact,0,Mutilla pedunculata,Mutilla pedunculata,296645,183,Sherborn Index Animalium,
467,Mutilla sinuata,Mutilla sinuata,117548,117563,13.33,2,NO_ANNOT,,,Exact,0,Mutilla sinuata,Mutilla sinuata,356964,183,Sherborn Index Animalium,
468,Mutilla tricolor,Mutilla tricolor,117632,117648,8.90,2,NO_ANNOT,,,Exact,0,Mutilla tricolor,Mutilla tricolor,387204,183,Sherborn Index Animalium,
469,Mutilla guineensis,Mutilla guineensis,117702,117720,13.41,2,NO_ANNOT,,,Exact,0,Mutilla guineensis,Mutilla guineensis,23391,183,Sherborn Index Animalium,
470,Mutilla mephitis,Mutilla mephitis,117777,117793,8.88,2,NO_ANNOT,,,Exact,0,Mutilla mephitis Smith,Mutilla mephitis,4190161,168,ION,
471,Laga,Laga,117816,117820,3.59,1,NO_ANNOT,,,Exact,0,"Laga Gistl, 1848",Laga,urn:lsid:irmng.org:taxname:1439334,181,IRMNG,
472,Mutilla leda,Mutilla leda,117839,117851,5.20,2,SP_NOV,,,Exact,0,Mutilla leda Blake 1872,Mutilla leda,gn_191766,186,MCZbase,
473,Mutilla somalica,Mutilla somalica,119945,119961,13.05,2,SP_NOV,,,Exact,0,Mutilla somalica,Mutilla somalica,3866162,168,ION,
474,Mutillids,Mutillids,121309,121318,1.29,1,NO_ANNOT,,,Exact,0,Mutillids,Mutillids,3040158,168,ION,
475,Soolia ruficornis,Soolia ruficornis,121457,121474,4.84,2,NO_ANNOT,,,Fuzzy,1,Scolia ruficornis,Scolia ruficornis,49315,183,Sherborn Index Animalium,
476,Ells aureola,Ells aureola,121565,121577,1.10,2,NO_ANNOT,,,NoMatch,,,,,,,,
477,Cosila,Cosila,121648,121654,3.45,1,SP_NOV,,,Exact,0,"Cosila Guérin-Méneville, 1838",Cosila,urn:lsid:irmng.org:taxname:1316083,181,IRMNG,
478,Cosila.,Cosila,123320,123327,3.45,1,NO_ANNOT,,,Exact,0,"Cosila Guérin-Méneville, 1838",Cosila,urn:lsid:irmng.org:taxname:1316083,181,IRMNG,
479,Pompilus dimidiatus,Pompilus dimidiatus,123340,123359,13.59,2,NO_ANNOT,,,Exact,0,"Pompilus dimidiatus Dahlbom, 1845",Pompilus dimidiatus,4LRWF,1,Catalogue of Life,
480,Laga,Laga,123381,123385,3.59,1,NO_ANNOT,,,Exact,0,"Laga Gistl, 1848",Laga,urn:lsid:irmng.org:taxname:1439334,181,IRMNG,
481,Pompilus viaticus,Pompilus viaticus,123414,123431,12.75,2,NO_ANNOT,,,Exact,0,"Pompilus viaticus (Linnaeus, 1758)",Pompilus viaticus,4LT8S,1,Catalogue of Life,
482,Pompilus pulcher,Pompilus pulcher,123480,123496,8.87,2,NO_ANNOT,,,Exact,0,"Pompilus pulcher Herrich-Schaeffer, 1830",Pompilus pulcher,4LSRT,1,Catalogue of Life,
483,Pompilus umbrosus,Pompilus umbrosus,123534,123551,12.69,2,NO_ANNOT,,,Exact,0,"Pompilus umbrosus Klug, 1834",Pompilus umbrosus,4LT69,1,Catalogue of Life,
484,Pompilus,Pompilus,123611,123619,5.75,1,NO_ANNOT,,,Exact,0,Pompilus,Pompilus,63NZ9,1,Catalogue of Life,
485,Pompilus,Pompilus,123672,123680,5.75,1,SP_NOV,,,Exact,0,Pompilus,Pompilus,63NZ9,1,Catalogue of Life,
486,Pedinaspis ␤somalicus,Pedinaspis somalicus,123681,123702,13.02,2,SP_NOV,,,PartialExact,0,Pedinaspis,Pedinaspis,63L4K,1,Catalogue of Life,
487,Fompilus somalicus,Fompilus somalicus,125101,125119,12.91,2,NO_ANNOT,,,Fuzzy,1,Pompilus (Pedinaspis?) somalicus,Pompilus somalicus,3866198,168,ION,
488,Pompilus,Pompilus,125535,125543,5.75,1,NO_ANNOT,,,Exact,0,Pompilus,Pompilus,63NZ9,1,Catalogue of Life,
489,Pedinaspis,Pedinaspis,125603,125613,5.86,1,NO_ANNOT,,,Exact,0,Pedinaspis,Pedinaspis,63L4K,1,Catalogue of Life,
490,Salius,Salius,125718,125724,4.27,1,NO_ANNOT,,,Exact,0,Salius,Salius,87KGK,1,Catalogue of Life,
491,Cyphonyx fiavicornis,Cyphonyx fiavicornis,125725,125745,11.89,2,NO_ANNOT,,,Fuzzy,1,Cyphonyx flavicornis Dahl.,Cyphonyx flavicornis,3960837,168,ION,
492,Salius,Salius,125847,125853,4.27,1,NO_ANNOT,,,Exact,0,Salius,Salius,87KGK,1,Catalogue of Life,
493,Hemipepsis atropos,Hemipepsis atropos,125854,125872,6.37,2,NO_ANNOT,,,PartialExact,0,Hemipepsis,Hemipepsis,62VJT,1,Catalogue of Life,
494,Sphex,Sphex,126043,126048,2.73,1,NO_ANNOT,,,Exact,0,"Sphex Linnaeus, 1758",Sphex,7KTP,1,Catalogue of Life,
495,Chlorion xanthocerus var.␤maxillaris,Chlorion xanthocerus var. maxillaris,126049,126085,18.39,3,NO_ANNOT,,,Fuzzy,1,"Chlorion xanthocerum maxillaris (Palisot de Beauvois, 1805)",Chlorion xanthocerum maxillaris,7JM5Z,1,Catalogue of Life,
496,Sphex,Sphex,126130,126135,2.73,1,NO_ANNOT,,,Exact,0,"Sphex Linnaeus, 1758",Sphex,7KTP,1,Catalogue of Life,
497,Chlorion regalis,Chlorion regalis,126136,126152,9.71,2,NO_ANNOT,,,Exact,0,Chlorion regalis Smith 1873,Chlorion regalis,4171232,168,ION,
498,Sphex,Sphex,126458,126463,2.73,1,NO_ANNOT,,,Exact,0,"Sphex Linnaeus, 1758",Sphex,7KTP,1,Catalogue of Life,
499,Parasphex marginatus,Parasphex marginatus,126464,126484,11.42,2,NO_ANNOT,,,Exact,0,"Parasphex marginatus F. Smith, 1856",Parasphex marginatus,4DCQ7,1,Catalogue of Life,
500,Sceliphron,Sceliphron,126572,126582,4.64,1,NO_ANNOT,,,Exact,0,"Sceliphron Klug, 1801",Sceliphron,7D8R,1,Catalogue of Life,
501,Sceliphron spirifex,Sceliphron spirifex,126641,126660,9.19,2,NO_ANNOT,,,Exact,0,"Sceliphron spirifex (Linnaeus, 1758)",Sceliphron spirifex,4V4VJ,1,Catalogue of Life,
502,Sceliphron violaceum,Sceliphron violaceum,126718,126738,10.72,2,NO_ANNOT,,,Exact,0,"Sceliphron violaceum (Fabricius, 1775)",Sceliphron violaceum,4V4VY,1,Catalogue of Life,
503,AmmopMla ferrugineipes,Ammopmla ferrugineipes,126790,126812,3.74,2,NO_ANNOT,,,NoMatch,,,,,,,,
504,Ammophila lugubris,Ammophila lugubris,126864,126882,11.23,2,NO_ANNOT,,,Exact,0,"Ammophila lugubris Gerstaecker in Peters, 1858",Ammophila lugubris,CV2X,1,Catalogue of Life,
505,Ammophila holosericea,Ammophila holosericea,126943,126964,11.26,2,NO_ANNOT,,,Exact,0,"Ammophila holosericea (Fabricius, 1793)",Ammophila holosericea,66CFN,1,Catalogue of Life,
506,Ammophila insignis,Ammophila insignis,127014,127032,11.18,2,NO_ANNOT,,,Exact,0,"Ammophila insignis F. Smith, 1856",Ammophila insignis,66CHC,1,Catalogue of Life,
507,Ammophila beninensis,Ammophila beninensis,127074,127094,11.78,2,NO_ANNOT,,,Fuzzy,1,"Ammophila beniniensis (Palisot de Beauvois, 1806)",Ammophila beniniensis,66CRG,1,Catalogue of Life,
508,Sphecius,Sphecius,127397,127405,4.81,1,NO_ANNOT,,,Exact,0,"Sphecius Dahlbom, 1843",Sphecius,7KPD,1,Catalogue of Life,
509,Liris haemorrhoidalis,Liris haemorrhoidalis,128763,128784,12.49,2,NO_ANNOT,,,Exact,0,"Liris haemorrhoidalis (Fabricius, 1804)",Liris haemorrhoidalis,3VD73,1,Catalogue of Life,
510,Notogonia apicalis,Notogonia apicalis,128843,128861,11.17,2,SP_NOV,,,Exact,0,"Notogonia apicalis W. Fox, 1896",Notogonia apicalis,47W75,1,Catalogue of Life,
511,Larra rubella,Larra rubella,130870,130883,5.64,2,NO_ANNOT,,,Exact,0,"Larra rubella (F. Smith, 1856)",Larra rubella,6NZ3J,1,Catalogue of Life,
512,Miscophus ctenopus,Miscophus ctenopus,130929,130947,11.07,2,NO_ANNOT,,,Exact,0,"Miscophus ctenopus Kohl, 1884",Miscophus ctenopus,43NBK,1,Catalogue of Life,
513,Tachysphex fluctuatus,Tachysphex fluctuatus,130991,131012,11.59,2,NO_ANNOT,,,Exact,0,"Tachysphex fluctuatus (Gerstaecker in Peters, 1858)",Tachysphex fluctuatus,7BHBD,1,Catalogue of Life,
514,Helioryctus melanopyrus,Helioryctus melanopyrus,131079,131102,6.82,2,NO_ANNOT,,,Fuzzy,1,"Helioryctes melanopyrus F. Smith, 1856",Helioryctes melanopyrus,3KC3M,1,Catalogue of Life,
515,Sericophorus,Sericophorus,131293,131305,5.96,1,NO_ANNOT,,,Exact,0,"Sericophorus F. Smith, 1851",Sericophorus,7FTG,1,Catalogue of Life,
516,Tachyrhostus,Tachyrhostus,131322,131334,5.97,1,NO_ANNOT,,,NoMatch,,,,,,,,
517,Sericophorus,Sericophorus,131342,131354,5.96,1,NO_ANNOT,,,Exact,0,"Sericophorus F. Smith, 1851",Sericophorus,7FTG,1,Catalogue of Life,
518,Astatus boops,Astatus boops,131453,131466,8.98,2,NO_ANNOT,,,Exact,0,"Astatus boops (Schrank, 1781)",Astatus boops,HNL9,1,Catalogue of Life,
519,Oxybelus lamellatus,Oxybelus lamellatus,131526,131545,13.59,2,NO_ANNOT,,,Exact,0,"Oxybelus lamellatus Olivier, 1811",Oxybelus lamellatus,4BCSR,1,Catalogue of Life,
520,Eumenes,Eumenes,131598,131605,2.98,1,NO_ANNOT,,,Exact,0,Eumenes,Eumenes,4FY8,1,Catalogue of Life,
521,Eumenes maxillosa,Eumenes maxillosa,131704,131721,10.45,2,NO_ANNOT,,,Exact,0,"Eumenes maxillosa (De Geer, 1773)",Eumenes maxillosa,3CDL7,1,Catalogue of Life,
522,Eumenes dimidatipennis,Eumenes dimidatipennis,131766,131788,5.54,2,NO_ANNOT,,,Fuzzy,1,"Eumenes dimidiatipennis de Saussure, 1852",Eumenes dimidiatipennis,3CDG8,1,Catalogue of Life,
523,Synagris calida,Synagris calida,131856,131871,11.26,2,NO_ANNOT,,,Exact,0,"Synagris calida (Linnaeus, 1758)",Synagris calida,53T2D,1,Catalogue of Life,
524,Synagris tropidia,Synagris tropidia,131918,131935,10.87,2,NO_ANNOT,,,Exact,0,"Synagris tropidia Schletterer, 1891",Synagris tropidia,53T4H,1,Catalogue of Life,
525,Rhynchium laterale,Rhynchium laterale,131991,132009,11.10,2,NO_ANNOT,,,PartialExact,0,Rhynchium,Rhynchium,79J3,1,Catalogue of Life,
526,Odynerus metemmensis,Odynerus metemmensis,132051,132071,13.19,2,NO_ANNOT,,,Exact,0,"Odynerus metemmensis Magretti, 1884",Odynerus metemmensis,48TVK,1,Catalogue of Life,
527,Polistes marginalis,Polistes marginalis,132138,132157,10.62,2,NO_ANNOT,,,Exact,0,"Polistes marginalis (Fabricius, 1775)",Polistes marginalis,784Q7,1,Catalogue of Life,
528,Belonogaster colonialis,Belonogaster colonialis,132210,132233,11.47,2,NO_ANNOT,,,Exact,0,Belonogaster colonialis Kohl 1894,Belonogaster colonialis,353106,168,ION,
529,Belonogaster,Belonogaster,132276,132288,4.05,1,NO_ANNOT,,,Exact,0,Belonogaster,Belonogaster,62GH5,1,Catalogue of Life,
530,Laga,Laga,132335,132339,3.59,1,NO_ANNOT,,,Exact,0,"Laga Gistl, 1848",Laga,urn:lsid:irmng.org:taxname:1439334,181,IRMNG,
531,Colletes,Colletes,132366,132374,3.21,1,NO_ANNOT,,,Exact,0,"Colletes Latreille, 1802",Colletes,3SBT,1,Catalogue of Life,
532,Nomia,Nomia,132622,132627,3.93,1,NO_ANNOT,,,Exact,0,"Nomia Latreille, 1804",Nomia,64QZ,1,Catalogue of Life,
533,Anthophora quadrifasciatus,Anthophora quadrifasciatus,132858,132884,14.94,2,NO_ANNOT,,,Fuzzy,2,"Anthophora quadrifasciata (de Villers, 1789)",Anthophora quadrifasciata,5VG5M,1,Catalogue of Life,
534,Anthophora concinnus,Anthophora concinnus,132965,132985,13.48,2,NO_ANNOT,,,PartialExact,0,"Anthophora Latreille, 1803",Anthophora,XF5,1,Catalogue of Life,
535,Anthophora albigenus,Anthophora albigenus,133046,133066,13.48,2,NO_ANNOT,,,PartialExact,0,"Anthophora Latreille, 1803",Anthophora,XF5,1,Catalogue of Life,
536,Eucera ruficornis,Eucera ruficornis,133146,133163,11.73,2,NO_ANNOT,,,Exact,0,"Eucera ruficornis Fabricius, 1804",Eucera ruficornis,3BRMR,1,Catalogue of Life,
537,Crocisa abyssinica,Crocisa abyssinica,133219,133237,11.81,2,NO_ANNOT,,,Exact,0,"Crocisa abyssinica Radoszkowski, 1876",Crocisa abyssinica,6BGD5,1,Catalogue of Life,
538,Xylocopa oblonga,Xylocopa oblonga,133288,133304,8.75,2,NO_ANNOT,,,Exact,0,"Xylocopa oblonga Smith, 1874",Xylocopa oblonga,5CKXC,1,Catalogue of Life,
539,Xylocopa fulvohirta,Xylocopa fulvohirta,133352,133371,5.49,2,NO_ANNOT,,,PartialExact,0,"Xylocopa Latreille, 1802",Xylocopa,89GZ,1,Catalogue of Life,
540,Xylocopa cafra,Xylocopa cafra,133411,133425,2.66,2,NO_ANNOT,,,Exact,0,"Xylocopa cafra (Linnaeus, 1767)",Xylocopa cafra,142377007,164,BioLib.cz,
541,Xylocopa inconstans,Xylocopa inconstans,133496,133515,8.88,2,NO_ANNOT,,,Exact,0,"Xylocopa inconstans Smith, 1874",Xylocopa inconstans,7FYKX,1,Catalogue of Life,
542,Xylocopa olivacea,Xylocopa olivacea,133571,133588,9.73,2,NO_ANNOT,,,Exact,0,"Xylocopa olivacea (Fabricius, 1778)",Xylocopa olivacea,5CKXK,1,Catalogue of Life,
543,Xylocopa aestuans,Xylocopa aestuans,133639,133656,8.60,2,NO_ANNOT,,,Exact,0,"Xylocopa aestuans (Linnaeus, 1758)",Xylocopa aestuans,5CKNP,1,Catalogue of Life,
544,Ceratina fastigiata,Ceratina fastigiata,134788,134807,11.98,2,SP_NOV,,,Exact,0,"Ceratina fastigiata Fox, 1896",Ceratina fastigiata,69KQM,1,Catalogue of Life,
545,Allodape canina,Allodape canina,136368,136383,8.96,2,NO_ANNOT,,,PartialExact,0,"Allodape Lepeletier & Serville, 1825",Allodape,S9T,1,Catalogue of Life,
546,Megachile basalis,Megachile basalis,136426,136443,9.73,2,NO_ANNOT,,,Exact,0,"Megachile basalis Smith, 1853",Megachile basalis,6R8GX,1,Catalogue of Life,
547,Megachile colorata,Megachile colorata,136487,136505,10.53,2,SP_NOV,,,Exact,0,"Megachile colorata Fox, 1896",Megachile colorata,3YRF4,1,Catalogue of Life,
548,Megachile,Megachile,137126,137135,2.79,1,NO_ANNOT,,,Exact,0,"Megachile Latreille, 1802",Megachile,5MM4,1,Catalogue of Life,
549,Laga.,Laga,138385,138390,3.59,1,NO_ANNOT,,,Exact,0,"Laga Gistl, 1848",Laga,urn:lsid:irmng.org:taxname:1439334,181,IRMNG,
550,Megaohile crenulata,Megaohile crenulata,138481,138500,4.38,2,SP_NOV,,,Fuzzy,1,"Megachile crenulata Fox, 1896",Megachile crenulata,3YRGC,1,Catalogue of Life,
551,Trigona,Trigona,140037,140044,3.61,1,NO_ANNOT,,,Exact,0,"Trigona Jurine, 1807",Trigona,7ZXH,1,Catalogue of Life,
552,Tarsius fuscomanus,Tarsius fuscomanus,140439,140457,11.92,2,NO_ANNOT,,,Exact,0,"Tarsius fuscomanus Fischer, 1804",Tarsius fuscomanus,null,163,IUCN Red List of Threatened Species,
