Index,Verbatim,Name,Start,End,OddsLog10,Cardinality,AnnotNomenType,WordsBefore,WordsAfter,VerifMatchType,VerifEditDistance,VerifMatchedName,VerifMatchedCanonical,VerifTaxonId,VerifDataSourceId,VerifDataSourceTitle,VerifError
0,Leptocephalus,Leptocephalus,1948,1961,6.54,1,NO_ANNOT,,,Exact,0,Leptocephalus,Leptocephalus,87GV2,1,Catalogue of Life,
1,Leiuranus semicinctus,Leiuranus semicinctus,2027,2048,13.91,2,NO_ANNOT,,,Exact,0,"Leiuranus semicinctus (Lay & Bennett, 1839)",Leiuranus semicinctus,6P6X7,1,Catalogue of Life,
2,Ophisurus semicinctus,Ophisurus semicinctus,2068,2089,13.57,2,NO_ANNOT,,,Exact,0,"Ophisurus semicinctus Richardson, 1848",Ophisurus semicinctus,6SPTL,1,Catalogue of Life,
3,Myrichthys magnificus,Myrichthys magnificus,2185,2206,12.77,2,NO_ANNOT,,,Exact,0,"Myrichthys magnificus (Abbott, 1860)",Myrichthys magnificus,458HR,1,Catalogue of Life,
4,Pisoodonophis maynifica,Pisoodonophis maynifica,2237,2260,6.08,2,NO_ANNOT,,,Fuzzy,1,"Pisoodonophis magnifica Abbott, 1860",Pisoodonophis magnifica,77MJJ,1,Catalogue of Life,
5,Pisoodonophis magnifica.,Pisoodonophis magnifica,2369,2393,11.11,2,NO_ANNOT,,,Exact,0,"Pisoodonophis magnifica Abbott, 1860",Pisoodonophis magnifica,77MJJ,1,Catalogue of Life,
6,Lycodontis eurosta,Lycodontis eurosta,2406,2424,12.21,2,NO_ANNOT,,,PartialExact,0,"Lycodontis McClelland, 1844",Lycodontis,urn:lsid:irmng.org:taxname:1014939,181,IRMNG,
7,Thyrsoidea eurosta,Thyrsoidea eurosta,2453,2471,11.89,2,NO_ANNOT,,,Exact,0,"Thyrsoidea eurosta Abbott, 1860",Thyrsoidea eurosta,56TDX,1,Catalogue of Life,
8,Thyrsoidea eurosta.,Thyrsoidea eurosta,2567,2586,11.89,2,NO_ANNOT,,,Exact,0,"Thyrsoidea eurosta Abbott, 1860",Thyrsoidea eurosta,56TDX,1,Catalogue of Life,
9,Lycodontis acutirostris,Lycodontis acutirostris,2590,2613,13.53,2,NO_ANNOT,,,PartialExact,0,"Lycodontis McClelland, 1844",Lycodontis,urn:lsid:irmng.org:taxname:1014939,181,IRMNG,
10,Murcena acutirostris,Murcena acutirostris,2642,2662,6.31,2,NO_ANNOT,,,Fuzzy,1,"Muraena acutirostris Gronow, 1854",Muraena acutirostris,44KZM,1,Catalogue of Life,
11,Murcena acutirostris,Murcena acutirostris,2749,2769,6.31,2,NO_ANNOT,,,Fuzzy,1,"Muraena acutirostris Gronow, 1854",Muraena acutirostris,44KZM,1,Catalogue of Life,
12,Lycodontis kaupi,Lycodontis kaupi,2781,2797,9.53,2,NO_ANNOT,,,PartialExact,0,"Lycodontis McClelland, 1844",Lycodontis,urn:lsid:irmng.org:taxname:1014939,181,IRMNG,
13,Lycodontis pseudothyrsoidea,Lycodontis pseudothyrsoidea,2962,2989,13.10,2,NO_ANNOT,,,Exact,0,"Lycodontis pseudothyrsoidea (Bleeker, 1853)",Lycodontis pseudothyrsoidea,3WL6K,1,Catalogue of Life,
14,Lycodontis parvibranchialis,Lycodontis parvibranchialis,3151,3178,14.01,2,SP_NOV,,,Exact,0,Lycodontis parvibranchialis Fowler 1900,Lycodontis parvibranchialis,141076413,151,Catalog of Fishes,
15,Echidna zonata,Echidna zonata,5666,5680,9.46,2,SP_NOV,,,Exact,0,Echidna zonata Fowler 1900,Echidna zonata,141060875,151,Catalog of Fishes,
16,Echidna polyzona,Echidna polyzona,7369,7385,7.99,2,NO_ANNOT,,,Exact,0,"Echidna polyzona (Richardson, 1845)",Echidna polyzona,6DVPQ,1,Catalogue of Life,
17,M'trmna polyzona,M�trmna polyzona,7398,7414,4.25,2,NO_ANNOT,,,NoMatch,,,,,,,,
18,Ichth.,Ichth,7446,7452,2.73,1,NO_ANNOT,,,NoMatch,,,,,,,,
19,Slops saurus,Slops saurus,7808,7820,3.57,2,NO_ANNOT,,,Fuzzy,1,"Elops saurus Linnaeus, 1766",Elops saurus,6F549,1,Catalogue of Life,
20,Elops saurus,Elops saurus,7831,7843,8.50,2,NO_ANNOT,,,Exact,0,"Elops saurus Linnaeus, 1766",Elops saurus,6F549,1,Catalogue of Life,
21,Stolephorus purpureus,Stolephorus purpureus,7931,7952,12.64,2,NO_ANNOT,,,Exact,0,"Stolephorus purpureus Fowler, 1900",Stolephorus purpureus,52TD3,1,Catalogue of Life,
22,Jone..,Jone,8016,8022,2.05,1,NO_ANNOT,,,Exact,0,Jone Latreille in Cuvier 1817,Jone,4883240,168,ION,
23,Sfolejihoriis ischanus,Sfolejihoriis ischanus,8052,8074,5.38,2,NO_ANNOT,,,NoMatch,,,,,,,,
24,Stolephorus,Stolephorus,8755,8766,5.72,1,NO_ANNOT,,,Exact,0,Stolephorus,Stolephorus,645LX,1,Catalogue of Life,
25,Synodus sharpi,Synodus sharpi,9532,9546,9.49,2,SP_NOV,,,Exact,0,Synodus sharpi Fowler 1900,Synodus sharpi,141101494,151,Catalog of Fishes,
26,Synodus evermanni,Synodus evermanni,9640,9657,10.61,2,NO_ANNOT,,,Exact,0,"Synodus evermanni Jordan & Bollman, 1890",Synodus evermanni,7B9PN,1,Catalogue of Life,
27,Saurida tumbil,Saurida tumbil,11385,11399,7.64,2,NO_ANNOT,,,Exact,0,"Saurida tumbil (Bloch, 1795)",Saurida tumbil,6XQ8C,1,Catalogue of Life,
28,Salmo,Salmo,11407,11412,3.60,1,NO_ANNOT,,,Exact,0,Salmo,Salmo,7BWX,1,Catalogue of Life,
29,Rhinoscopelus coruscans,Rhinoscopelus coruscans,11530,11553,12.08,2,NO_ANNOT,,,Exact,0,Rhinoscopelus coruscans Fowl.,Rhinoscopelus coruscans,3725534,168,ION,
30,Mictipiuni coruscans,Mictipiuni coruscans,11566,11586,2.99,2,NO_ANNOT,,,NoMatch,,,,,,,,
31,Hemiramphus depauperatus,Hemiramphus depauperatus,11918,11942,13.15,2,NO_ANNOT,,,Exact,0,"Hemiramphus depauperatus Lay & Bennett, 1839",Hemiramphus depauperatus,3KS7M,1,Catalogue of Life,
32,HemirJtamphus depauperatus,Hemirjtamphus depauperatus,11978,12004,7.17,2,NO_ANNOT,,,NoMatch,,,,,,,,
33,Parexoooetus mesogaster,Parexoooetus mesogaster,15661,15684,4.31,2,NO_ANNOT,,,Fuzzy,1,Parexocoetus mesogaster,Parexocoetus mesogaster,2660369,168,ION,
34,Uxoccettis mesogaster,Uxoccettis mesogaster,15694,15715,4.32,2,NO_ANNOT,,,NoMatch,,,,,,,,
35,Exocoetus volitans,Exocoetus volitans,15806,15824,10.83,2,NO_ANNOT,,,Exact,0,"Exocoetus volitans Linnaeus, 1758",Exocoetus volitans,6HN7L,1,Catalogue of Life,
36,Exocmtus volitans,Exocmtus volitans,15834,15851,4.35,2,NO_ANNOT,,,Fuzzy,1,"Exocetus volitans Linnaeus, 1758",Exocetus volitans,3DMR7,1,Catalogue of Life,
37,Aulostomus cMnensis,Aulostomus cmnensis,15934,15953,7.81,2,NO_ANNOT,,,PartialExact,0,Aulostomus,Aulostomus,35TC,1,Catalogue of Life,
38,Mugil kelaartii,Mugil kelaartii,16072,16087,10.25,2,NO_ANNOT,,,Exact,0,"Mugil kelaartii Günther, 1861",Mugil kelaartii,44J69,1,Catalogue of Life,
39,Sphyraena commersonii,Sphyraena commersonii,16606,16627,13.09,2,NO_ANNOT,,,Exact,0,"Sphyraena commersonii Cuvier, 1829",Sphyraena commersonii,4Z2LH,1,Catalogue of Life,
40,Polydactylus pfeifferi,Polydactylus pfeifferi,16777,16799,13.81,2,NO_ANNOT,,,PartialExact,0,Polydactylus,Polydactylus,63NC4,1,Catalogue of Life,
41,Polynemus,Polynemus,16809,16818,5.32,1,NO_ANNOT,,,Exact,0,Polynemus,Polynemus,63N8N,1,Catalogue of Life,
42,Myripristis murdjan,Myripristis murdjan,16963,16982,10.45,2,NO_ANNOT,,,Exact,0,"Myripristis murdjan (Forsskål, 1775)",Myripristis murdjan,459GH,1,Catalogue of Life,
43,Holocentrus diadema,Holocentrus diadema,17130,17149,11.07,2,NO_ANNOT,,,Exact,0,"Holocentrus diadema Lacepède, 1802",Holocentrus diadema,3M8JJ,1,Catalogue of Life,
44,Holoocntrxa diadema,Holoocntrxa diadema,17161,17180,2.92,2,NO_ANNOT,,,NoMatch,,,,,,,,
45,Holocentrus diploxiphus,Holocentrus diploxiphus,17304,17327,12.74,2,NO_ANNOT,,,Fuzzy,1,"Holocentrum diploxiphus Günther, 1872",Holocentrum diploxiphus,3M8GD,1,Catalogue of Life,
46,Holocentrum diploxiphus,Holocentrum diploxiphus,17337,17360,12.73,2,NO_ANNOT,,,Exact,0,"Holocentrum diploxiphus Günther, 1872",Holocentrum diploxiphus,3M8GD,1,Catalogue of Life,
47,Trachurops crumenophtlialmus,Trachurops crumenophtlialmus,17481,17509,6.70,2,NO_ANNOT,,,PartialExact,0,"Trachurops Gill, 1862",Trachurops,urn:lsid:irmng.org:taxname:1292373,181,IRMNG,
48,Scomber crumenophthalmus,Scomber crumenophthalmus,17517,17541,9.44,2,NO_ANNOT,,,Exact,0,"Scomber crumenophthalmus Bloch, 1793",Scomber crumenophthalmus,4VTS3,1,Catalogue of Life,
49,Caranx latus,Caranx latus,17637,17649,8.76,2,NO_ANNOT,,,Exact,0,"Caranx latus Agassiz, 1831",Caranx latus,R2QS,1,Catalogue of Life,
50,Equula,Equula,17809,17815,4.29,1,NO_ANNOT,,,Exact,0,"Equula Cuvier, 1815",Equula,249231,2,Wikispecies,
51,KuMia malo,Kumia malo,17860,17870,3.34,2,NO_ANNOT,,,PartialExact,0,"Kumia Falkovitsh, 1986",Kumia,68916,2,Wikispecies,
52,Dules malo,Dules malo,17896,17906,1.89,2,NO_ANNOT,,,Exact,0,"Dules malo Valenciennes, 1831",Dules malo,3828F,1,Catalogue of Life,
53,Apogon,Apogon,18072,18078,3.21,1,NO_ANNOT,,,Exact,0,Apogon Elliott,Apogon,5T5YX,1,Catalogue of Life,
54,Epinephelus fuscoguttatus,Epinephelus fuscoguttatus,18138,18163,14.28,2,NO_ANNOT,,,Exact,0,"Epinephelus fuscoguttatus (Forsskål, 1775)",Epinephelus fuscoguttatus,6G5NL,1,Catalogue of Life,
55,Perca,Perca,18172,18177,3.73,1,NO_ANNOT,,,Exact,0,Perca,Perca,6L2L,1,Catalogue of Life,
56,Aprion microlepis,Aprion microlepis,18286,18303,8.77,2,NO_ANNOT,,,Exact,0,Aprion microlepis Blkr.,Aprion microlepis,4155391,168,ION,
57,Clia'toplerus microlepis,Clia�toplerus microlepis,18313,18337,6.47,2,NO_ANNOT,,,NoMatch,,,,,,,,
58,Sparosomus unicolor,Sparosomus unicolor,18466,18485,12.10,2,NO_ANNOT,,,Exact,0,"Sparosomus unicolor (Quoy & Gaimard, 1824)",Sparosomus unicolor,6YVF5,1,Catalogue of Life,
59,Chnisiiphrvs unicolor,Chnisiiphrvs unicolor,18505,18526,4.41,2,NO_ANNOT,,,NoMatch,,,,,,,,
60,Cirrhites forsteri,Cirrhites forsteri,18630,18648,10.58,2,NO_ANNOT,,,Exact,0,Cirrhites forsteri Bl.,Cirrhites forsteri,4157554,168,ION,
61,Ichth.,Ichth,18716,18722,2.73,1,NO_ANNOT,,,NoMatch,,,,,,,,
62,Tetradrachmum trimaculatum,Tetradrachmum trimaculatum,18917,18943,13.71,2,NO_ANNOT,,,PartialExact,0,"Tetradrachmum Cantor, 1849",Tetradrachmum,urn:lsid:irmng.org:taxname:1047359,181,IRMNG,
63,Eupomacentrus nigricans,Eupomacentrus nigricans,19122,19145,11.59,2,NO_ANNOT,,,Exact,0,"Eupomacentrus nigricans (Lacepède, 1802)",Eupomacentrus nigricans,6HCLD,1,Catalogue of Life,
64,Holocentrun nigricans,Holocentrun nigricans,19156,19177,3.51,2,NO_ANNOT,,,Fuzzy,1,"Holocentrus nigricans Lacepède, 1802",Holocentrus nigricans,3M8KK,1,Catalogue of Life,
65,Lips,Lips,20118,20122,2.35,1,NO_ANNOT,,,Exact,0,Lips,Lips,639Y8,1,Catalogue of Life,
66,Abudefdnf sordidus,Abudefdnf sordidus,22792,22810,3.87,2,NO_ANNOT,,,Fuzzy,1,"Abudefduf sordidus (Forsskål, 1775)",Abudefduf sordidus,8MSQ,1,Catalogue of Life,
67,Chmtodon sordidus,Chmtodon sordidus,22819,22836,4.29,2,NO_ANNOT,,,NoMatch,,,,,,,,
68,Abudefduf sexfasciatus,Abudefduf sexfasciatus,22987,23009,11.63,2,NO_ANNOT,,,Exact,0,"Abudefduf sexfasciatus (Lacepède, 1801)",Abudefduf sexfasciatus,8MSN,1,Catalogue of Life,
69,Labrus sexfasciatus,Labrus sexfasciatus,23022,23041,12.76,2,NO_ANNOT,,,Exact,0,"Labrus sexfasciatus Lacepède, 1801",Labrus sexfasciatus,3RL6J,1,Catalogue of Life,
70,Abudefduf limbatus,Abudefduf limbatus,23189,23207,11.14,2,NO_ANNOT,,,PartialExact,0,Abudefduf,Abudefduf,LSZ,1,Catalogue of Life,
71,Olyphisodon limbatus,Olyphisodon limbatus,23233,23253,5.72,2,NO_ANNOT,,,Fuzzy,1,"Glyphisodon limbatus Cuvier, 1830",Glyphisodon limbatus,3GGH5,1,Catalogue of Life,
72,Anampses cseruleopunctatus,Anampses cseruleopunctatus,26116,26142,5.48,2,NO_ANNOT,,,Fuzzy,1,"Anampses caeruleopunctatus Rüppell, 1829",Anampses caeruleopunctatus,66JN5,1,Catalogue of Life,
73,Anampses coeruleopunetatus,Anampses coeruleopunetatus,26153,26179,5.48,2,NO_ANNOT,,,Fuzzy,1,"Anampses coeruleopunctatus Rüppell, 1829",Anampses coeruleopunctatus,66JMW,1,Catalogue of Life,
74,Anampses cuvieri,Anampses cuvieri,26296,26312,9.25,2,NO_ANNOT,,,Exact,0,"Anampses cuvieri Quoy and Gaimard, 1824",Anampses cuvieri,170601,3,ITIS,
75,Anampses,Anampses,26331,26339,2.24,1,NO_ANNOT,,,Exact,0,Anampses,Anampses,V3M,1,Catalogue of Life,
76,Stethojulis albovittata,Stethojulis albovittata,30421,30444,12.91,2,NO_ANNOT,,,Exact,0,"Stethojulis albovittata (Bonnaterre, 1788)",Stethojulis albovittata,52GF5,1,Catalogue of Life,
77,Lahrus albovittntus,Lahrus albovittntus,30456,30475,7.73,2,NO_ANNOT,,,NoMatch,,,,,,,,
78,Stethojulis axillaris,Stethojulis axillaris,30573,30594,11.82,2,NO_ANNOT,,,Exact,0,"Stethojulis axillaris (Quoy & Gaimard, 1824)",Stethojulis axillaris,52GF8,1,Catalogue of Life,
79,Julis axillaris,Julis axillaris,30614,30629,10.67,2,NO_ANNOT,,,Exact,0,"Julis axillaris Quoy & Gaimard, 1824",Julis axillaris,3QS7H,1,Catalogue of Life,
80,Macropharyngodon geoffroyi,Macropharyngodon geoffroyi,30770,30796,11.02,2,NO_ANNOT,,,Exact,0,"Macropharyngodon geoffroyi (Quoy & Gaimard, 1824)",Macropharyngodon geoffroyi,3X7JS,1,Catalogue of Life,
81,Julis,Julis,30815,30820,3.43,1,NO_ANNOT,,,Exact,0,"Julis Cuvier, 1814",Julis,urn:lsid:marinespecies.org:taxname:206452,9,WoRMS,
82,Hemipteronotus copei,Hemipteronotus copei,30932,30952,9.84,2,SP_NOV,,,Exact,0,"Hemipteronotus copei Fowler, 1900",Hemipteronotus copei,3KS4Q,1,Catalogue of Life,
83,Thalassoma aneitensis,Thalassoma aneitensis,35183,35204,12.90,2,NO_ANNOT,,,PartialExact,0,Thalassoma,Thalassoma,7V4N,1,Catalogue of Life,
84,Jalis aneitensis,Jalis aneitensis,35215,35231,4.75,2,NO_ANNOT,,,Fuzzy,1,Julis aneitensis Günther 1862,Julis aneitensis,141071814,151,Catalog of Fishes,
85,Thalassoma hebraica,Thalassoma hebraica,35325,35344,12.54,2,NO_ANNOT,,,PartialExact,0,Thalassoma,Thalassoma,7V4N,1,Catalogue of Life,
86,Labrus,Labrus,35355,35361,4.72,1,NO_ANNOT,,,Exact,0,Labrus,Labrus,59Q8,1,Catalogue of Life,
87,Thalassoma purpurea,Thalassoma purpurea,35515,35534,10.55,2,NO_ANNOT,,,Exact,0,"Thalassoma purpurea (Forsskål, 1775)",Thalassoma purpurea,55ZP4,1,Catalogue of Life,
88,Scams purpureus,Scams purpureus,35545,35560,2.36,2,NO_ANNOT,,,NoMatch,,,,,,,,
89,Halichoeres,Halichoeres,35694,35705,4.19,1,NO_ANNOT,,,Exact,0,Halichoeres,Halichoeres,4SQ7,1,Catalogue of Life,
90,Gomphosus tricolor,Gomphosus tricolor,35744,35762,7.43,2,NO_ANNOT,,,Exact,0,"Gomphosus tricolor Quoy & Gaimard, 1824",Gomphosus tricolor,6KPSF,1,Catalogue of Life,
91,Gomphosus varius,Gomphosus varius,35944,35960,10.66,2,NO_ANNOT,,,Exact,0,"Gomphosus varius Lacepède, 1801",Gomphosus varius,6L24F,1,Catalogue of Life,
92,Gomphosus varius,Gomphosus varius,35971,35987,10.66,2,NO_ANNOT,,,Exact,0,"Gomphosus varius Lacepède, 1801",Gomphosus varius,6L24F,1,Catalogue of Life,
93,Coris gaimardi,Coris gaimardi,36100,36114,10.15,2,NO_ANNOT,,,Exact,0,"Coris gaimardi (Quoy & Gaimard, 1824)",Coris gaimardi,YFCH,1,Catalogue of Life,
94,Julis,Julis,36133,36138,3.43,1,NO_ANNOT,,,Exact,0,"Julis Cuvier, 1814",Julis,urn:lsid:marinespecies.org:taxname:206452,9,WoRMS,
95,Coris aygula,Coris aygula,36291,36303,10.55,2,NO_ANNOT,,,Exact,0,"Coris aygula Lacepède, 1801",Coris aygula,YFBQ,1,Catalogue of Life,
96,Coris aygula,Coris aygula,36313,36325,10.55,2,NO_ANNOT,,,Exact,0,"Coris aygula Lacepède, 1801",Coris aygula,YFBQ,1,Catalogue of Life,
97,Lips,Lips,37255,37259,2.35,1,NO_ANNOT,,,Exact,0,Lips,Lips,639Y8,1,Catalogue of Life,
98,Coris flavovittata,Coris flavovittata,38348,38366,12.42,2,NO_ANNOT,,,Exact,0,"Coris flavovittata (Bennett, 1828)",Coris flavovittata,YFCB,1,Catalogue of Life,
99,JuUs flavovittatus,Juus flavovittatus,38376,38394,4.94,2,NO_ANNOT,,,NoMatch,,,,,,,,
100,Cheilio inermis,Cheilio inermis,38515,38530,10.78,2,NO_ANNOT,,,Exact,0,"Cheilio inermis (Forsskål, 1775)",Cheilio inermis,TRTQ,1,Catalogue of Life,
101,Labrus inermis,Labrus inermis,38540,38554,11.15,2,NO_ANNOT,,,Exact,0,"Labrus inermis Forsskål, 1775",Labrus inermis,3RL36,1,Catalogue of Life,
102,Scarichtliys auritus,Scarichtliys auritus,38673,38693,5.17,2,NO_ANNOT,,,NoMatch,,,,,,,,
103,Cryptotomus sandwicensis,Cryptotomus sandwicensis,38827,38851,13.44,2,NO_ANNOT,,,PartialExact,0,Cryptotomus,Cryptotomus,62PXX,1,Catalogue of Life,
104,Colly odon sandwicensis,Colly odon sandwicensis,38876,38899,3.45,3,NO_ANNOT,,,NoMatch,,,,,,,,
105,Scarus oviceps,Scarus oviceps,39003,39017,10.75,2,NO_ANNOT,,,Exact,0,"Scarus oviceps Valenciennes, 1840",Scarus oviceps,4V3LV,1,Catalogue of Life,
106,Scarus oviceps,Scarus oviceps,39043,39057,10.75,2,NO_ANNOT,,,Exact,0,"Scarus oviceps Valenciennes, 1840",Scarus oviceps,4V3LV,1,Catalogue of Life,
107,Forcipiger longirostris,Forcipiger longirostris,39174,39197,10.86,2,NO_ANNOT,,,Exact,0,"Forcipiger longirostris (Broussonet, 1782)",Forcipiger longirostris,6JFDD,1,Catalogue of Life,
108,CJuetodon longirostris,Cjuetodon longirostris,39223,39245,5.43,2,NO_ANNOT,,,NoMatch,,,,,,,,
109,Chaetodon miliaris,Chaetodon miliaris,39356,39374,11.25,2,NO_ANNOT,,,Exact,0,"Chaetodon miliaris Quoy & Gaimard, 1825",Chaetodon miliaris,5XNMR,1,Catalogue of Life,
110,ClioBtodon miliaris,Cliobtodon miliaris,39393,39412,5.11,2,NO_ANNOT,,,NoMatch,,,,,,,,
111,Chaetodon setifer,Chaetodon setifer,39610,39627,9.44,2,NO_ANNOT,,,Exact,0,"Chaetodon setifer Bloch, 1795",Chaetodon setifer,TC52,1,Catalogue of Life,
112,Glmtodon setifer,Glmtodon setifer,39635,39651,2.96,2,NO_ANNOT,,,NoMatch,,,,,,,,
113,Chaetodon biocellatus,Chaetodon biocellatus,39747,39768,12.32,2,NO_ANNOT,,,Exact,0,"Chaetodon biocellatus Cuvier, 1831",Chaetodon biocellatus,69NLJ,1,Catalogue of Life,
114,Chatodon biocellatus,Chatodon biocellatus,39794,39814,12.15,2,NO_ANNOT,,,Fuzzy,1,"Chaetodon biocellatus Cuvier, 1831",Chaetodon biocellatus,69NLJ,1,Catalogue of Life,
115,Chaetodon unimaculatus,Chaetodon unimaculatus,39953,39975,12.22,2,NO_ANNOT,,,Exact,0,"Chaetodon unimaculatus Bloch, 1787",Chaetodon unimaculatus,69NN6,1,Catalogue of Life,
116,Chatodon nnimaculntus,Chatodon nnimaculntus,39983,40004,7.02,2,NO_ANNOT,,,NoMatch,,,,,,,,
117,Chaetodon quadrimaculatus,Chaetodon quadrimaculatus,40112,40137,12.89,2,NO_ANNOT,,,Exact,0,"Chaetodon quadrimaculatus Gray, 1831",Chaetodon quadrimaculatus,TC45,1,Catalogue of Life,
118,Chcetodon quadrimaculatus,Chcetodon quadrimaculatus,40208,40233,6.59,2,NO_ANNOT,,,Fuzzy,1,"Chaetodon quadrimaculatus Gray, 1831",Chaetodon quadrimaculatus,TC45,1,Catalogue of Life,
119,Chaetodon ornatissimus,Chaetodon ornatissimus,40371,40393,11.11,2,NO_ANNOT,,,Exact,0,"Chaetodon ornatissimus Cuvier, 1831",Chaetodon ornatissimus,TC37,1,Catalogue of Life,
120,Chmtodon ornatissimus,Chmtodon ornatissimus,40418,40439,4.64,2,NO_ANNOT,,,NoMatch,,,,,,,,
121,Ghretodon taunigrum,Ghretodon taunigrum,40588,40607,5.09,2,NO_ANNOT,,,NoMatch,,,,,,,,
122,Zanclus cornutus,Zanclus cornutus,40710,40726,13.06,2,NO_ANNOT,,,Exact,0,"Zanclus cornutus (Linnaeus, 1758)",Zanclus cornutus,5CW2D,1,Catalogue of Life,
123,Chmtodon cornutus,Chmtodon cornutus,40737,40754,5.26,2,NO_ANNOT,,,NoMatch,,,,,,,,
124,Monoceros unicornis,Monoceros unicornis,40892,40911,6.80,2,NO_ANNOT,,,PartialExact,0,"Monoceros Rafinesque, 1815",Monoceros,63BHS,1,Catalogue of Life,
125,OhoBtodon unicornis,Ohobtodon unicornis,40921,40940,5.05,2,NO_ANNOT,,,NoMatch,,,,,,,,
126,Teuthis triostegus,Teuthis triostegus,41146,41164,8.57,2,NO_ANNOT,,,Exact,0,"Teuthis triostegus (Linnaeus, 1758)",Teuthis triostegus,55Y35,1,Catalogue of Life,
127,ChcBtodon triostegus,Chcbtodon triostegus,41175,41195,3.80,2,NO_ANNOT,,,NoMatch,,,,,,,,
128,Teuthis guttatus,Teuthis guttatus,41364,41380,10.21,2,NO_ANNOT,,,Exact,0,"Teuthis guttatus (Forster, 1801)",Teuthis guttatus,55XZ7,1,Catalogue of Life,
129,Guttatus,Guttatus,41413,41421,3.66,1,NO_ANNOT,,,Exact,0,"Cortinarius ser. Guttatus Bidaud, Moënne-Locc. & Reumaux 2004",Guttatus,700584,5,Index Fungorum,
130,Ichth.,Ichth,41448,41454,2.73,1,NO_ANNOT,,,NoMatch,,,,,,,,
131,Teuthis annularis,Teuthis annularis,41511,41528,9.89,2,NO_ANNOT,,,PartialExact,0,"Teuthis Browne, 1789",Teuthis,urn:lsid:irmng.org:taxname:1464442,181,IRMNG,
132,Acanthurus annularis,Acanthurus annularis,41554,41574,12.84,2,NO_ANNOT,,,Exact,0,Acanthurus annularis Valenciennes in Cuvier & Valenciennes 1835,Acanthurus annularis,141039845,151,Catalog of Fishes,
133,Teuthis,Teuthis,41719,41726,2.65,1,NO_ANNOT,,,Exact,0,"Teuthis Browne, 1789",Teuthis,urn:lsid:irmng.org:taxname:1464442,181,IRMNG,
134,Acanthurus,Acanthurus,41740,41750,5.60,1,NO_ANNOT,,,Exact,0,"Acanthurus Kirby, 1827",Acanthurus,MG5,1,Catalogue of Life,
135,Balistapus bursa,Balistapus bursa,41885,41901,7.47,2,NO_ANNOT,,,PartialExact,0,Balistapus,Balistapus,37MK,1,Catalogue of Life,
136,Balistes,Balistes,41923,41931,3.21,1,NO_ANNOT,,,Exact,0,Balistes,Balistes,37ML,1,Catalogue of Life,
137,Ichth.,Ichth,41963,41969,2.73,1,NO_ANNOT,,,NoMatch,,,,,,,,
138,Balistapus rectangulus,Balistapus rectangulus,42015,42037,13.62,2,NO_ANNOT,,,Exact,0,"Balistapus rectangulus (Bloch & Schneider, 1801)",Balistapus rectangulus,KH39,1,Catalogue of Life,
139,Balistes,Balistes,42059,42067,3.21,1,NO_ANNOT,,,Exact,0,Balistes,Balistes,37ML,1,Catalogue of Life,
140,Ichth.,Ichth,42106,42112,2.73,1,NO_ANNOT,,,NoMatch,,,,,,,,
141,Canthidermis oculatus,Canthidermis oculatus,42159,42180,13.53,2,NO_ANNOT,,,Exact,0,Canthidermis oculatus,Canthidermis oculatus,282500,183,Sherborn Index Animalium,
142,Balistes oculatus,Balistes oculatus,42188,42205,10.77,2,NO_ANNOT,,,Exact,0,"Balistes oculatus Gray, 1831",Balistes oculatus,KH64,1,Catalogue of Life,
143,Cantherines sandwichiensis,Cantherines sandwichiensis,42328,42354,11.60,2,NO_ANNOT,,,Exact,0,Cantherines sandwichiensis,Cantherines sandwichiensis,115165403,120,Papahanaumokuakea Marine National Monument,
144,Balistes sandwichiensis,Balistes sandwichiensis,42373,42396,11.13,2,NO_ANNOT,,,Exact,0,"Balistes sandwichiensis Quoy & Gaimard, 1824",Balistes sandwichiensis,KH6N,1,Catalogue of Life,
145,Monacanthus spilosoma,Monacanthus spilosoma,42486,42507,11.52,2,NO_ANNOT,,,Exact,0,"Monacanthus spilosoma Lay & Bennett, 1839",Monacanthus spilosoma,73NPR,1,Catalogue of Life,
146,Spheroides florealis,Spheroides florealis,42684,42704,12.39,2,NO_ANNOT,,,PartialExact,0,"Spheroides Bosc, 1803",Spheroides,urn:lsid:irmng.org:taxname:1356116,181,IRMNG,
147,Tetrodon florealis,Tetrodon florealis,42728,42746,11.31,2,NO_ANNOT,,,Exact,0,"Tetrodon florealis Cope, 1871",Tetrodon florealis,7C4H6,1,Catalogue of Life,
148,Tetrodon florealis,Tetrodon florealis,42833,42851,11.31,2,NO_ANNOT,,,Exact,0,"Tetrodon florealis Cope, 1871",Tetrodon florealis,7C4H6,1,Catalogue of Life,
149,Ranzauia makua,Ranzauia makua,42934,42948,1.75,2,NO_ANNOT,,,Fuzzy,1,"Ranzania makua Jenkins, 1895",Ranzania makua,4RJ7R,1,Catalogue of Life,
150,Itamania makua,Itamania makua,42958,42972,1.11,2,NO_ANNOT,,,NoMatch,,,,,,,,
151,Sebastopsis guamensis,Sebastopsis guamensis,43926,43947,12.74,2,NO_ANNOT,,,Exact,0,Sebastopsis guamensis Q. & G.,Sebastopsis guamensis,3800133,168,ION,
152,Scorpmna guamensis,Scorpmna guamensis,43966,43984,5.79,2,NO_ANNOT,,,NoMatch,,,,,,,,
153,Sebastopistes strongia,Sebastopistes strongia,44074,44096,2.94,2,NO_ANNOT,,,Fuzzy,1,"Sebastapistes strongia (Cuvier, 1829)",Sebastapistes strongia,4W7KF,1,Catalogue of Life,
154,ScorpcEna strongia,Scorpcena strongia,44122,44140,4.42,2,NO_ANNOT,,,Fuzzy,1,"Scorpaena strongia Cuvier, 1829",Scorpaena strongia,79YY9,1,Catalogue of Life,
155,Scorpaenenopsis diabolus,Scorpaenenopsis diabolus,44330,44354,6.41,2,NO_ANNOT,,,NoMatch,,,,,,,,
156,Scorpcfna diabolus,Scorpcfna diabolus,44380,44398,4.25,2,NO_ANNOT,,,NoMatch,,,,,,,,
157,Caracanthus maculatus,Caracanthus maculatus,44517,44538,12.83,2,NO_ANNOT,,,Exact,0,"Caracanthus maculatus (Gray, 1831)",Caracanthus maculatus,68ZSF,1,Catalogue of Life,
158,Micropus maculatus,Micropus maculatus,44562,44580,13.45,2,NO_ANNOT,,,Exact,0,"Micropus maculatus Gray, 1831",Micropus maculatus,435CJ,1,Catalogue of Life,
159,Lips,Lips,45124,45128,2.35,1,NO_ANNOT,,,Exact,0,Lips,Lips,639Y8,1,Catalogue of Life,
160,Cephalacanthus orientalis,Cephalacanthus orientalis,46948,46973,13.08,2,NO_ANNOT,,,PartialExact,0,Cephalacanthus Lindau,Cephalacanthus,3KCM,1,Catalogue of Life,
161,Dactylopterus orientalis,Dactylopterus orientalis,46999,47023,13.46,2,NO_ANNOT,,,Exact,0,"Dactylopterus orientalis Cuvier, 1829",Dactylopterus orientalis,33WF2,1,Catalogue of Life,
162,Eleotris fuscus,Eleotris fuscus,47212,47227,11.41,2,NO_ANNOT,,,Exact,0,"Eleotris fuscus (Forster, 1801)",Eleotris fuscus,6F2PX,1,Catalogue of Life,
163,Gobius albopunctatus,Gobius albopunctatus,47365,47385,12.34,2,NO_ANNOT,,,Exact,0,"Gobius albopunctatus Valenciennes, 1837",Gobius albopunctatus,3GPLG,1,Catalogue of Life,
164,Oobius albopunctatus,Oobius albopunctatus,47412,47432,12.34,2,NO_ANNOT,,,Fuzzy,1,"Gobius albopunctatus Valenciennes, 1837",Gobius albopunctatus,3GPLG,1,Catalogue of Life,
165,Gobius papuensis,Gobius papuensis,47526,47542,11.78,2,NO_ANNOT,,,Exact,0,"Gobius papuensis Valenciennes, 1837",Gobius papuensis,3GQ3G,1,Catalogue of Life,
166,Gobius,Gobius,47568,47574,4.27,1,NO_ANNOT,,,Exact,0,Gobius,Gobius,4PQL,1,Catalogue of Life,
167,Gobius,Gobius,47680,47686,4.27,1,NO_ANNOT,,,Exact,0,Gobius,Gobius,4PQL,1,Catalogue of Life,
168,Awaous genivittatus,Awaous genivittatus,47864,47883,10.14,2,NO_ANNOT,,,Exact,0,"Awaous genivittatus (Valenciennes, 1837)",Awaous genivittatus,K3FF,1,Catalogue of Life,
169,Gobius genivittatus,Gobius genivittatus,47909,47928,12.31,2,NO_ANNOT,,,Exact,0,"Gobius genivittatus Valenciennes, 1837",Gobius genivittatus,3GPTH,1,Catalogue of Life,
170,Awaous,Awaous,48032,48038,2.10,1,NO_ANNOT,,,Exact,0,Awaous,Awaous,36QZ,1,Catalogue of Life,
171,Gobius,Gobius,48060,48066,4.27,1,NO_ANNOT,,,Exact,0,Gobius,Gobius,4PQL,1,Catalogue of Life,
172,Bemora albescens,Bemora albescens,48186,48202,5.48,2,NO_ANNOT,,,Fuzzy,1,"Remora albescens (Temminck & Schlegel, 1850)",Remora albescens,4RRHP,1,Catalogue of Life,
173,Echeneis albescens,Echeneis albescens,48226,48244,11.29,2,NO_ANNOT,,,Exact,0,"Echeneis albescens Temminck & Schlegel, 1850",Echeneis albescens,6DTRP,1,Catalogue of Life,
174,Petroskirtes filamentosus,Petroskirtes filamentosus,48357,48382,11.33,2,NO_ANNOT,,,Fuzzy,1,Petroscirtes filamentosus,Petroscirtes filamentosus,gn_114537,186,MCZbase,
175,BlennccJtis filamentosus,Blennccjtis filamentosus,48408,48432,7.21,2,NO_ANNOT,,,NoMatch,,,,,,,,
176,Salarias edentulus,Salarias edentulus,48546,48564,12.46,2,NO_ANNOT,,,Exact,0,Salarias edentulus,Salarias edentulus,gn_135870,186,MCZbase,
177,Blennius,Blennius,48586,48594,4.81,1,NO_ANNOT,,,Exact,0,Blennius,Blennius,62HJL,1,Catalogue of Life,
178,Edentulus,Edentulus,48595,48604,5.92,1,NO_ANNOT,,,Exact,0,"Edentulus Ron, Santos & Cannatella, 2006",Edentulus,urn:lsid:irmng.org:taxname:1472414,181,IRMNG,
179,Ichth.,Ichth,48632,48638,2.73,1,NO_ANNOT,,,NoMatch,,,,,,,,
180,Salarias gibbifrons,Salarias gibbifrons,48684,48703,9.88,2,NO_ANNOT,,,Exact,0,"Salarias gibbifrons Quoy & Gaimard, 1824",Salarias gibbifrons,79BNC,1,Catalogue of Life,
181,Salarias gibbifrons,Salarias gibbifrons,48722,48741,9.88,2,NO_ANNOT,,,Exact,0,"Salarias gibbifrons Quoy & Gaimard, 1824",Salarias gibbifrons,79BNC,1,Catalogue of Life,
182,Salarias variolosus,Salarias variolosus,48893,48912,12.55,2,NO_ANNOT,,,Exact,0,"Salarias variolosus Valenciennes, 1836",Salarias variolosus,79BQG,1,Catalogue of Life,
183,Salarias variolosus,Salarias variolosus,48939,48958,12.55,2,NO_ANNOT,,,Exact,0,"Salarias variolosus Valenciennes, 1836",Salarias variolosus,79BQG,1,Catalogue of Life,
184,Salarias brevis,Salarias brevis,49120,49135,11.14,2,NO_ANNOT,,,Exact,0,"Salarias brevis Kner, 1868",Salarias brevis,79BNV,1,Catalogue of Life,
185,Salarias brevis,Salarias brevis,49142,49157,11.14,2,NO_ANNOT,,,Exact,0,"Salarias brevis Kner, 1868",Salarias brevis,79BNV,1,Catalogue of Life,
186,Brotula townsendi,Brotula townsendi,49275,49292,8.81,2,NO_ANNOT,,,Exact,0,"Brotula townsendi Fowler, 1900",Brotula townsendi,692WN,1,Catalogue of Life,
187,Lips,Lips,49777,49781,2.35,1,NO_ANNOT,,,Exact,0,Lips,Lips,639Y8,1,Catalogue of Life,
188,Antennarius commersonii,Antennarius commersonii,51748,51771,12.89,2,NO_ANNOT,,,Exact,0,"Antennarius commersonii (Latreille, 1804)",Antennarius commersonii,5V9H7,1,Catalogue of Life,
189,Lophius,Lophius,51782,51789,4.56,1,NO_ANNOT,,,Exact,0,Lophius,Lophius,5GHW,1,Catalogue of Life,
190,Antennarius,Antennarius,51910,51921,5.27,1,NO_ANNOT,,,Exact,0,Antennarius,Antennarius,X9B,1,Catalogue of Life,
191,Sardinella atricauda,Sardinella atricauda,52263,52283,12.33,2,NO_ANNOT,,,Exact,0,"Sardinella atricauda (Günther, 1868)",Sardinella atricauda,79MLH,1,Catalogue of Life,
192,Clupea atricauda,Clupea atricauda,52293,52309,7.85,2,NO_ANNOT,,,Exact,0,"Clupea atricauda Günther, 1868",Clupea atricauda,WCP4,1,Catalogue of Life,
193,Doryrhamphus brachyurus,Doryrhamphus brachyurus,52410,52433,12.43,2,NO_ANNOT,,,PartialExact,0,Doryrhamphus,Doryrhamphus,47YP,1,Catalogue of Life,
194,Dorichthys,Dorichthys,52601,52611,5.49,1,NO_ANNOT,,,Exact,0,"Dorichthys Duncker, 1909",Dorichthys,urn:lsid:irmng.org:taxname:1202112,181,IRMNG,
195,Kaup,Kaup,52629,52633,0.47,1,NO_ANNOT,,,Exact,0,Oileus (Kaup) Kaup 1869,Kaup,1105544,2,Wikispecies,
196,Sphyraena commersonii,Sphyraena commersonii,52710,52731,13.09,2,NO_ANNOT,,,Exact,0,"Sphyraena commersonii Cuvier, 1829",Sphyraena commersonii,4Z2LH,1,Catalogue of Life,
197,Holocentrus diploxiphus,Holocentrus diploxiphus,52883,52906,12.74,2,NO_ANNOT,,,Fuzzy,1,"Holocentrum diploxiphus Günther, 1872",Holocentrum diploxiphus,3M8GD,1,Catalogue of Life,
198,Holocentrum diploxiphus,Holocentrum diploxiphus,52917,52940,12.73,2,NO_ANNOT,,,Exact,0,"Holocentrum diploxiphus Günther, 1872",Holocentrum diploxiphus,3M8GD,1,Catalogue of Life,
199,Upeneoides vittatus,Upeneoides vittatus,53029,53048,12.65,2,NO_ANNOT,,,Exact,0,Upeneoides vittatus,Upeneoides vittatus,407108,183,Sherborn Index Animalium,
200,JJ'dlus vittatus,Jj�dlus vittatus,53058,53074,7.17,2,NO_ANNOT,,,NoMatch,,,,,,,,
201,Upeneus trifasciatus,Upeneus trifasciatus,53158,53178,13.32,2,NO_ANNOT,,,Exact,0,"Upeneus trifasciatus (Lacepède, 1801)",Upeneus trifasciatus,7DLV9,1,Catalogue of Life,
202,Upeneus pleurospilos,Upeneus pleurospilos,53310,53330,11.18,2,NO_ANNOT,,,Exact,0,"Upeneus pleurospilos Bleeker, 1853",Upeneus pleurospilos,7DM4B,1,Catalogue of Life,
203,Upeneus,Upeneus,53340,53347,5.27,1,NO_ANNOT,,,Exact,0,Upeneus,Upeneus,84ZF,1,Catalogue of Life,
204,Kuhlia marginata,Kuhlia marginata,53483,53499,11.75,2,NO_ANNOT,,,Exact,0,"Kuhlia marginata (Cuvier, 1829)",Kuhlia marginata,3RFBY,1,Catalogue of Life,
205,Bides marginatus,Bides marginatus,53525,53541,5.60,2,NO_ANNOT,,,NoMatch,,,,,,,,
206,Kuhlia malo,Kuhlia malo,53647,53658,3.26,2,NO_ANNOT,,,Exact,0,"Kuhlia malo (Valenciennes, 1831)",Kuhlia malo,6NP2W,1,Catalogue of Life,
207,Tetradrachmum aruanus,Tetradrachmum aruanus,53806,53827,12.89,2,NO_ANNOT,,,Exact,0,Tetradrachmum aruanus Bl.,Tetradrachmum aruanus,4134751,168,ION,
208,Ghcetodoa arnanus,Ghcetodoa arnanus,53837,53854,4.87,2,NO_ANNOT,,,NoMatch,,,,,,,,
209,Pseudocheilinus hexataenia,Pseudocheilinus hexataenia,53942,53968,12.79,2,NO_ANNOT,,,Exact,0,"Pseudocheilinus hexataenia (Bleeker, 1857)",Pseudocheilinus hexataenia,4NT9G,1,Catalogue of Life,
210,Sebastopsis guamensis,Sebastopsis guamensis,54116,54137,12.74,2,NO_ANNOT,,,Exact,0,Sebastopsis guamensis Q. & G.,Sebastopsis guamensis,3800133,168,ION,
211,Scorpmna guamensis,Scorpmna guamensis,54155,54173,5.79,2,NO_ANNOT,,,NoMatch,,,,,,,,
212,Pterois radiata,Pterois radiata,57623,57638,10.08,2,NO_ANNOT,,,Exact,0,"Pterois radiata Cuvier, 1829",Pterois radiata,6WKN2,1,Catalogue of Life,
213,Fterois radiata,Fterois radiata,57664,57679,3.77,2,NO_ANNOT,,,Fuzzy,1,"Pterois radiata Cuvier, 1829",Pterois radiata,6WKN2,1,Catalogue of Life,
214,Micropus,Micropus,57812,57820,5.73,1,NO_ANNOT,,,Exact,0,Micropus L.,Micropus,63B76,1,Catalogue of Life,
215,Eleotris fuscus,Eleotris fuscus,58188,58203,11.41,2,NO_ANNOT,,,Exact,0,"Eleotris fuscus (Forster, 1801)",Eleotris fuscus,6F2PX,1,Catalogue of Life,
216,Ichth.,Ichth,58266,58272,2.73,1,NO_ANNOT,,,NoMatch,,,,,,,,
217,Gobias ornatus,Gobias ornatus,58327,58341,5.85,2,NO_ANNOT,,,Fuzzy,1,"Gobius ornatus Rüppell, 1830",Gobius ornatus,3GQ33,1,Catalogue of Life,
218,Oobius ornatus,Oobius ornatus,58352,58366,11.63,2,NO_ANNOT,,,Fuzzy,1,"Gobius ornatus Rüppell, 1830",Gobius ornatus,3GQ33,1,Catalogue of Life,
219,Pseudochromis polyacanthus,Pseudochromis polyacanthus,58471,58497,12.98,2,NO_ANNOT,,,Exact,0,"Pseudochromis polyacanthus Bleeker, 1856",Pseudochromis polyacanthus,4NTMQ,1,Catalogue of Life,
220,Fierasfer homei,Fierasfer homei,58656,58671,9.44,2,NO_ANNOT,,,Exact,0,"Fierasfer homei (Richardson, 1846)",Fierasfer homei,6HZ78,1,Catalogue of Life,
221,Oxibeles homei,Oxibeles homei,58684,58698,7.71,2,NO_ANNOT,,,Fuzzy,1,"Oxybeles homei Richardson, 1846",Oxybeles homei,4BCJY,1,Catalogue of Life,
222,Ichth.,Ichth,58742,58748,2.73,1,NO_ANNOT,,,NoMatch,,,,,,,,
223,Fierasfer parvipinnis,Fierasfer parvipinnis,58824,58845,12.49,2,NO_ANNOT,,,Exact,0,"Fierasfer parvipinnis Kaup, 1856",Fierasfer parvipinnis,6HZ6N,1,Catalogue of Life,
224,Kaup.,Kaup,58846,58851,0.47,1,NO_ANNOT,,,Exact,0,Oileus (Kaup) Kaup 1869,Kaup,1105544,2,Wikispecies,
225,Fierasfer parvipinnis,Fierasfer parvipinnis,58870,58891,12.49,2,NO_ANNOT,,,Exact,0,"Fierasfer parvipinnis Kaup, 1856",Fierasfer parvipinnis,6HZ6N,1,Catalogue of Life,
226,Anguilla bengalensis,Anguilla bengalensis,61012,61032,12.59,2,NO_ANNOT,,,Exact,0,"Anguilla bengalensis (Gray, 1831)",Anguilla bengalensis,DZZZ,1,Catalogue of Life,
227,Murana,Murana,61039,61045,3.05,1,NO_ANNOT,,,Exact,0,"Murana Meigen, 1824",Murana,urn:lsid:irmng.org:taxname:1344871,181,IRMNG,
228,Anguilla jyfdnirostris,Anguilla jyfdnirostris,61189,61211,3.11,2,NO_ANNOT,,,PartialExact,0,Anguilla,Anguilla,W6M,1,Catalogue of Life,
229,Echidna nebulosa,Echidna nebulosa,61234,61250,9.50,2,NO_ANNOT,,,Exact,0,"Echidna nebulosa (Ahl, 1789)",Echidna nebulosa,6DVPX,1,Catalogue of Life,
230,Murcena nebulosa,Murcena nebulosa,61257,61273,6.06,2,NO_ANNOT,,,Fuzzy,1,"Muraena nebulosa Ahl, 1789",Muraena nebulosa,44L5C,1,Catalogue of Life,
231,Mugil caldwelli,Mugil caldwelli,61348,61363,9.82,2,SP_NOV,,,Exact,0,"Mugil caldwelli Fowler, 1900",Mugil caldwelli,9118091,11,GBIF Backbone Taxonomy,
232,Mugil,Mugil,63985,63990,3.43,1,NO_ANNOT,,,Exact,0,Mugil,Mugil,5VL8,1,Catalogue of Life,
233,Holocentrus diadema,Holocentrus diadema,65354,65373,11.07,2,NO_ANNOT,,,Exact,0,"Holocentrus diadema Lacepède, 1802",Holocentrus diadema,3M8JJ,1,Catalogue of Life,
234,Uolocentrus diadema,Uolocentrus diadema,65385,65404,4.77,2,NO_ANNOT,,,Fuzzy,1,"Holocentrus diadema Lacepède, 1802",Holocentrus diadema,3M8JJ,1,Catalogue of Life,
235,Holocentrus spinifer,Holocentrus spinifer,65505,65525,11.17,2,NO_ANNOT,,,Exact,0,"Holocentrus spinifer (Forsskål, 1775)",Holocentrus spinifer,3M8LL,1,Catalogue of Life,
236,Scimna spinifera,Scimna spinifera,65535,65551,4.67,2,NO_ANNOT,,,NoMatch,,,,,,,,
237,Holocentrus sammara,Holocentrus sammara,65604,65623,11.25,2,NO_ANNOT,,,Exact,0,"Holocentrus sammara (Forsskål, 1775)",Holocentrus sammara,3M8LC,1,Catalogue of Life,
238,Scuena sammara,Scuena sammara,65632,65646,3.99,2,NO_ANNOT,,,NoMatch,,,,,,,,
239,TJpeneus indicus,Tjpeneus indicus,65707,65723,6.02,2,NO_ANNOT,,,NoMatch,,,,,,,,
240,Mullus,Mullus,65730,65736,5.21,1,NO_ANNOT,,,Exact,0,Mullus,Mullus,5VMV,1,Catalogue of Life,
241,Equula fasciata,Equula fasciata,65816,65831,12.04,2,NO_ANNOT,,,Exact,0,"Equula fasciata (Lacepède, 1803)",Equula fasciata,6FYLR,1,Catalogue of Life,
242,Ciiipea fasciata,Ciiipea fasciata,65842,65858,5.00,2,NO_ANNOT,,,NoMatch,,,,,,,,
243,Eahlia rupestris,Eahlia rupestris,65937,65953,4.78,2,NO_ANNOT,,,NoMatch,,,,,,,,
244,Centropomus rupestris,Centropomus rupestris,65964,65985,12.85,2,NO_ANNOT,,,Exact,0,"Centropomus rupestris Lacepède, 1802",Centropomus rupestris,SB4X,1,Catalogue of Life,
245,Epinephelus merra,Epinephelus merra,66063,66080,10.16,2,NO_ANNOT,,,Exact,0,"Epinephelus merra Bloch, 1793",Epinephelus merra,6G5PW,1,Catalogue of Life,
246,EpinepJielus merra,Epinepjielus merra,66088,66106,4.09,2,NO_ANNOT,,,NoMatch,,,,,,,,
247,Genyoroge marginata,Genyoroge marginata,66176,66195,11.89,2,NO_ANNOT,,,Exact,0,Genyoroge marginata,Genyoroge marginata,gn_124140,186,MCZbase,
248,Eupomacentrus lividus,Eupomacentrus lividus,66326,66347,12.44,2,NO_ANNOT,,,Exact,0,"Eupomacentrus lividus () non Forster, 1801",Eupomacentrus lividus,7W587,1,Catalogue of Life,
249,Lividus,Lividus,66379,66386,2.93,1,NO_ANNOT,,,Exact,0,Cortinarius ser. Lividus Bidaud & Reumaux 2009,Lividus,546629,5,Index Fungorum,
250,Ichth.,Ichth,66413,66419,2.73,1,NO_ANNOT,,,NoMatch,,,,,,,,
251,Hemigymnus melapterus,Hemigymnus melapterus,66553,66574,13.01,2,NO_ANNOT,,,Exact,0,"Hemigymnus melapterus (Bloch, 1791)",Hemigymnus melapterus,6LPBS,1,Catalogue of Life,
252,Labrus raelapterus,Labrus raelapterus,66582,66600,7.08,2,NO_ANNOT,,,PartialExact,0,Labrus,Labrus,59Q8,1,Catalogue of Life,
253,Scams viridus,Scams viridus,66685,66698,1.84,2,NO_ANNOT,,,NoMatch,,,,,,,,
254,Scarus viridus,Scarus viridus,66706,66720,11.11,2,NO_ANNOT,,,Fuzzy,1,"Scarus viridis Bonnaterre, 1788",Scarus viridis,4V3PL,1,Catalogue of Life,
255,Scarus globiceps,Scarus globiceps,66787,66803,11.11,2,NO_ANNOT,,,Exact,0,"Scarus globiceps Valenciennes, 1840",Scarus globiceps,4V3K2,1,Catalogue of Life,
256,Scarus globiceps,Scarus globiceps,66829,66845,11.11,2,NO_ANNOT,,,Exact,0,"Scarus globiceps Valenciennes, 1840",Scarus globiceps,4V3K2,1,Catalogue of Life,
257,Scarus,Scarus,66929,66935,4.72,1,NO_ANNOT,,,Exact,0,Scarus,Scarus,7D77,1,Catalogue of Life,
258,Chaetodon setifer,Chaetodon setifer,66966,66983,9.44,2,NO_ANNOT,,,Exact,0,"Chaetodon setifer Bloch, 1795",Chaetodon setifer,TC52,1,Catalogue of Life,
259,Olmtodon setifer,Olmtodon setifer,66991,67007,2.96,2,NO_ANNOT,,,NoMatch,,,,,,,,
260,Chaetodon vagabundus,Chaetodon vagabundus,67081,67101,11.05,2,NO_ANNOT,,,Exact,0,"Chaetodon vagabundus Linnaeus, 1758",Chaetodon vagabundus,TC6G,1,Catalogue of Life,
261,Ghwtodon vagabundus,Ghwtodon vagabundus,67112,67131,4.57,2,NO_ANNOT,,,NoMatch,,,,,,,,
262,Balistapus aculeatus,Balistapus aculeatus,67196,67216,13.79,2,NO_ANNOT,,,Exact,0,"Balistapus aculeatus (Linnaeus, 1758)",Balistapus aculeatus,KH37,1,Catalogue of Life,
263,Balistes aculeatus,Balistes aculeatus,67227,67245,10.93,2,NO_ANNOT,,,Exact,0,"Balistes aculeatus Linnaeus, 1758",Balistes aculeatus,KH3D,1,Catalogue of Life,
264,Balistes diva,Balistes diva,67339,67352,3.72,2,NO_ANNOT,,,PartialExact,0,Balistes,Balistes,37ML,1,Catalogue of Life,
265,Ovoides immaculatus,Ovoides immaculatus,67426,67445,12.65,2,NO_ANNOT,,,PartialExact,0,"Ovoides Anonymous, 1798",Ovoides,urn:lsid:marinespecies.org:taxname:297322,9,WoRMS,
266,Tetrodon,Tetrodon,67467,67475,4.01,1,NO_ANNOT,,,Exact,0,"Tetrodon Linnaeus, 1766",Tetrodon,urn:lsid:irmng.org:taxname:1321746,181,IRMNG,
267,Ichth.,Ichth,67514,67520,2.73,1,NO_ANNOT,,,NoMatch,,,,,,,,
268,Arothron,Arothron,67663,67671,4.31,1,NO_ANNOT,,,Exact,0,Arothron,Arothron,3364,1,Catalogue of Life,
269,Arothron reticularis,Arothron reticularis,67696,67716,11.97,2,NO_ANNOT,,,Exact,0,"Arothron reticularis (Bloch & Schneider, 1801)",Arothron reticularis,GTWZ,1,Catalogue of Life,
270,Arathron reticulatis,Arathron reticulatis,67755,67775,5.17,2,NO_ANNOT,,,Fuzzy,2,Arothron reticulatus,Arothron reticulatus,gn_60190,186,MCZbase,
271,Ovoides,Ovoides,67842,67849,4.51,1,NO_ANNOT,,,Exact,0,"Ovoides Anonymous, 1798",Ovoides,urn:lsid:marinespecies.org:taxname:297322,9,WoRMS,
272,Ovoides nigropunctatus,Ovoides nigropunctatus,67872,67894,12.64,2,NO_ANNOT,,,PartialExact,0,"Ovoides Anonymous, 1798",Ovoides,urn:lsid:marinespecies.org:taxname:297322,9,WoRMS,
273,Tetrodon,Tetrodon,67916,67924,4.01,1,NO_ANNOT,,,Exact,0,"Tetrodon Linnaeus, 1766",Tetrodon,urn:lsid:irmng.org:taxname:1321746,181,IRMNG,
274,Ichth.,Ichth,67965,67971,2.73,1,NO_ANNOT,,,NoMatch,,,,,,,,
275,Ovoides reticularis,Ovoides reticularis,67985,68004,12.17,2,NO_ANNOT,,,PartialExact,0,"Ovoides Anonymous, 1798",Ovoides,urn:lsid:marinespecies.org:taxname:297322,9,WoRMS,
276,Tetrodon,Tetrodon,68026,68034,4.01,1,NO_ANNOT,,,Exact,0,"Tetrodon Linnaeus, 1766",Tetrodon,urn:lsid:irmng.org:taxname:1321746,181,IRMNG,
277,Reticularis,Reticularis,68035,68046,5.35,1,NO_ANNOT,,,NoMatch,,,,,,,,
278,Ichth.,Ichth,68073,68079,2.73,1,NO_ANNOT,,,NoMatch,,,,,,,,
279,Ovoides ophryas,Ovoides ophryas,68097,68112,8.86,2,NO_ANNOT,,,PartialExact,0,"Ovoides Anonymous, 1798",Ovoides,urn:lsid:marinespecies.org:taxname:297322,9,WoRMS,
280,Arothron ophryas,Arothron ophryas,68133,68149,8.66,2,NO_ANNOT,,,Exact,0,"Arothron ophryas Cope, 1871",Arothron ophryas,GTWX,1,Catalogue of Life,
281,Arothron ophryas,Arothron ophryas,68226,68242,8.66,2,NO_ANNOT,,,Exact,0,"Arothron ophryas Cope, 1871",Arothron ophryas,GTWX,1,Catalogue of Life,
282,Echeneis naucrates,Echeneis naucrates,68267,68285,9.78,2,NO_ANNOT,,,Exact,0,"Echeneis naucrates Linnaeus, 1758",Echeneis naucrates,6DTSX,1,Catalogue of Life,
283,Echcncis naucrates,Echcncis naucrates,68296,68314,3.13,2,NO_ANNOT,,,NoMatch,,,,,,,,
284,ARACHNIDA,Arachnida,68369,68378,2.37,1,NO_ANNOT,,,Exact,0,Arachnida,Arachnida,RC,1,Catalogue of Life,
285,Katadysas,Katadysas,69670,69679,2.41,1,NO_ANNOT,,,Exact,0,"Katadysas Hentz, 1850",Katadysas,urn:lsid:irmng.org:taxname:1173914,181,IRMNG,
286,Katadysas,Katadysas,69895,69904,2.41,1,NO_ANNOT,,,Exact,0,"Katadysas Hentz, 1850",Katadysas,urn:lsid:irmng.org:taxname:1173914,181,IRMNG,
287,Katadysas,Katadysas,70053,70062,2.41,1,NO_ANNOT,,,Exact,0,"Katadysas Hentz, 1850",Katadysas,urn:lsid:irmng.org:taxname:1173914,181,IRMNG,
288,Zora,Zora,70069,70073,4.56,1,NO_ANNOT,,,Exact,0,Zora,Zora,8B6S,1,Catalogue of Life,
289,Katadysas pumilas,Katadysas pumilas,70138,70155,7.17,2,NO_ANNOT,,,Fuzzy,1,Katadysas pumilus,Katadysas pumilus,319286,183,Sherborn Index Animalium,
290,Zora,Zora,70192,70196,4.56,1,NO_ANNOT,,,Exact,0,Zora,Zora,8B6S,1,Catalogue of Life,
291,Centrurits carolinianus,Centrurits carolinianus,70420,70443,4.16,2,NO_ANNOT,,,NoMatch,,,,,,,,
292,Vejovis carolinus.,Vejovis carolinus,70502,70520,10.27,2,NO_ANNOT,,,Fuzzy,1,Vaejovis carolinus,Vaejovis carolinus,106623,183,Sherborn Index Animalium,
293,Alyrmecojyhila foliata,Alyrmecojyhila foliata,71030,71052,6.24,2,NO_ANNOT,,,NoMatch,,,,,,,,
294,Mygale fluviatilis,Mygale fluviatilis,71089,71107,11.06,2,NO_ANNOT,,,Exact,0,Mygale fluviatilis,Mygale fluviatilis,176697,183,Sherborn Index Animalium,
295,Dolomedes albi7ieus,Dolomedes albi�ieus,71225,71244,7.24,2,NO_ANNOT,,,PartialExact,0,Dolomedes,Dolomedes,47MQ,1,Catalogue of Life,
296,Lycosa missouriensis,Lycosa missouriensis,71283,71303,6.45,2,NO_ANNOT,,,Exact,0,"Lycosa missouriensis Banks, 1895",Lycosa missouriensis,gn_73545,186,MCZbase,
297,Amjphmia striata,Amjphmia striata,71921,71937,5.85,2,NO_ANNOT,,,NoMatch,,,,,,,,
298,Argyrodes,Argyrodes,71960,71969,4.93,1,NO_ANNOT,,,Exact,0,Argyrodes,Argyrodes,32QS,1,Catalogue of Life,
299,Prostheclina aurata,Prostheclina aurata,71978,71997,11.92,2,NO_ANNOT,,,Exact,0,"Prostheclina aurata Banks, 1893",Prostheclina aurata,95243005,169,uBio NameBank,
300,Lyssomanes viridis.,Lyssomanes viridis,72002,72021,9.94,2,NO_ANNOT,,,Exact,0,"Lyssomanes viridis (Walckenaer, 1837)",Lyssomanes viridis,3WV8C,1,Catalogue of Life,
301,Pachylomerus oarolinensis,Pachylomerus oarolinensis,72394,72419,8.76,2,NO_ANNOT,,,Fuzzy,1,"Pachylomerus carolinensis Ausserer, 1871",Pachylomerus carolinensis,95308432,169,uBio NameBank,
302,Myrmeoiophila fluviatilis,Myrmeoiophila fluviatilis,72439,72464,6.19,2,NO_ANNOT,,,NoMatch,,,,,,,,
303,M. foliata,M. foliata,72473,72483,7.21,2,NO_ANNOT,,,NoMatch,,,,,,,,
304,Tilistata capitata,Tilistata capitata,72525,72543,6.17,2,NO_ANNOT,,,Fuzzy,1,Filistata capitata (Hentz ),Filistata capitata,3952175,168,ION,
305,Ariadne bicolor,Ariadne bicolor,72591,72606,8.61,2,NO_ANNOT,,,Exact,0,Ariadne bicolor (Hentz ),Ariadne bicolor,3925442,168,ION,
306,Tholcus phalangioides,Tholcus phalangioides,72637,72658,6.12,2,NO_ANNOT,,,Fuzzy,1,"Pholcus phalangioides (Fuesslin, 1775)",Pholcus phalangioides,4GL9C,1,Catalogue of Life,
307,Spermopliora meridionalis,Spermopliora meridionalis,72696,72721,7.90,2,NO_ANNOT,,,NoMatch,,,,,,,,
308,Sergiolus variegatus,Sergiolus variegatus,72755,72775,13.76,2,NO_ANNOT,,,Exact,0,"Sergiolus variegatus (Hentz, 1847)",Sergiolus variegatus,6YHDZ,1,Catalogue of Life,
309,Prosthesima atra,Prosthesima atra,72817,72833,8.42,2,NO_ANNOT,,,Exact,0,"Prosthesima atra Emerton, 1902",Prosthesima atra,95348361,169,uBio NameBank,
310,Prosthesima ecclesiastica,Prosthesima ecclesiastica,72857,72882,12.35,2,NO_ANNOT,,,Exact,0,"Prosthesima ecclesiastica Emerton, 1902",Prosthesima ecclesiastica,95345691,169,uBio NameBank,
311,Prosthesima decepta,Prosthesima decepta,72918,72937,10.17,2,SP_NOV,,,Exact,0,Prosthesima decepta Banks 1900,Prosthesima decepta,gn_94217,186,MCZbase,
312,P. insularis,P. insularis,73951,73963,6.90,2,NO_ANNOT,,,NoMatch,,,,,,,,
313,Gnaphosa sericata,Gnaphosa sericata,74055,74072,12.35,2,NO_ANNOT,,,Exact,0,"Gnaphosa sericata (L. Koch, 1866)",Gnaphosa sericata,3GL5M,1,Catalogue of Life,
314,Herpyllus hicolor,Herpyllus hicolor,74079,74096,12.34,2,NO_ANNOT,,,Fuzzy,1,Herpyllus bicolor,Herpyllus bicolor,86585,183,Sherborn Index Animalium,
315,Clubiona abottii,Clubiona abottii,74148,74164,10.31,2,NO_ANNOT,,,PartialExact,0,Clubiona,Clubiona,3R86,1,Catalogue of Life,
316,Chiracantliium inclusa,Chiracantliium inclusa,74194,74216,5.89,2,NO_ANNOT,,,NoMatch,,,,,,,,
317,ChiracantMum albens,Chiracantmum albens,74248,74267,5.39,2,NO_ANNOT,,,NoMatch,,,,,,,,
318,Phrurolithus alarius,Phrurolithus alarius,74295,74315,11.99,2,NO_ANNOT,,,Exact,0,"Phrurolithus alarius Emerton, 1890",Phrurolithus alarius,95337789,169,uBio NameBank,
319,Thargalia bivittatus,Thargalia bivittatus,74340,74360,12.39,2,NO_ANNOT,,,PartialExact,0,"Thargalia Karsch, 1880",Thargalia,urn:lsid:irmng.org:taxname:1389591,181,IRMNG,
320,Anypbsena striata,Anypbsena striata,74396,74413,6.71,2,NO_ANNOT,,,NoMatch,,,,,,,,
321,Becker.,Becker,74414,74421,0.75,1,NO_ANNOT,,,Exact,0,"Becker 1905 Schoettellodes Becker, 1905 Schoettellodes Becker, 1905",Becker,62F2M,1,Catalogue of Life,
322,Anyphaena piscatoria,Anyphaena piscatoria,74531,74551,11.80,2,NO_ANNOT,,,Exact,0,"Anyphaena piscatoria Simon, 1897",Anyphaena piscatoria,95335715,169,uBio NameBank,
323,Gayenna celer,Gayenna celer,74710,74723,7.51,2,NO_ANNOT,,,Exact,0,"Gayenna celer Comstock, 1912",Gayenna celer,95335956,169,uBio NameBank,
324,Anyplmna incerta,Anyplmna incerta,74731,74747,4.18,2,NO_ANNOT,,,NoMatch,,,,,,,,
325,Zora pumilis,Zora pumilis,74797,74809,11.50,2,NO_ANNOT,,,PartialExact,0,Zora,Zora,8B6S,1,Catalogue of Life,
326,KatulysS pumilis,Katulyss pumilis,74817,74833,4.05,2,NO_ANNOT,,,NoMatch,,,,,,,,
327,Agalena naevia,Agalena naevia,74947,74961,10.13,2,NO_ANNOT,,,Exact,0,"Agalena naevia Emerton, 1902",Agalena naevia,95327380,169,uBio NameBank,
328,Becker,Becker,75017,75023,0.75,1,NO_ANNOT,,,Exact,0,"Becker 1905 Schoettellodes Becker, 1905 Schoettellodes Becker, 1905",Becker,62F2M,1,Catalogue of Life,
329,A. hentzi,A. hentzi,75027,75036,4.91,2,NO_ANNOT,,,NoMatch,,,,,,,,
330,Tegenaria derhami,Tegenaria derhami,75095,75112,10.30,2,NO_ANNOT,,,Exact,0,"Tegenaria derhami (Scopoli, 1763)",Tegenaria derhami,10194800,11,GBIF Backbone Taxonomy,
331,Coelotes medicinalis,Coelotes medicinalis,75137,75157,10.93,2,NO_ANNOT,,,Exact,0,Coelotes medicinalis (Hentz ),Coelotes medicinalis,3925467,168,ION,
332,Theridium tepidariorum,Theridium tepidariorum,75190,75212,12.82,2,NO_ANNOT,,,Exact,0,Theridium tepidariorum,Theridium tepidariorum,379466,183,Sherborn Index Animalium,
333,Gaucelmus angustinus,Gaucelmus angustinus,75348,75368,12.69,2,NO_ANNOT,,,Fuzzy,1,"Gaucelmus augustinus Keyserling, 1884",Gaucelmus augustinus,6JXL9,1,Catalogue of Life,
334,Theridula sphaerula,Theridula sphaerula,75387,75406,12.00,2,NO_ANNOT,,,Exact,0,"Theridula sphaerula Keyserling, 1886",Theridula sphaerula,95281773,169,uBio NameBank,
335,Teutana triangnlosa,Teutana triangnlosa,75440,75459,6.20,2,NO_ANNOT,,,Fuzzy,1,"Teutana triangulosa (Walckenaer, 1802)",Teutana triangulosa,7589359,11,GBIF Backbone Taxonomy,
336,Lathrodeotes mactans,Lathrodeotes mactans,75515,75535,2.78,2,NO_ANNOT,,,Fuzzy,1,Lathrodectes mactans,Lathrodectes mactans,3953031,168,ION,
337,Lithyphantes fulvus,Lithyphantes fulvus,75569,75588,9.45,2,NO_ANNOT,,,Exact,0,Lithyphantes fulvus Keyserling 1882,Lithyphantes fulvus,2743473,168,ION,
338,Crustulina guttata,Crustulina guttata,75607,75625,11.85,2,NO_ANNOT,,,Exact,0,"Crustulina guttata (Wider, 1834)",Crustulina guttata,6BJZ8,1,Catalogue of Life,
339,Mysmena bulbifera,Mysmena bulbifera,75650,75667,11.99,2,NO_ANNOT,,,Exact,0,"Mysmena bulbifera Banks, 1896",Mysmena bulbifera,gn_9204,186,MCZbase,
340,Argyrodes trigonum,Argyrodes trigonum,75698,75716,11.90,2,NO_ANNOT,,,Exact,0,"Argyrodes trigonum (Hentz, 1850)",Argyrodes trigonum,urn:lsid:marinespecies.org:taxname:1491373,9,WoRMS,
341,Argyrodes nephilae,Argyrodes nephilae,75752,75770,11.05,2,NO_ANNOT,,,Exact,0,"Argyrodes nephilae Taczanowski, 1873",Argyrodes nephilae,GJVD,1,Catalogue of Life,
342,Argyrodes cancellata,Argyrodes cancellata,75801,75821,12.94,2,NO_ANNOT,,,Fuzzy,2,Argyrodes cancellatus (Hentz),Argyrodes cancellatus,gn_41662,186,MCZbase,
343,Spiropalpus spiralis,Spiropalpus spiralis,75846,75866,13.32,2,NO_ANNOT,,,Exact,0,"Spiropalpus spiralis Emerton, 1882",Spiropalpus spiralis,gn_89285,186,MCZbase,
344,Linyphia communis,Linyphia communis,75886,75903,11.27,2,NO_ANNOT,,,Exact,0,Linyphia communis,Linyphia communis,122335,183,Sherborn Index Animalium,
345,Bathyphantes maculata,Bathyphantes maculata,75941,75962,11.65,2,SP_NOV,,,Exact,0,"Bathyphantes maculata Banks, 1900",Bathyphantes maculata,gn_71453,186,MCZbase,
346,Dictyna sublata,Dictyna sublata,77012,77027,11.89,2,NO_ANNOT,,,Exact,0,Dictyna sublata Hentz,Dictyna sublata,gn_4695,186,MCZbase,
347,Dictyna,Dictyna,77060,77067,4.34,1,NO_ANNOT,,,Exact,0,Dictyna,Dictyna,44XN,1,Catalogue of Life,
348,Jictyna foliacea,Jictyna foliacea,77110,77126,4.55,2,NO_ANNOT,,,Fuzzy,1,"Dictyna foliacea (Hentz, 1850)",Dictyna foliacea,6CTK5,1,Catalogue of Life,
349,DICTYOLATHYS,Dictyolathys,77170,77182,5.85,1,NO_ANNOT,,,Exact,0,"Dictyolathys Banks, 1900",Dictyolathys,urn:lsid:irmng.org:taxname:1167289,181,IRMNG,
350,Dictyna,Dictyna,77201,77208,4.34,1,NO_ANNOT,,,Exact,0,Dictyna,Dictyna,44XN,1,Catalogue of Life,
351,Dictyna.,Dictyna,77475,77483,4.34,1,SP_NOV,,,Exact,0,Dictyna,Dictyna,44XN,1,Catalogue of Life,
352,Dictyolathys maculata,Dictyolathys maculata,77484,77505,13.59,2,SP_NOV,,,Exact,0,"Dictyolathys maculata Banks, 1900",Dictyolathys maculata,gn_76582,186,MCZbase,
353,Uloborus plumipes,Uloborus plumipes,78358,78375,11.38,2,NO_ANNOT,,,Exact,0,"Uloborus plumipes Lucas, 1846",Uloborus plumipes,7DFQL,1,Catalogue of Life,
354,Acrosoma spinea,Acrosoma spinea,78467,78482,10.85,2,NO_ANNOT,,,Exact,0,Acrosoma spinea,Acrosoma spinea,4339288,168,ION,
355,Acrosoma rugosa,Acrosoma rugosa,78506,78521,11.76,2,NO_ANNOT,,,PartialExact,0,"Acrosoma Perty, 1833",Acrosoma,urn:lsid:irmng.org:taxname:1349614,181,IRMNG,
356,Mahadeva verrucosa,Mahadeva verrucosa,78572,78590,11.58,2,NO_ANNOT,,,Exact,0,"Mahadeva verrucosa Keyserling, 1892",Mahadeva verrucosa,95313628,169,uBio NameBank,
357,Ordgarius oornigerris,Ordgarius oornigerris,78611,78632,7.61,2,NO_ANNOT,,,PartialExact,0,Ordgarius,Ordgarius,69GN,1,Catalogue of Life,
358,Argiope aurantia,Argiope aurantia,78664,78680,8.05,2,NO_ANNOT,,,Exact,0,"Argiope aurantia Lucas, 1833",Argiope aurantia,GGZ8,1,Catalogue of Life,
359,Epeira riparia,Epeira riparia,78688,78702,8.54,2,NO_ANNOT,,,Exact,0,Epeira riparia,Epeira riparia,332855,183,Sherborn Index Animalium,
360,Argiope transversa,Argiope transversa,78729,78747,8.58,2,NO_ANNOT,,,Exact,0,"Argiope transversa Emerton, 1884",Argiope transversa,95306411,169,uBio NameBank,
361,Ipeira scutulata,Ipeira scutulata,78769,78785,5.66,2,NO_ANNOT,,,Fuzzy,1,Epeira scutulata,Epeira scutulata,348737,183,Sherborn Index Animalium,
362,Xpeira insularis,Xpeira insularis,78823,78839,5.00,2,NO_ANNOT,,,Fuzzy,1,Epeira insularis,Epeira insularis,214909,183,Sherborn Index Animalium,
363,Epeira trifolium,Epeira trifolium,78863,78879,9.62,2,NO_ANNOT,,,Exact,0,Epeira trifolium,Epeira trifolium,387890,183,Sherborn Index Animalium,
364,Epeira thaddeus,Epeira thaddeus,78960,78975,9.46,2,NO_ANNOT,,,Exact,0,Epeira thaddeus,Epeira thaddeus,381604,183,Sherborn Index Animalium,
365,Epeira prompta,Epeira prompta,78999,79013,8.29,2,NO_ANNOT,,,Exact,0,Epeira prompta,Epeira prompta,315097,183,Sherborn Index Animalium,
366,E. parcula,E. parcula,79021,79031,6.31,2,NO_ANNOT,,,NoMatch,,,,,,,,
367,Epeira globosa,Epeira globosa,79088,79102,5.70,2,NO_ANNOT,,,Exact,0,"Epeira globosa Keyserling, 1892",Epeira globosa,95304855,169,uBio NameBank,
368,Epeira displicata,Epeira displicata,79234,79251,10.71,2,NO_ANNOT,,,Exact,0,Epeira displicata,Epeira displicata,150562,183,Sherborn Index Animalium,
369,Epeira trivittata,Epeira trivittata,79278,79295,6.61,2,NO_ANNOT,,,Exact,0,"Epeira trivittata Emerton, 1902",Epeira trivittata,95311846,169,uBio NameBank,
370,Epeira labyrinthea,Epeira labyrinthea,79318,79336,8.83,2,NO_ANNOT,,,Exact,0,Epeira labyrinthea,Epeira labyrinthea,221136,183,Sherborn Index Animalium,
371,Epeira vulgaris,Epeira vulgaris,79361,79376,9.77,2,NO_ANNOT,,,Exact,0,Epeira vulgaris,Epeira vulgaris,407885,183,Sherborn Index Animalium,
372,E. volucripes,E. volucripes,79384,79397,6.07,2,NO_ANNOT,,,NoMatch,,,,,,,,
373,Abottia gibberosa,Abottia gibberosa,79427,79444,6.03,2,NO_ANNOT,,,NoMatch,,,,,,,,
374,Abottia placida,Abottia placida,79479,79494,5.22,2,NO_ANNOT,,,NoMatch,,,,,,,,
375,Argyroepeira hortorum,Argyroepeira hortorum,79519,79540,12.36,2,NO_ANNOT,,,Exact,0,"Argyroepeira hortorum Emerton, 1884",Argyroepeira hortorum,95300258,169,uBio NameBank,
376,Plectana stellata,Plectana stellata,79564,79581,11.33,2,NO_ANNOT,,,Exact,0,Plectana stellata,Plectana stellata,364005,183,Sherborn Index Animalium,
377,Larinia directa,Larinia directa,79668,79683,10.09,2,NO_ANNOT,,,Exact,0,"Larinia directa (Hentz, 1847)",Larinia directa,6NY2G,1,Catalogue of Life,
378,Tetragnatha grallator,Tetragnatha grallator,79731,79752,11.20,2,NO_ANNOT,,,Exact,0,Tetragnatha grallator,Tetragnatha grallator,184161,183,Sherborn Index Animalium,
379,Tetragnatha laboriosa,Tetragnatha laboriosa,79777,79798,12.80,2,NO_ANNOT,,,Exact,0,"Tetragnatha laboriosa Hentz, 1850",Tetragnatha laboriosa,55MDL,1,Catalogue of Life,
380,Xystious gulosus,Xystious gulosus,79879,79895,3.07,2,NO_ANNOT,,,Fuzzy,1,"Xysticus gulosus Keyserling, 1880",Xysticus gulosus,5CQ8S,1,Catalogue of Life,
381,Xystious quadrilineatus,Xystious quadrilineatus,79919,79942,4.46,2,NO_ANNOT,,,Fuzzy,1,"Xysticus quadrilineatus Emerton, 1902",Xysticus quadrilineatus,95241862,169,uBio NameBank,
382,Xystious nervosus,Xystious nervosus,79976,79993,3.27,2,NO_ANNOT,,,Fuzzy,1,"Xysticus nervosus Banks, 1892",Xysticus nervosus,gn_66162,186,MCZbase,
383,Xysticus,Xysticus,80029,80037,6.00,1,NO_ANNOT,,,Exact,0,Xysticus,Xysticus,89NC,1,Catalogue of Life,
384,Synema parvula,Synema parvula,80100,80114,11.68,2,NO_ANNOT,,,Exact,0,"Synema parvula Emerton, 1902",Synema parvula,95357014,169,uBio NameBank,
385,Oxyptila moaroensis,Oxyptila moaroensis,80144,80163,6.58,2,NO_ANNOT,,,Fuzzy,1,Oxyptila monroensis,Oxyptila monroensis,4007659,168,ION,
386,Coriarachne versicolor,Coriarachne versicolor,80194,80216,7.97,2,NO_ANNOT,,,Exact,0,"Coriarachne versicolor Keyserling, 1880",Coriarachne versicolor,gn_71543,186,MCZbase,
387,Euncinia aleatoria,Euncinia aleatoria,80250,80268,3.77,2,NO_ANNOT,,,Fuzzy,1,"Runcinia aleatoria Banks, 1892",Runcinia aleatoria,95354937,169,uBio NameBank,
388,Misumena vatia,Misumena vatia,80295,80309,9.95,2,NO_ANNOT,,,Exact,0,"Misumena vatia (Clerck, 1757)",Misumena vatia,43P3V,1,Catalogue of Life,
389,Misumena rosea,Misumena rosea,80335,80349,10.33,2,NO_ANNOT,,,Exact,0,"Misumena rosea Hu & Wu, 1989",Misumena rosea,43P3P,1,Catalogue of Life,
390,Misumena georgiana,Misumena georgiana,80381,80399,12.40,2,NO_ANNOT,,,Exact,0,"Misumena georgiana Keyserling, 1880",Misumena georgiana,95355060,169,uBio NameBank,
391,Tmarsus caudatus,Tmarsus caudatus,80431,80447,11.45,2,NO_ANNOT,,,Fuzzy,1,"Tmarus caudatus Emerton, 1892",Tmarus caudatus,95357610,169,uBio NameBank,
392,Tibellus duttoni,Tibellus duttoni,80483,80499,12.16,2,NO_ANNOT,,,Exact,0,"Tibellus duttoni (Hentz, 1847)",Tibellus duttoni,7BZ63,1,Catalogue of Life,
393,Thanatus rubicundus,Thanatus rubicundus,80533,80552,12.15,2,NO_ANNOT,,,Exact,0,"Thanatus rubicundus L. Koch, 1875",Thanatus rubicundus,56447,1,Catalogue of Life,
394,Philodromus rufus,Philodromus rufus,80586,80603,9.16,2,NO_ANNOT,,,Exact,0,"Philodromus rufus Walckenaer, 1826",Philodromus rufus,4G8VK,1,Catalogue of Life,
395,Philodromus aureolus,Philodromus aureolus,80640,80660,12.58,2,NO_ANNOT,,,Exact,0,"Philodromus aureolus (Clerck, 1757)",Philodromus aureolus,4G8PS,1,Catalogue of Life,
396,Philodromus vulgaris,Philodromus vulgaris,80683,80703,12.69,2,NO_ANNOT,,,Exact,0,"Philodromus vulgaris (Hentz, 1847)",Philodromus vulgaris,4G8WJ,1,Catalogue of Life,
397,Philodromus,Philodromus,80727,80738,5.62,1,NO_ANNOT,,,Exact,0,Philodromus,Philodromus,6NGM,1,Catalogue of Life,
398,Philodromus infuscatus,Philodromus infuscatus,80821,80843,13.45,2,NO_ANNOT,,,Exact,0,"Philodromus infuscatus Keyserling, 1880",Philodromus infuscatus,4G8SM,1,Catalogue of Life,
399,Pisaurina undata,Pisaurina undata,80869,80885,11.40,2,NO_ANNOT,,,Exact,0,"Pisaurina undata Banks, 1910",Pisaurina undata,95324501,169,uBio NameBank,
400,Dolomedes sexpunotatus,Dolomedes sexpunotatus,80930,80952,7.94,2,NO_ANNOT,,,Fuzzy,1,Dolomedes sexpunctatus,Dolomedes sexpunctatus,354554,183,Sherborn Index Animalium,
401,Dolomedes scriptus,Dolomedes scriptus,80989,81007,12.48,2,NO_ANNOT,,,Exact,0,"Dolomedes scriptus Hentz, 1845",Dolomedes scriptus,378DM,1,Catalogue of Life,
402,Dolomedes albineus,Dolomedes albineus,81032,81050,11.69,2,NO_ANNOT,,,Exact,0,"Dolomedes albineus Hentz, 1845",Dolomedes albineus,6DCWR,1,Catalogue of Life,
403,Dolomedes urinator,Dolomedes urinator,81096,81114,10.63,2,NO_ANNOT,,,Exact,0,"Dolomedes urinator Hentz, 1845",Dolomedes urinator,6DD8Y,1,Catalogue of Life,
404,Lycosa scutulata,Lycosa scutulata,81140,81156,10.60,2,NO_ANNOT,,,Exact,0,Lycosa scutulata,Lycosa scutulata,348742,183,Sherborn Index Animalium,
405,Lycosa punctulata,Lycosa punctulata,81189,81206,10.71,2,NO_ANNOT,,,Exact,0,Lycosa punctulata,Lycosa punctulata,320799,183,Sherborn Index Animalium,
406,Lycosa carolinensis,Lycosa carolinensis,81240,81259,10.52,2,NO_ANNOT,,,Exact,0,Lycosa carolinensis,Lycosa carolinensis,106501,183,Sherborn Index Animalium,
407,Lycosa missouriensis,Lycosa missouriensis,81286,81306,6.45,2,NO_ANNOT,,,Exact,0,"Lycosa missouriensis Banks, 1895",Lycosa missouriensis,gn_73545,186,MCZbase,
408,Lycosa fatifera,Lycosa fatifera,81382,81397,9.46,2,NO_ANNOT,,,Exact,0,Lycosa fatifera,Lycosa fatifera,170040,183,Sherborn Index Animalium,
409,L. tigrina,L. tigrina,81405,81415,6.46,2,NO_ANNOT,,,NoMatch,,,,,,,,
410,L. vulpina,L. vulpina,81424,81434,6.46,2,NO_ANNOT,,,NoMatch,,,,,,,,
411,Lycosa erratica,Lycosa erratica,81458,81473,9.96,2,NO_ANNOT,,,Exact,0,Lycosa erratica,Lycosa erratica,162352,183,Sherborn Index Animalium,
412,L. rufa,L. rufa,81629,81636,3.75,2,NO_ANNOT,,,NoMatch,,,,,,,,
413,Lycosa lenta,Lycosa lenta,81710,81722,7.90,2,NO_ANNOT,,,Exact,0,Lycosa lenta,Lycosa lenta,229088,183,Sherborn Index Animalium,
414,L. ruricola,L. ruricola,81730,81741,6.52,2,NO_ANNOT,,,NoMatch,,,,,,,,
415,Lycosa babingtoni,Lycosa babingtoni,81863,81880,9.57,2,NO_ANNOT,,,Exact,0,Lycosa babingtoni,Lycosa babingtoni,429677,183,Sherborn Index Animalium,
416,L. nidicola,L. nidicola,81889,81900,6.52,2,NO_ANNOT,,,NoMatch,,,,,,,,
417,Lycosa riparia,Lycosa riparia,82061,82075,8.54,2,NO_ANNOT,,,Exact,0,Lycosa riparia,Lycosa riparia,332880,183,Sherborn Index Animalium,
418,L. babingtoni,L. babingtoni,82132,82145,6.54,2,NO_ANNOT,,,NoMatch,,,,,,,,
419,L. floridana,L. floridana,82245,82257,6.76,2,NO_ANNOT,,,NoMatch,,,,,,,,
420,L. ocreata,L. ocreata,82300,82310,7.21,2,NO_ANNOT,,,NoMatch,,,,,,,,
421,Trochosa cinerea,Trochosa cinerea,82370,82386,9.69,2,NO_ANNOT,,,Exact,0,"Trochosa cinerea (Fabricius, 1777)",Trochosa cinerea,9986698,11,GBIF Backbone Taxonomy,
422,Allocosa funerea,Allocosa funerea,82410,82426,9.69,2,NO_ANNOT,,,Exact,0,"Allocosa funerea (Hentz, 1844)",Allocosa funerea,BVR3,1,Catalogue of Life,
423,Pardosa milvina,Pardosa milvina,82467,82482,11.16,2,NO_ANNOT,,,Exact,0,"Pardosa milvina (Hentz, 1844)",Pardosa milvina,4DJVT,1,Catalogue of Life,
424,Pardosa minima,Pardosa minima,82506,82520,6.94,2,NO_ANNOT,,,Exact,0,Pardosa minima Keyserl.,Pardosa minima,3697302,168,ION,
425,Oxyopes salticus,Oxyopes salticus,82584,82600,10.53,2,NO_ANNOT,,,Exact,0,"Oxyopes salticus Hentz, 1845",Oxyopes salticus,4BGN8,1,Catalogue of Life,
426,Oxyopes scalaris,Oxyopes scalaris,82633,82649,10.60,2,NO_ANNOT,,,Exact,0,"Oxyopes scalaris Hentz, 1845",Oxyopes scalaris,4BGNB,1,Catalogue of Life,
427,Peucetia viridans,Peucetia viridans,82683,82700,10.50,2,NO_ANNOT,,,Exact,0,"Peucetia viridans (Hentz, 1832)",Peucetia viridans,4FFT5,1,Catalogue of Life,
428,Thanatidius dubius,Thanatidius dubius,82739,82757,11.62,2,NO_ANNOT,,,Exact,0,"Thanatidius dubius Simon, 1898",Thanatidius dubius,95324473,169,uBio NameBank,
429,Ctenus,Ctenus,82787,82793,5.05,1,NO_ANNOT,,,Exact,0,Ctenus,Ctenus,3X4M,1,Catalogue of Life,
430,Fhidippns mystaceus,Fhidippns mystaceus,82859,82878,4.20,2,NO_ANNOT,,,NoMatch,,,,,,,,
431,Phidippus audax,Phidippus audax,82899,82914,10.15,2,NO_ANNOT,,,Exact,0,"Phidippus audax (Hentz, 1845)",Phidippus audax,4G4CD,1,Catalogue of Life,
432,Attus tripunctatus,Attus tripunctatus,82922,82940,12.63,2,NO_ANNOT,,,Exact,0,Attus tripunctatus,Attus tripunctatus,389004,183,Sherborn Index Animalium,
433,Phidippus rufus,Phidippus rufus,82983,82998,9.45,2,NO_ANNOT,,,Exact,0,"Phidippus rufus (Hentz, 1846)",Phidippus rufus,4G4F4,1,Catalogue of Life,
434,Phidippus insolens,Phidippus insolens,83024,83042,12.17,2,NO_ANNOT,,,Exact,0,"Phidippus insolens (Hentz, 1845)",Phidippus insolens,4G4DS,1,Catalogue of Life,
435,Phidippus cardinalis,Phidippus cardinalis,83067,83087,13.31,2,NO_ANNOT,,,Exact,0,"Phidippus cardinalis (Hentz, 1845)",Phidippus cardinalis,4G4CS,1,Catalogue of Life,
436,Phidippus obscurus,Phidippus obscurus,83121,83139,12.70,2,NO_ANNOT,,,Exact,0,"Phidippus obscurus Peckham & Peckham, 1888",Phidippus obscurus,76WLR,1,Catalogue of Life,
437,Dendryphantes,Dendryphantes,83158,83171,4.00,1,NO_ANNOT,,,Exact,0,Dendryphantes,Dendryphantes,436C,1,Catalogue of Life,
438,Dendryphantes retarius,Dendryphantes retarius,83212,83234,10.83,2,NO_ANNOT,,,Exact,0,"Dendryphantes retarius Banks, 1898",Dendryphantes retarius,95257324,169,uBio NameBank,
439,Icius palmarum,Icius palmarum,83267,83281,11.18,2,NO_ANNOT,,,Exact,0,"Icius palmarum Peckham & Peckham, 1888",Icius palmarum,95248165,169,uBio NameBank,
440,Icius mitratus,Icius mitratus,83315,83329,11.68,2,NO_ANNOT,,,Exact,0,"Icius mitratus Emerton, 1891",Icius mitratus,95248148,169,uBio NameBank,
441,Icius elegans,Icius elegans,83363,83376,9.31,2,NO_ANNOT,,,Exact,0,"Icius elegans Emerton, 1902",Icius elegans,95257653,169,uBio NameBank,
442,Cyrba taeniola,Cyrba taeniola,83397,83411,9.59,2,NO_ANNOT,,,Exact,0,Cyrba taeniola (Hentz ),Cyrba taeniola,3952497,168,ION,
443,Marptusa,Marptusa,83453,83461,4.72,1,NO_ANNOT,,,Exact,0,"Marptusa Thorell, 1877",Marptusa,urn:lsid:irmng.org:taxname:1356064,181,IRMNG,
444,Habrocestum coecatum,Habrocestum coecatum,83517,83537,7.38,2,NO_ANNOT,,,Exact,0,"Habrocestum coecatum Peckham & Peckham, 1888",Habrocestum coecatum,95246963,169,uBio NameBank,
445,Habrocestum cristatum,Habrocestum cristatum,83560,83581,12.57,2,NO_ANNOT,,,Exact,0,"Habrocestum cristatum Peckham & Peckham, 1888",Habrocestum cristatum,95246964,169,uBio NameBank,
446,Prostheclina aurata,Prostheclina aurata,83623,83642,11.92,2,NO_ANNOT,,,Exact,0,"Prostheclina aurata Banks, 1893",Prostheclina aurata,95243005,169,uBio NameBank,
447,P. cambridgei,P. cambridgei,83650,83663,5.59,2,NO_ANNOT,,,NoMatch,,,,,,,,
448,Saitis pulex,Saitis pulex,83689,83701,10.25,2,NO_ANNOT,,,Exact,0,Saitis pulex (Hentz ),Saitis pulex,3952661,168,ION,
449,Zygoballus parvus,Zygoballus parvus,83738,83755,11.64,2,NO_ANNOT,,,Exact,0,"Zygoballus parvus Banks, 1898",Zygoballus parvus,95252023,169,uBio NameBank,
450,Homalattus oyaneus,Homalattus oyaneus,83788,83806,12.18,2,NO_ANNOT,,,Fuzzy,1,Homalattus cyaneus (Hentz ),Homalattus cyaneus,3952542,168,ION,
451,Lyssomanes viridis,Lyssomanes viridis,83847,83865,9.94,2,NO_ANNOT,,,Exact,0,"Lyssomanes viridis (Walckenaer, 1837)",Lyssomanes viridis,3WV8C,1,Catalogue of Life,
452,Liobunum vittatum,Liobunum vittatum,83909,83926,12.02,2,NO_ANNOT,,,Exact,0,Liobunum vittatum (Say ),Liobunum vittatum,3952619,168,ION,
453,Liobunum politum,Liobunum politum,83951,83967,11.83,2,NO_ANNOT,,,Exact,0,Liobunum politum,Liobunum politum,3836514,168,ION,
454,Liobunum hyemale,Liobunum hyemale,83988,84004,10.41,2,NO_ANNOT,,,PartialExact,0,"Liobunum Agassiz, 1846",Liobunum,urn:lsid:irmng.org:taxname:1440302,181,IRMNG,
455,Liobunum flavum,Liobunum flavum,84025,84040,10.40,2,NO_ANNOT,,,Exact,0,Liobunum flavum,Liobunum flavum,3855335,168,ION,
456,Liobunum speciosum,Liobunum speciosum,84061,84079,11.74,2,SP_NOV,,,Exact,0,"Liobunum speciosum Banks, 1900",Liobunum speciosum,gn_95426,186,MCZbase,
457,L. blcolor,L. blcolor,85108,85118,6.08,2,NO_ANNOT,,,NoMatch,,,,,,,,
458,Cynorta sayi,Cynorta sayi,85204,85216,8.92,2,NO_ANNOT,,,Exact,0,"Cynorta sayi Simon, 1879",Cynorta sayi,11620720,8,IRMNG (old),
459,SCORPIONIDA.,Scorpionida,85260,85272,2.66,1,NO_ANNOT,,,Exact,0,Scorpionida,Scorpionida,urn:lsid:irmng.org:taxname:11379,181,IRMNG,
460,Vejovis carolinus,Vejovis carolinus,85273,85290,10.27,2,NO_ANNOT,,,Fuzzy,1,Vaejovis carolinus,Vaejovis carolinus,106623,183,Sherborn Index Animalium,
461,PSEUDOSCORPIONIDA.,Pseudoscorpionida,88083,88101,3.33,1,NO_ANNOT,,,Exact,0,Pseudoscorpionida,Pseudoscorpionida,3X4,1,Catalogue of Life,
462,Chelifer cancroides,Chelifer cancroides,88102,88121,11.15,2,NO_ANNOT,,,Exact,0,"Chelifer cancroides (Linnaeus, 1758)",Chelifer cancroides,5XQX9,1,Catalogue of Life,
463,Chelifer muricatus,Chelifer muricatus,88178,88196,12.44,2,NO_ANNOT,,,Exact,0,Chelifer muricatus,Chelifer muricatus,264935,183,Sherborn Index Animalium,
464,Bdella oblonga,Bdella oblonga,88224,88238,11.02,2,NO_ANNOT,,,Exact,0,"Bdella oblonga Say, 1821",Bdella oblonga,L53M,1,Catalogue of Life,
465,Gamasus spinipes,Gamasus spinipes,88291,88307,10.02,2,NO_ANNOT,,,Exact,0,Gamasus spinipes,Gamasus spinipes,361348,183,Sherborn Index Animalium,
466,Gamasus,Gamasus,88365,88372,3.89,1,NO_ANNOT,,,Exact,0,"Gamasus Latreille, 1802",Gamasus,urn:lsid:irmng.org:taxname:1326905,181,IRMNG,
