Index,Verbatim,Name,Start,End,OddsLog10,Cardinality,AnnotNomenType,WordsBefore,WordsAfter,VerifMatchType,VerifEditDistance,VerifMatchedName,VerifMatchedCanonical,VerifTaxonId,VerifDataSourceId,VerifDataSourceTitle,VerifError
0,ODONATA,Odonata,64,71,2.71,1,NO_ANNOT,,,Exact,0,Odonata,Odonata,3P7,1,Catalogue of Life,
1,ZYGOPTERA.,Zygoptera,72,82,5.15,1,NO_ANNOT,,,Exact,0,"Zygoptera Popofsky, 1904",Zygoptera,urn:lsid:irmng.org:taxname:1395611,181,IRMNG,
2,Odonata,Odonata,295,302,2.71,1,NO_ANNOT,,,Exact,0,Odonata,Odonata,3P7,1,Catalogue of Life,
3,Odonata,Odonata,467,474,2.71,1,NO_ANNOT,,,Exact,0,Odonata,Odonata,3P7,1,Catalogue of Life,
4,Odonata,Odonata,996,1003,2.71,1,NO_ANNOT,,,Exact,0,Odonata,Odonata,3P7,1,Catalogue of Life,
5,Calopteryx virgo,Calopteryx virgo,1905,1921,5.72,2,NO_ANNOT,,,Exact,0,"Calopteryx virgo Linnaeus, 1758",Calopteryx virgo,Q2MC,1,Catalogue of Life,
6,Pyrrhosoma minium,Pyrrhosoma minium,1936,1953,8.06,2,NO_ANNOT,,,Exact,0,"Pyrrhosoma minium Harris, 1782",Pyrrhosoma minium,4QVYK,1,Catalogue of Life,
7,Agrion puella,Agrion puella,1966,1979,8.70,2,NO_ANNOT,,,Exact,0,Agrion puella,Agrion puella,45316,183,Sherborn Index Animalium,
8,Erythromma najas,Erythromma najas,1995,2011,9.13,2,NO_ANNOT,,,Exact,0,"Erythromma najas Hansemann, 1823",Erythromma najas,6GS2M,1,Catalogue of Life,
9,Enallagma,Enallagma,2012,2021,5.06,1,NO_ANNOT,,,Exact,0,Enallagma (Miers) Baill.,Enallagma,7MYZD,1,Catalogue of Life,
10,Ischnura elegcms,Ischnura elegcms,2034,2050,9.66,2,NO_ANNOT,,,PartialExact,0,Ischnura,Ischnura,638C6,1,Catalogue of Life,
11,Platycnemis pennipes,Platycnemis pennipes,2055,2075,11.86,2,NO_ANNOT,,,Exact,0,"Platycnemis pennipes Pallas, 1771",Platycnemis pennipes,4JPVZ,1,Catalogue of Life,
12,Lestes virens,Lestes virens,2076,2089,8.46,2,NO_ANNOT,,,Exact,0,"Lestes virens Charpentier, 1825",Lestes virens,6Q2RK,1,Catalogue of Life,
13,Gomphus,Gomphus,2090,2097,4.40,1,NO_ANNOT,,,Exact,0,Gomphus,Gomphus,84NTG,1,Catalogue of Life,
14,Anax,Anax,2106,2110,3.38,1,NO_ANNOT,,,Exact,0,Anax,Anax,VDK,1,Catalogue of Life,
15,Corchdegaster annulatus,Corchdegaster annulatus,2111,2134,5.56,2,NO_ANNOT,,,NoMatch,,,,,,,,
16,Cordulia cenea,Cordulia cenea,2150,2164,9.78,2,NO_ANNOT,,,PartialExact,0,Cordulia,Cordulia,62ML4,1,Catalogue of Life,
17,Diplax,Diplax,2165,2171,3.47,1,NO_ANNOT,,,Exact,0,"Diplax Burmeister, 1839",Diplax,urn:lsid:irmng.org:taxname:1002421,181,IRMNG,
18,Orthetrum.,Orthetrum,2182,2192,5.42,1,NO_ANNOT,,,Exact,0,Orthetrum,Orthetrum,63GTB,1,Catalogue of Life,
19,Lester,Lester,2667,2673,2.81,1,NO_ANNOT,,,NoMatch,,,,,,,,
20,Anisoptera,Anisoptera,2855,2865,5.31,1,NO_ANNOT,,,Exact,0,Anisoptera Korth.,Anisoptera,WFZ,1,Catalogue of Life,
21,Gomphus,Gomphus,2866,2873,4.40,1,NO_ANNOT,,,Exact,0,Gomphus,Gomphus,84NTG,1,Catalogue of Life,
22,Gomphus,Gomphus,3442,3449,4.40,1,NO_ANNOT,,,Exact,0,Gomphus,Gomphus,84NTG,1,Catalogue of Life,
23,Cordulegaster,Cordulegaster,3465,3478,4.14,1,NO_ANNOT,,,Exact,0,Cordulegaster,Cordulegaster,62ML3,1,Catalogue of Life,
24,Odonata,Odonata,3797,3804,2.71,1,NO_ANNOT,,,Exact,0,Odonata,Odonata,3P7,1,Catalogue of Life,
25,Hetizriiia americani,Hetizriiia americani,4139,4159,4.56,2,NO_ANNOT,,,NoMatch,,,,,,,,
26,Archilestes grandis,Archilestes grandis,4160,4179,10.04,2,NO_ANNOT,,,Exact,0,"Archilestes grandis Rambur, 1842",Archilestes grandis,G94Y,1,Catalogue of Life,
27,Lestes tenuatus,Lestes tenuatus,4180,4195,10.23,2,NO_ANNOT,,,Exact,0,"Lestes tenuatus Rambur, 1842",Lestes tenuatus,6PQRM,1,Catalogue of Life,
28,Argia pulla,Argia pulla,4196,4207,9.40,2,NO_ANNOT,,,Exact,0,"Argia pulla Hagen in Selys, 1865",Argia pulla,GGQN,1,Catalogue of Life,
29,Erithagrion salvum,Erithagrion salvum,4222,4240,2.53,2,NO_ANNOT,,,NoMatch,,,,,,,,
30,Ischnura,Ischnura,4241,4249,5.31,1,NO_ANNOT,,,Exact,0,Ischnura,Ischnura,638C6,1,Catalogue of Life,
31,H'irpetogomphus elaps,H�irpetogomphus elaps,4285,4306,3.13,2,NO_ANNOT,,,NoMatch,,,,,,,,
32,Pantala,Pantala,4307,4314,4.89,1,NO_ANNOT,,,Exact,0,Pantala,Pantala,6DB7,1,Catalogue of Life,
33,Pseudoleon,Pseudoleon,4324,4334,4.15,1,NO_ANNOT,,,Exact,0,Pseudoleon,Pseudoleon,642PN,1,Catalogue of Life,
34,Tramea onusta,Tramea onusta,4343,4356,9.99,2,NO_ANNOT,,,Exact,0,"Tramea onusta Hagen, 1861",Tramea onusta,57WWL,1,Catalogue of Life,
35,Micrathyria,Micrathyria,4375,4386,5.14,1,NO_ANNOT,,,Exact,0,Micrathyria,Micrathyria,63B9X,1,Catalogue of Life,
36,Orthemis ferruginea,Orthemis ferruginea,4395,4414,11.95,2,NO_ANNOT,,,Exact,0,"Orthemis ferruginea Fabricius, 1775",Orthemis ferruginea,759KQ,1,Catalogue of Life,
37,D'lplax corrupta.,D�lplax corrupta,4419,4436,3.66,2,NO_ANNOT,,,NoMatch,,,,,,,,
38,Lestes.,Lestes,4588,4595,2.67,1,NO_ANNOT,,,Exact,0,Lestes,Lestes,62WZW,1,Catalogue of Life,
39,Ischnura verticalis,Ischnura verticalis,7510,7529,12.73,2,NO_ANNOT,,,Exact,0,"Ischnura verticalis Say, 1839",Ischnura verticalis,3Q6H8,1,Catalogue of Life,
40,Ischnura verticalis,Ischnura verticalis,9403,9422,12.73,2,NO_ANNOT,,,Exact,0,"Ischnura verticalis Say, 1839",Ischnura verticalis,3Q6H8,1,Catalogue of Life,
41,Ischnura,Ischnura,10292,10300,5.31,1,NO_ANNOT,,,Exact,0,Ischnura,Ischnura,638C6,1,Catalogue of Life,
42,Phaon iridijyennis,Phaon iridijyennis,11764,11782,5.60,2,NO_ANNOT,,,PartialExact,0,Phaon,Phaon,6MV3,1,Catalogue of Life,
43,P. fuliginosus,P. fuliginosus,11860,11874,7.19,2,NO_ANNOT,,,NoMatch,,,,,,,,
44,Libellago ealigata,Libellago ealigata,12181,12199,11.01,2,NO_ANNOT,,,Fuzzy,1,"Libellago caligata Selys, 1853",Libellago caligata,null,163,IUCN Red List of Threatened Species,
45,L. curta,L. curta,12272,12280,4.76,2,NO_ANNOT,,,NoMatch,,,,,,,,
46,Micromerus,Micromerus,12344,12354,5.60,1,NO_ANNOT,,,Exact,0,"Micromerus Rambur, 1842",Micromerus,urn:lsid:irmng.org:taxname:1360859,181,IRMNG,
47,Thore boliviana,Thore boliviana,12384,12399,8.33,2,NO_ANNOT,,,Exact,0,"Thore boliviana McLachlan, 1878",Thore boliviana,11095433,11,GBIF Backbone Taxonomy,
48,Eutliore hyalina,Eutliore hyalina,12463,12479,2.41,2,NO_ANNOT,,,NoMatch,,,,,,,,
49,Pseudostigma,Pseudostigma,12567,12579,5.59,1,NO_ANNOT,,,Exact,0,Pseudostigma,Pseudostigma,73NV,1,Catalogue of Life,
50,Podagrion,Podagrion,12728,12737,2.94,1,NO_ANNOT,,,Exact,0,Podagrion,Podagrion,63NJH,1,Catalogue of Life,
51,Paraphlebia,Paraphlebia,12770,12781,4.16,1,NO_ANNOT,,,Exact,0,Paraphlebia,Paraphlebia,6G79,1,Catalogue of Life,
52,Platycnemis,Platycnemis,13004,13015,5.74,1,NO_ANNOT,,,Exact,0,Platycnemis,Platycnemis,6RR9,1,Catalogue of Life,
53,Protoneura,Protoneura,13094,13104,5.65,1,NO_ANNOT,,,Exact,0,Protoneura,Protoneura,63PJX,1,Catalogue of Life,
54,Neoneura,Neoneura,13150,13158,5.31,1,NO_ANNOT,,,Exact,0,Neoneura,Neoneura,624Q,1,Catalogue of Life,
55,Protoneura,Protoneura,13175,13185,5.65,1,NO_ANNOT,,,Exact,0,Protoneura,Protoneura,63PJX,1,Catalogue of Life,
56,Agrion,Agrion,13295,13301,2.23,1,NO_ANNOT,,,Exact,0,"Agrion Fabricius, 1775",Agrion,urn:lsid:irmng.org:taxname:1309701,181,IRMNG,
57,Hyponeura,Hyponeura,13337,13346,5.48,1,NO_ANNOT,,,Exact,0,"Hyponeura Selys, 1854",Hyponeura,181188,3,ITIS,
58,Ischnura,Ischnura,13355,13363,5.31,1,NO_ANNOT,,,Exact,0,Ischnura,Ischnura,638C6,1,Catalogue of Life,
59,Eiiallarjma ebrium geminatum,Eiiallarjma ebrium geminatum,13376,13404,9.47,3,NO_ANNOT,,,NoMatch,,,,,,,,
60,Ceriagrion,Ceriagrion,13436,13446,3.11,1,NO_ANNOT,,,Exact,0,Ceriagrion,Ceriagrion,3L49,1,Catalogue of Life,
61,Argia,Argia,13518,13523,3.45,1,NO_ANNOT,,,Exact,0,Argia,Argia,32ML,1,Catalogue of Life,
62,LepUAgrion macrurum,Lepuagrion macrurum,13572,13591,3.85,2,NO_ANNOT,,,Fuzzy,1,"Leptagrion macrurum Burmeister, 1839",Leptagrion macrurum,3THGZ,1,Catalogue of Life,
63,Lestes disjiuida,Lestes disjiuida,13673,13689,4.66,2,NO_ANNOT,,,PartialExact,0,Lestes,Lestes,62WZW,1,Catalogue of Life,
64,Pamphlebia.,Pamphlebia,15432,15443,4.04,1,NO_ANNOT,,,Exact,0,Pamphlebia,Pamphlebia,6D22,1,Catalogue of Life,
65,Argia,Argia,15524,15529,3.45,1,NO_ANNOT,,,Exact,0,Argia,Argia,32ML,1,Catalogue of Life,
66,Xaidharioi erythroneurum,Xaidharioi erythroneurum,15869,15893,5.41,2,NO_ANNOT,,,NoMatch,,,,,,,,
67,Calopteryx,Calopteryx,16912,16922,5.26,1,NO_ANNOT,,,Exact,0,Calopteryx A.C.Sm.,Calopteryx,5T74S,1,Catalogue of Life,
68,Calopteryx maculata,Calopteryx maculata,16930,16949,13.01,2,NO_ANNOT,,,Exact,0,"Calopteryx maculata Palisot de Beauvois, 1807",Calopteryx maculata,Q2LL,1,Catalogue of Life,
69,Calopteryx apicalis,Calopteryx apicalis,17000,17019,12.40,2,NO_ANNOT,,,Exact,0,"Calopteryx apicalis Burmeister, 1839",Calopteryx apicalis,Q2KV,1,Catalogue of Life,
70,Calopteryx apicalis,Calopteryx apicalis,17089,17108,12.40,2,NO_ANNOT,,,Exact,0,"Calopteryx apicalis Burmeister, 1839",Calopteryx apicalis,Q2KV,1,Catalogue of Life,
71,Calopteryx cornelia,Calopteryx cornelia,17176,17195,12.32,2,NO_ANNOT,,,Exact,0,"Calopteryx cornelia Selys, 1853",Calopteryx cornelia,Q2L4,1,Catalogue of Life,
72,Sapho orichalcea,Sapho orichalcea,17261,17277,9.52,2,NO_ANNOT,,,Exact,0,"Sapho orichalcea McLachlan, 1869",Sapho orichalcea,79JH4,1,Catalogue of Life,
73,Sapho ciliata,Sapho ciliata,17348,17361,6.78,2,NO_ANNOT,,,Exact,0,"Sapho ciliata Fabricius, 1781",Sapho ciliata,6XJGS,1,Catalogue of Life,
74,Umma,Umma,17430,17434,3.91,1,NO_ANNOT,,,Exact,0,Umma,Umma,84S9,1,Catalogue of Life,
75,Cleis longistigma,Cleis longistigma,17436,17453,10.55,2,NO_ANNOT,,,PartialExact,0,"Cleis Guérin, 1831",Cleis,urn:lsid:irmng.org:taxname:1241701,181,IRMNG,
76,Mnais strigata,Mnais strigata,17500,17514,10.39,2,NO_ANNOT,,,Exact,0,"Mnais strigata Hagen in Selys, 1853",Mnais strigata,43S8S,1,Catalogue of Life,
77,Phaon fuUginosus,Phaon fuuginosus,17570,17586,5.32,2,NO_ANNOT,,,PartialExact,0,Phaon,Phaon,6MV3,1,Catalogue of Life,
78,Phaon fuUginosus,Phaon fuuginosus,17647,17663,5.32,2,NO_ANNOT,,,PartialExact,0,Phaon,Phaon,6MV3,1,Catalogue of Life,
79,Phaon iridipennu,Phaon iridipennu,17723,17739,7.95,2,NO_ANNOT,,,Fuzzy,2,"Phaon iridipennis Burmeister, 1839",Phaon iridipennis,6V995,1,Catalogue of Life,
80,Vestalis luctuosa,Vestalis luctuosa,17803,17820,11.43,2,NO_ANNOT,,,Exact,0,"Vestalis luctuosa Burmeister, 1839",Vestalis luctuosa,7G372,1,Catalogue of Life,
81,Vestalis luctuosa,Vestalis luctuosa,17873,17890,11.43,2,NO_ANNOT,,,Exact,0,"Vestalis luctuosa Burmeister, 1839",Vestalis luctuosa,7G372,1,Catalogue of Life,
82,Vestalis gracilis,Vestalis gracilis,17942,17959,11.26,2,NO_ANNOT,,,Exact,0,"Vestalis gracilis Rambur, 1842",Vestalis gracilis,7G36Q,1,Catalogue of Life,
83,Vestalis,Vestalis,18022,18030,4.12,1,NO_ANNOT,,,Exact,0,Vestalis,Vestalis,86KH,1,Catalogue of Life,
84,Vestalis apicalis,Vestalis apicalis,18096,18113,11.26,2,NO_ANNOT,,,Exact,0,"Vestalis apicalis Selys, 1873",Vestalis apicalis,7G36P,1,Catalogue of Life,
85,Hetcerina occisa,Hetcerina occisa,18166,18182,2.99,2,NO_ANNOT,,,Fuzzy,1,"Hetaerina occisa Hagen in Selys, 1853",Hetaerina occisa,3L6JM,1,Catalogue of Life,
86,Hetcerina titia,Hetcerina titia,18226,18241,2.47,2,NO_ANNOT,,,Fuzzy,1,"Hetaerina titia Drury, 1773",Hetaerina titia,3L6K9,1,Catalogue of Life,
87,Hetcerina cruentata,Hetcerina cruentata,18285,18304,5.73,2,NO_ANNOT,,,Fuzzy,1,"Hetaerina cruentata Rambur, 1842",Hetaerina cruentata,3L6HR,1,Catalogue of Life,
88,Hetcerina vulnerata,Hetcerina vulnerata,18343,18362,5.73,2,NO_ANNOT,,,Fuzzy,1,"Hetaerina vulnerata Hagen in Selys, 1853",Hetaerina vulnerata,3L6KC,1,Catalogue of Life,
89,Hetcerina vulnerata,Hetcerina vulnerata,18405,18424,5.73,2,NO_ANNOT,,,Fuzzy,1,"Hetaerina vulnerata Hagen in Selys, 1853",Hetaerina vulnerata,3L6KC,1,Catalogue of Life,
90,Euphaea,Euphaea,18692,18699,5.27,1,NO_ANNOT,,,Exact,0,Euphaea,Euphaea,4G8X,1,Catalogue of Life,
91,Euphaa impar,Euphaa impar,18707,18719,0.51,2,NO_ANNOT,,,Fuzzy,1,"Euphaea impar Selys, 1859",Euphaea impar,6GZJK,1,Catalogue of Life,
92,Eiiphcea variegata,Eiiphcea variegata,18984,19002,6.41,2,NO_ANNOT,,,NoMatch,,,,,,,,
93,Eujhma ochracea,Eujhma ochracea,19009,19024,3.08,2,NO_ANNOT,,,NoMatch,,,,,,,,
94,Epallage fatime,Epallage fatime,19050,19065,5.19,2,NO_ANNOT,,,Exact,0,"Epallage fatime Charpentier, 1840",Epallage fatime,6FMYX,1,Catalogue of Life,
95,Amphipteryx,Amphipteryx,19219,19230,5.39,1,NO_ANNOT,,,Exact,0,Amphipteryx,Amphipteryx,62B7B,1,Catalogue of Life,
96,Libellago,Libellago,19311,19320,3.27,1,NO_ANNOT,,,Exact,0,Libellago,Libellago,63943,1,Catalogue of Life,
97,Libellaro eurta,Libellaro eurta,19328,19343,2.77,2,NO_ANNOT,,,NoMatch,,,,,,,,
98,Libel lago,Libel lago,19395,19405,,2,NO_ANNOT,,,NoMatch,,,,,,,,
99,Libellago crxligata,Libellago crxligata,19467,19486,6.14,2,NO_ANNOT,,,PartialExact,0,Libellago,Libellago,63943,1,Catalogue of Life,
100,RhUiocypha biseriata,Rhuiocypha biseriata,19526,19546,7.32,2,NO_ANNOT,,,NoMatch,,,,,,,,
101,Micromevus lineatus,Micromevus lineatus,19631,19650,5.88,2,NO_ANNOT,,,Fuzzy,1,Micromerus lineatus Burmeister 1839,Micromerus lineatus,gn_193633,186,MCZbase,
102,Micromeras obscurus,Micromeras obscurus,19688,19707,5.40,2,NO_ANNOT,,,Fuzzy,1,"Micromerus obscurus Kirby, 1886",Micromerus obscurus,null,163,IUCN Red List of Threatened Species,
103,Thore,Thore,19751,19756,1.24,1,NO_ANNOT,,,Exact,0,"Thore Koch, 1850",Thore,urn:lsid:irmng.org:taxname:1328957,181,IRMNG,
104,Thore boliviana,Thore boliviana,19762,19777,8.33,2,NO_ANNOT,,,Exact,0,"Thore boliviana McLachlan, 1878",Thore boliviana,11095433,11,GBIF Backbone Taxonomy,
105,Thoi'e boliviana,Thoi�e boliviana,19971,19987,4.60,2,NO_ANNOT,,,NoMatch,,,,,,,,
106,Euthore hyalina,Euthore hyalina,20041,20056,8.47,2,NO_ANNOT,,,Exact,0,"Euthore hyalina Selys, 1853",Euthore hyalina,3DD8Y,1,Catalogue of Life,
107,Cora marina,Cora marina,20119,20130,9.70,2,NO_ANNOT,,,Exact,0,"Cora marina Selys, 1868",Cora marina,Y98B,1,Catalogue of Life,
108,Cora inca,Cora inca,20181,20190,6.97,2,NO_ANNOT,,,Exact,0,"Cora inca Selys, 1873",Cora inca,Y97Z,1,Catalogue of Life,
109,Pseud,Pseud,20398,20403,2.73,1,NO_ANNOT,,,NoMatch,,,,,,,,
110,Mkrostigma anomalum,Mkrostigma anomalum,20579,20598,5.67,2,NO_ANNOT,,,NoMatch,,,,,,,,
111,Anomisma abnorme,Anomisma abnorme,20663,20679,10.70,2,NO_ANNOT,,,Exact,0,"Anomisma abnorme McLachlan, 1877",Anomisma abnorme,5V6DD,1,Catalogue of Life,
112,Mecistogaster viodestus,Mecistogaster viodestus,20738,20761,6.84,2,NO_ANNOT,,,PartialExact,0,Mecistogaster,Mecistogaster,5MCQ,1,Catalogue of Life,
113,3Iecistogaster ornatiis,Iecistogaster ornatiis,20791,20814,2.78,2,NO_ANNOT,,,NoMatch,,,,,,,,
114,Pseudostigma aberrans,Pseudostigma aberrans,20861,20882,10.97,2,NO_ANNOT,,,Exact,0,"Pseudostigma aberrans Selys, 1860",Pseudostigma aberrans,6WHV5,1,Catalogue of Life,
115,Podagrion,Podagrion,20942,20951,2.94,1,NO_ANNOT,,,Exact,0,Podagrion,Podagrion,63NJH,1,Catalogue of Life,
116,Paraphlebia,Paraphlebia,20959,20970,4.16,1,NO_ANNOT,,,Exact,0,Paraphlebia,Paraphlebia,6G79,1,Catalogue of Life,
117,Paraphlebia,Paraphlebia,21050,21061,4.16,1,NO_ANNOT,,,Exact,0,Paraphlebia,Paraphlebia,6G79,1,Catalogue of Life,
118,Misantla,Misantla,21087,21095,3.81,1,NO_ANNOT,,,Exact,0,"Misantla Baker, 1928",Misantla,urn:lsid:irmng.org:taxname:1159208,181,IRMNG,
119,Philogenia,Philogenia,21125,21135,4.20,1,NO_ANNOT,,,Exact,0,Philogenia,Philogenia,63MWF,1,Catalogue of Life,
120,Berenice,Berenice,21136,21144,2.10,1,NO_ANNOT,,,Exact,0,Berenice,Berenice,39ML,1,Catalogue of Life,
121,Philogenia cassandra,Philogenia cassandra,21192,21212,6.77,2,NO_ANNOT,,,Exact,0,"Philogenia cassandra Hagen in Selys, 1862",Philogenia cassandra,4G8ZJ,1,Catalogue of Life,
122,Berenice.,Berenice,21284,21293,2.10,1,NO_ANNOT,,,Exact,0,Berenice,Berenice,39ML,1,Catalogue of Life,
123,Megapodagrion venale,Megapodagrion venale,21294,21314,8.90,2,NO_ANNOT,,,Exact,0,Megapodagrion venale (Selys 1862),Megapodagrion venale,1843838,168,ION,
124,Cabello,Cabello,21353,21360,4.04,1,NO_ANNOT,,,Exact,0,Cabello,Cabello,62JR8,1,Catalogue of Life,
125,Heteragrion erithrogastrum,Heteragrion erithrogastrum,21385,21411,5.83,2,NO_ANNOT,,,Fuzzy,1,"Heteragrion erythrogastrum Selys, 1886",Heteragrion erythrogastrum,3L747,1,Catalogue of Life,
126,Hetemgnon chrysops,Hetemgnon chrysops,21497,21515,2.92,2,NO_ANNOT,,,NoMatch,,,,,,,,
127,Heteragrion,Heteragrion,21577,21588,3.23,1,NO_ANNOT,,,Exact,0,Heteragrion,Heteragrion,4W75,1,Catalogue of Life,
128,Heteragrion,Heteragrion,21742,21753,3.23,1,SP_NOV,,,Exact,0,Heteragrion,Heteragrion,4W75,1,Catalogue of Life,
129,Platycnemis,Platycnemis,21824,21835,5.74,1,NO_ANNOT,,,Exact,0,Platycnemis,Platycnemis,6RR9,1,Catalogue of Life,
130,Tatocnemis malagcmica,Tatocnemis malagcmica,21843,21864,8.13,2,NO_ANNOT,,,PartialExact,0,Tatocnemis,Tatocnemis,7T2N,1,Catalogue of Life,
131,Leptocnemis bllmeata,Leptocnemis bllmeata,21981,22001,8.45,2,NO_ANNOT,,,PartialExact,0,"Leptocnemis Dombrow, 2001",Leptocnemis,5CXM,1,Catalogue of Life,
132,Celiccia octogesima,Celiccia octogesima,22055,22074,6.06,2,NO_ANNOT,,,Fuzzy,1,"Coeliccia octogesima Selys, 1863",Coeliccia octogesima,WQCW,1,Catalogue of Life,
133,Copera atomaria,Copera atomaria,22140,22155,10.48,2,NO_ANNOT,,,Exact,0,"Copera atomaria Selys, 1886",Copera atomaria,Y3JX,1,Catalogue of Life,
134,Protoneura,Protoneura,22236,22246,5.65,1,NO_ANNOT,,,Exact,0,Protoneura,Protoneura,63PJX,1,Catalogue of Life,
135,Disparoneura collaris,Disparoneura collaris,22330,22351,13.08,2,NO_ANNOT,,,PartialExact,0,Disparoneura,Disparoneura,46VY,1,Catalogue of Life,
136,Disparoneura,Disparoneura,22404,22416,6.01,1,NO_ANNOT,,,Exact,0,Disparoneura,Disparoneura,46VY,1,Catalogue of Life,
137,Caconeura dorsalis.,Caconeura dorsalis,22455,22474,12.62,2,NO_ANNOT,,,Exact,0,Caconeura dorsalis Fraser 1927,Caconeura dorsalis,3344501,168,ION,
138,Neoneura,Neoneura,22518,22526,5.31,1,SP_NOV,,,Exact,0,Neoneura,Neoneura,624Q,1,Catalogue of Life,
139,Neoneura,Neoneura,22617,22625,5.31,1,SP_NOV,,,Exact,0,Neoneura,Neoneura,624Q,1,Catalogue of Life,
140,Protoneura,Protoneura,22719,22729,5.65,1,SP_NOV,,,Exact,0,Protoneura,Protoneura,63PJX,1,Catalogue of Life,
141,Protoneura,Protoneura,22889,22899,5.65,1,SP_NOV,,,Exact,0,Protoneura,Protoneura,63PJX,1,Catalogue of Life,
142,Agrion,Agrion,23021,23027,2.23,1,NO_ANNOT,,,Exact,0,"Agrion Fabricius, 1775",Agrion,urn:lsid:irmng.org:taxname:1309701,181,IRMNG,
143,Hyponeura lugens,Hyponeura lugens,23035,23051,11.27,2,NO_ANNOT,,,Exact,0,"Hyponeura lugens (Hagen, 1861)",Hyponeura lugens,181189,3,ITIS,
144,Iliiponeura lugens,Iliiponeura lugens,23100,23118,5.25,2,NO_ANNOT,,,NoMatch,,,,,,,,
145,Argia,Argia,23171,23176,3.45,1,NO_ANNOT,,,Exact,0,Argia,Argia,32ML,1,Catalogue of Life,
146,Argia blpunctxdata,Argia blpunctxdata,23225,23243,6.65,2,NO_ANNOT,,,PartialExact,0,Argia,Argia,32ML,1,Catalogue of Life,
147,Argia agrioides,Argia agrioides,23277,23292,9.77,2,NO_ANNOT,,,Exact,0,"Argia agrioides Calvert, 1895",Argia agrioides,GGMB,1,Catalogue of Life,
148,Argia,Argia,23370,23375,3.45,1,NO_ANNOT,,,Exact,0,Argia,Argia,32ML,1,Catalogue of Life,
149,Ischnura heterostlcta,Ischnura heterostlcta,23418,23439,7.43,2,NO_ANNOT,,,Fuzzy,1,"Ischnura heterosticta Burmeister, 1839",Ischnura heterosticta,6N9JD,1,Catalogue of Life,
150,Ischnura,Ischnura,23494,23502,5.31,1,NO_ANNOT,,,Exact,0,Ischnura,Ischnura,638C6,1,Catalogue of Life,
151,Anomalagrlon hastatum,Anomalagrlon hastatum,23563,23584,5.71,2,NO_ANNOT,,,Fuzzy,1,"Anomalagrion hastatum (Say, 1839)",Anomalagrion hastatum,urn:lsid:marinespecies.org:taxname:1489376,9,WoRMS,
152,Enallagma ebrium,Enallagma ebrium,23617,23633,11.34,2,NO_ANNOT,,,Exact,0,"Enallagma ebrium Hagen, 1861",Enallagma ebrium,39M5M,1,Catalogue of Life,
153,Enallagma geminatum,Enallagma geminatum,23692,23711,12.46,2,NO_ANNOT,,,Exact,0,"Enallagma geminatum Kellicott, 1895",Enallagma geminatum,39M5R,1,Catalogue of Life,
154,Enallagma,Enallagma,23771,23780,5.06,1,NO_ANNOT,,,Exact,0,Enallagma (Miers) Baill.,Enallagma,7MYZD,1,Catalogue of Life,
155,Nehalennia lais,Nehalennia lais,23838,23853,7.11,2,NO_ANNOT,,,Exact,0,"Nehalennia lais Brauer, 1876",Nehalennia lais,11037827,11,GBIF Backbone Taxonomy,
156,Fyrrhosoma tenellum,Fyrrhosoma tenellum,23909,23928,5.72,2,NO_ANNOT,,,Fuzzy,1,"Pyrrhosoma tenellum (Villers, 1789)",Pyrrhosoma tenellum,9619898,11,GBIF Backbone Taxonomy,
157,Pyrrhosoma minium,Pyrrhosoma minium,23985,24002,8.06,2,NO_ANNOT,,,Exact,0,"Pyrrhosoma minium Harris, 1782",Pyrrhosoma minium,4QVYK,1,Catalogue of Life,
158,Xanthagrion erythroneurum,Xanthagrion erythroneurum,24041,24066,10.79,2,NO_ANNOT,,,Exact,0,"Xanthagrion erythroneurum Selys, 1876",Xanthagrion erythroneurum,5C4N2,1,Catalogue of Life,
159,Ceriagrion glabrum,Ceriagrion glabrum,24115,24133,9.96,2,NO_ANNOT,,,Exact,0,"Ceriagrion glabrum Burmeister, 1839",Ceriagrion glabrum,SXRQ,1,Catalogue of Life,
160,Anisagrion allopterum,Anisagrion allopterum,24195,24216,10.44,2,NO_ANNOT,,,Exact,0,"Anisagrion allopterum Selys, 1876",Anisagrion allopterum,66PYM,1,Catalogue of Life,
161,Rica.,Rica,24246,24251,1.99,1,NO_ANNOT,,,NoMatch,,,,,,,,
162,Erythagrion salvum,Erythagrion salvum,24267,24285,2.53,2,NO_ANNOT,,,NoMatch,,,,,,,,
163,Erythagrion salvum,Erythagrion salvum,24336,24354,2.53,2,NO_ANNOT,,,NoMatch,,,,,,,,
164,Leptagrion macrurum,Leptagrion macrurum,24480,24499,10.16,2,NO_ANNOT,,,Exact,0,"Leptagrion macrurum Burmeister, 1839",Leptagrion macrurum,3THGZ,1,Catalogue of Life,
165,Leptobasis vacillans,Leptobasis vacillans,24561,24581,10.65,2,NO_ANNOT,,,Exact,0,"Leptobasis vacillans Hagen in Selys, 1877",Leptobasis vacillans,3TJZT,1,Catalogue of Life,
166,Agriocnemis femina,Agriocnemis femina,24641,24659,12.24,2,NO_ANNOT,,,Exact,0,"Agriocnemis femina Brauer, 1868",Agriocnemis femina,B7KL,1,Catalogue of Life,
167,Hemiphlebia mirabilis,Hemiphlebia mirabilis,24708,24729,11.46,2,NO_ANNOT,,,Exact,0,"Hemiphlebia mirabilis Selys, 1869",Hemiphlebia mirabilis,3KRPX,1,Catalogue of Life,
168,Lestes,Lestes,24784,24790,2.67,1,NO_ANNOT,,,Exact,0,Lestes,Lestes,62WZW,1,Catalogue of Life,
169,Archilestes grandis,Archilestes grandis,24798,24817,10.04,2,NO_ANNOT,,,Exact,0,"Archilestes grandis Rambur, 1842",Archilestes grandis,G94Y,1,Catalogue of Life,
170,Lestes,Lestes,24862,24868,2.67,1,NO_ANNOT,,,Exact,0,Lestes,Lestes,62WZW,1,Catalogue of Life,
171,Lestes vigilax,Lestes vigilax,24915,24929,6.94,2,NO_ANNOT,,,Exact,0,"Lestes vigilax Hagen in Selys, 1862",Lestes vigilax,6PR3K,1,Catalogue of Life,
172,Lestes leda,Lestes leda,24963,24974,2.08,2,NO_ANNOT,,,Exact,0,"Lestes leda Selys, 1862",Lestes leda,5815062,11,GBIF Backbone Taxonomy,
173,Lestes ienuatus,Lestes ienuatus,25019,25034,5.20,2,NO_ANNOT,,,Fuzzy,1,"Lestes tenuatus Rambur, 1842",Lestes tenuatus,6PQRM,1,Catalogue of Life,
174,Sapho orichalcea,Sapho orichalcea,25413,25429,9.52,2,NO_ANNOT,,,Exact,0,"Sapho orichalcea McLachlan, 1869",Sapho orichalcea,79JH4,1,Catalogue of Life,
175,Heteragrion,Heteragrion,26085,26096,3.23,1,NO_ANNOT,,,Exact,0,Heteragrion,Heteragrion,4W75,1,Catalogue of Life,
176,Heteragrion.,Heteragrion,26372,26384,3.23,1,NO_ANNOT,,,Exact,0,Heteragrion,Heteragrion,4W75,1,Catalogue of Life,
177,Argia,Argia,26658,26663,3.45,1,NO_ANNOT,,,Exact,0,Argia,Argia,32ML,1,Catalogue of Life,
178,Odonata,Odonata,27452,27459,2.71,1,NO_ANNOT,,,Exact,0,Odonata,Odonata,3P7,1,Catalogue of Life,
179,Thore,Thore,28068,28073,1.24,1,NO_ANNOT,,,Exact,0,"Thore Koch, 1850",Thore,urn:lsid:irmng.org:taxname:1328957,181,IRMNG,
180,Pseudostigma legion,Pseudostigma legion,28156,28175,4.49,2,NO_ANNOT,,,PartialExact,0,Pseudostigma,Pseudostigma,73NV,1,Catalogue of Life,
181,Pseudostigma,Pseudostigma,28176,28188,5.59,1,NO_ANNOT,,,Exact,0,Pseudostigma,Pseudostigma,73NV,1,Catalogue of Life,
182,Philogenia legion,Philogenia legion,28190,28207,3.11,2,NO_ANNOT,,,PartialExact,0,Philogenia,Philogenia,63MWF,1,Catalogue of Life,
183,Podagrion,Podagrion,28208,28217,2.94,1,NO_ANNOT,,,Exact,0,Podagrion,Podagrion,63NJH,1,Catalogue of Life,
184,Disparoneura,Disparoneura,28223,28235,6.01,1,NO_ANNOT,,,Exact,0,Disparoneura,Disparoneura,46VY,1,Catalogue of Life,
185,Caconeura legion,Caconeura legion,28240,28256,4.39,2,NO_ANNOT,,,PartialExact,0,Caconeura,Caconeura,62JRP,1,Catalogue of Life,
186,Lestes.,Lestes,28290,28297,2.67,1,NO_ANNOT,,,Exact,0,Lestes,Lestes,62WZW,1,Catalogue of Life,
187,Calopteryx maculata.,Calopteryx maculata,28943,28963,13.01,2,NO_ANNOT,,,Exact,0,"Calopteryx maculata Palisot de Beauvois, 1807",Calopteryx maculata,Q2LL,1,Catalogue of Life,
188,Protoneura,Protoneura,29067,29077,5.65,1,NO_ANNOT,,,Exact,0,Protoneura,Protoneura,63PJX,1,Catalogue of Life,
189,Hetcerina vulnerata.,Hetcerina vulnerata,29114,29134,5.73,2,NO_ANNOT,,,Fuzzy,1,"Hetaerina vulnerata Hagen in Selys, 1853",Hetaerina vulnerata,3L6KC,1,Catalogue of Life,
190,Vestalis luctuosa.,Vestalis luctuosa,29147,29165,11.43,2,NO_ANNOT,,,Exact,0,"Vestalis luctuosa Burmeister, 1839",Vestalis luctuosa,7G372,1,Catalogue of Life,
191,Vestalis apicalis.,Vestalis apicalis,29179,29197,11.26,2,NO_ANNOT,,,Exact,0,"Vestalis apicalis Selys, 1873",Vestalis apicalis,7G36P,1,Catalogue of Life,
192,Amphipteryx agrioides.,Amphipteryx agrioides,29214,29236,11.71,2,NO_ANNOT,,,Exact,0,"Amphipteryx agrioides Selys, 1853",Amphipteryx agrioides,D5CW,1,Catalogue of Life,
193,Lihellago caligata.,Lihellago caligata,29251,29270,4.70,2,NO_ANNOT,,,Fuzzy,1,"Libellago caligata Selys, 1853",Libellago caligata,null,163,IUCN Red List of Threatened Species,
194,Euphcea impar.,Euphcea impar,29285,29299,2.21,2,NO_ANNOT,,,Fuzzy,1,"Euphaea impar Selys, 1859",Euphaea impar,6GZJK,1,Catalogue of Life,
195,Microstigma,Microstigma,29327,29338,5.35,1,NO_ANNOT,,,Exact,0,Microstigma,Microstigma,84QF3,1,Catalogue of Life,
196,Enallagma ebrium.,Enallagma ebrium,29369,29386,11.34,2,NO_ANNOT,,,Exact,0,"Enallagma ebrium Hagen, 1861",Enallagma ebrium,39M5M,1,Catalogue of Life,
197,Argia hipiuictulata.,Argia hipiuictulata,29459,29479,6.67,2,NO_ANNOT,,,PartialExact,0,Argia,Argia,32ML,1,Catalogue of Life,
198,Megaloprepus cKvulatus.,Megaloprepus ckvulatus,29491,29514,9.12,2,NO_ANNOT,,,PartialExact,0,Megaloprepus,Megaloprepus,62ZB5,1,Catalogue of Life,
199,Xanthagrion erythroneurum.,Xanthagrion erythroneurum,29528,29554,10.79,2,NO_ANNOT,,,Exact,0,"Xanthagrion erythroneurum Selys, 1876",Xanthagrion erythroneurum,5C4N2,1,Catalogue of Life,
200,Megapodagrion venale.,Megapodagrion venale,29611,29632,8.90,2,NO_ANNOT,,,Exact,0,Megapodagrion venale (Selys 1862),Megapodagrion venale,1843838,168,ION,
201,Ischnura verticalis.,Ischnura verticalis,29648,29668,12.73,2,NO_ANNOT,,,Exact,0,"Ischnura verticalis Say, 1839",Ischnura verticalis,3Q6H8,1,Catalogue of Life,
202,Heteragrion inca.,Heteragrion inca,29680,29697,3.52,2,NO_ANNOT,,,Exact,0,"Heteragrion inca Calvert, 1909",Heteragrion inca,3L74D,1,Catalogue of Life,
203,Tatocnemis malagassica.,Tatocnemis malagassica,29712,29735,13.46,2,NO_ANNOT,,,Fuzzy,1,"Tatocnemis malgassica Kirby, 1889",Tatocnemis malgassica,54Z2Z,1,Catalogue of Life,
204,Hemijhlehia mirahilis.,Hemijhlehia mirahilis,29776,29798,5.70,2,NO_ANNOT,,,NoMatch,,,,,,,,
205,Lestes vigilax.,Lestes vigilax,29812,29827,6.94,2,NO_ANNOT,,,Exact,0,"Lestes vigilax Hagen in Selys, 1862",Lestes vigilax,6PR3K,1,Catalogue of Life,
206,Mnais strigata.,Mnais strigata,29842,29857,10.39,2,NO_ANNOT,,,Exact,0,"Mnais strigata Hagen in Selys, 1853",Mnais strigata,43S8S,1,Catalogue of Life,
207,Leptoenemis hilineata.,Leptoenemis hilineata,29987,30009,7.33,2,NO_ANNOT,,,NoMatch,,,,,,,,
208,Zichiiura verticalis.,Zichiiura verticalis,30033,30054,6.59,2,NO_ANNOT,,,NoMatch,,,,,,,,
209,Ischnura verticalis.,Ischnura verticalis,30085,30105,12.73,2,NO_ANNOT,,,Exact,0,"Ischnura verticalis Say, 1839",Ischnura verticalis,3Q6H8,1,Catalogue of Life,
210,Ischnura verticalis.,Ischnura verticalis,30136,30156,12.73,2,NO_ANNOT,,,Exact,0,"Ischnura verticalis Say, 1839",Ischnura verticalis,3Q6H8,1,Catalogue of Life,
211,Arruda,Arruda,30684,30690,3.27,1,NO_ANNOT,,,Exact,0,"Arruda Mello-Leitão, 1940",Arruda,7NR7P,1,Catalogue of Life,
212,Atopocochlis exaratus,Atopocochlis exaratus,30724,30745,12.38,2,NO_ANNOT,,,Exact,0,"Atopocochlis exaratus (O. F. Müller, 1774)",Atopocochlis exaratus,7Q8SB,1,Catalogue of Life,
213,Atopocochlis,Atopocochlis,31168,31180,4.82,1,NO_ANNOT,,,Exact,0,"Atopocochlis Crosse & P. Fischer, 1888",Atopocochlis,7NZ6L,1,Catalogue of Life,
214,Bufo leutiginosus,Bufo leutiginosus,32360,32377,4.87,2,NO_ANNOT,,,Fuzzy,1,"Bufo lentiginosus (Shaw, 1802)",Bufo lentiginosus,NP8X,1,Catalogue of Life,
215,Hemiptera heteroptera,Hemiptera heteroptera,32435,32456,12.50,2,NO_ANNOT,,,PartialExact,0,Hemiptera,Hemiptera,HP,1,Catalogue of Life,
