Index,Verbatim,Name,Start,End,OddsLog10,Cardinality,AnnotNomenType,WordsBefore,WordsAfter,VerifMatchType,VerifEditDistance,VerifMatchedName,VerifMatchedCanonical,VerifTaxonId,VerifDataSourceId,VerifDataSourceTitle,VerifError
0,Armonia,Armonia,487,494,3.62,1,NO_ANNOT,,,Exact,0,"Armonia Walcott, 1924",Armonia,urn:lsid:irmng.org:taxname:1230603,181,IRMNG,
1,Ipoa,Ipoa,530,534,2.96,1,NO_ANNOT,,,Exact,0,"Ipoa Tendal & Hessler, 1977",Ipoa,7PLPL,1,Catalogue of Life,
2,Notes,Notes,1958,1963,2.52,1,NO_ANNOT,,,Exact,0,Notes,Notes,3950760,168,ION,
3,Potamotrygon hystrix,Potamotrygon hystrix,1992,2012,10.10,2,NO_ANNOT,,,Exact,0,"Potamotrygon hystrix (Müller & Henle, 1841)",Potamotrygon hystrix,4M4QV,1,Catalogue of Life,
4,Raya,Raya,2031,2035,2.35,1,NO_ANNOT,,,Exact,0,"Raya Hodgson, 1839",Raya,urn:lsid:irmng.org:taxname:1299591,181,IRMNG,
5,Bunocephalus rugosus,Bunocephalus rugosus,2111,2131,13.19,2,SP_NOV,,,Exact,0,"Bunocephalus rugosus Eigenmann & Kennedy, 1903",Bunocephalus rugosus,NV7P,1,Catalogue of Life,
6,B. gronovii,B. gronovii,4835,4846,5.52,2,NO_ANNOT,,,NoMatch,,,,,,,,
7,B. hicolor.,B. hicolor,4851,4862,6.08,2,NO_ANNOT,,,NoMatch,,,,,,,,
8,Rhamdia quelen,Rhamdia quelen,5283,5297,7.74,2,NO_ANNOT,,,Exact,0,"Rhamdia quelen (Quoy & Gaimard, 1824)",Rhamdia quelen,4RZPX,1,Catalogue of Life,
9,Armonia,Armonia,5392,5399,3.62,1,NO_ANNOT,,,Exact,0,"Armonia Walcott, 1924",Armonia,urn:lsid:irmng.org:taxname:1230603,181,IRMNG,
10,Pimelodus ornata,Pimelodus ornata,5430,5446,12.22,2,NO_ANNOT,,,PartialExact,0,Pimelodus,Pimelodus,6QKL,1,Catalogue of Life,
11,Mandii guani.,Mandii guani,5453,5466,2.21,2,NO_ANNOT,,,NoMatch,,,,,,,,
12,Pimelodus albicans,Pimelodus albicans,5595,5613,10.34,2,NO_ANNOT,,,Exact,0,"Pimelodus albicans (Valenciennes, 1840)",Pimelodus albicans,4HWGP,1,Catalogue of Life,
13,Mandii guani.,Mandii guani,5628,5641,2.21,2,NO_ANNOT,,,NoMatch,,,,,,,,
14,Pimelodus clarias,Pimelodus clarias,5701,5718,10.32,2,NO_ANNOT,,,Exact,0,"Pimelodus clarias Geoffroy Saint-Hilaire, 1809",Pimelodus clarias,4HWJG,1,Catalogue of Life,
15,Pimelodus valenciennis,Pimelodus valenciennis,5967,5989,12.46,2,NO_ANNOT,,,Exact,0,"Pimelodus valenciennis Lütken, 1874",Pimelodus valenciennis,4HWPN,1,Catalogue of Life,
16,Bagre,Bagre,5998,6003,2.83,1,NO_ANNOT,,,Exact,0,Bagre,Bagre,37BP,1,Catalogue of Life,
17,Iherinichthys labrosus,Iherinichthys labrosus,6086,6108,6.57,2,NO_ANNOT,,,Fuzzy,1,"Iheringichthys labrosus (Lütken, 1874)",Iheringichthys labrosus,6N6SJ,1,Catalogue of Life,
18,Hemisorubim,Hemisorubim,6192,6203,4.27,1,NO_ANNOT,,,Exact,0,Hemisorubim,Hemisorubim,4VDV,1,Catalogue of Life,
19,Pseudoplatystoma coruscans,Pseudoplatystoma coruscans,6288,6314,11.78,2,NO_ANNOT,,,Exact,0,"Pseudoplatystoma coruscans (Spix & Agassiz, 1829)",Pseudoplatystoma coruscans,4P84N,1,Catalogue of Life,
20,Sorubim lima,Sorubim lima,6456,6468,4.98,2,NO_ANNOT,,,Exact,0,"Sorubim lima (Bloch & Schneider, 1801)",Sorubim lima,4YD5T,1,Catalogue of Life,
21,Doras costatus,Doras costatus,6574,6588,11.44,2,NO_ANNOT,,,Exact,0,"Doras costatus (Linnaeus, 1758)",Doras costatus,urn:lsid:marinespecies.org:taxname:1456111,9,WoRMS,
22,Doras maculatus,Doras maculatus,6632,6647,11.60,2,NO_ANNOT,,,Exact,0,"Doras maculatus Valenciennes, 1834",Doras maculatus,6DG88,1,Catalogue of Life,
23,Doras nebulosus,Doras nebulosus,6782,6797,10.98,2,NO_ANNOT,,,Exact,0,"Doras nebulosus Eigenmann & Kennedy, 1903",Doras nebulosus,6DG89,1,Catalogue of Life,
24,Maxillary barlel,Maxillary barlel,7559,7575,,2,NO_ANNOT,,,NoMatch,,,,,,,,
25,Oxydoras knerii,Oxydoras knerii,9050,9065,10.21,2,NO_ANNOT,,,Fuzzy,1,"Oxydoras kneri Bleeker, 1862",Oxydoras kneri,6TG7B,1,Catalogue of Life,
26,Auchenipterus nigripinnis,Auchenipterus nigripinnis,9267,9292,13.65,2,NO_ANNOT,,,Exact,0,"Auchenipterus nigripinnis (Boulenger, 1895)",Auchenipterus nigripinnis,JPBB,1,Catalogue of Life,
27,Bagre.,Bagre,9304,9310,2.83,1,NO_ANNOT,,,Exact,0,Bagre,Bagre,37BP,1,Catalogue of Life,
28,Trachycorystes striatulus,Trachycorystes striatulus,9384,9409,11.46,2,NO_ANNOT,,,Exact,0,"Trachycorystes striatulus (Steindachner, 1877)",Trachycorystes striatulus,57PYS,1,Catalogue of Life,
29,Sorubim.,Sorubim,9509,9517,3.57,1,NO_ANNOT,,,Exact,0,Sorubim,Sorubim,63SGB,1,Catalogue of Life,
30,Loricaria rostrata,Loricaria rostrata,9556,9574,12.59,2,NO_ANNOT,,,Exact,0,"Loricaria rostrata Spix & Agassiz, 1829",Loricaria rostrata,3W79L,1,Catalogue of Life,
31,Loricaria labialis,Loricaria labialis,9726,9744,11.99,2,NO_ANNOT,,,Exact,0,"Loricaria labialis Boulenger, 1895",Loricaria labialis,3W782,1,Catalogue of Life,
32,Loricaria stubelli,Loricaria stubelli,10089,10107,11.07,2,NO_ANNOT,,,PartialExact,0,Loricaria Wedd.,Loricaria,5GTJ,1,Catalogue of Life,
33,Loriacaria lata,Loriacaria lata,10437,10452,4.81,2,NO_ANNOT,,,Fuzzy,1,"Loricaria lata Eigenmann & Eigenmann, 1889",Loricaria lata,3W787,1,Catalogue of Life,
34,Loricaria lamina,Loricaria lamina,10599,10615,7.86,2,NO_ANNOT,,,Exact,0,"Loricaria lamina Günther, 1868",Loricaria lamina,3W785,1,Catalogue of Life,
35,Hypoptopomus thoracatum,Hypoptopomus thoracatum,10770,10793,7.06,2,NO_ANNOT,,,NoMatch,,,,,,,,
36,Plecostomus commersoni,Plecostomus commersoni,10880,10902,12.49,2,NO_ANNOT,,,Exact,0,"Plecostomus commersoni (Valenciennes, 1836)",Plecostomus commersoni,4K2W4,1,Catalogue of Life,
37,Plecostomus vermicularis,Plecostomus vermicularis,10997,11021,13.17,2,NO_ANNOT,,,Exact,0,"Plecostomus vermicularis Eigenmann & Eigenmann, 1888",Plecostomus vermicularis,4K2YJ,1,Catalogue of Life,
38,Plecostomus boulengeri,Plecostomus boulengeri,11117,11139,13.09,2,SP_NOV,,,Exact,0,"Plecostomus boulengeri Eigenmann & Kennedy, 1903",Plecostomus boulengeri,4K2VS,1,Catalogue of Life,
39,Cochliodon cochliodon,Cochliodon cochliodon,13110,13131,10.17,2,NO_ANNOT,,,Exact,0,"Cochliodon cochliodon (Kner, 1854)",Cochliodon cochliodon,WN79,1,Catalogue of Life,
40,Pterygophliclitliys anisitsi,Pterygophliclitliys anisitsi,13258,13286,3.76,2,SP_NOV,,,NoMatch,,,,,,,,
41,Pterygophlichthys juvens,Pterygophlichthys juvens,15383,15407,5.77,2,SP_NOV,,,Fuzzy,1,"Pterygoplichthys juvens Eigenmann & Kennedy, 1903",Pterygoplichthys juvens,4Q7BJ,1,Catalogue of Life,
42,PterygopMichthys anisitsi,Pterygopmichthys anisitsi,16725,16750,5.57,2,NO_ANNOT,,,Fuzzy,1,"Pterygoplichthys anisitsi Eigenmann & Kennedy, 1903",Pterygoplichthys anisitsi,4Q7B9,1,Catalogue of Life,
43,Ancistrus cirrhosus dubius,Ancistrus cirrhosus dubius,16824,16850,17.19,3,NO_ANNOT,,,Exact,0,"Ancistrus cirrhosus dubius Eigenmann & Eigenmann, 1889",Ancistrus cirrhosus dubius,5FLD8,1,Catalogue of Life,
44,Callichthys,Callichthys,16968,16979,5.62,1,NO_ANNOT,,,Exact,0,Callichthys,Callichthys,3FDH,1,Catalogue of Life,
45,Haplosternum littorale,Haplosternum littorale,17162,17184,5.16,2,NO_ANNOT,,,Exact,0,Haplosternum littorale,Haplosternum littorale,830235,168,ION,
46,Armonia.,Armonia,17278,17286,3.62,1,NO_ANNOT,,,Exact,0,"Armonia Walcott, 1924",Armonia,urn:lsid:irmng.org:taxname:1230603,181,IRMNG,
47,''Nematognathi,Nematognathi,17343,17357,2.50,1,NO_ANNOT,,,Exact,0,"Nematognathi Gill, 1861",Nematognathi,638793,3,ITIS,
48,Corydoras.,Corydoras,18154,18164,4.74,1,NO_ANNOT,,,Exact,0,Corydoras,Corydoras,62LZX,1,Catalogue of Life,
49,Giinther armatus.,Giinther armatus,20047,20064,2.81,2,NO_ANNOT,,,NoMatch,,,,,,,,
50,Corydoras microps,Corydoras microps,21173,21190,9.49,2,SP_NOV,,,Exact,0,"Corydoras microps Eigenmann & Kennedy, 1903",Corydoras microps,6B76V,1,Catalogue of Life,
51,Corydoras aurofrenatus,Corydoras aurofrenatus,23326,23348,12.78,2,SP_NOV,,,Exact,0,"Corydoras aurofrenatus Eigenmann & Kennedy, 1903",Corydoras aurofrenatus,YPV6,1,Catalogue of Life,
52,Hoplias malabaricus,Hoplias malabaricus,25196,25215,12.67,2,NO_ANNOT,,,Exact,0,"Hoplias malabaricus (Bloch, 1794)",Hoplias malabaricus,3MKDJ,1,Catalogue of Life,
53,Hoplerythrinus unitaeniatus,Hoplerythrinus unitaeniatus,25385,25412,14.64,2,NO_ANNOT,,,Exact,0,"Hoplerythrinus unitaeniatus (Spix & Agassiz, 1829)",Hoplerythrinus unitaeniatus,3MJX4,1,Catalogue of Life,
54,Armonia,Armonia,25468,25475,3.62,1,NO_ANNOT,,,Exact,0,"Armonia Walcott, 1924",Armonia,urn:lsid:irmng.org:taxname:1230603,181,IRMNG,
55,Pyrrhulina australe,Pyrrhulina australe,25505,25524,10.13,2,SP_NOV,,,Exact,0,"Pyrrhulina australe Eigenmann & Kennedy, 1903",Pyrrhulina australe,4QW2L,1,Catalogue of Life,
56,Pirrhulina semifasciata,Pirrhulina semifasciata,25534,25557,12.53,2,NO_ANNOT,,,Fuzzy,1,"Pyrrhulina semifasciata Steindachner, 1876",Pyrrhulina semifasciata,6WPRQ,1,Catalogue of Life,
57,P. semifasciatus,P. semifasciatus,25856,25872,7.74,2,NO_ANNOT,,,NoMatch,,,,,,,,
58,Armonia,Armonia,26380,26387,3.62,1,NO_ANNOT,,,Exact,0,"Armonia Walcott, 1924",Armonia,urn:lsid:irmng.org:taxname:1230603,181,IRMNG,
59,Psectrogaster curviventris,Psectrogaster curviventris,26783,26809,11.70,2,SP_NOV,,,Exact,0,"Psectrogaster curviventris Eigenmann & Kennedy, 1903",Psectrogaster curviventris,6WCQV,1,Catalogue of Life,
60,Psectrogaster,Psectrogaster,27175,27188,4.14,1,NO_ANNOT,,,Exact,0,Psectrogaster,Psectrogaster,63PDP,1,Catalogue of Life,
61,Curimatella alburnus australe,Curimatella alburnus australe,28933,28962,18.08,3,NO_ANNOT,,,Exact,0,"Curimatella alburnus australe Eigenmann & Kennedy, 1903",Curimatella alburnus australe,5GQSS,1,Catalogue of Life,
62,Curimatus gillii,Curimatus gillii,29318,29334,11.66,2,SP_NOV,,,Exact,0,"Curimatus gillii Eigenmann & Kennedy, 1903",Curimatus gillii,32KDG,1,Catalogue of Life,
63,C. spilurus.,C. spilurus,29501,29513,6.47,2,NO_ANNOT,,,NoMatch,,,,,,,,
64,C. nasus,C. nasus,29540,29548,5.61,2,NO_ANNOT,,,NoMatch,,,,,,,,
65,Curimatus,Curimatus,29591,29600,5.45,1,NO_ANNOT,,,Exact,0,"Curimatus Oken, 1817",Curimatus,urn:lsid:marinespecies.org:taxname:1150191,9,WoRMS,
66,Curimatus nasus,Curimatus nasus,30557,30572,11.39,2,NO_ANNOT,,,Exact,0,"Curimatus nasus Steindachner, 1882",Curimatus nasus,6BR68,1,Catalogue of Life,
67,Curimatus elegans paraguayensis,Curimatus elegans paraguayensis,30710,30741,16.78,3,NO_ANNOT,,,Exact,0,"Curimatus elegans paraguayensis Eigenmann & Kennedy, 1903",Curimatus elegans paraguayensis,5GQT2,1,Catalogue of Life,
68,Armonia,Armonia,30820,30827,3.62,1,NO_ANNOT,,,Exact,0,"Armonia Walcott, 1924",Armonia,urn:lsid:irmng.org:taxname:1230603,181,IRMNG,
69,Curimatus bimaculatus,Curimatus bimaculatus,31305,31326,13.59,2,NO_ANNOT,,,Exact,0,"Curimatus bimaculatus Steindachner, 1876",Curimatus bimaculatus,32KCX,1,Catalogue of Life,
70,Armonia,Armonia,31454,31461,3.62,1,NO_ANNOT,,,Exact,0,"Armonia Walcott, 1924",Armonia,urn:lsid:irmng.org:taxname:1230603,181,IRMNG,
71,Curimatus gilberti,Curimatus gilberti,31650,31668,10.87,2,NO_ANNOT,,,Exact,0,"Curimatus gilberti (Quoy & Gaimard, 1824)",Curimatus gilberti,32KDF,1,Catalogue of Life,
72,Armonia.,Armonia,31718,31726,3.62,1,NO_ANNOT,,,Exact,0,"Armonia Walcott, 1924",Armonia,urn:lsid:irmng.org:taxname:1230603,181,IRMNG,
73,Anodus latior,Anodus latior,31731,31744,9.67,2,NO_ANNOT,,,Exact,0,"Anodus latior Spix & Agassiz, 1829",Anodus latior,675WV,1,Catalogue of Life,
74,ProcMlodus scrofa,Procmlodus scrofa,31842,31859,2.89,2,NO_ANNOT,,,NoMatch,,,,,,,,
75,Armonia,Armonia,31949,31956,3.62,1,NO_ANNOT,,,Exact,0,"Armonia Walcott, 1924",Armonia,urn:lsid:irmng.org:taxname:1230603,181,IRMNG,
76,Hemiodus orthonops,Hemiodus orthonops,32046,32064,9.90,2,SP_NOV,,,Exact,0,"Hemiodus orthonops Eigenmann & Kennedy, 1903",Hemiodus orthonops,3KQH7,1,Catalogue of Life,
77,H. microlcpis,H. microlcpis,34307,34320,6.21,2,NO_ANNOT,,,NoMatch,,,,,,,,
78,Paradon tortuosus,Paradon tortuosus,34369,34386,10.86,2,NO_ANNOT,,,Fuzzy,1,"Parodon tortuosus Eigenmann & Norris, 1900",Parodon tortuosus,4DQZB,1,Catalogue of Life,
79,Paradon affinis,Paradon affinis,34449,34464,10.59,2,NO_ANNOT,,,Fuzzy,1,"Parodon affinis Steindachner, 1879",Parodon affinis,4DQYG,1,Catalogue of Life,
80,Anostomus fasciatus,Anostomus fasciatus,34678,34697,13.05,2,NO_ANNOT,,,Exact,0,"Anostomus fasciatus (Spix and Agassiz, 1829)",Anostomus fasciatus,163191,3,ITIS,
81,Armonia,Armonia,34771,34778,3.62,1,NO_ANNOT,,,Exact,0,"Armonia Walcott, 1924",Armonia,urn:lsid:irmng.org:taxname:1230603,181,IRMNG,
82,Leporinus hypselonotus,Leporinus hypselonotus,34787,34809,13.80,2,NO_ANNOT,,,Exact,0,"Leporinus hypselonotus Günther, 1868",Leporinus hypselonotus,6PD6H,1,Catalogue of Life,
83,Leporinus conirostris,Leporinus conirostris,34877,34898,13.42,2,NO_ANNOT,,,Exact,0,"Leporinus conirostris Steindachner, 1875",Leporinus conirostris,3TG64,1,Catalogue of Life,
84,Leporinus trifasciatus,Leporinus trifasciatus,34957,34979,13.80,2,NO_ANNOT,,,Exact,0,"Leporinus trifasciatus Steindachner, 1876",Leporinus trifasciatus,3TG94,1,Catalogue of Life,
85,Odontostilbe paraguayensis,Odontostilbe paraguayensis,35046,35072,11.97,2,NO_ANNOT,,,Exact,0,"Odontostilbe paraguayensis Eigenmann & Kennedy, 1903",Odontostilbe paraguayensis,48RN6,1,Catalogue of Life,
86,Odontostilbe trementinae,Odontostilbe trementinae,36490,36514,11.16,2,SP_NOV,,,Exact,0,"Odontostilbe trementinae Eigenmann & Kennedy, 1903",Odontostilbe trementinae,48RNF,1,Catalogue of Life,
87,Cheirodon interruptus,Cheirodon interruptus,38061,38082,12.32,2,NO_ANNOT,,,Exact,0,"Cheirodon interruptus (Jenyns, 1842)",Cheirodon interruptus,69RMD,1,Catalogue of Life,
88,Cheirodon annae,Cheirodon annae,39150,39165,9.65,2,SP_NOV,,,Exact,0,"Cheirodon annae McAtee, 1903",Cheirodon annae,5XRN9,1,Catalogue of Life,
89,Cheirodon insignis,Cheirodon insignis,40690,40708,11.20,2,NO_ANNOT,,,Exact,0,"Cheirodon insignis Steindachner, 1880",Cheirodon insignis,5Y3MD,1,Catalogue of Life,
90,Chirodon insignis,Chirodon insignis,40723,40740,11.03,2,NO_ANNOT,,,Exact,0,"Chirodon insignis Steindachner, 1880",Chirodon insignis,5XT5T,1,Catalogue of Life,
91,Cheirodon insignis,Cheirodon insignis,40831,40849,11.20,2,NO_ANNOT,,,Exact,0,"Cheirodon insignis Steindachner, 1880",Cheirodon insignis,5Y3MD,1,Catalogue of Life,
92,Hemigrammus luetkeni.,Hemigrammus luetkeni,40994,41015,11.64,2,NO_ANNOT,,,Fuzzy,1,Hemigrammus luetkenii Blgr.,Hemigrammus luetkenii,3753231,168,ION,
93,60Aphyocarax dentatus,Aphyocarax dentatus,41822,41843,12.86,2,SP_NOV,,,Exact,0,Aphyocarax dentatus,Aphyocarax dentatus,3753201,168,ION,
94,Aphyocarax,Aphyocarax,44377,44387,5.30,1,NO_ANNOT,,,Exact,0,Aphyocarax,Aphyocarax,urn:lsid:irmng.org:taxname:1024569,181,IRMNG,
95,Aphyocharax anisitsi,Aphyocharax anisitsi,44760,44780,10.84,2,SP_NOV,,,Exact,0,"Aphyocharax anisitsi Eigenmann & Kennedy, 1903",Aphyocharax anisitsi,FKZX,1,Catalogue of Life,
96,Hemigrammus melasopterus,Hemigrammus melasopterus,46250,46274,12.90,2,SP_NOV,,,Exact,0,"Hemigrammus melasopterus Eigenmann & Kennedy, 1903",Hemigrammus melasopterus,3KNZG,1,Catalogue of Life,
97,Hemigrammus lutkeni,Hemigrammus lutkeni,48102,48121,11.45,2,NO_ANNOT,,,PartialExact,0,Hemigrammus,Hemigrammus,4V62,1,Catalogue of Life,
98,Tetragonoptenis rivularis interrupta,Tetragonoptenis rivularis interrupta,48133,48169,11.14,3,NO_ANNOT,,,NoMatch,,,,,,,,
99,Tetraganopterus interruptus,Tetraganopterus interruptus,48228,48255,8.07,2,NO_ANNOT,,,Fuzzy,1,"Tetragonopterus interruptus Jenyns, 1842",Tetragonopterus interruptus,55N75,1,Catalogue of Life,
100,Tetragonopteriis lutkenii,Tetragonopteriis lutkenii,48289,48314,5.84,2,NO_ANNOT,,,NoMatch,,,,,,,,
101,Armonia.,Armonia,48435,48443,3.62,1,NO_ANNOT,,,Exact,0,"Armonia Walcott, 1924",Armonia,urn:lsid:irmng.org:taxname:1230603,181,IRMNG,
102,Armonia,Armonia,49169,49176,3.62,1,NO_ANNOT,,,Exact,0,"Armonia Walcott, 1924",Armonia,urn:lsid:irmng.org:taxname:1230603,181,IRMNG,
103,Hemigrammus kennedyi,Hemigrammus kennedyi,49646,49666,10.16,2,SP_NOV,,,Exact,0,"Hemigrammus kennedyi Eigenmann, 1903",Hemigrammus kennedyi,3KNZ4,1,Catalogue of Life,
104,Pcecilurichthys multiradiatus,Pcecilurichthys multiradiatus,50049,50078,7.89,2,NO_ANNOT,,,NoMatch,,,,,,,,
105,Hemigrammus.,Hemigrammus,50131,50143,5.62,1,NO_ANNOT,,,Exact,0,Hemigrammus,Hemigrammus,4V62,1,Catalogue of Life,
106,Poecilurichthys scabripinnis,Poecilurichthys scabripinnis,51407,51435,13.63,2,NO_ANNOT,,,PartialExact,0,"Poecilurichthys Gill, 1858",Poecilurichthys,urn:lsid:marinespecies.org:taxname:1419653,9,WoRMS,
107,Poecilurichthys multiradiatus,Poecilurichthys multiradiatus,52404,52433,14.20,2,NO_ANNOT,,,PartialExact,0,"Poecilurichthys Gill, 1858",Poecilurichthys,urn:lsid:marinespecies.org:taxname:1419653,9,WoRMS,
108,Poecilurichthys,Poecilurichthys,52950,52965,6.13,1,NO_ANNOT,,,Exact,0,"Poecilurichthys Gill, 1858",Poecilurichthys,urn:lsid:marinespecies.org:taxname:1419653,9,WoRMS,
109,Poecilurichthys maculatus lacustris,Poecilurichthys maculatus lacustris,53153,53188,19.12,3,NO_ANNOT,,,PartialExact,0,"Poecilurichthys Gill, 1858",Poecilurichthys,urn:lsid:marinespecies.org:taxname:1419653,9,WoRMS,
110,Armonia,Armonia,53258,53265,3.62,1,NO_ANNOT,,,Exact,0,"Armonia Walcott, 1924",Armonia,urn:lsid:irmng.org:taxname:1230603,181,IRMNG,
111,Poecilurichthys dichrourus,Poecilurichthys dichrourus,53452,53478,13.21,2,NO_ANNOT,,,PartialExact,0,"Poecilurichthys Gill, 1858",Poecilurichthys,urn:lsid:marinespecies.org:taxname:1419653,9,WoRMS,
112,Poecilurichtliys agassizii,Poecilurichtliys agassizii,54050,54076,4.59,2,NO_ANNOT,,,NoMatch,,,,,,,,
113,Poecilurichthys moenkhausii,Poecilurichthys moenkhausii,54215,54242,13.46,2,SP_NOV,,,Exact,0,"Poecilurichthys moenkhausii Eigenmann & Kennedy, 1903",Poecilurichthys moenkhausii,77T9G,1,Catalogue of Life,
114,Tetragonopterus,Tetragonopterus,54488,54503,6.23,1,NO_ANNOT,,,Exact,0,Tetragonopterus,Tetragonopterus,6473V,1,Catalogue of Life,
115,Tetragonopterus orbicularis,Tetragonopterus orbicularis,56099,56126,10.40,2,NO_ANNOT,,,Exact,0,"Tetragonopterus orbicularis Valenciennes, 1850",Tetragonopterus orbicularis,55N87,1,Catalogue of Life,
116,Tetragonopterus chalceus,Tetragonopterus chalceus,56281,56305,12.99,2,NO_ANNOT,,,Exact,0,"Tetragonopterus chalceus Spix & Agassiz, 1829",Tetragonopterus chalceus,55N67,1,Catalogue of Life,
117,Tetragonopterus rufipes,Tetragonopterus rufipes,56324,56347,12.16,2,NO_ANNOT,,,Exact,0,"Tetragonopterus rufipes Valenciennes, 1842",Tetragonopterus rufipes,162944,3,ITIS,
118,Brycon,Brycon,56618,56624,3.64,1,NO_ANNOT,,,Exact,0,Brycon,Brycon,3DKB,1,Catalogue of Life,
119,Chalceus hilarii,Chalceus hilarii,56648,56664,11.45,2,NO_ANNOT,,,Exact,0,"Chalceus hilarii Valenciennes, 1850",Chalceus hilarii,TFPR,1,Catalogue of Life,
120,Brycon hilarii,Brycon hilarii,56791,56805,9.57,2,NO_ANNOT,,,Exact,0,"Brycon hilarii (Valenciennes, 1850)",Brycon hilarii,NH7H,1,Catalogue of Life,
121,Chalceus orbigmjanus,Chalceus orbigmjanus,56848,56868,8.16,2,NO_ANNOT,,,PartialExact,0,Chalceus,Chalceus,62M2B,1,Catalogue of Life,
122,Chalcinus angulatus curtus,Chalcinus angulatus curtus,59524,59550,18.32,3,NO_ANNOT,,,Exact,0,"Chalcinus angulatus curtus Garman, 1890",Chalcinus angulatus curtus,5GD6S,1,Catalogue of Life,
123,Pira guira.,Pira guira,59559,59570,7.70,2,NO_ANNOT,,,PartialExact,0,"Pira H. Adams & A. Adams, 1855",Pira,urn:lsid:marinespecies.org:taxname:580114,9,WoRMS,
124,Gasteropelecus stellatus,Gasteropelecus stellatus,59669,59693,14.73,2,NO_ANNOT,,,Exact,0,"Gasteropelecus stellatus Kner, 1858",Gasteropelecus stellatus,163142,3,ITIS,
125,Characinus gibbosus,Characinus gibbosus,59746,59765,12.87,2,NO_ANNOT,,,PartialExact,0,"Characinus Linnaeus, 1758",Characinus,urn:lsid:irmng.org:taxname:1371489,181,IRMNG,
126,Characinus squamosus,Characinus squamosus,59877,59897,13.03,2,SP_NOV,,,Exact,0,"Characinus squamosus Eigenmann & Kennedy, 1903",Characinus squamosus,TMSK,1,Catalogue of Life,
127,Cynopotamus kneri.,Cynopotamus kneri,60620,60638,11.81,2,NO_ANNOT,,,PartialExact,0,Cynopotamus,Cynopotamus,3YL4,1,Catalogue of Life,
128,C. gibbosus.,C. gibbosus,60935,60947,6.61,2,NO_ANNOT,,,NoMatch,,,,,,,,
129,Characinus,Characinus,62341,62351,5.93,1,NO_ANNOT,,,Exact,0,"Characinus Linnaeus, 1758",Characinus,urn:lsid:irmng.org:taxname:1371489,181,IRMNG,
130,Characinus,Characinus,62499,62509,5.93,1,NO_ANNOT,,,Exact,0,"Characinus Linnaeus, 1758",Characinus,urn:lsid:irmng.org:taxname:1371489,181,IRMNG,
131,Roeboides prognathus,Roeboides prognathus,63249,63269,11.64,2,NO_ANNOT,,,Exact,0,"Roeboides prognathus (Boulenger, 1895)",Roeboides prognathus,78X5P,1,Catalogue of Life,
132,Roeboides microlepis,Roeboides microlepis,63665,63685,11.47,2,NO_ANNOT,,,Exact,0,"Roeboides microlepis (Reinhardt, 1851)",Roeboides microlepis,4T8Z6,1,Catalogue of Life,
133,Salminus brevidens,Salminus brevidens,63893,63911,12.02,2,NO_ANNOT,,,Exact,0,"Salminus brevidens () non Cuvier, 1819",Salminus brevidens,6XCX6,1,Catalogue of Life,
134,Hydrocyon hrevidens,Hydrocyon hrevidens,63939,63958,10.05,2,NO_ANNOT,,,Fuzzy,1,"Hydrocyon brevidens Cuvier, 1819",Hydrocyon brevidens,3N6VT,1,Catalogue of Life,
135,Salminus brevidens,Salminus brevidens,64058,64076,12.02,2,NO_ANNOT,,,Exact,0,"Salminus brevidens () non Cuvier, 1819",Salminus brevidens,6XCX6,1,Catalogue of Life,
136,Salminus,Salminus,64195,64203,5.59,1,NO_ANNOT,,,Exact,0,Salminus,Salminus,7BWV,1,Catalogue of Life,
137,Acestrorhynchus  falcatus,Acestrorhynchus falcatus,64521,64546,13.18,2,NO_ANNOT,,,Exact,0,"Acestrorhynchus falcatus (Bloch, 1794)",Acestrorhynchus falcatus,959M,1,Catalogue of Life,
138,Salmo falcatus,Salmo falcatus,64554,64568,11.16,2,NO_ANNOT,,,Exact,0,"Salmo falcatus Bloch, 1794",Salmo falcatus,6XCW3,1,Catalogue of Life,
139,Xiphorhynclms falcatus,Xiphorhynclms falcatus,64585,64607,5.85,2,NO_ANNOT,,,NoMatch,,,,,,,,
140,Xiphorhamphns falcatus,Xiphorhamphns falcatus,64699,64721,5.45,2,NO_ANNOT,,,Fuzzy,1,Xiphorhamphus falcatus,Xiphorhamphus falcatus,168175,183,Sherborn Index Animalium,
141,Xiphorhamphns ferox,Xiphorhamphns ferox,65002,65021,1.84,2,NO_ANNOT,,,Fuzzy,1,"Xiphorhamphus ferox Günther, 1863",Xiphorhamphus ferox,7FWXM,1,Catalogue of Life,
142,X. ferox,X. ferox,65193,65201,3.61,2,NO_ANNOT,,,NoMatch,,,,,,,,
143,X. falcatus,X. falcatus,66145,66156,7.23,2,NO_ANNOT,,,NoMatch,,,,,,,,
144,Hydrocyon hepsetus,Hydrocyon hepsetus,67094,67112,11.17,2,NO_ANNOT,,,Exact,0,"Hydrocyon hepsetus Cuvier, 1829",Hydrocyon hepsetus,3N6W5,1,Catalogue of Life,
145,Cynodon vulpinus,Cynodon vulpinus,68783,68799,10.85,2,NO_ANNOT,,,Exact,0,Cynodon vulpinus,Cynodon vulpinus,408319,183,Sherborn Index Animalium,
146,Serrasalmo humeralis,Serrasalmo humeralis,68854,68874,11.93,2,NO_ANNOT,,,Exact,0,Serrasalmo humeralis,Serrasalmo humeralis,7652624,179,Open Tree of Life,
147,Serrasalmo spilopleura,Serrasalmo spilopleura,69015,69037,11.42,2,NO_ANNOT,,,Exact,0,Serrasalmo spilopleura,Serrasalmo spilopleura,3453712,168,ION,
148,Pirai pira fish,Pirai pira fish,69044,69059,,3,NO_ANNOT,,,NoMatch,,,,,,,,
149,Metynnis mola,Metynnis mola,69183,69196,6.95,2,SP_NOV,,,Exact,0,"Metynnis mola Eigenmann & Kennedy, 1903",Metynnis mola,42KBT,1,Catalogue of Life,
150,Myleus tiete,Myleus tiete,71448,71460,9.53,2,NO_ANNOT,,,Exact,0,"Myleus tiete (Eigenmann & Norris, 1900)",Myleus tiete,453BG,1,Catalogue of Life,
151,Mylossoma albiscopus,Mylossoma albiscopus,72443,72463,11.63,2,NO_ANNOT,,,Exact,0,Mylossoma albiscopus,Mylossoma albiscopus,gn_162409,186,MCZbase,
152,Colossoma',Colossoma,72548,72558,5.11,1,NO_ANNOT,,,Exact,0,Colossoma,Colossoma,3SJX,1,Catalogue of Life,
153,Symbranchus marmoratus,Symbranchus marmoratus,72686,72708,12.95,2,NO_ANNOT,,,Exact,0,"Symbranchus marmoratus Bloch, 1795",Symbranchus marmoratus,7B76H,1,Catalogue of Life,
154,Pira  fish,Pira fish,72725,72735,2.05,2,NO_ANNOT,,,PartialExact,0,"Pira H. Adams & A. Adams, 1855",Pira,urn:lsid:marinespecies.org:taxname:580114,9,WoRMS,
155,Sternarchus albifrons,Sternarchus albifrons,72839,72860,9.54,2,NO_ANNOT,,,Exact,0,"Sternarchus albifrons (Linnaeus, 1766)",Sternarchus albifrons,52F3N,1,Catalogue of Life,
156,Hypopomus brevirostris,Hypopomus brevirostris,72904,72926,12.88,2,NO_ANNOT,,,Exact,0,"Hypopomus brevirostris (Steindachner, 1868)",Hypopomus brevirostris,3NXYZ,1,Catalogue of Life,
157,Eigenmannia virescens,Eigenmannia virescens,73035,73056,10.76,2,NO_ANNOT,,,Exact,0,"Eigenmannia virescens (Valenciennes, 1836)",Eigenmannia virescens,38VFD,1,Catalogue of Life,
158,Giton fasciatus,Giton fasciatus,73137,73152,10.04,2,NO_ANNOT,,,Exact,0,"Giton fasciatus (Pallas, 1769)",Giton fasciatus,163313,3,ITIS,
159,Fundulus ␤paraguayensis,Fundulus paraguayensis,73253,73276,13.61,2,SP_NOV,,,Exact,0,"Fundulus paraguayensis Eigenmann & Kennedy, 1903",Fundulus paraguayensis,6K3FM,1,Catalogue of Life,
160,Myletes albiscopus,Myletes albiscopus,73549,73567,9.49,2,NO_ANNOT,,,Exact,0,"Myletes albiscopus Cope, 1872",Myletes albiscopus,45397,1,Catalogue of Life,
161,Myletes,Myletes,73584,73591,2.96,1,NO_ANNOT,,,Exact,0,"Myletes Mulsant & Verreaux, 1874",Myletes,urn:lsid:irmng.org:taxname:1335654,181,IRMNG,
162,Tylosurus amazonicus,Tylosurus amazonicus,74880,74900,7.23,2,NO_ANNOT,,,PartialExact,0,Tylosurus,Tylosurus,844Q,1,Catalogue of Life,
163,Plagioscion ternetzi,Plagioscion ternetzi,74962,74982,8.95,2,NO_ANNOT,,,Exact,0,"Plagioscion ternetzi Boulenger, 1895",Plagioscion ternetzi,4JH68,1,Catalogue of Life,
164,Pachyurus bonariensis,Pachyurus bonariensis,75192,75213,13.36,2,NO_ANNOT,,,Exact,0,"Pachyurus bonariensis Steindachner, 1879",Pachyurus bonariensis,6TJ3Q,1,Catalogue of Life,
165,CiCHLA.,Cichla,76374,76381,3.57,1,NO_ANNOT,,,Exact,0,Cichla,Cichla,62LP6,1,Catalogue of Life,
166,Uaru.,Uaru,76679,76684,2.08,1,NO_ANNOT,,,Exact,0,Uaru,Uaru,84FL,1,Catalogue of Life,
167,Neotroplus.,Neotroplus,76829,76840,6.09,1,NO_ANNOT,,,NoMatch,,,,,,,,
168,Acaropsis.,Acaropsis,77118,77128,4.94,1,NO_ANNOT,,,Exact,0,"Acaropsis Moquin-Tandon, 1863",Acaropsis,urn:lsid:irmng.org:taxname:1320136,181,IRMNG,
169,Retroculus.,Retroculus,77504,77515,6.09,1,NO_ANNOT,,,Exact,0,Retroculus,Retroculus,77X2,1,Catalogue of Life,
170,Petenia.,Petenia,77821,77829,3.62,1,NO_ANNOT,,,Exact,0,Petenia,Petenia,6LZM,1,Catalogue of Life,
171,Astronotus.,Astronotus,78162,78173,5.62,1,NO_ANNOT,,,Exact,0,Astronotus,Astronotus,34N4,1,Catalogue of Life,
172,Cichlosoma.,Cichlosoma,78466,78477,5.28,1,NO_ANNOT,,,Exact,0,"Cichlosoma Regan, 1905",Cichlosoma,urn:lsid:irmng.org:taxname:1443720,181,IRMNG,
173,Archocentrus.,Archocentrus,78537,78550,5.96,1,NO_ANNOT,,,Exact,0,Archocentrus,Archocentrus,328M,1,Catalogue of Life,
174,Heros.,Heros,78625,78631,4.24,1,NO_ANNOT,,,Exact,0,Heros,Heros,62V3P,1,Catalogue of Life,
175,Theraps.,Theraps,78750,78758,3.27,1,NO_ANNOT,,,Exact,0,Theraps,Theraps,7VPL,1,Catalogue of Life,
176,BOGGIANIA.',Boggiania,78990,79001,4.04,1,NO_ANNOT,,,Exact,0,"Boggiania Perugia, 1897",Boggiania,urn:lsid:irmng.org:taxname:1116159,181,IRMNG,
177,Crenicara.,Crenicara,79243,79253,3.82,1,NO_ANNOT,,,Exact,0,Crenicara,Crenicara,3VK2,1,Catalogue of Life,
178,Crenicichla,Crenicichla,79278,79289,4.57,1,NO_ANNOT,,,Exact,0,Crenicichla,Crenicichla,3VK6,1,Catalogue of Life,
179,Dicrossus.,Dicrossus,79294,79304,4.31,1,NO_ANNOT,,,Exact,0,Dicrossus,Dicrossus,44WL,1,Catalogue of Life,
180,Crenicichla.,Crenicichla,79434,79446,4.57,1,NO_ANNOT,,,Exact,0,Crenicichla,Crenicichla,3VK6,1,Catalogue of Life,
181,Biotodoma.,Biotodoma,79710,79720,5.11,1,NO_ANNOT,,,Exact,0,Biotodoma,Biotodoma,62G9P,1,Catalogue of Life,
182,Geophagus.,Geophagus,79859,79869,5.58,1,NO_ANNOT,,,Exact,0,Geophagus,Geophagus,4MYZ,1,Catalogue of Life,
183,Satanoperca,Satanoperca,79918,79929,4.87,1,NO_ANNOT,,,Exact,0,Satanoperca,Satanoperca,63RPH,1,Catalogue of Life,
184,Geophagus.,Geophagus,79960,79970,5.58,1,NO_ANNOT,,,Exact,0,Geophagus,Geophagus,4MYZ,1,Catalogue of Life,
185,Geophagus.,Geophagus,80089,80099,5.58,1,NO_ANNOT,,,Exact,0,Geophagus,Geophagus,4MYZ,1,Catalogue of Life,
186,Symphysodon.,Symphysodon,80428,80440,4.47,1,NO_ANNOT,,,Exact,0,Symphysodon,Symphysodon,84TZL,1,Catalogue of Life,
187,Boggiania,Boggiania,80561,80570,4.04,1,NO_ANNOT,,,Exact,0,"Boggiania Perugia, 1897",Boggiania,urn:lsid:irmng.org:taxname:1116159,181,IRMNG,
188,Crenicichla,Crenicichla,80702,80713,4.57,1,NO_ANNOT,,,Exact,0,Crenicichla,Crenicichla,3VK6,1,Catalogue of Life,
189,Mesops,Mesops,80839,80845,3.69,1,NO_ANNOT,,,Exact,0,"Mesops Billberg, 1820",Mesops,urn:lsid:irmng.org:taxname:1266161,181,IRMNG,
190,Saraca,Saraca,80979,80985,3.57,1,NO_ANNOT,,,Exact,0,Saraca,Saraca,7CCS,1,Catalogue of Life,
191,Pterophyllum.,Pterophyllum,81199,81212,6.39,1,NO_ANNOT,,,Exact,0,Pterophyllum,Pterophyllum,74TP,1,Catalogue of Life,
192,Armonia,Armonia,81313,81320,3.62,1,NO_ANNOT,,,Exact,0,"Armonia Walcott, 1924",Armonia,urn:lsid:irmng.org:taxname:1230603,181,IRMNG,
193,Pira,Pira,81486,81490,3.28,1,NO_ANNOT,,,Exact,0,"Pira H. Adams & A. Adams, 1855",Pira,urn:lsid:marinespecies.org:taxname:580114,9,WoRMS,
194,JEquicIens dorsigera,Jequiciens dorsigera,81911,81931,5.27,2,NO_ANNOT,,,NoMatch,,,,,,,,
195,Mquidens syspilus,Mquidens syspilus,81943,81960,4.97,2,NO_ANNOT,,,NoMatch,,,,,,,,
196,Mesonauta festivus,Mesonauta festivus,84817,84835,10.85,2,NO_ANNOT,,,Exact,0,"Mesonauta festivus (Heckel, 1840)",Mesonauta festivus,424NN,1,Catalogue of Life,
197,Crenicichla lepidota,Crenicichla lepidota,84905,84925,10.48,2,NO_ANNOT,,,Exact,0,"Crenicichla lepidota Heckel, 1840",Crenicichla lepidota,ZCFC,1,Catalogue of Life,
198,CrenicicMa saxatilis,Crenicicma saxatilis,85089,85109,4.75,2,NO_ANNOT,,,NoMatch,,,,,,,,
199,Geophagus duodecimspinosum,Geophagus duodecimspinosum,85162,85188,8.24,2,NO_ANNOT,,,Fuzzy,1,"Geophagus duodecimspinosus Boulenger, 1895",Geophagus duodecimspinosus,6KBRC,1,Catalogue of Life,
200,Pira,Pira,85200,85204,3.28,1,NO_ANNOT,,,Exact,0,"Pira H. Adams & A. Adams, 1855",Pira,urn:lsid:marinespecies.org:taxname:580114,9,WoRMS,
201,Geophagus pappaterra,Geophagus pappaterra,86054,86074,10.81,2,NO_ANNOT,,,Exact,0,"Geophagus pappaterra Heckel, 1840",Geophagus pappaterra,3FQVD,1,Catalogue of Life,
202,Biotodoma trifasciatus,Biotodoma trifasciatus,86184,86206,13.15,2,SP_NOV,,,Exact,0,"Biotodoma trifasciatus Eigenmann & Kennedy, 1903",Biotodoma trifasciatus,68KRB,1,Catalogue of Life,
203,Achirus jenynsii,Achirus jenynsii,87240,87256,11.76,2,NO_ANNOT,,,Exact,0,"Achirus jenynsii (Günther, 1862)",Achirus jenynsii,64H7C,1,Catalogue of Life,
204,Pira,Pira,87276,87280,3.28,1,NO_ANNOT,,,Exact,0,"Pira H. Adams & A. Adams, 1855",Pira,urn:lsid:marinespecies.org:taxname:580114,9,WoRMS,
205,Enrico,Enrico,88961,88967,1.36,1,NO_ANNOT,,,Exact,0,"Enrico Cambridge, 1895",Enrico,urn:lsid:irmng.org:taxname:1226607,181,IRMNG,
206,Cichlidae,Cichlidae,89401,89410,4.28,1,NO_ANNOT,,,Exact,0,Cichlidae,Cichlidae,88R,1,Catalogue of Life,
207,Paulicea,Paulicea,89778,89786,4.81,1,SP_NOV,,,Exact,0,"Paulicea Ihering, 1898",Paulicea,urn:lsid:irmng.org:taxname:1405104,181,IRMNG,
208,Lepidosiren paradoxa,Lepidosiren paradoxa,89873,89893,8.55,2,NO_ANNOT,,,Exact,0,"Lepidosiren paradoxa Fitzinger, 1837",Lepidosiren paradoxa,6PBWM,1,Catalogue of Life,
209,BATRACHIA.,Batrachia,91385,91395,4.42,1,NO_ANNOT,,,Exact,0,Conophytum sect. Batrachia Opel & S.A.Hammer,Batrachia,1008552-1,167,IPNI,
210,Typhlomolge rathbuni,Typhlomolge rathbuni,91396,91416,9.52,2,NO_ANNOT,,,Exact,0,"Typhlomolge rathbuni Stejneger, 1896",Typhlomolge rathbuni,59WVR,1,Catalogue of Life,
211,Plethodon cinereus,Plethodon cinereus,91541,91559,10.94,2,NO_ANNOT,,,Exact,0,"Plethodon cinereus (Green, 1818)",Plethodon cinereus,6W283,1,Catalogue of Life,
212,Plethodon glutinosus,Plethodon glutinosus,91613,91633,11.40,2,NO_ANNOT,,,Exact,0,"Plethodon glutinosus (Green, 1818)",Plethodon glutinosus,6W27T,1,Catalogue of Life,
213,Diemyctylus viridescens,Diemyctylus viridescens,91711,91734,13.07,2,NO_ANNOT,,,Exact,0,"Diemyctylus viridescens (Rafinesque, 1820)",Diemyctylus viridescens,3623T,1,Catalogue of Life,
214,Bnfo valliceps,Bnfo valliceps,91830,91844,0.45,2,NO_ANNOT,,,NoMatch,,,,,,,,
215,Antonio,Antonio,91855,91862,3.44,1,NO_ANNOT,,,NoMatch,,,,,,,,
216,Acris gryllus,Acris gryllus,91882,91895,10.97,2,NO_ANNOT,,,Exact,0,"Acris gryllus (LeConte, 1825)",Acris gryllus,9KKK,1,Catalogue of Life,
217,Hyla arenicolor,Hyla arenicolor,91981,91996,9.04,2,NO_ANNOT,,,Exact,0,"Hyla arenicolor Cope, 1866",Hyla arenicolor,3NCKY,1,Catalogue of Life,
218,Engystoma carolinense,Engystoma carolinense,92079,92100,11.50,2,NO_ANNOT,,,Exact,0,"Engystoma carolinense Holbrook, 1835",Engystoma carolinense,39TSM,1,Catalogue of Life,
219,Bana virescens,Bana virescens,92145,92159,8.69,2,NO_ANNOT,,,PartialExact,0,Bana,Bana,37T3,1,Catalogue of Life,
220,Terrapene major,Terrapene major,92225,92240,4.87,2,NO_ANNOT,,,Exact,0,"Terrapene major Allen, 1932",Terrapene major,9161837,11,GBIF Backbone Taxonomy,
221,Terrapene triunguis,Terrapene triunguis,92625,92644,9.90,2,NO_ANNOT,,,Exact,0,"Terrapene triunguis Burt, 1935",Terrapene triunguis,8877412,11,GBIF Backbone Taxonomy,
222,Kinosternon flavescens,Kinosternon flavescens,93872,93894,11.12,2,NO_ANNOT,,,Exact,0,"Kinosternon flavescens (Agassiz, 1857)",Kinosternon flavescens,3R869,1,Catalogue of Life,
223,Antonio,Antonio,93922,93929,3.44,1,NO_ANNOT,,,NoMatch,,,,,,,,
224,Aromochelys odoratus,Aromochelys odoratus,94039,94059,11.83,2,NO_ANNOT,,,Exact,0,Aromochelys odoratus,Aromochelys odoratus,urn:lsid:marinespecies.org:taxname:1498272,9,WoRMS,
225,Crotophytus,Crotophytus,94512,94523,5.74,1,NO_ANNOT,,,NoMatch,,,,,,,,
226,Holbrookia texana,Holbrookia texana,94675,94692,11.86,2,NO_ANNOT,,,Exact,0,"Holbrookia texana (Troschel, 1852)",Holbrookia texana,208779,3,ITIS,
227,Sceloporus undulatus,Sceloporus undulatus,94739,94759,11.95,2,NO_ANNOT,,,Exact,0,"Sceloporus undulatus (Bosc & Daudin, 1801)",Sceloporus undulatus,4V5CX,1,Catalogue of Life,
228,Latreille.,Latreille,94760,94770,1.11,1,NO_ANNOT,,,Exact,0,"Temnochilidae (Latreille) Léveillé, 1839",Latreille,141469801,164,BioLib.cz,
229,Sceloporus undulatus consobrinus,Sceloporus undulatus consobrinus,95040,95072,17.62,3,NO_ANNOT,,,Exact,0,"Sceloporus undulatus consobrinus Baird and Girard in Marcy and McClellan, 1854",Sceloporus undulatus consobrinus,208729,3,ITIS,
230,Sceloporus couchii,Sceloporus couchii,95196,95214,10.56,2,NO_ANNOT,,,Exact,0,"Sceloporus couchii Baird, 1859",Sceloporus couchii,4V58K,1,Catalogue of Life,
231,Phrynosoma cornutum,Phrynosoma cornutum,95490,95509,12.51,2,NO_ANNOT,,,Exact,0,"Phrynosoma cornutum (Harlan, 1825)",Phrynosoma cornutum,4GWSM,1,Catalogue of Life,
232,Cnemidophorus gularis,Cnemidophorus gularis,95699,95720,12.93,2,NO_ANNOT,,,Exact,0,"Cnemidophorus gularis Baird & Girard, 1852",Cnemidophorus gularis,WGZ7,1,Catalogue of Life,
233,Liolepisma laterale,Liolepisma laterale,95975,95994,11.15,2,NO_ANNOT,,,Fuzzy,1,Leiolepisma laterale,Leiolepisma laterale,gn_197729,186,MCZbase,
234,Eumeces quinquelineatus,Eumeces quinquelineatus,96119,96142,11.60,2,NO_ANNOT,,,Exact,0,"Eumeces quinquelineatus Hilgendorf, 1880",Eumeces quinquelineatus,8144518,11,GBIF Backbone Taxonomy,
235,Thamnophis proxima,Thamnophis proxima,96339,96357,8.22,2,NO_ANNOT,,,Exact,0,"Thamnophis proxima Garman, 1892",Thamnophis proxima,2457585,11,GBIF Backbone Taxonomy,
236,Natrix sipedon transversa,Natrix sipedon transversa,96533,96558,13.78,3,NO_ANNOT,,,Exact,0,Natrix sipedon transversa,Natrix sipedon transversa,gn_198848,186,MCZbase,
237,Natrix,Natrix,97012,97018,4.42,1,NO_ANNOT,,,Exact,0,"Natrix Gené, 1839",Natrix,87HRN,1,Catalogue of Life,
238,Diadophis arnyi,Diadophis arnyi,97314,97329,7.01,2,NO_ANNOT,,,Exact,0,"Diadophis arnyi Kennicott, 1859",Diadophis arnyi,884WT,1,Catalogue of Life,
239,D. regalis,D. regalis,97588,97598,6.61,2,NO_ANNOT,,,NoMatch,,,,,,,,
240,Diadophis,Diadophis,97806,97815,3.07,1,NO_ANNOT,,,Exact,0,Diadophis,Diadophis,443L,1,Catalogue of Life,
241,D. amabilis docilis,D. amabilis docilis,97875,97894,11.99,3,NO_ANNOT,,,NoMatch,,,,,,,,
242,Lampropeltis doliatus coccineus,Lampropeltis doliatus coccineus,97970,98001,18.95,3,NO_ANNOT,,,PartialExact,0,Lampropeltis doliatus,Lampropeltis doliatus,gn_170284,186,MCZbase,
243,Lampropeltis getulus sayi,Lampropeltis getulus sayi,98118,98143,15.48,3,NO_ANNOT,,,PartialExact,0,Lampropeltis getulus (Linnaeus 1766),Lampropeltis getulus,110828,172,PaleoBioDB,
244,Carphophiops vermis,Carphophiops vermis,98201,98220,7.58,2,NO_ANNOT,,,Exact,0,"Carphophiops vermis Cope, 1893",Carphophiops vermis,2457089,11,GBIF Backbone Taxonomy,
245,Virginia elegans,Virginia elegans,98417,98433,7.68,2,NO_ANNOT,,,Exact,0,"Virginia elegans Kennicott, 1859",Virginia elegans,5BJT7,1,Catalogue of Life,
246,Tantilla gracilis,Tantilla gracilis,98495,98512,13.17,2,NO_ANNOT,,,Exact,0,"Tantilla gracilis Baird & Girard, 1853",Tantilla gracilis,7BJYM,1,Catalogue of Life,
247,Agkistrodon contortrix,Agkistrodon contortrix,98706,98728,10.60,2,NO_ANNOT,,,Exact,0,"Agkistrodon contortrix (Linnaeus, 1766)",Agkistrodon contortrix,5TRLB,1,Catalogue of Life,
248,Crotalus horridus,Crotalus horridus,98817,98834,12.34,2,NO_ANNOT,,,Exact,0,"Crotalus horridus Linnaeus, 1758",Crotalus horridus,ZPBS,1,Catalogue of Life,
249,Cinostemum flavescens,Cinostemum flavescens,99875,99896,5.79,2,NO_ANNOT,,,NoMatch,,,,,,,,
250,Platythyra flavescens,Platythyra flavescens,99904,99925,11.65,2,NO_ANNOT,,,Exact,0,"Platythyra flavescens Agassiz, 1857",Platythyra flavescens,4JZKQ,1,Catalogue of Life,
251,Cinostemum flavescens,Cinostemum flavescens,99982,100003,5.79,2,NO_ANNOT,,,NoMatch,,,,,,,,
252,Antonio,Antonio,100577,100584,3.44,1,NO_ANNOT,,,NoMatch,,,,,,,,
253,Antonio,Antonio,100996,101003,3.44,1,NO_ANNOT,,,NoMatch,,,,,,,,
254,Plastron,Plastron,102175,102183,4.31,1,NO_ANNOT,,,Exact,0,"Plastron Gistl, 1848",Plastron,urn:lsid:irmng.org:taxname:1164466,181,IRMNG,
255,C. flavescens,C. flavescens,102281,102294,6.21,2,NO_ANNOT,,,NoMatch,,,,,,,,
256,Chrysemys mobilensis,Chrysemys mobilensis,102816,102836,11.49,2,NO_ANNOT,,,Exact,0,"Chrysemys mobilensis Boulenger, 1889 (Nomen Subst.)",Chrysemys mobilensis,889PH,1,Catalogue of Life,
257,Chrysemys elegans,Chrysemys elegans,102844,102861,9.05,2,NO_ANNOT,,,Exact,0,Chrysemys elegans Bergounioux 1958,Chrysemys elegans,339824,172,PaleoBioDB,
258,Terrapene ornata,Terrapene ornata,102869,102885,11.20,2,NO_ANNOT,,,Exact,0,"Terrapene ornata (Agassiz, 1857)",Terrapene ornata,7C3M7,1,Catalogue of Life,
259,Crotaphytus collaris,Crotaphytus collaris,102906,102926,12.81,2,NO_ANNOT,,,Exact,0,"Crotaphytus collaris (Say, 1822)",Crotaphytus collaris,6BJ77,1,Catalogue of Life,
260,C. haileyi,C. haileyi,103014,103024,5.82,2,NO_ANNOT,,,NoMatch,,,,,,,,
261,C. collaris,C. collaris,103099,103110,6.74,2,NO_ANNOT,,,NoMatch,,,,,,,,
262,Crotaphytus,Crotaphytus,103769,103780,5.74,1,NO_ANNOT,,,Exact,0,"Crotaphytus Baird & Girard, 1852",Crotaphytus,87F9X,1,Catalogue of Life,
263,Crotaphytus wislizeni,Crotaphytus wislizeni,104339,104360,11.93,2,NO_ANNOT,,,Exact,0,Crotaphytus wislizeni,Crotaphytus wislizeni,gn_3503,186,MCZbase,
264,Holbrookia maculata,Holbrookia maculata,104715,104734,13.15,2,NO_ANNOT,,,Exact,0,"Holbrookia maculata Girard, 1851",Holbrookia maculata,3M7BF,1,Catalogue of Life,
265,Holbrookia texana,Holbrookia texana,104880,104897,11.86,2,NO_ANNOT,,,Exact,0,"Holbrookia texana (Troschel, 1852)",Holbrookia texana,208779,3,ITIS,
266,H. maculata.,H. maculata,105754,105766,7.41,2,NO_ANNOT,,,NoMatch,,,,,,,,
267,TJta stansburiana,Tjta stansburiana,105767,105784,3.19,2,NO_ANNOT,,,NoMatch,,,,,,,,
268,Uta ornata,Uta ornata,105867,105877,7.22,2,NO_ANNOT,,,Exact,0,"Uta ornata Baird & Girard, 1852",Uta ornata,7F3TQ,1,Catalogue of Life,
269,U. ornata,U. ornata,105984,105993,6.93,2,NO_ANNOT,,,NoMatch,,,,,,,,
270,U. symmetrica,U. symmetrica,105998,106011,7.21,2,NO_ANNOT,,,NoMatch,,,,,,,,
271,Soeloporus spinosus clarkii,Soeloporus spinosus clarkii,106325,106352,9.69,3,NO_ANNOT,,,Fuzzy,1,"Sceloporus spinosus clarkii Boulenger, 1885",Sceloporus spinosus clarkii,6159779,11,GBIF Backbone Taxonomy,
272,Sceloporus torquatus poinsetti,Sceloporus torquatus poinsetti,106949,106979,15.34,3,NO_ANNOT,,,Exact,0,"Sceloporus torquatus poinsetti Burt, 1932",Sceloporus torquatus poinsetti,6159733,11,GBIF Backbone Taxonomy,
273,Sceloporus consobrinus,Sceloporus consobrinus,107011,107033,11.90,2,NO_ANNOT,,,Exact,0,"Sceloporus consobrinus Baird & Girard, 1854",Sceloporus consobrinus,4V58J,1,Catalogue of Life,
274,S. undulatus,S. undulatus,107097,107109,7.39,2,NO_ANNOT,,,NoMatch,,,,,,,,
275,Phrynosoma cornutum,Phrynosoma cornutum,107204,107223,12.51,2,NO_ANNOT,,,Exact,0,"Phrynosoma cornutum (Harlan, 1825)",Phrynosoma cornutum,4GWSM,1,Catalogue of Life,
276,Pbrynosoma modestum,Pbrynosoma modestum,107230,107249,6.20,2,NO_ANNOT,,,Fuzzy,1,"Phrynosoma modestum Girard, 1852",Phrynosoma modestum,4GWT5,1,Catalogue of Life,
277,Cnemidophorus sexlineatus sexlineatus,Cnemidophorus sexlineatus sexlineatus,107258,107295,20.03,3,NO_ANNOT,,,Exact,0,"Cnemidophorus sexlineatus sexlineatus (Linnaeus, 1766)",Cnemidophorus sexlineatus sexlineatus,208921,3,ITIS,
278,C. perplexus.,C. perplexus,107817,107830,5.82,2,NO_ANNOT,,,NoMatch,,,,,,,,
279,Cnemidophorus sexlineatus perplexus,Cnemidophorus sexlineatus perplexus,107981,108016,18.04,3,NO_ANNOT,,,Exact,0,"Cnemidophorus sexlineatus perplexus Burt, 1935",Cnemidophorus sexlineatus perplexus,9260485,11,GBIF Backbone Taxonomy,
280,C. gularis.,C. gularis,109848,109859,6.55,2,NO_ANNOT,,,NoMatch,,,,,,,,
281,Cnemidophorus grahami,Cnemidophorus grahami,109860,109881,11.50,2,NO_ANNOT,,,Exact,0,"Cnemidophorus grahami Degenhardt Et Al., 1996",Cnemidophorus grahami,7969661,11,GBIF Backbone Taxonomy,
282,Cnemidophorus tessellatus,Cnemidophorus tessellatus,110191,110216,14.19,2,NO_ANNOT,,,Exact,0,Cnemidophorus tessellatus,Cnemidophorus tessellatus,gn_495628,170,Arctos,
283,Cnemidopliorus gularis,Cnemidopliorus gularis,110886,110908,6.84,2,NO_ANNOT,,,NoMatch,,,,,,,,
284,While sexlineatus,While sexlineatus,111799,111816,2.06,2,NO_ANNOT,,,NoMatch,,,,,,,,
285,Eumeces obsoletus,Eumeces obsoletus,112042,112059,10.60,2,NO_ANNOT,,,Exact,0,"Eumeces obsoletus (Baird and Girard, 1852)",Eumeces obsoletus,64235,163,IUCN Red List of Threatened Species,
286,Glauconia dulcis,Glauconia dulcis,112143,112159,8.98,2,NO_ANNOT,,,Exact,0,"Glauconia dulcis Cope, 1892",Glauconia dulcis,5221747,11,GBIF Backbone Taxonomy,
287,Eutsenia proxima,Eutsenia proxima,112167,112183,3.91,2,NO_ANNOT,,,Fuzzy,1,"Eutaenia proxima Baird & Girard, 1853",Eutaenia proxima,5224109,11,GBIF Backbone Taxonomy,
288,Entaenia sirtalis parietalis,Entaenia sirtalis parietalis,112280,112308,10.43,3,NO_ANNOT,,,PartialFuzzy,1,Eutaenia parietalis,Eutaenia parietalis,gn_144948,186,MCZbase,
289,Eutaenia marciana,Eutaenia marciana,112316,112333,10.80,2,NO_ANNOT,,,Exact,0,Eutaenia marciana,Eutaenia marciana,gn_152058,186,MCZbase,
290,Eutaenia eques,Eutaenia eques,112341,112355,7.51,2,NO_ANNOT,,,PartialExact,0,Eutaenia,Eutaenia,4H9L,1,Catalogue of Life,
291,Tropidonotus clarkii,Tropidonotus clarkii,112654,112674,12.20,2,NO_ANNOT,,,Exact,0,"Tropidonotus clarkii Boulenger, 1893",Tropidonotus clarkii,5223382,11,GBIF Backbone Taxonomy,
292,Tropidonotus rhombifer,Tropidonotus rhombifer,112685,112707,11.59,2,NO_ANNOT,,,Exact,0,"Tropidonotus rhombifer Hallowell, 1852",Tropidonotus rhombifer,urn:lsid:marinespecies.org:taxname:1425015,9,WoRMS,
293,Tropidonotus sipedon transversus,Tropidonotus sipedon transversus,112716,112748,16.83,3,NO_ANNOT,,,PartialExact,0,"Tropidonotus transversus Hallowell, 1852",Tropidonotus transversus,59C38,1,Catalogue of Life,
294,Salvadora grahami,Salvadora grahami,112870,112887,11.51,2,NO_ANNOT,,,Exact,0,Salvadora grahami,Salvadora grahami,gn_72,186,MCZbase,
295,Zamenis taeniatus ornatus,Zamenis taeniatus ornatus,113298,113323,16.38,3,NO_ANNOT,,,Exact,0,"Zamenis taeniatus ornatus Brown, 1901",Zamenis taeniatus ornatus,9624912,11,GBIF Backbone Taxonomy,
296,Coluber emoryi,Coluber emoryi,113332,113346,7.40,2,NO_ANNOT,,,Exact,0,"Coluber emoryi Cope, 1886",Coluber emoryi,2455653,11,GBIF Backbone Taxonomy,
297,Coluber obsoletus lindheimeri,Coluber obsoletus lindheimeri,113355,113384,15.46,3,NO_ANNOT,,,PartialExact,0,"Coluber obsoletus Say, 1823",Coluber obsoletus,XB3M,1,Catalogue of Life,
298,Coluber subocularis,Coluber subocularis,113396,113415,9.75,2,NO_ANNOT,,,Exact,0,"Coluber subocularis Brown, 1901",Coluber subocularis,XB7X,1,Catalogue of Life,
299,Pityophis catenifer sayi,Pityophis catenifer sayi,113895,113919,11.05,3,NO_ANNOT,,,Fuzzy,1,"Pituophis catenifer sayi (Schlegel, 1837)",Pituophis catenifer sayi,89KL8,1,Catalogue of Life,
300,Arizona elegans,Arizona elegans,114039,114054,7.42,2,NO_ANNOT,,,Exact,0,"Arizona elegans Kennicott, 1859",Arizona elegans,GR56,1,Catalogue of Life,
301,Contia episcopa episcopa,Contia episcopa episcopa,114233,114257,13.33,3,NO_ANNOT,,,PartialExact,0,"Contia episcopa Mocquard, 1899",Contia episcopa,7723040,11,GBIF Backbone Taxonomy,
302,Diadophis amabilis,Diadophis amabilis,114417,114435,10.20,2,NO_ANNOT,,,Exact,0,"Diadophis amabilis Baird & Girard, 1853",Diadophis amabilis,3588W,1,Catalogue of Life,
303,Ophibolus getulus sayi,Ophibolus getulus sayi,114658,114680,15.06,3,NO_ANNOT,,,PartialExact,0,"Ophibolus sayi Baird & Girard, 1853",Ophibolus sayi,4820343,11,GBIF Backbone Taxonomy,
304,Ophibolus sayi',Ophibolus sayi,115050,115065,10.43,2,NO_ANNOT,,,Exact,0,"Ophibolus sayi Baird & Girard, 1853",Ophibolus sayi,4820343,11,GBIF Backbone Taxonomy,
305,L. splendida,L. splendida,115148,115160,6.69,2,NO_ANNOT,,,NoMatch,,,,,,,,
306,Crotaphytus baileyi,Crotaphytus baileyi,115847,115866,11.89,2,NO_ANNOT,,,Exact,0,"Crotaphytus baileyi Stejneger, 1893",Crotaphytus baileyi,882QQ,1,Catalogue of Life,
307,Ophibolus alternus,Ophibolus alternus,116207,116225,13.00,2,NO_ANNOT,,,Exact,0,"Ophibolus alternus Brown, 1901",Ophibolus alternus,49VCX,1,Catalogue of Life,
308,Rhinochilus lecontii,Rhinochilus lecontii,116425,116445,12.87,2,NO_ANNOT,,,Fuzzy,1,"Rhinochilus lecontei Cope, 1867",Rhinochilus lecontei,5223811,11,GBIF Backbone Taxonomy,
309,Heterodon nasicus,Heterodon nasicus,116453,116470,10.98,2,NO_ANNOT,,,Exact,0,"Heterodon nasicus Baird & Girard, 1852",Heterodon nasicus,3L997,1,Catalogue of Life,
310,Tantilla nigriceps,Tantilla nigriceps,116478,116496,12.42,2,NO_ANNOT,,,Exact,0,"Tantilla nigriceps Kennicott, 1860",Tantilla nigriceps,7BJYX,1,Catalogue of Life,
311,Elaps fulvius,Elaps fulvius,116582,116595,9.47,2,NO_ANNOT,,,Exact,0,"Elaps fulvius Boulenger, 1896",Elaps fulvius,88PB4,1,Catalogue of Life,
312,Crotalus atrox atrox,Crotalus atrox atrox,116671,116691,12.52,3,NO_ANNOT,,,Exact,0,Crotalus atrox atrox,Crotalus atrox atrox,gn_175312,186,MCZbase,
313,Crotalus confluentus,Crotalus confluentus,116699,116719,13.89,2,NO_ANNOT,,,Exact,0,"Crotalus confluentus Boulenger, 1896",Crotalus confluentus,88DRJ,1,Catalogue of Life,
314,Cinosternum flavescens,Cinosternum flavescens,119754,119776,11.79,2,NO_ANNOT,,,Exact,0,"Cinosternum flavescens Cope, 1875",Cinosternum flavescens,5YV78,1,Catalogue of Life,
315,Sceloporus variabilis,Sceloporus variabilis,119777,119798,11.64,2,NO_ANNOT,,,Exact,0,"Sceloporus variabilis Wiegmann, 1834",Sceloporus variabilis,4V5D5,1,Catalogue of Life,
316,Testudo berlandieri scalar,Testudo berlandieri scalar,119799,119825,9.19,3,NO_ANNOT,,,PartialExact,0,"Testudo berlandieri Boulenger, 1889",Testudo berlandieri,2441809,11,GBIF Backbone Taxonomy,
317,Chrysemys ornata,Chrysemys ornata,119829,119845,11.13,2,NO_ANNOT,,,Exact,0,"Chrysemys ornata Savage, 2002",Chrysemys ornata,7796442,11,GBIF Backbone Taxonomy,
318,Phrynosoma cornutum,Phrynosoma cornutum,119846,119865,12.51,2,NO_ANNOT,,,Exact,0,"Phrynosoma cornutum (Harlan, 1825)",Phrynosoma cornutum,4GWSM,1,Catalogue of Life,
319,Crotaphytus collaris,Crotaphytus collaris,119869,119889,12.81,2,NO_ANNOT,,,Exact,0,"Crotaphytus collaris (Say, 1822)",Crotaphytus collaris,6BJ77,1,Catalogue of Life,
320,C.B.␤modestum wislizeni,C�b. modestum wislizeni,119890,119913,10.35,3,NO_ANNOT,,,NoMatch,,,,,,,,
321,Euhlepharis variegatus,Euhlepharis variegatus,119917,119939,6.88,2,NO_ANNOT,,,Fuzzy,1,"Eublepharis variegatus Boulenger, 1885",Eublepharis variegatus,5221566,11,GBIF Backbone Taxonomy,
322,Holbrookia texana,Holbrookia texana,119940,119957,11.86,2,NO_ANNOT,,,Exact,0,"Holbrookia texana (Troschel, 1852)",Holbrookia texana,208779,3,ITIS,
323,Heloderma suspectum macidata,Heloderma suspectum macidata,119958,119986,18.17,3,NO_ANNOT,,,PartialExact,0,"Heloderma suspectum Cope, 1869",Heloderma suspectum,3KGXZ,1,Catalogue of Life,
324,Cnemidophorus tessellaius,Cnemidophorus tessellaius,119990,120015,8.44,2,NO_ANNOT,,,Fuzzy,1,Cnemidophorus tessellatus,Cnemidophorus tessellatus,gn_495628,170,Arctos,
325,Sceloporus torquatus poinsetti,Sceloporus torquatus poinsetti,120067,120097,15.34,3,NO_ANNOT,,,Exact,0,"Sceloporus torquatus poinsetti Burt, 1932",Sceloporus torquatus poinsetti,6159733,11,GBIF Backbone Taxonomy,
326,Gerrhonotus liocephalus,Gerrhonotus liocephalus,120098,120121,13.29,2,NO_ANNOT,,,Exact,0,"Gerrhonotus liocephalus Wiegmann, 1828",Gerrhonotus liocephalus,3FX5R,1,Catalogue of Life,
327,Barissia imbricata,Barissia imbricata,120131,120149,11.79,2,NO_ANNOT,,,Exact,0,"Barissia imbricata Gray, 1845",Barissia imbricata,2468463,11,GBIF Backbone Taxonomy,
328,Eumeces guttidatus,Eumeces guttidatus,120159,120177,5.69,2,NO_ANNOT,,,PartialExact,0,"Eumeces Steindachner, 1870",Eumeces,87FYW,1,Catalogue of Life,
329,C. consobrinus,C. consobrinus,120206,120220,7.34,2,NO_ANNOT,,,NoMatch,,,,,,,,
330,Anniella,Anniella,120224,120232,6.03,1,NO_ANNOT,,,Exact,0,Anniella,Anniella,WM3,1,Catalogue of Life,
331,Glauconia dulcis,Glauconia dulcis,120248,120264,8.98,2,NO_ANNOT,,,Exact,0,"Glauconia dulcis Cope, 1892",Glauconia dulcis,5221747,11,GBIF Backbone Taxonomy,
332,Macrochelys lacertina,Macrochelys lacertina,120282,120303,11.42,2,NO_ANNOT,,,Exact,0,"Macrochelys lacertina Largelamb, 1907",Macrochelys lacertina,5220319,11,GBIF Backbone Taxonomy,
333,Chelyclra serpentina,Chelyclra serpentina,120304,120324,4.54,2,NO_ANNOT,,,NoMatch,,,,,,,,
334,Diadophis regalis,Diadophis regalis,120629,120646,10.01,2,NO_ANNOT,,,Exact,0,"Diadophis regalis Baird & Girard, 1853",Diadophis regalis,884WV,1,Catalogue of Life,
335,B.P.␤tceniatus ornatus,B�p. tceniatus ornatus,120678,120700,7.47,3,NO_ANNOT,,,NoMatch,,,,,,,,
336,Salvadora grahami,Salvadora grahami,120701,120718,11.51,2,NO_ANNOT,,,Exact,0,Salvadora grahami,Salvadora grahami,gn_72,186,MCZbase,
337,Coluber emoryi,Coluber emoryi,120719,120733,7.40,2,NO_ANNOT,,,Exact,0,"Coluber emoryi Cope, 1886",Coluber emoryi,2455653,11,GBIF Backbone Taxonomy,
338,C. bairdi subocularis,C. bairdi subocularis,120734,120755,10.73,3,NO_ANNOT,,,NoMatch,,,,,,,,
339,Arizona elegans,Arizona elegans,120756,120771,7.42,2,NO_ANNOT,,,Exact,0,"Arizona elegans Kennicott, 1859",Arizona elegans,GR56,1,Catalogue of Life,
340,Rhinochilus lecontii,Rhinochilus lecontii,120772,120792,12.87,2,NO_ANNOT,,,Fuzzy,1,"Rhinochilus lecontei Cope, 1867",Rhinochilus lecontei,5223811,11,GBIF Backbone Taxonomy,
341,Ophibolus doliatus annulatus,Ophibolus doliatus annulatus,120793,120821,18.99,3,NO_ANNOT,,,Exact,0,"Ophibolus doliatus annulatus Cope, 1893",Ophibolus doliatus annulatus,9396828,11,GBIF Backbone Taxonomy,
342,Terrapene ornata,Terrapene ornata,120835,120851,11.20,2,NO_ANNOT,,,Exact,0,"Terrapene ornata (Agassiz, 1857)",Terrapene ornata,7C3M7,1,Catalogue of Life,
343,Eumeces multivirgatus,Eumeces multivirgatus,120852,120873,10.95,2,NO_ANNOT,,,Exact,0,"Eumeces multivirgatus (Hallowell, 1857)",Eumeces multivirgatus,64234,163,IUCN Red List of Threatened Species,
344,Heterodon nasicus,Heterodon nasicus,120874,120891,10.98,2,NO_ANNOT,,,Exact,0,"Heterodon nasicus Baird & Girard, 1852",Heterodon nasicus,3L997,1,Catalogue of Life,
345,Zamenis constrictor flaviventris,Zamenis constrictor flaviventris,120892,120924,15.43,3,NO_ANNOT,,,PartialExact,0,"Zamenis constrictor Boulenger, 1893",Zamenis constrictor,6161789,11,GBIF Backbone Taxonomy,
346,Pityophis catenifer sayi,Pityophis catenifer sayi,120930,120954,11.05,3,NO_ANNOT,,,Fuzzy,1,"Pituophis catenifer sayi (Schlegel, 1837)",Pituophis catenifer sayi,89KL8,1,Catalogue of Life,
347,Aspidonectes emoryi,Aspidonectes emoryi,120977,120996,9.22,2,NO_ANNOT,,,Exact,0,"Aspidonectes emoryi Agassiz, 1857",Aspidonectes emoryi,87QSJ,1,Catalogue of Life,
348,Crotaphytus reticulatus,Crotaphytus reticulatus,120997,121020,13.88,2,NO_ANNOT,,,Exact,0,"Crotaphytus reticulatus Baird, 1858",Crotaphytus reticulatus,ZPF2,1,Catalogue of Life,
349,Holbrookia propinqua,Holbrookia propinqua,121021,121041,10.99,2,NO_ANNOT,,,Exact,0,"Holbrookia propinqua Baird & Girard, 1852",Holbrookia propinqua,3M7BG,1,Catalogue of Life,
350,Lysopticus lateralis,Lysopticus lateralis,121042,121062,7.33,2,NO_ANNOT,,,NoMatch,,,,,,,,
351,Sceloporus thayeri,Sceloporus thayeri,121063,121081,11.23,2,NO_ANNOT,,,Exact,0,Sceloporus thayeri,Sceloporus thayeri,gn_168609,186,MCZbase,
352,Cnemidophorus grahami,Cnemidophorus grahami,121082,121103,11.50,2,NO_ANNOT,,,Exact,0,"Cnemidophorus grahami Degenhardt Et Al., 1996",Cnemidophorus grahami,7969661,11,GBIF Backbone Taxonomy,
353,Ophibolus alternus,Ophibolus alternus,121104,121122,13.00,2,NO_ANNOT,,,Exact,0,"Ophibolus alternus Brown, 1901",Ophibolus alternus,49VCX,1,Catalogue of Life,
354,Contia episcopa isozona,Contia episcopa isozona,121123,121146,13.89,3,NO_ANNOT,,,PartialExact,0,"Contia isozona Cope, 1866",Contia isozona,87ZQP,1,Catalogue of Life,
355,Hypsiglena ochrorhyncha,Hypsiglena ochrorhyncha,121147,121170,12.33,2,NO_ANNOT,,,Exact,0,Hypsiglena ochrorhyncha Cope 1860,Hypsiglena ochrorhyncha,11431,173,The Reptile DataBase,
356,Tropidonotus sipedon transversus,Tropidonotus sipedon transversus,121171,121203,16.83,3,NO_ANNOT,,,PartialExact,0,"Tropidonotus transversus Hallowell, 1852",Tropidonotus transversus,59C38,1,Catalogue of Life,
357,Eutoenia marciana eques,Eutoenia marciana eques,121207,121230,13.14,3,NO_ANNOT,,,PartialFuzzy,1,Eutaenia marciana,Eutaenia marciana,gn_152058,186,MCZbase,
358,Tantilla nigriceps,Tantilla nigriceps,121231,121249,12.42,2,NO_ANNOT,,,Exact,0,"Tantilla nigriceps Kennicott, 1860",Tantilla nigriceps,7BJYX,1,Catalogue of Life,
359,Crotalus molossus atrox,Crotalus molossus atrox,121253,121276,15.51,3,NO_ANNOT,,,PartialExact,0,"Crotalus atrox Baird & Girard, 1853",Crotalus atrox,6BJ5K,1,Catalogue of Life,
360,Ophibolus calligaster,Ophibolus calligaster,121291,121312,10.87,2,NO_ANNOT,,,PartialExact,0,"Ophibolus Baird & Girard, 1853",Ophibolus,urn:lsid:irmng.org:taxname:1431690,181,IRMNG,
361,Tropidoclonium lineatum,Tropidoclonium lineatum,121317,121340,13.35,2,NO_ANNOT,,,Exact,0,Tropidoclonium lineatum,Tropidoclonium lineatum,gn_160396,186,MCZbase,
362,Eutcenia sirtalis parietalis,Eutcenia sirtalis parietalis,121345,121373,10.43,3,NO_ANNOT,,,PartialFuzzy,1,Eutaenia parietalis,Eutaenia parietalis,gn_144948,186,MCZbase,
363,Sistrurus catenatus consors,Sistrurus catenatus consors,121379,121406,14.76,3,NO_ANNOT,,,PartialExact,0,"Sistrurus catenatus (Rafinesque, 1818)",Sistrurus catenatus,4XRRX,1,Catalogue of Life,
364,Crotalus confluentus,Crotalus confluentus,121407,121427,13.89,2,NO_ANNOT,,,Exact,0,"Crotalus confluentus Boulenger, 1896",Crotalus confluentus,88DRJ,1,Catalogue of Life,
365,Eumeces pachyurus tetragrammus,Eumeces pachyurus tetragrammus,121428,121458,14.75,3,NO_ANNOT,,,PartialExact,0,"Eumeces tetragrammus (Baird, 1859)",Eumeces tetragrammus,173971,3,ITIS,
366,Coluber obsoletus lindheimeri,Coluber obsoletus lindheimeri,121473,121502,15.46,3,NO_ANNOT,,,PartialExact,0,"Coluber obsoletus Say, 1823",Coluber obsoletus,XB3M,1,Catalogue of Life,
367,Contia episcopa episcopa,Contia episcopa episcopa,121503,121527,13.33,3,NO_ANNOT,,,PartialExact,0,"Contia episcopa Mocquard, 1899",Contia episcopa,7723040,11,GBIF Backbone Taxonomy,
368,Amphiardis inornatus,Amphiardis inornatus,121536,121556,11.87,2,NO_ANNOT,,,Exact,0,"Amphiardis inornatus Cope, 1888",Amphiardis inornatus,8242642,11,GBIF Backbone Taxonomy,
369,Chrysemys elegans,Chrysemys elegans,121711,121728,9.05,2,NO_ANNOT,,,Exact,0,Chrysemys elegans Bergounioux 1958,Chrysemys elegans,339824,172,PaleoBioDB,
370,Ophibolus getulus sayi,Ophibolus getulus sayi,121733,121755,15.06,3,NO_ANNOT,,,PartialExact,0,"Ophibolus sayi Baird & Girard, 1853",Ophibolus sayi,4820343,11,GBIF Backbone Taxonomy,
371,Sceloporus spinosus spinosus,Sceloporus spinosus spinosus,121764,121792,16.03,3,NO_ANNOT,,,Exact,0,"Sceloporus spinosus spinosus Wiegmann, 1828",Sceloporus spinosus spinosus,1057261,3,ITIS,
372,Diadophis amabilis,Diadophis amabilis,121819,121837,10.20,2,NO_ANNOT,,,Exact,0,"Diadophis amabilis Baird & Girard, 1853",Diadophis amabilis,3588W,1,Catalogue of Life,
373,Tantilla gracilis,Tantilla gracilis,121842,121859,13.17,2,NO_ANNOT,,,Exact,0,"Tantilla gracilis Baird & Girard, 1853",Tantilla gracilis,7BJYM,1,Catalogue of Life,
374,Tropidonotus clarkii,Tropidonotus clarkii,121864,121884,12.20,2,NO_ANNOT,,,Exact,0,"Tropidonotus clarkii Boulenger, 1893",Tropidonotus clarkii,5223382,11,GBIF Backbone Taxonomy,
375,Alligator mississippiensis,Alligator mississippiensis,122002,122028,10.92,2,NO_ANNOT,,,Exact,0,"Alligator mississippiensis (Daudin, 1801)",Alligator mississippiensis,BTRB,1,Catalogue of Life,
376,Tropidonotus sipedon fasciaius,Tropidonotus sipedon fasciaius,122029,122059,16.66,3,NO_ANNOT,,,PartialExact,0,Tropidonotus sipedon,Tropidonotus sipedon,357141,183,Sherborn Index Animalium,
377,Aspidonectes ferox grahami,Aspidonectes ferox grahami,122060,122086,10.91,3,NO_ANNOT,,,PartialExact,0,"Aspidonectes ferox Wagler, 1830",Aspidonectes ferox,2442668,11,GBIF Backbone Taxonomy,
378,Croialophorus edwardsi,Croialophorus edwardsi,122151,122173,4.69,2,NO_ANNOT,,,NoMatch,,,,,,,,
379,.Sceloporus floridanus,Sceloporus floridanus,122187,122209,11.59,2,NO_ANNOT,,,Exact,0,"Sceloporus floridanus Baird, 1859",Sceloporus floridanus,4V594,1,Catalogue of Life,
380,Arojnochelys carinatus,Arojnochelys carinatus,122220,122242,5.92,2,NO_ANNOT,,,NoMatch,,,,,,,,
381,Storeria,Storeria,122243,122251,4.68,1,NO_ANNOT,,,Exact,0,Storeria,Storeria,7NY5,1,Catalogue of Life,
382,Terrapene,Terrapene,122261,122270,3.94,1,NO_ANNOT,,,Exact,0,Terrapene,Terrapene,6478B,1,Catalogue of Life,
383,E. occipitomaculata,E. occipitomaculata,122289,122308,8.31,2,NO_ANNOT,,,NoMatch,,,,,,,,
384,Carolina triunguis,Carolina triunguis,122312,122330,8.55,2,NO_ANNOT,,,Exact,0,Carolina triunguis,Carolina triunguis,2682257,168,ION,
385,Haldca striatula,Haldca striatula,122331,122347,3.56,2,NO_ANNOT,,,Fuzzy,1,"Haldea striatula (Linnaeus, 1766)",Haldea striatula,6KY3C,1,Catalogue of Life,
386,Spilotes corais couperi,Spilotes corais couperi,122371,122394,12.20,3,NO_ANNOT,,,Fuzzy,1,"Spilotes corais couperii Lönnberg, 1894",Spilotes corais couperii,9439054,11,GBIF Backbone Taxonomy,
387,Anolis principalis,Anolis principalis,122395,122413,11.30,2,NO_ANNOT,,,Exact,0,Anolis principalis,Anolis principalis,313594,183,Sherborn Index Animalium,
388,Heterodon,Heterodon,122414,122423,4.18,1,NO_ANNOT,,,Exact,0,"Heterodon Bibron In Duméril, Bibron & Duméril, 1854",Heterodon,87GFK,1,Catalogue of Life,
389,Sceloporus undulatus,Sceloporus undulatus,122440,122460,11.95,2,NO_ANNOT,,,Exact,0,"Sceloporus undulatus (Bosc & Daudin, 1801)",Sceloporus undulatus,4V5CX,1,Catalogue of Life,
390,Ophibohis doliatus doliatus,Ophibohis doliatus doliatus,122464,122491,9.58,3,NO_ANNOT,,,NoMatch,,,,,,,,
391,Liolcpisma laterale,Liolcpisma laterale,122495,122514,4.84,2,NO_ANNOT,,,NoMatch,,,,,,,,
392,E. doliatus coccineus,E. doliatus coccineus,122515,122536,12.28,3,NO_ANNOT,,,NoMatch,,,,,,,,
393,Ophisaurus ventralis,Ophisaurus ventralis,122537,122557,12.90,2,NO_ANNOT,,,Exact,0,"Ophisaurus ventralis (Linnaeus, 1766)",Ophisaurus ventralis,74Q3X,1,Catalogue of Life,
394,Virginia elegans,Virginia elegans,122558,122574,7.68,2,NO_ANNOT,,,Exact,0,"Virginia elegans Kennicott, 1859",Virginia elegans,5BJT7,1,Catalogue of Life,
395,Eimieces quinquelineatus,Eimieces quinquelineatus,122575,122599,5.53,2,NO_ANNOT,,,NoMatch,,,,,,,,
396,Eutcenia sirtalis sirtalis,Eutcenia sirtalis sirtalis,122620,122646,10.02,3,NO_ANNOT,,,PartialFuzzy,1,"Eutaenia sirtalis Cope, 1893",Eutaenia sirtalis,5224100,11,GBIF Backbone Taxonomy,
397,Crotalus horridus,Crotalus horridus,122650,122667,12.34,2,NO_ANNOT,,,Exact,0,"Crotalus horridus Linnaeus, 1758",Crotalus horridus,ZPBS,1,Catalogue of Life,
398,Aromochelys carinatus,Aromochelys carinatus,122684,122705,11.99,2,NO_ANNOT,,,Exact,0,"Aromochelys carinatus Gray, 1856",Aromochelys carinatus,208562,3,ITIS,
399,Tropidonotus grahami,Tropidonotus grahami,122706,122726,11.43,2,NO_ANNOT,,,Exact,0,"Tropidonotus grahami Boulenger, 1893",Tropidonotus grahami,5222699,11,GBIF Backbone Taxonomy,
400,Virginia elegans,Virginia elegans,122731,122747,7.68,2,NO_ANNOT,,,Exact,0,"Virginia elegans Kennicott, 1859",Virginia elegans,5BJT7,1,Catalogue of Life,
401,Ancistrodon piscivorus,Ancistrodon piscivorus,122891,122913,10.18,2,NO_ANNOT,,,Exact,0,"Ancistrodon piscivorus Cope, 1860",Ancistrodon piscivorus,5220983,11,GBIF Backbone Taxonomy,
402,Flaps fulvius,Flaps fulvius,122942,122955,3.16,2,NO_ANNOT,,,Fuzzy,1,"Elaps fulvius Boulenger, 1896",Elaps fulvius,88PB4,1,Catalogue of Life,
403,Tropidonotus,Tropidonotus,122956,122968,5.97,1,NO_ANNOT,,,Exact,0,"Tropidonotus Swinhonis Günther, 1868",Tropidonotus,8GFNB,1,Catalogue of Life,
404,Cnemidophorus sexlineatus,Cnemidophorus sexlineatus,123004,123029,14.19,2,NO_ANNOT,,,Exact,0,"Cnemidophorus sexlineatus (Linnaeus, 1766)",Cnemidophorus sexlineatus,174014,3,ITIS,
405,Cyclophis,Cyclophis,123030,123039,3.07,1,NO_ANNOT,,,Exact,0,"Cyclophis Günther, 1858",Cyclophis,urn:lsid:irmng.org:taxname:1295647,181,IRMNG,
406,Liopeltis vernalis,Liopeltis vernalis,123048,123066,12.95,2,NO_ANNOT,,,Exact,0,"Liopeltis vernalis Cope, 1860",Liopeltis vernalis,7793078,11,GBIF Backbone Taxonomy,
407,Ancistrodon contortrix,Ancistrodon contortrix,123071,123093,9.23,2,NO_ANNOT,,,Exact,0,"Ancistrodon contortrix Baird, 1854",Ancistrodon contortrix,5220986,11,GBIF Backbone Taxonomy,
408,Dryniohius margaritiferus,Dryniohius margaritiferus,123173,123198,6.22,2,NO_ANNOT,,,NoMatch,,,,,,,,
409,Sihon septentrionale,Sihon septentrionale,123199,123219,4.17,2,NO_ANNOT,,,NoMatch,,,,,,,,
410,Erythrola mprus imperialis,Erythrola mprus imperialis,123220,123246,5.89,3,NO_ANNOT,,,NoMatch,,,,,,,,
411,Antonio,Antonio,125378,125385,3.44,1,NO_ANNOT,,,NoMatch,,,,,,,,
412,Holbrookia propinqua,Holbrookia propinqua,126053,126073,10.99,2,NO_ANNOT,,,Exact,0,"Holbrookia propinqua Baird & Girard, 1852",Holbrookia propinqua,3M7BG,1,Catalogue of Life,
413,Sceloporus thayeri,Sceloporus thayeri,126078,126096,11.23,2,NO_ANNOT,,,Exact,0,Sceloporus thayeri,Sceloporus thayeri,gn_168609,186,MCZbase,
414,Crotaphytus wislizeni,Crotaphytus wislizeni,126502,126523,11.93,2,NO_ANNOT,,,Exact,0,Crotaphytus wislizeni,Crotaphytus wislizeni,gn_3503,186,MCZbase,
415,Uta stansburiana,Uta stansburiana,126524,126540,7.37,2,NO_ANNOT,,,Exact,0,"Uta stansburiana Baird & Girard, 1852",Uta stansburiana,7F3TX,1,Catalogue of Life,
416,Sceloporus spinosiis clarkii,Sceloporus spinosiis clarkii,126541,126569,3.66,3,NO_ANNOT,,,PartialExact,0,"Sceloporus clarkii Baird & Girard, 1852",Sceloporus clarkii,4V58F,1,Catalogue of Life,
417,Cnemidophorus perplexus,Cnemidophorus perplexus,126570,126593,12.20,2,NO_ANNOT,,,Exact,0,"Cnemidophorus perplexus Baird & Girard, 1852",Cnemidophorus perplexus,88BSS,1,Catalogue of Life,
418,Crotalus molossus none,Crotalus molossus none,126598,126620,10.52,3,NO_ANNOT,,,PartialExact,0,"Crotalus molossus Baird & Girard, 1853",Crotalus molossus,6BJ5B,1,Catalogue of Life,
419,Chrysemys elegans,Chrysemys elegans,127355,127372,9.05,2,NO_ANNOT,,,Exact,0,Chrysemys elegans Bergounioux 1958,Chrysemys elegans,339824,172,PaleoBioDB,
420,Diadophis amabilis,Diadophis amabilis,127373,127391,10.20,2,NO_ANNOT,,,Exact,0,"Diadophis amabilis Baird & Girard, 1853",Diadophis amabilis,3588W,1,Catalogue of Life,
421,Ophibolus getulus sayi,Ophibolus getulus sayi,127392,127414,15.06,3,NO_ANNOT,,,PartialExact,0,"Ophibolus sayi Baird & Girard, 1853",Ophibolus sayi,4820343,11,GBIF Backbone Taxonomy,
422,Eutmiia proxima,Eutmiia proxima,127415,127430,3.91,2,NO_ANNOT,,,NoMatch,,,,,,,,
423,Tantilla gracilis,Tantilla gracilis,127435,127452,13.17,2,NO_ANNOT,,,Exact,0,"Tantilla gracilis Baird & Girard, 1853",Tantilla gracilis,7BJYM,1,Catalogue of Life,
424,Ciiemidophorus sexlineatus,Ciiemidophorus sexlineatus,127535,127561,8.11,2,NO_ANNOT,,,NoMatch,,,,,,,,
425,Cyclophis,Cyclophis,127562,127571,3.07,1,NO_ANNOT,,,Exact,0,"Cyclophis Günther, 1858",Cyclophis,urn:lsid:irmng.org:taxname:1295647,181,IRMNG,
426,Liopeltis vernalis,Liopeltis vernalis,127581,127599,12.95,2,NO_ANNOT,,,Exact,0,"Liopeltis vernalis Cope, 1860",Liopeltis vernalis,7793078,11,GBIF Backbone Taxonomy,
427,Chrysemys mobilensis,Chrysemys mobilensis,127753,127773,11.49,2,NO_ANNOT,,,Exact,0,"Chrysemys mobilensis Boulenger, 1889 (Nomen Subst.)",Chrysemys mobilensis,889PH,1,Catalogue of Life,
428,Sceloporus spinosus,Sceloporus spinosus,127774,127793,11.16,2,NO_ANNOT,,,Exact,0,"Sceloporus spinosus Wiegmann, 1828",Sceloporus spinosus,4V5C6,1,Catalogue of Life,
429,Tropidonotus clarkii,Tropidonotus clarkii,127804,127824,12.20,2,NO_ANNOT,,,Exact,0,"Tropidonotus clarkii Boulenger, 1893",Tropidonotus clarkii,5223382,11,GBIF Backbone Taxonomy,
430,Tropidonotus rhombifer,Tropidonotus rhombifer,127825,127847,11.59,2,NO_ANNOT,,,Exact,0,"Tropidonotus rhombifer Hallowell, 1852",Tropidonotus rhombifer,urn:lsid:marinespecies.org:taxname:1425015,9,WoRMS,
431,Flaps fulvius,Flaps fulvius,127876,127889,3.16,2,NO_ANNOT,,,Fuzzy,1,"Elaps fulvius Boulenger, 1896",Elaps fulvius,88PB4,1,Catalogue of Life,
432,Ancistrodon piscivorus,Ancistrodon piscivorus,127894,127916,10.18,2,NO_ANNOT,,,Exact,0,"Ancistrodon piscivorus Cope, 1860",Ancistrodon piscivorus,5220983,11,GBIF Backbone Taxonomy,
433,Crotaphytus,Crotaphytus,128407,128418,5.74,1,NO_ANNOT,,,Exact,0,"Crotaphytus Baird & Girard, 1852",Crotaphytus,87F9X,1,Catalogue of Life,
434,Barissia,Barissia,128424,128432,3.89,1,NO_ANNOT,,,Exact,0,"Barissia Gray, 1845",Barissia,urn:lsid:irmng.org:taxname:1414753,181,IRMNG,
435,Holbrookia,Holbrookia,128433,128443,5.41,1,NO_ANNOT,,,Exact,0,Holbrookia,Holbrookia,6377Q,1,Catalogue of Life,
436,Anniella,Anniella,128447,128455,6.03,1,NO_ANNOT,,,Exact,0,Anniella,Anniella,WM3,1,Catalogue of Life,
437,Glauconia,Glauconia,128463,128472,4.04,1,NO_ANNOT,,,Exact,0,"Glauconia Boulenger, 1905",Glauconia,87G8C,1,Catalogue of Life,
438,Salvadora,Salvadora,128484,128493,6.06,1,NO_ANNOT,,,Exact,0,Salvadora L.,Salvadora,7BZP,1,Catalogue of Life,
439,Phrynosoma,Phrynosoma,128494,128504,5.28,1,NO_ANNOT,,,Exact,0,"Phrynosoma Cope, 1878",Phrynosoma,87JPS,1,Catalogue of Life,
440,Eublepharis,Eublepharis,128518,128529,5.35,1,NO_ANNOT,,,Exact,0,"Eublepharis Gray, 1845",Eublepharis,87FXF,1,Catalogue of Life,
441,Rhinochilus,Rhinochilus,128530,128541,6.21,1,NO_ANNOT,,,Exact,0,Rhinochilus Hort,Rhinochilus,145303255,165,Tropicos,
442,Contia,Contia,128555,128561,4.58,1,NO_ANNOT,,,Exact,0,Contia,Contia,3TJ4,1,Catalogue of Life,
443,Hypsiglena,Hypsiglena,128575,128585,5.64,1,NO_ANNOT,,,Exact,0,Hypsiglena,Hypsiglena,5328,1,Catalogue of Life,
444,Amphiardis,Amphiardis,128589,128599,4.15,1,NO_ANNOT,,,Exact,0,"Amphiardis Cope, 1889",Amphiardis,urn:lsid:irmng.org:taxname:1419571,181,IRMNG,
445,Farancia,Farancia,128725,128733,5.54,1,NO_ANNOT,,,Exact,0,Farancia,Farancia,4JG9,1,Catalogue of Life,
446,Anolis,Anolis,128734,128740,3.58,1,NO_ANNOT,,,Exact,0,"Anolis Bocourt, 1873",Anolis,87DC5,1,Catalogue of Life,
447,Ophisaurus,Ophisaurus,128756,128766,5.60,1,NO_ANNOT,,,Exact,0,"Ophisaurus Lidth De Jeude, 1905",Ophisaurus,87J52,1,Catalogue of Life,
448,Stilosoma,Stilosoma,128767,128776,5.11,1,NO_ANNOT,,,Exact,0,"Stilosoma Brown, 1890",Stilosoma,urn:lsid:irmng.org:taxname:1370960,181,IRMNG,
449,Rhineura.,Rhineura,128777,128786,5.31,1,NO_ANNOT,,,Exact,0,Rhineura,Rhineura,642BJ,1,Catalogue of Life,
450,Cemophora,Cemophora,128787,128796,6.06,1,NO_ANNOT,,,Exact,0,Cemophora,Cemophora,3K42,1,Catalogue of Life,
451,Spilotes,Spilotes,128797,128805,3.21,1,NO_ANNOT,,,Exact,0,Spilotes,Spilotes,7L2P,1,Catalogue of Life,
452,Seminatrix,Seminatrix,128808,128818,5.30,1,NO_ANNOT,,,Exact,0,"Seminatrix Cope, 1895",Seminatrix,urn:lsid:irmng.org:taxname:1043222,181,IRMNG,
453,Abastor,Abastor,128819,128826,3.63,1,NO_ANNOT,,,Exact,0,"Abastor Gray, 1849",Abastor,urn:lsid:irmng.org:taxname:1055448,181,IRMNG,
454,Liodytes,Liodytes,128827,128835,3.21,1,NO_ANNOT,,,Exact,0,Liodytes,Liodytes,5F3B,1,Catalogue of Life,
455,Tantilla,Tantilla,129295,129303,6.03,1,NO_ANNOT,,,Exact,0,Tantilla,Tantilla,7SG9,1,Catalogue of Life,
456,Elaps,Elaps,129308,129313,2.83,1,NO_ANNOT,,,Exact,0,"Elaps Werner, 1901",Elaps,8FYFP,1,Catalogue of Life,
457,Crotaphytus,Crotaphytus,129401,129412,5.74,1,NO_ANNOT,,,Exact,0,"Crotaphytus Baird & Girard, 1852",Crotaphytus,87F9X,1,Catalogue of Life,
458,Holbrookia,Holbrookia,129413,129423,5.41,1,NO_ANNOT,,,Exact,0,Holbrookia,Holbrookia,6377Q,1,Catalogue of Life,
459,Phrynosoma,Phrynosoma,129424,129434,5.28,1,NO_ANNOT,,,Exact,0,"Phrynosoma Cope, 1878",Phrynosoma,87JPS,1,Catalogue of Life,
460,Rhinochilus,Rhinochilus,129435,129446,6.21,1,NO_ANNOT,,,Exact,0,Rhinochilus Hort,Rhinochilus,145303255,165,Tropicos,
461,Hypsiglena.,Hypsiglena,129447,129458,5.64,1,NO_ANNOT,,,Exact,0,Hypsiglena,Hypsiglena,5328,1,Catalogue of Life,
462,Coluber,Coluber,130327,130334,2.09,1,NO_ANNOT,,,Exact,0,"Coluber Linnaeus, 1758",Coluber,87F4V,1,Catalogue of Life,
463,Tropidonotus,Tropidonotus,130347,130359,5.97,1,NO_ANNOT,,,Exact,0,"Tropidonotus Swinhonis Günther, 1868",Tropidonotus,8GFNB,1,Catalogue of Life,
464,Crotalus,Crotalus,131113,131121,5.75,1,NO_ANNOT,,,Exact,0,"Crotalus Dugés, 1877 (Fide Mcdiarmid et al. 1999: 291)",Crotalus,87F9W,1,Catalogue of Life,
465,Cnemidophorus,Cnemidophorus,131232,131245,6.05,1,NO_ANNOT,,,Exact,0,"Cnemidophorus Zeller, 1867",Cnemidophorus,62KY8,1,Catalogue of Life,
466,Eumeces,Eumeces,131294,131301,2.88,1,NO_ANNOT,,,Exact,0,"Eumeces Steindachner, 1870",Eumeces,87FYW,1,Catalogue of Life,
467,Liolepisma,Liolepisma,131415,131425,5.33,1,NO_ANNOT,,,Exact,0,Lygosoma (Liolepisma),Liolepisma,93904433,169,uBio NameBank,
