Index,Verbatim,Name,Start,End,OddsLog10,Cardinality,AnnotNomenType,WordsBefore,WordsAfter,VerifMatchType,VerifEditDistance,VerifMatchedName,VerifMatchedCanonical,VerifTaxonId,VerifDataSourceId,VerifDataSourceTitle,VerifError
0,ATHERINA,Atherina,325,333,3.96,1,NO_ANNOT,,,Exact,0,Atherina,Atherina,34YW,1,Catalogue of Life,
1,ATHERINA,Atherina,353,361,3.96,1,NO_ANNOT,,,Exact,0,Atherina,Atherina,34YW,1,Catalogue of Life,
2,Atherina,Atherina,377,385,3.96,1,NO_ANNOT,,,Exact,0,Atherina,Atherina,34YW,1,Catalogue of Life,
3,Rami,Rami,405,409,0.26,1,NO_ANNOT,,,Exact,0,Jacksonia sect. Rami Benth.,Rami,117165-3,167,IPNI,
4,Atherina lacustris,Atherina lacustris,448,466,11.20,2,NO_ANNOT,,,Exact,0,"Atherina lacustris Bonaparte, 1836",Atherina lacustris,6899S,1,Catalogue of Life,
5,Italica,Italica,484,491,3.07,1,NO_ANNOT,,,Exact,0,Italica,Italica,55SK,1,Catalogue of Life,
6,Atherina lacustris,Atherina lacustris,3948,3966,11.20,2,NO_ANNOT,,,Exact,0,"Atherina lacustris Bonaparte, 1836",Atherina lacustris,6899S,1,Catalogue of Life,
7,Atherina,Atherina,4455,4463,3.96,1,NO_ANNOT,,,Exact,0,Atherina,Atherina,34YW,1,Catalogue of Life,
8,Atherina sardinella,Atherina sardinella,4485,4504,11.19,2,SP_NOV,,,Exact,0,"Atherina sardinella Fowler, 1903",Atherina sardinella,5W8XV,1,Catalogue of Life,
9,Atherina sarda.,Atherina sarda,8214,8229,7.51,2,NO_ANNOT,,,Exact,0,"Atherina sarda Valenciennes, 1835",Atherina sarda,688Y8,1,Catalogue of Life,
10,Atherina sarda,Atherina sarda,8271,8285,7.51,2,NO_ANNOT,,,Exact,0,"Atherina sarda Valenciennes, 1835",Atherina sarda,688Y8,1,Catalogue of Life,
11,Atherina,Atherina,8373,8381,3.96,1,NO_ANNOT,,,Exact,0,Atherina,Atherina,34YW,1,Catalogue of Life,
12,ATHERINOMORUS,Atherinomorus,8495,8508,6.05,1,NO_ANNOT,,,Exact,0,Atherinomorus,Atherinomorus,34Z2,1,Catalogue of Life,
13,Atherina laticeps,Atherina laticeps,8527,8544,10.19,2,NO_ANNOT,,,Exact,0,"Atherina laticeps Poey, 1860",Atherina laticeps,5W8XR,1,Catalogue of Life,
14,Rami,Rami,8551,8555,0.26,1,NO_ANNOT,,,Exact,0,Jacksonia sect. Rami Benth.,Rami,117165-3,167,IPNI,
15,Atherina,Atherina,8669,8677,3.96,1,NO_ANNOT,,,Exact,0,Atherina,Atherina,34YW,1,Catalogue of Life,
16,ISCHNOMEMBRAS,Ischnomembras,8692,8705,5.35,1,NO_ANNOT,,,Exact,0,"Ischnomembras Fowler, 1903",Ischnomembras,urn:lsid:marinespecies.org:taxname:296883,9,WoRMS,
17,Ischnomembras gabunensis,Ischnomembras gabunensis,8721,8745,12.98,2,SP_NOV,,,Exact,0,"Ischnomembras gabunensis Fowler, 1903",Ischnomembras gabunensis,3Q58B,1,Catalogue of Life,
18,Chirostoma.,Chirostoma,8932,8943,5.28,1,NO_ANNOT,,,Exact,0,Chirostoma,Chirostoma,3ND3,1,Catalogue of Life,
19,Membras,Membras,8964,8971,4.32,1,NO_ANNOT,,,Exact,0,Membras,Membras,5NY4,1,Catalogue of Life,
20,Atherina.,Atherina,9000,9009,3.96,1,SP_NOV,,,Exact,0,Atherina,Atherina,34YW,1,Catalogue of Life,
21,Isclmomeinbras gabunensis,Isclmomeinbras gabunensis,9010,9035,6.89,2,SP_NOV,,,NoMatch,,,,,,,,
22,PHOXARGYREA,Phoxargyrea,12144,12155,4.76,1,NO_ANNOT,,,Exact,0,"Phoxargyrea Fowler, 1903",Phoxargyrea,urn:lsid:marinespecies.org:taxname:297471,9,WoRMS,
23,Dioxargijrea dayi,Dioxargijrea dayi,12171,12188,3.20,2,SP_NOV,,,NoMatch,,,,,,,,
24,Menidia.,Menidia,12236,12244,3.67,1,NO_ANNOT,,,Exact,0,Menidia,Menidia,5P3R,1,Catalogue of Life,
25,Argyrea,Argyrea,12266,12273,4.05,1,NO_ANNOT,,,Exact,0,"Argyrea Billberg, 1820",Argyrea,urn:lsid:irmng.org:taxname:1347407,181,IRMNG,
26,Menidia,Menidia,12297,12304,3.67,1,NO_ANNOT,,,Exact,0,Menidia,Menidia,5P3R,1,Catalogue of Life,
27,Phoxargyrea dayi,Phoxargyrea dayi,12336,12352,9.27,2,SP_NOV,,,Exact,0,"Phoxargyrea dayi Fowler, 1903",Phoxargyrea dayi,4GTCT,1,Catalogue of Life,
28,Lips,Lips,13574,13578,2.35,1,NO_ANNOT,,,Exact,0,Lips,Lips,639Y8,1,Catalogue of Life,
29,BASILICHTHYS,Basilichthys,15679,15691,5.85,1,NO_ANNOT,,,Exact,0,Basilichthys,Basilichthys,62F6S,1,Catalogue of Life,
30,Basilichthys regia,Basilichthys regia,15758,15776,10.10,2,NO_ANNOT,,,Exact,0,Basilichthys regia Humb. & Val.,Basilichthys regia,3725496,168,ION,
31,Atherina regia,Atherina regia,15804,15818,8.21,2,NO_ANNOT,,,Exact,0,"Atherina regia Humboldt, 1821",Atherina regia,5W99W,1,Catalogue of Life,
32,Atherina latidavia,Atherina latidavia,15969,15987,9.68,2,NO_ANNOT,,,PartialExact,0,Atherina,Atherina,34YW,1,Catalogue of Life,
33,Atherinichthys latidavia,Atherinichthys latidavia,16184,16208,11.88,2,NO_ANNOT,,,PartialExact,0,"Atherinichthys Bleeker, 1853",Atherinichthys,urn:lsid:marinespecies.org:taxname:296082,9,WoRMS,
34,Chirostoma latidavia,Chirostoma latidavia,16341,16361,10.99,2,NO_ANNOT,,,PartialExact,0,Chirostoma,Chirostoma,3ND3,1,Catalogue of Life,
35,Lips,Lips,18075,18079,2.35,1,NO_ANNOT,,,Exact,0,Lips,Lips,639Y8,1,Catalogue of Life,
36,Atherina latidavia,Atherina latidavia,20332,20350,9.68,2,NO_ANNOT,,,PartialExact,0,Atherina,Atherina,34YW,1,Catalogue of Life,
37,Atherinichthys regia var.␤latidavia.,Atherinichthys regia var. latidavia,20484,20520,16.68,3,NO_ANNOT,,,PartialExact,0,Atherinichthys regia Smitt 1898,Atherinichthys regia,3834536,168,ION,
38,Basilichthys microlepidotus,Basilichthys microlepidotus,20592,20619,13.98,2,NO_ANNOT,,,Exact,0,"Basilichthys microlepidotus (Jenyns, 1841)",Basilichthys microlepidotus,5WCYH,1,Catalogue of Life,
39,THYRINA,Thyrina,20724,20731,3.72,1,NO_ANNOT,,,Exact,0,"Thyrina Poujade, 1886",Thyrina,urn:lsid:irmng.org:taxname:1401587,181,IRMNG,
40,Thyrina guatemalensis,Thyrina guatemalensis,20802,20823,11.58,2,NO_ANNOT,,,Exact,0,Thyrina guatemalensis Gthr.,Thyrina guatemalensis,3725510,168,ION,
41,Atherinichthys guatemalensis,Atherinichthys guatemalensis,20860,20888,14.02,2,NO_ANNOT,,,Exact,0,"Atherinichthys guatemalensis Günther, 1864",Atherinichthys guatemalensis,5W8XM,1,Catalogue of Life,
42,Chirostoma guatemalensis,Chirostoma guatemalensis,21027,21051,13.13,2,NO_ANNOT,,,PartialExact,0,Chirostoma,Chirostoma,3ND3,1,Catalogue of Life,
43,Menidia guatemalensis,Menidia guatemalensis,21145,21166,11.53,2,NO_ANNOT,,,PartialExact,0,Menidia,Menidia,5P3R,1,Catalogue of Life,
44,Thyrina guatemalensis,Thyrina guatemalensis,21258,21279,11.58,2,NO_ANNOT,,,Exact,0,Thyrina guatemalensis Gthr.,Thyrina guatemalensis,3725510,168,ION,
45,Each ramus,Each ramus,22609,22619,,2,NO_ANNOT,,,NoMatch,,,,,,,,
46,Lips,Lips,22658,22662,2.35,1,NO_ANNOT,,,Exact,0,Lips,Lips,639Y8,1,Catalogue of Life,
47,PROTISTIUS,Protistius,24820,24830,5.15,1,NO_ANNOT,,,Exact,0,"Protistius Cope, 1874",Protistius,urn:lsid:marinespecies.org:taxname:1421917,9,WoRMS,
48,Protistius semotilus,Protistius semotilus,25155,25175,12.28,2,NO_ANNOT,,,Exact,0,"Protistius semotilus Cope, 1874",Protistius semotilus,4N4CS,1,Catalogue of Life,
49,Protistius,Protistius,26056,26066,5.15,1,NO_ANNOT,,,Exact,0,"Protistius Cope, 1874",Protistius,urn:lsid:marinespecies.org:taxname:1421917,9,WoRMS,
50,Pisciregia,Pisciregia,26232,26242,4.47,1,NO_ANNOT,,,Exact,0,"Pisciregia Abbott, 1899",Pisciregia,urn:lsid:irmng.org:taxname:1029458,181,IRMNG,
51,Protistius,Protistius,26323,26333,5.15,1,NO_ANNOT,,,Exact,0,"Protistius Cope, 1874",Protistius,urn:lsid:marinespecies.org:taxname:1421917,9,WoRMS,
52,Pisciregia.,Pisciregia,26523,26534,4.47,1,NO_ANNOT,,,Exact,0,"Pisciregia Abbott, 1899",Pisciregia,urn:lsid:irmng.org:taxname:1029458,181,IRMNG,
53,Gasteropterus archaeus,Gasteropterus archaeus,26535,26557,12.81,2,NO_ANNOT,,,Fuzzy,1,"Gastropterus archaeus Cope, 1878",Gastropterus archaeus,6K9S4,1,Catalogue of Life,
54,Gasteropterus arclucus,Gasteropterus arclucus,27578,27600,8.02,2,NO_ANNOT,,,NoMatch,,,,,,,,
55,Pisciregia beardsleei,Pisciregia beardsleei,27779,27800,10.00,2,NO_ANNOT,,,Exact,0,"Pisciregia beardsleei Abbott, 1899",Pisciregia beardsleei,4J8L6,1,Catalogue of Life,
56,ATHERINOPSIS,Atherinopsis,28147,28159,5.47,1,NO_ANNOT,,,Exact,0,Atherinopsis,Atherinopsis,34Z4,1,Catalogue of Life,
57,Atherinopsis californiensis,Atherinopsis californiensis,28226,28253,13.39,2,NO_ANNOT,,,Exact,0,"Atherinopsis californiensis Girard, 1854",Atherinopsis californiensis,5VWYV,1,Catalogue of Life,
58,Atherinichthijs californiensis,Atherinichthijs californiensis,28305,28335,6.00,2,NO_ANNOT,,,NoMatch,,,,,,,,
59,Chirostoma,Chirostoma,28376,28386,5.28,1,NO_ANNOT,,,Exact,0,Chirostoma,Chirostoma,3ND3,1,Catalogue of Life,
60,Atherina storeri,Atherina storeri,28485,28501,10.97,2,NO_ANNOT,,,Exact,0,"Atherina storeri Ayres, 1854",Atherina storeri,67WXV,1,Catalogue of Life,
61,Each ramus,Each ramus,30230,30240,,2,NO_ANNOT,,,NoMatch,,,,,,,,
62,Atherinopsis californiensis,Atherinopsis californiensis,31996,32023,13.39,2,NO_ANNOT,,,Exact,0,"Atherinopsis californiensis Girard, 1854",Atherinopsis californiensis,5VWYV,1,Catalogue of Life,
63,Atherinops magdalenae,Atherinops magdalenae,32199,32220,11.31,2,SP_NOV,,,Exact,0,"Atherinops magdalenae Fowler, 1903",Atherinops magdalenae,67WXN,1,Catalogue of Life,
64,Each ramus,Each ramus,33217,33227,,2,NO_ANNOT,,,NoMatch,,,,,,,,
65,Atherinops aflinis,Atherinops aflinis,34889,34907,11.40,2,NO_ANNOT,,,Fuzzy,1,"Atherinops affinis (Ayres, 1860)",Atherinops affinis,6899P,1,Catalogue of Life,
66,Atherina sardinella,Atherina sardinella,35046,35065,11.19,2,NO_ANNOT,,,Exact,0,"Atherina sardinella Fowler, 1903",Atherina sardinella,5W8XV,1,Catalogue of Life,
67,Phoxargyrea dayi,Phoxargyrea dayi,35108,35124,9.27,2,NO_ANNOT,,,Exact,0,"Phoxargyrea dayi Fowler, 1903",Phoxargyrea dayi,4GTCT,1,Catalogue of Life,
68,Ischnomembras gabunensis,Ischnomembras gabunensis,35180,35204,12.98,2,NO_ANNOT,,,Exact,0,"Ischnomembras gabunensis Fowler, 1903",Ischnomembras gabunensis,3Q58B,1,Catalogue of Life,
69,Atherinops magdalenoe,Atherinops magdalenoe,35253,35274,9.40,2,NO_ANNOT,,,Fuzzy,1,"Atherinops magdalenae Fowler, 1903",Atherinops magdalenae,67WXN,1,Catalogue of Life,
70,Gasteropterus,Gasteropterus,35342,35355,6.05,1,NO_ANNOT,,,NoMatch,,,,,,,,
71,Thyrina guafemalensis,Thyrina guafemalensis,35404,35425,6.55,2,NO_ANNOT,,,Fuzzy,1,Thyrina guatemalensis Gthr.,Thyrina guatemalensis,3725510,168,ION,
72,Protistius semotilus,Protistius semotilus,35482,35502,12.28,2,NO_ANNOT,,,Exact,0,"Protistius semotilus Cope, 1874",Protistius semotilus,4N4CS,1,Catalogue of Life,
73,Mugil brasiliensis,Mugil brasiliensis,35744,35762,11.26,2,NO_ANNOT,,,Exact,0,"Mugil brasiliensis Agassiz, 1831",Mugil brasiliensis,44J39,1,Catalogue of Life,
74,Mugil cephalus,Mugil cephalus,36491,36505,10.40,2,NO_ANNOT,,,Exact,0,"Mugil cephalus Linnaeus, 1758",Mugil cephalus,44J42,1,Catalogue of Life,
75,Mugil kelaartii,Mugil kelaartii,36762,36777,10.25,2,NO_ANNOT,,,Exact,0,"Mugil kelaartii Günther, 1861",Mugil kelaartii,44J69,1,Catalogue of Life,
76,Querimana,Querimana,37769,37778,3.76,1,NO_ANNOT,,,Exact,0,"Querimana Jordan & Gilbert, 1883",Querimana,urn:lsid:irmng.org:taxname:1022838,181,IRMNG,
77,Mugil,Mugil,37790,37795,3.43,1,NO_ANNOT,,,Exact,0,Mugil,Mugil,5VL8,1,Catalogue of Life,
78,Mugil curema.,Mugil curema,37811,37824,8.50,2,NO_ANNOT,,,Exact,0,"Mugil curema Valenciennes, 1836",Mugil curema,44J4Q,1,Catalogue of Life,
79,Mugil curema,Mugil curema,37825,37837,8.50,2,NO_ANNOT,,,Exact,0,"Mugil curema Valenciennes, 1836",Mugil curema,44J4Q,1,Catalogue of Life,
80,Choris.,Choris,37923,37930,4.34,1,NO_ANNOT,,,Exact,0,"Choris Lefèvre, 1877",Choris,urn:lsid:irmng.org:taxname:1376669,181,IRMNG,
81,Querimana,Querimana,38170,38179,3.76,1,NO_ANNOT,,,Exact,0,"Querimana Jordan & Gilbert, 1883",Querimana,urn:lsid:irmng.org:taxname:1022838,181,IRMNG,
82,Mugil incilis,Mugil incilis,38187,38200,10.37,2,NO_ANNOT,,,Exact,0,"Mugil incilis Hancock, 1830",Mugil incilis,44J62,1,Catalogue of Life,
83,Raiatea.,Raiatea,38526,38534,4.71,1,NO_ANNOT,,,Exact,0,"Raiatea Baker, 1938",Raiatea,urn:lsid:irmng.org:taxname:1132641,181,IRMNG,
84,Mugil gilntheri,Mugil gilntheri,41829,41844,5.76,2,NO_ANNOT,,,PartialExact,0,Mugil,Mugil,5VL8,1,Catalogue of Life,
85,Mugil ramada,Mugil ramada,42125,42137,8.67,2,NO_ANNOT,,,Exact,0,"Mugil ramada Risso, 1827",Mugil ramada,6S38L,1,Catalogue of Life,
86,Liza cascasia,Liza cascasia,42174,42187,7.45,2,NO_ANNOT,,,Exact,0,"Liza cascasia (Hamilton, 1822)",Liza cascasia,3VQF9,1,Catalogue of Life,
87,Mugil cascasia,Mugil cascasia,42198,42212,8.68,2,NO_ANNOT,,,Exact,0,"Mugil cascasia Hamilton, 1822",Mugil cascasia,44J3V,1,Catalogue of Life,
88,Liza alosoides,Liza alosoides,42326,42340,8.53,2,SP_NOV,,,Exact,0,"Liza alosoides Fowler, 1903",Liza alosoides,6QJY5,1,Catalogue of Life,
89,Liza ramada,Liza ramada,43049,43060,7.45,2,NO_ANNOT,,,Exact,0,"Liza ramada (Risso, 1827)",Liza ramada,6QJY3,1,Catalogue of Life,
90,Liza aurita,Liza aurita,43067,43078,3.89,2,NO_ANNOT,,,Fuzzy,1,"Liza aurata (Risso, 1810)",Liza aurata,6QJXQ,1,Catalogue of Life,
91,Liza saliens,Liza saliens,43089,43101,8.28,2,NO_ANNOT,,,Exact,0,"Liza saliens (Risso, 1810)",Liza saliens,3VQH2,1,Catalogue of Life,
92,Liza schlegeli,Liza schlegeli,45126,45140,4.16,2,NO_ANNOT,,,PartialExact,0,Liza,Liza,62XZT,1,Catalogue of Life,
93,Alosa,Alosa,45217,45222,3.92,1,NO_ANNOT,,,Exact,0,Alosa,Alosa,STX,1,Catalogue of Life,
94,Liza caldwelli,Liza caldwelli,45272,45286,8.59,2,NO_ANNOT,,,Exact,0,Liza caldwelli Fowl.,Liza caldwelli,3725514,168,ION,
95,Mugil caldwelli,Mugil caldwelli,45295,45310,9.82,2,NO_ANNOT,,,Exact,0,"Mugil caldwelli Fowler, 1900",Mugil caldwelli,9118091,11,GBIF Backbone Taxonomy,
96,Jaws edentulous.,Jaws edentulous,45591,45607,,2,NO_ANNOT,,,NoMatch,,,,,,,,
97,OEDALECHILUS,Oedalechilus,46016,46028,6.45,1,NO_ANNOT,,,Exact,0,Oedalechilus,Oedalechilus,6764,1,Catalogue of Life,
98,Miigil labeo,Miigil labeo,46047,46059,0.81,2,NO_ANNOT,,,NoMatch,,,,,,,,
99,Agonostomus monticola,Agonostomus monticola,46110,46131,11.26,2,NO_ANNOT,,,Exact,0,"Agonostomus monticola (Bancroft, 1834)",Agonostomus monticola,5TSRV,1,Catalogue of Life,
100,Mugil monticola,Mugil monticola,46142,46157,10.45,2,NO_ANNOT,,,Exact,0,"Mugil monticola Bancroft, 1834",Mugil monticola,44J6Z,1,Catalogue of Life,
101,Agonostoma,Agonostoma,46786,46796,5.28,1,NO_ANNOT,,,Exact,0,"Agonostoma Günther, 1861",Agonostoma,urn:lsid:irmng.org:taxname:1260086,181,IRMNG,
102,Joturus,Joturus,47260,47267,5.01,1,NO_ANNOT,,,Exact,0,Joturus,Joturus,56TL,1,Catalogue of Life,
103,Liza labeo,Liza labeo,47603,47613,5.75,2,NO_ANNOT,,,Exact,0,"Liza labeo (Cuvier, 1829)",Liza labeo,72JY2,1,Catalogue of Life,
104,Esox barracuda,Esox barracuda,47912,47926,4.54,2,NO_ANNOT,,,Exact,0,"Esox barracuda Edwards, 1771",Esox barracuda,3BHXK,1,Catalogue of Life,
105,Sphyraena snodgrassi,Sphyraena snodgrassi,48140,48160,11.40,2,NO_ANNOT,,,Exact,0,Sphyraena snodgrassi Jenkins 1901,Sphyraena snodgrassi,141099457,151,Catalog of Fishes,
106,Sphyrcena commersoni,Sphyrcena commersoni,48262,48282,6.04,2,NO_ANNOT,,,Fuzzy,1,"Sphyraena commersoni Cuvier, 1829",Sphyraena commersoni,4Z2LG,1,Catalogue of Life,
107,Sphyraena barracuda,Sphyraena barracuda,49335,49354,7.94,2,NO_ANNOT,,,Exact,0,"Sphyraena barracuda (Edwards, 1771)",Sphyraena barracuda,4Z2L3,1,Catalogue of Life,
108,Esox barracuda,Esox barracuda,49364,49378,4.54,2,NO_ANNOT,,,Exact,0,"Esox barracuda Edwards, 1771",Esox barracuda,3BHXK,1,Catalogue of Life,
109,Sphyraena ensis,Sphyraena ensis,49889,49904,11.82,2,NO_ANNOT,,,Exact,0,"Sphyraena ensis Jordan & Gilbert, 1882",Sphyraena ensis,4Z2LM,1,Catalogue of Life,
110,Sphyraena picudilla,Sphyraena picudilla,50639,50658,12.59,2,NO_ANNOT,,,Exact,0,"Sphyraena picudilla Poey, 1860",Sphyraena picudilla,4Z2MV,1,Catalogue of Life,
111,Sphyraena borealis,Sphyraena borealis,51450,51468,12.61,2,NO_ANNOT,,,Exact,0,"Sphyraena borealis DeKay, 1842",Sphyraena borealis,4Z2L9,1,Catalogue of Life,
112,Sphyraena tome,Sphyraena tome,51776,51790,3.58,2,SP_NOV,,,Exact,0,"Sphyraena tome Fowler, 1903",Sphyraena tome,4Z2NC,1,Catalogue of Life,
113,Lips,Lips,53552,53556,2.35,1,NO_ANNOT,,,Exact,0,Lips,Lips,639Y8,1,Catalogue of Life,
114,SI.␤picudilla,Si. picudilla,55449,55462,6.78,2,NO_ANNOT,,,NoMatch,,,,,,,,
115,Sphyrcena vulgaris.,Sphyrcena vulgaris,55492,55511,6.24,2,NO_ANNOT,,,Fuzzy,1,"Sphyraena vulgaris Cuvier, 1829",Sphyraena vulgaris,4Z2NK,1,Catalogue of Life,
116,Liza alosoides,Liza alosoides,55721,55735,8.53,2,NO_ANNOT,,,Exact,0,"Liza alosoides Fowler, 1903",Liza alosoides,6QJY5,1,Catalogue of Life,
117,Mugil incilis,Mugil incilis,55783,55796,10.37,2,NO_ANNOT,,,Exact,0,"Mugil incilis Hancock, 1830",Mugil incilis,44J62,1,Catalogue of Life,
118,CENTROBRANCHUS,Centrobranchus,57609,57623,5.66,1,NO_ANNOT,,,Exact,0,Centrobranchus,Centrobranchus,3K7W,1,Catalogue of Life,
119,Rhinoscopelus,Rhinoscopelus,57689,57702,6.54,1,NO_ANNOT,,,Exact,0,"Rhinoscopelus Lütken, 1892",Rhinoscopelus,urn:lsid:marinespecies.org:taxname:297682,9,WoRMS,
120,Centrobranchus choerocephalus,Centrobranchus choerocephalus,57833,57862,13.20,2,SP_NOV,,,Exact,0,"Centrobranchus choerocephalus Fowler, 1904",Centrobranchus choerocephalus,S9HP,1,Catalogue of Life,
121,Rhinoscopelus coruscans,Rhinoscopelus coruscans,57872,57895,12.08,2,NO_ANNOT,,,Exact,0,Rhinoscopelus coruscans Fowl.,Rhinoscopelus coruscans,3725534,168,ION,
122,Rhinoscopelus oceanicus,Rhinoscopelus oceanicus,58014,58037,13.70,2,NO_ANNOT,,,Exact,0,"Rhinoscopelus oceanicus Jordan & Evermann, 1903",Rhinoscopelus oceanicus,4S9WY,1,Catalogue of Life,
123,Mandibular rami,Mandibular rami,59017,59032,,2,NO_ANNOT,,,NoMatch,,,,,,,,
124,Mydophum coruscans,Mydophum coruscans,61454,61472,4.28,2,NO_ANNOT,,,NoMatch,,,,,,,,
125,Rhinoscopelus oceanicus.,Rhinoscopelus oceanicus,61545,61569,13.70,2,NO_ANNOT,,,Exact,0,"Rhinoscopelus oceanicus Jordan & Evermann, 1903",Rhinoscopelus oceanicus,4S9WY,1,Catalogue of Life,
126,R. coccoi,R. coccoi,61693,61702,4.13,2,NO_ANNOT,,,NoMatch,,,,,,,,
127,R. oceanicus,R. oceanicus,61798,61810,6.83,2,NO_ANNOT,,,NoMatch,,,,,,,,
128,PELECYPODA.,Pelecypoda,63057,63068,5.36,1,NO_ANNOT,,,Exact,0,"Pelecypoda Goldfuss, 1820",Pelecypoda,urn:lsid:marinespecies.org:taxname:151265,9,WoRMS,
129,Osirea virginica,Osirea virginica,63069,63085,11.18,2,NO_ANNOT,,,Fuzzy,1,"Ostrea virginica Gmelin, 1791",Ostrea virginica,6TCYF,1,Catalogue of Life,
130,Anomia simplex,Anomia simplex,63099,63113,6.53,2,NO_ANNOT,,,Exact,0,"Anomia simplex d'Orbigny, 1853",Anomia simplex,676KT,1,Catalogue of Life,
131,Plicatula gibbosa,Plicatula gibbosa,63126,63143,12.12,2,NO_ANNOT,,,Exact,0,"Plicatula gibbosa Lamarck, 1801",Plicatula gibbosa,4KFW8,1,Catalogue of Life,
132,Peden gibbus irradians,Peden gibbus irradians,63155,63177,12.31,3,NO_ANNOT,,,NoMatch,,,,,,,,
133,Atrina rigida,Atrina rigida,63196,63209,9.80,2,NO_ANNOT,,,Exact,0,"Atrina rigida (Lightfoot, 1786)",Atrina rigida,JL76,1,Catalogue of Life,
134,Atrina serrata,Atrina serrata,63220,63234,10.97,2,NO_ANNOT,,,Exact,0,"Atrina serrata (G. B. Sowerby I, 1825)",Atrina serrata,JL79,1,Catalogue of Life,
135,Mytilus exustus,Mytilus exustus,63249,63264,12.87,2,NO_ANNOT,,,Exact,0,"Mytilus exustus Linnaeus, 1758",Mytilus exustus,45GMM,1,Catalogue of Life,
136,Modiolus demissus,Modiolus demissus,63297,63314,11.32,2,NO_ANNOT,,,Exact,0,"Modiolus demissus (Dillwyn, 1817)",Modiolus demissus,43TRM,1,Catalogue of Life,
137,Area ponderosa,Area ponderosa,63325,63339,4.96,2,NO_ANNOT,,,PartialExact,0,Area,Area,32GH,1,Catalogue of Life,
138,Area transversa,Area transversa,63356,63371,7.77,2,NO_ANNOT,,,Exact,0,Area transversa,Area transversa,3017486,168,ION,
139,Glycimeris americana,Glycimeris americana,63481,63501,8.83,2,NO_ANNOT,,,Fuzzy,1,Glycmeris americana,Glycmeris americana,gn_69799,186,MCZbase,
140,Leda acuta,Leda acuta,63508,63518,7.06,2,NO_ANNOT,,,Exact,0,Leda acuta (Conrad 1832),Leda acuta,87522,172,PaleoBioDB,
141,Cardita floridana,Cardita floridana,63532,63549,11.56,2,NO_ANNOT,,,Exact,0,Cardita floridana (Conrad 1838),Cardita floridana,93559,172,PaleoBioDB,
142,Cuna dalli,Cuna dalli,63560,63570,7.71,2,NO_ANNOT,,,Exact,0,"Cuna dalli Vanatta, 1904",Cuna dalli,6C25R,1,Catalogue of Life,
143,Crassinella lunulata,Crassinella lunulata,63583,63603,14.23,2,NO_ANNOT,,,Exact,0,"Crassinella lunulata (Conrad, 1834)",Crassinella lunulata,Z6NF,1,Catalogue of Life,
144,Anisodonta,Anisodonta,63612,63622,3.79,1,NO_ANNOT,,,Exact,0,"Anisodonta Deshayes, 1857",Anisodonta,7NP53,1,Catalogue of Life,
145,Erycina floridana,Erycina floridana,63641,63658,10.81,2,NO_ANNOT,,,Exact,0,"Erycina floridana Vanatta, 1904",Erycina floridana,6H2FC,1,Catalogue of Life,
146,Lucina chrysostoma,Lucina chrysostoma,63667,63685,8.88,2,NO_ANNOT,,,Exact,0,Lucina chrysostoma Philippi 1845,Lucina chrysostoma,109332,172,PaleoBioDB,
147,Phacoides trisideatus,Phacoides trisideatus,63698,63719,8.04,2,NO_ANNOT,,,PartialExact,0,"Phacoides Agassiz, 1846",Phacoides,7PCCP,1,Catalogue of Life,
148,Phacoides floridanus,Phacoides floridanus,63758,63778,12.29,2,NO_ANNOT,,,Exact,0,Phacoides floridanus (Conrad 1833),Phacoides floridanus,102587,172,PaleoBioDB,
149,Phaeoides radians,Phaeoides radians,63793,63810,3.80,2,NO_ANNOT,,,Fuzzy,1,"Phacoides radians Conrad, 1841",Phacoides radians,80414,3,ITIS,
150,Phacoides amiantus,Phacoides amiantus,63868,63886,12.48,2,NO_ANNOT,,,Exact,0,"Phacoides (Bellucina) amiantus Dall, 1901",Phacoides amiantus,868N8,1,Catalogue of Life,
151,DivariceUa quadrisulcata,Divariceua quadrisulcata,63900,63924,5.70,2,NO_ANNOT,,,NoMatch,,,,,,,,
152,Diplodonta punctata,Diplodonta punctata,63933,63952,11.54,2,NO_ANNOT,,,Exact,0,"Diplodonta punctata (Say, 1822)",Diplodonta punctata,36LCJ,1,Catalogue of Life,
153,Chama arcinella,Chama arcinella,63963,63978,7.71,2,NO_ANNOT,,,Exact,0,"Chama arcinella Linnaeus, 1767",Chama arcinella,THP7,1,Catalogue of Life,
154,Cardium,Cardium,63985,63992,4.86,1,NO_ANNOT,,,Exact,0,"Cardium Linnaeus, 1758",Cardium,7NRX7,1,Catalogue of Life,
155,Cardium isocardium,Cardium isocardium,64018,64036,6.87,2,NO_ANNOT,,,Exact,0,Cardium isocardium L.,Cardium isocardium,gn_113870,186,MCZbase,
156,Cardium muricatum,Cardium muricatum,64047,64064,12.26,2,NO_ANNOT,,,Exact,0,"Cardium muricatum Linnaeus, 1758",Cardium muricatum,5WZD6,1,Catalogue of Life,
157,Cardium scrratum,Cardium scrratum,64073,64089,7.07,2,NO_ANNOT,,,Fuzzy,1,"Cardium serratum Linnaeus, 1758",Cardium serratum,R6F7,1,Catalogue of Life,
158,Cardium mortoni,Cardium mortoni,64102,64117,11.27,2,NO_ANNOT,,,Exact,0,"Cardium mortoni Conrad, 1831",Cardium mortoni,R6C4,1,Catalogue of Life,
159,Venus mercenaria,Venus mercenaria,64127,64143,9.86,2,NO_ANNOT,,,Exact,0,"Venus mercenaria Linnaeus, 1758",Venus mercenaria,7FMF6,1,Catalogue of Life,
160,Fe7us mercenaria mortoni,Fe�us mercenaria mortoni,64151,64175,6.94,3,NO_ANNOT,,,NoMatch,,,,,,,,
161,Fenws cribraria,Fenws cribraria,64189,64204,2.63,2,NO_ANNOT,,,NoMatch,,,,,,,,
162,Fewws cancellata,Fewws cancellata,64218,64234,4.44,2,NO_ANNOT,,,NoMatch,,,,,,,,
163,Feius pygmcea,Feius pygmcea,64244,64257,4.14,2,NO_ANNOT,,,NoMatch,,,,,,,,
164,Fems cuneimeris,Fems cuneimeris,64271,64286,3.52,2,NO_ANNOT,,,NoMatch,,,,,,,,
165,Gemma gemma purpurea,Gemma gemma purpurea,64298,64318,11.33,3,NO_ANNOT,,,Exact,0,Gemma gemma purpurea Lea,Gemma gemma purpurea,gn_33333,186,MCZbase,
166,Parastarte triquetra,Parastarte triquetra,64327,64347,10.11,2,NO_ANNOT,,,Exact,0,"Parastarte triquetra (Conrad, 1846)",Parastarte triquetra,75QJF,1,Catalogue of Life,
167,Meretrix simpsoni,Meretrix simpsoni,64359,64376,11.56,2,NO_ANNOT,,,Exact,0,"Meretrix simpsoni Dall, 1895",Meretrix simpsoni,3ZTQK,1,Catalogue of Life,
168,Meretrix eucymata,Meretrix eucymata,64388,64405,12.70,2,NO_ANNOT,,,PartialExact,0,"Meretrix Lamarck, 1799",Meretrix,7P8Q9,1,Catalogue of Life,
169,Meretrix conradiana,Meretrix conradiana,64415,64434,12.17,2,NO_ANNOT,,,Fuzzy,1,Meretrix conradina,Meretrix conradina,3759050,168,ION,
170,Meretrix texasiana,Meretrix texasiana,64446,64464,12.05,2,NO_ANNOT,,,Exact,0,Meretrix texasiana,Meretrix texasiana,3759052,168,ION,
171,Callista nimhosa,Callista nimhosa,64474,64490,5.73,2,NO_ANNOT,,,Fuzzy,1,"Callista nimbosa (Lightfoot, 1786)",Callista nimbosa,PTM5,1,Catalogue of Life,
172,Dosinia discus,Dosinia discus,64507,64521,6.65,2,NO_ANNOT,,,Exact,0,"Dosinia discus (Reeve, 1850)",Dosinia discus,6DK9Y,1,Catalogue of Life,
173,Petricola pholadiforynis,Petricola pholadiforynis,64536,64560,8.25,2,NO_ANNOT,,,PartialExact,0,"Petricola Lamarck, 1801",Petricola,7PCC5,1,Catalogue of Life,
174,Donax variabilis,Donax variabilis,64593,64609,11.45,2,NO_ANNOT,,,Exact,0,"Donax variabilis Say, 1822",Donax variabilis,379TZ,1,Catalogue of Life,
175,Donax obesa,Donax obesa,64627,64638,7.98,2,NO_ANNOT,,,Exact,0,Donax obesa,Donax obesa,277628,183,Sherborn Index Animalium,
176,Tagelus divisus,Tagelus divisus,64653,64668,12.25,2,NO_ANNOT,,,Exact,0,"Tagelus divisus (Spengler, 1794)",Tagelus divisus,54JP8,1,Catalogue of Life,
177,Tellina magna,Tellina magna,64682,64695,8.27,2,NO_ANNOT,,,Exact,0,"Tellina magna Spengler, 1798",Tellina magna,557QD,1,Catalogue of Life,
178,Tellina alternata,Tellina alternata,64704,64721,11.62,2,NO_ANNOT,,,Exact,0,"Tellina (Eurytellina) alternata Say, 1822",Tellina alternata,7BPLN,1,Catalogue of Life,
179,Tellina tenera,Tellina tenera,64726,64740,10.01,2,NO_ANNOT,,,Exact,0,"Tellina tenera Say, 1822",Tellina tenera,55836,1,Catalogue of Life,
180,Tellina polita,Tellina polita,64749,64763,9.51,2,NO_ANNOT,,,Exact,0,"Tellina polita Pulteney, 1799",Tellina polita,557V2,1,Catalogue of Life,
181,Tellina consohrina,Tellina consohrina,64772,64790,5.96,2,NO_ANNOT,,,Fuzzy,1,"Tellina consobrina d'Orbigny, 1853",Tellina consobrina,7C22N,1,Catalogue of Life,
182,Tellina,Tellina,64796,64803,3.72,1,NO_ANNOT,,,Exact,0,"Tellina Linnaeus, 1758",Tellina,7PJ5H,1,Catalogue of Life,
183,Tellina pauperata,Tellina pauperata,64819,64836,11.62,2,NO_ANNOT,,,Exact,0,"Tellina pauperata d'Orbigny, 1853",Tellina pauperata,557TS,1,Catalogue of Life,
184,Macoma constricta,Macoma constricta,64842,64859,11.34,2,NO_ANNOT,,,Exact,0,"Macoma constricta (Bruguière, 1792)",Macoma constricta,6R2KP,1,Catalogue of Life,
185,Macoma brevifrons,Macoma brevifrons,64869,64886,8.94,2,NO_ANNOT,,,Exact,0,"Macoma brevifrons (Say, 1834)",Macoma brevifrons,3WZTR,1,Catalogue of Life,
186,Macoma tenia,Macoma tenia,64895,64907,5.85,2,NO_ANNOT,,,PartialExact,0,"Macoma Leach, 1819",Macoma,7P85J,1,Catalogue of Life,
187,Tellidora cristata,Tellidora cristata,64916,64934,13.80,2,NO_ANNOT,,,Exact,0,"Tellidora cristata (Récluz, 1842)",Tellidora cristata,556ZS,1,Catalogue of Life,
188,Strigilla flexuosa,Strigilla flexuosa,64944,64962,13.51,2,NO_ANNOT,,,Exact,0,Strigilla flexuosa (Say 1822),Strigilla flexuosa,136203,172,PaleoBioDB,
189,Ervilia concentrica,Ervilia concentrica,65027,65046,11.99,2,NO_ANNOT,,,Exact,0,"Ervilia concentrica (Holmes, 1860)",Ervilia concentrica,6GQQG,1,Catalogue of Life,
190,Spisida solidissima similis,Spisida solidissima similis,65085,65112,9.58,3,NO_ANNOT,,,NoMatch,,,,,,,,
191,Midinia lateralis,Midinia lateralis,65124,65141,4.61,2,NO_ANNOT,,,NoMatch,,,,,,,,
192,Labiosa canaliculata,Labiosa canaliculata,65149,65169,12.59,2,NO_ANNOT,,,Exact,0,Labiosa canaliculata Say,Labiosa canaliculata,gn_121645,186,MCZbase,
193,Panopea bitruncata,Panopea bitruncata,65174,65192,11.58,2,NO_ANNOT,,,Exact,0,"Panopea bitruncata (Conrad, 1872)",Panopea bitruncata,4CG5N,1,Catalogue of Life,
194,Ensis directus,Ensis directus,65199,65213,11.64,2,NO_ANNOT,,,Exact,0,"Ensis directus (Conrad, 1844)",Ensis directus,39X2N,1,Catalogue of Life,
195,Barnea costata,Barnea costata,65223,65237,12.02,2,NO_ANNOT,,,Exact,0,"Barnea costata (Linnaeus, 1758)",Barnea costata,KS3F,1,Catalogue of Life,
196,Dentalium disparile,Dentalium disparile,65285,65304,9.56,2,NO_ANNOT,,,Exact,0,Dentalium disparile (d'Orbigny 1847),Dentalium disparile,157298,172,PaleoBioDB,
197,GASTROPODA,Gastropoda,65321,65331,5.36,1,NO_ANNOT,,,Exact,0,"Gastropoda Cuvier, 1795",Gastropoda,7NF3Y,1,Catalogue of Life,
198,Tornatina candei,Tornatina candei,65332,65348,9.20,2,NO_ANNOT,,,Exact,0,Tornatina candei d'Orb,Tornatina candei,gn_105962,186,MCZbase,
199,Cylichnella bidentata,Cylichnella bidentata,65359,65380,14.39,2,NO_ANNOT,,,Exact,0,"Cylichnella bidentata (d'Orbigny, 1841)",Cylichnella bidentata,32ZXC,1,Catalogue of Life,
200,Bullus occidentalis,Bullus occidentalis,65389,65408,12.83,2,NO_ANNOT,,,PartialExact,0,"Bullus de Montfort, 1810",Bullus,urn:lsid:irmng.org:taxname:1417567,181,IRMNG,
201,Melampus coffea gundlachi,Melampus coffea gundlachi,65419,65444,13.25,3,NO_ANNOT,,,PartialExact,0,Melampus gundlachi Pfr.,Melampus gundlachi,gn_238909,186,MCZbase,
202,Terebra dislocata,Terebra dislocata,65453,65470,12.51,2,NO_ANNOT,,,Exact,0,"Terebra dislocata (Say, 1822)",Terebra dislocata,7TBYY,1,Catalogue of Life,
203,Mangilia cerina,Mangilia cerina,65481,65496,10.90,2,NO_ANNOT,,,Exact,0,"Mangilia cerina (Kurtz & Stimpson, 1851)",Mangilia cerina,6R4NT,1,Catalogue of Life,
204,Cancellaria reticulata,Cancellaria reticulata,65512,65534,13.16,2,NO_ANNOT,,,Exact,0,"Cancellaria reticulata (Linnaeus, 1767)",Cancellaria reticulata,QK4F,1,Catalogue of Life,
205,OZiw literata,Oziw literata,65541,65554,3.51,2,NO_ANNOT,,,NoMatch,,,,,,,,
206,Olivella mutica,Olivella mutica,65569,65584,12.81,2,NO_ANNOT,,,Exact,0,"Olivella mutica (Say, 1822)",Olivella mutica,498NP,1,Catalogue of Life,
207,Olivella pusilla,Olivella pusilla,65593,65609,12.79,2,NO_ANNOT,,,Exact,0,"Olivella pusilla (Marrat, 1871)",Olivella pusilla,498PG,1,Catalogue of Life,
208,Marginella apicina,Marginella apicina,65621,65639,13.16,2,NO_ANNOT,,,Exact,0,"Marginella apicina Menke, 1828",Marginella apicina,6R5N4,1,Catalogue of Life,
209,Fasciolaria tulipa,Fasciolaria tulipa,65650,65668,9.21,2,NO_ANNOT,,,Exact,0,"Fasciolaria tulipa (Linnaeus, 1758)",Fasciolaria tulipa,3DVTC,1,Catalogue of Life,
210,Fulgur pyrum,Fulgur pyrum,65679,65691,8.93,2,NO_ANNOT,,,Exact,0,Fulgur pyrum Dillwyn,Fulgur pyrum,gn_236407,186,MCZbase,
211,Fulgur perversa,Fulgur perversa,65704,65719,8.77,2,NO_ANNOT,,,Exact,0,"Fulgur perversa Linnaeus, 1758",Fulgur perversa,gn_102532,186,MCZbase,
212,Melongena corona,Melongena corona,65728,65744,7.29,2,NO_ANNOT,,,Exact,0,"Melongena corona (Gmelin, 1791)",Melongena corona,3ZMYK,1,Catalogue of Life,
213,Tritonidea cancellaria,Tritonidea cancellaria,65754,65776,12.29,2,NO_ANNOT,,,Exact,0,Tritonidea cancellaria Cour.,Tritonidea cancellaria,gn_104009,186,MCZbase,
214,Nassa acuta,Nassa acuta,65786,65797,9.23,2,NO_ANNOT,,,Exact,0,"Nassa acuta Say, 1822",Nassa acuta,7S9HW,1,Catalogue of Life,
215,Columbella avara,Columbella avara,65808,65824,11.10,2,NO_ANNOT,,,Exact,0,"Columbella avara Say, 1822",Columbella avara,XBMJ,1,Catalogue of Life,
216,Litorina irrorata,Litorina irrorata,65845,65862,11.71,2,NO_ANNOT,,,Exact,0,Litorina irrorata,Litorina irrorata,216908,183,Sherborn Index Animalium,
217,Rissoina broivniana,Rissoina broivniana,65870,65889,6.15,2,NO_ANNOT,,,PartialExact,0,"Rissoina d'Orbigny, 1841",Rissoina,7PFV5,1,Catalogue of Life,
218,Crepidula jornicata,Crepidula jornicata,65898,65917,12.91,2,NO_ANNOT,,,Fuzzy,1,"Crepidula fornicata (Linnaeus, 1758)",Crepidula fornicata,6BG8L,1,Catalogue of Life,
219,Crepidula plana,Crepidula plana,65929,65944,7.45,2,NO_ANNOT,,,Exact,0,"Crepidula plana Say, 1822",Crepidula plana,6BFY5,1,Catalogue of Life,
220,Crepidula aculcata,Crepidula aculcata,65955,65973,12.75,2,NO_ANNOT,,,PartialExact,0,"Crepidula Lamarck, 1799",Crepidula,7NTS3,1,Catalogue of Life,
221,Natica,Natica,65983,65989,2.78,1,NO_ANNOT,,,Exact,0,"Natica Scopoli, 1777",Natica,7P9JY,1,Catalogue of Life,
222,Polinices duplicatus,Polinices duplicatus,66010,66030,11.14,2,NO_ANNOT,,,Exact,0,"Polinices duplicatus (Say, 1822)",Polinices duplicatus,4KXXW,1,Catalogue of Life,
223,Sigaretus perspectivus,Sigaretus perspectivus,66040,66062,11.96,2,NO_ANNOT,,,Exact,0,"Sigaretus perspectivus Say, 1831",Sigaretus perspectivus,6YNZR,1,Catalogue of Life,
224,Turbo castaneus,Turbo castaneus,66071,66086,9.65,2,NO_ANNOT,,,Exact,0,Turbo (Marmarostoma) castaneus (Gmelin 1791),Turbo castaneus,155278,172,PaleoBioDB,
225,Teinostoma cryptospira,Teinostoma cryptospira,66108,66130,11.29,2,NO_ANNOT,,,Exact,0,"Teinostoma cryptospira (A. E. Verrill, 1884)",Teinostoma cryptospira,71126,3,ITIS,
226,Verr.,Verr,66131,66136,2.08,1,NO_ANNOT,,,NoMatch,,,,,,,,
227,Vitrinella mooreana,Vitrinella mooreana,66139,66158,13.30,2,NO_ANNOT,,,Exact,0,"Vitrinella mooreana Vanatta, 1904",Vitrinella mooreana,5BML6,1,Catalogue of Life,
228,Columbella obesa,Columbella obesa,66178,66194,10.32,2,NO_ANNOT,,,Exact,0,Columbella obesa,Columbella obesa,277613,183,Sherborn Index Animalium,
229,Murex fulvescens,Murex fulvescens,66205,66221,9.89,2,NO_ANNOT,,,Exact,0,"Murex fulvescens G. B. Sowerby II, 1834",Murex fulvescens,44M4B,1,Catalogue of Life,
230,Pyramidella crenulata,Pyramidella crenulata,66256,66277,13.02,2,NO_ANNOT,,,Exact,0,"Pyramidella crenulata (Holmes, 1859)",Pyramidella crenulata,4QQFH,1,Catalogue of Life,
231,Turbonilla conradi,Turbonilla conradi,66290,66308,11.72,2,NO_ANNOT,,,Exact,0,"Turbonilla conradi Bush, 1899",Turbonilla conradi,59NKD,1,Catalogue of Life,
232,Cassis inflata,Cassis inflata,66322,66336,10.40,2,NO_ANNOT,,,Exact,0,Cassis (Semicassis) inflata (Shaw 1811),Cassis inflata,159033,172,PaleoBioDB,
233,Pyrula papyratia,Pyrula papyratia,66350,66366,10.10,2,NO_ANNOT,,,Exact,0,"Pyrula papyratia Say, 1822",Pyrula papyratia,4QWCM,1,Catalogue of Life,
234,Strombus pugilis alatus,Strombus pugilis alatus,66405,66428,16.09,3,NO_ANNOT,,,Exact,0,Strombus pugilis alatus Gmelin,Strombus pugilis alatus,gn_113919,186,MCZbase,
235,Seila adamsii,Seila adamsii,66439,66452,9.86,2,NO_ANNOT,,,Exact,0,"Seila adamsii (H. C. Lea, 1845)",Seila adamsii,6YCJZ,1,Catalogue of Life,
236,Ccecum pulchellum,Ccecum pulchellum,66467,66484,5.70,2,NO_ANNOT,,,Fuzzy,1,"Caecum pulchellum Stimpson, 1851",Caecum pulchellum,P8VN,1,Catalogue of Life,
237,Meioceras nitida,Meioceras nitida,66521,66537,11.11,2,NO_ANNOT,,,PartialExact,0,"Meioceras Carpenter, 1859",Meioceras,7P8MW,1,Catalogue of Life,
238,Vitrinella mooreana,Vitrinella mooreana,66594,66613,13.30,2,SP_NOV,,,Exact,0,"Vitrinella mooreana Vanatta, 1904",Vitrinella mooreana,5BML6,1,Catalogue of Life,
239,V. multistriata,V. multistriata,67362,67377,7.89,2,NO_ANNOT,,,NoMatch,,,,,,,,
240,Verr.,Verr,67378,67383,2.08,1,NO_ANNOT,,,NoMatch,,,,,,,,
241,Erycina floridana,Erycina floridana,67547,67564,10.81,2,SP_NOV,,,Exact,0,"Erycina floridana Vanatta, 1904",Erycina floridana,6H2FC,1,Catalogue of Life,
242,E. kurtzii,E. kurtzii,68195,68205,5.50,2,NO_ANNOT,,,NoMatch,,,,,,,,
243,Cuna dalli,Cuna dalli,68309,68319,7.71,2,SP_NOV,,,Exact,0,"Cuna dalli Vanatta, 1904",Cuna dalli,6C25R,1,Catalogue of Life,
244,Parastarte triquetra,Parastarte triquetra,69289,69309,10.11,2,NO_ANNOT,,,Exact,0,"Parastarte triquetra (Conrad, 1846)",Parastarte triquetra,75QJF,1,Catalogue of Life,
245,Gemma gemma,Gemma gemma,69393,69404,7.83,2,NO_ANNOT,,,Exact,0,"Gemma gemma (Totten, 1834)",Gemma gemma,3FK9C,1,Catalogue of Life,
246,Cuna concentrica,Cuna concentrica,69485,69501,10.33,2,NO_ANNOT,,,Exact,0,"Cuna concentrica Hedley, 1902",Cuna concentrica,6C262,1,Catalogue of Life,
247,Cuna particula,Cuna particula,69535,69549,9.48,2,NO_ANNOT,,,Exact,0,"Cuna particula Hedley, 1902",Cuna particula,6C27K,1,Catalogue of Life,
248,Odonata.,Odonata,71441,71449,2.71,1,NO_ANNOT,,,Exact,0,Odonata,Odonata,3P7,1,Catalogue of Life,
249,Odonata,Odonata,71532,71539,2.71,1,NO_ANNOT,,,Exact,0,Odonata,Odonata,3P7,1,Catalogue of Life,
250,Anax.,Anax,71751,71756,3.38,1,NO_ANNOT,,,Exact,0,Anax,Anax,VDK,1,Catalogue of Life,
251,Anisoptera,Anisoptera,71971,71981,5.31,1,NO_ANNOT,,,Exact,0,Anisoptera Korth.,Anisoptera,WFZ,1,Catalogue of Life,
252,Zygoptera,Zygoptera,72047,72056,5.15,1,NO_ANNOT,,,Exact,0,"Zygoptera Popofsky, 1904",Zygoptera,urn:lsid:irmng.org:taxname:1395611,181,IRMNG,
253,Metostracon mima,Metostracon mima,72952,72968,9.55,2,NO_ANNOT,,,Exact,0,"Metostracon mima Pilsbry, 1900",Metostracon mima,42HTV,1,Catalogue of Life,
254,Zonitoides arboreus,Zonitoides arboreus,74589,74608,11.85,2,NO_ANNOT,,,Exact,0,"Zonitoides arboreus (Say, 1817)",Zonitoides arboreus,7GF7W,1,Catalogue of Life,
255,Bifidaria curvidens,Bifidaria curvidens,74613,74632,11.28,2,NO_ANNOT,,,Exact,0,Bifidaria curvidens (Gld.),Bifidaria curvidens,gn_28691,186,MCZbase,
256,Helix aspersa,Helix aspersa,74661,74674,8.31,2,NO_ANNOT,,,Exact,0,"Helix (Cornu) aspersa O. F. Müller, 1774",Helix aspersa,3KDH4,1,Catalogue of Life,
257,Lysinoe humboldtiana buffoniana,Lysinoe humboldtiana buffoniana,75071,75102,17.10,3,NO_ANNOT,,,PartialExact,0,Lysinoe humboldtiana,Lysinoe humboldtiana,gn_96357,186,MCZbase,
258,Trichodiseina cordovana,Trichodiseina cordovana,75191,75214,5.54,2,NO_ANNOT,,,Fuzzy,1,"Trichodiscina cordovana (L. Pfeiffer, 1858)",Trichodiscina cordovana,58C5P,1,Catalogue of Life,
259,Metostracon mima,Metostracon mima,75384,75400,9.55,2,NO_ANNOT,,,Exact,0,"Metostracon mima Pilsbry, 1900",Metostracon mima,42HTV,1,Catalogue of Life,
260,Morelia,Morelia,75461,75468,4.14,1,NO_ANNOT,,,Exact,0,Morelia,Morelia,87HNL,1,Catalogue of Life,
261,Xanthonyx salleanus,Xanthonyx salleanus,75493,75512,11.71,2,NO_ANNOT,,,Exact,0,"Xanthonyx salleanus (Pfeifffer, 1856)",Xanthonyx salleanus,5C6J5,1,Catalogue of Life,
262,Praticolella berlandieriana,Praticolella berlandieriana,75531,75558,14.23,2,NO_ANNOT,,,Exact,0,"Praticolella berlandieriana (S. Moricand, 1834)",Praticolella berlandieriana,4M9SR,1,Catalogue of Life,
263,Topo,Topo,75613,75617,2.08,1,NO_ANNOT,,,Exact,0,"Topo Exline, 1950",Topo,urn:lsid:irmng.org:taxname:1393595,181,IRMNG,
264,Praticolella griseola,Praticolella griseola,75636,75657,13.58,2,NO_ANNOT,,,Exact,0,"Praticolella griseola (L. Pfeiffer, 1841)",Praticolella griseola,4M9ST,1,Catalogue of Life,
265,Praticolella ampla,Praticolella ampla,75678,75696,10.98,2,NO_ANNOT,,,Exact,0,"Praticolella ampla (L. Pfeiffer, 1866)",Praticolella ampla,4M9SQ,1,Catalogue of Life,
266,Praticolella strebeliana,Praticolella strebeliana,75716,75740,14.25,2,NO_ANNOT,,,Exact,0,"Praticolella strebeliana Pilsbry, 1899",Praticolella strebeliana,4M9SX,1,Catalogue of Life,
267,Polygyra plagioglossa,Polygyra plagioglossa,75841,75862,11.50,2,NO_ANNOT,,,Exact,0,"Polygyra plagioglossa (L. Pfeiffer, 1859)",Polygyra plagioglossa,6VTZV,1,Catalogue of Life,
268,Polygyra suprazonata,Polygyra suprazonata,75912,75932,13.09,2,NO_ANNOT,,,Exact,0,"Polygyra (Linisa) suprazonata Pilsbry, 1899",Polygyra suprazonata,785ZP,1,Catalogue of Life,
269,Polygyra rhoadsi,Polygyra rhoadsi,76037,76053,9.52,2,NO_ANNOT,,,Exact,0,"Polygyra (Linisa) rhoadsi Pilsbry, 1899",Polygyra rhoadsi,6W5ZP,1,Catalogue of Life,
270,Topo,Topo,76125,76129,2.08,1,NO_ANNOT,,,Exact,0,"Topo Exline, 1950",Topo,urn:lsid:irmng.org:taxname:1393595,181,IRMNG,
271,Thysanophora conspurcatella,Thysanophora conspurcatella,76162,76189,14.11,2,NO_ANNOT,,,Exact,0,"Thysanophora conspurcatella (Morelet, 1851)",Thysanophora conspurcatella,56TPP,1,Catalogue of Life,
272,Thysanophora impura,Thysanophora impura,76212,76231,12.31,2,NO_ANNOT,,,Exact,0,"Thysanophora impura (L. Pfeiffer, 1866)",Thysanophora impura,8H95W,1,Catalogue of Life,
273,Thysanophora proxima,Thysanophora proxima,76252,76272,12.94,2,NO_ANNOT,,,Exact,0,"Thysanophora proxima Pilsbry, 1899",Thysanophora proxima,56TPZ,1,Catalogue of Life,
274,Morelia,Morelia,76371,76378,4.14,1,NO_ANNOT,,,Exact,0,Morelia,Morelia,87HNL,1,Catalogue of Life,
275,Thysanophora horni,Thysanophora horni,76440,76458,11.14,2,NO_ANNOT,,,Exact,0,"Thysanophora horni (Gabb, 1866)",Thysanophora horni,77413,3,ITIS,
276,Topo,Topo,76506,76510,2.08,1,NO_ANNOT,,,Exact,0,"Topo Exline, 1950",Topo,urn:lsid:irmng.org:taxname:1393595,181,IRMNG,
277,Thysanophora coloba,Thysanophora coloba,76748,76767,11.90,2,NO_ANNOT,,,Exact,0,"Thysanophora coloba Pilsbry, 1894",Thysanophora coloba,7TCNK,1,Catalogue of Life,
278,Pupisoma americanum,Pupisoma americanum,77089,77108,12.19,2,NO_ANNOT,,,Exact,0,"Pupisoma americanum Möllendorff, 1899",Pupisoma americanum,urn:lsid:marinespecies.org:taxname:1436700,9,WoRMS,
279,Thysanophora caeca.,Thysanophora caeca,77183,77202,11.14,2,SP_NOV,,,Exact,0,Thysanophora caeca Guppy,Thysanophora caeca,gn_29984,186,MCZbase,
280,Thysanophora fischeri,Thysanophora fischeri,77203,77224,13.79,2,SP_NOV,,,Exact,0,Thysanophora fischeri Pilsbry,Thysanophora fischeri,gn_125852,186,MCZbase,
281,T. granum,T. granum,77833,77842,6.16,2,NO_ANNOT,,,NoMatch,,,,,,,,
282,T. conspurcatella,T. conspurcatella,77855,77872,7.19,2,NO_ANNOT,,,NoMatch,,,,,,,,
283,Acanthinula,Acanthinula,78040,78051,5.30,1,NO_ANNOT,,,Exact,0,"Acanthinula H. Beck, 1847",Acanthinula,7NMK8,1,Catalogue of Life,
284,Thysanophora.,Thysanophora,78093,78106,6.59,1,NO_ANNOT,,,Exact,0,"Thysanophora Strebel & Pfeffer, 1879",Thysanophora,7PJHX,1,Catalogue of Life,
285,Thysanophora tatei,Thysanophora tatei,78211,78229,11.24,2,NO_ANNOT,,,Exact,0,Thysanophora tatei Pilsbry 1903,Thysanophora tatei,3750863,168,ION,
286,Helix blakeana,Helix blakeana,78263,78277,9.53,2,NO_ANNOT,,,Exact,0,"Helix blakeana Newcomb, 1865",Helix blakeana,urn:lsid:marinespecies.org:taxname:1360032,9,WoRMS,
287,H. blakeana,H. blakeana,78337,78348,6.60,2,NO_ANNOT,,,NoMatch,,,,,,,,
288,Thysanophora tatei,Thysanophora tatei,78360,78378,11.24,2,NO_ANNOT,,,Exact,0,Thysanophora tatei Pilsbry 1903,Thysanophora tatei,3750863,168,ION,
289,Pseudohyalina minuscula,Pseudohyalina minuscula,79259,79282,11.75,2,NO_ANNOT,,,Exact,0,Pseudohyalina minuscula,Pseudohyalina minuscula,4240090,168,ION,
290,Thysanophora,Thysanophora,79557,79569,6.59,1,NO_ANNOT,,,Exact,0,"Thysanophora Strebel & Pfeffer, 1879",Thysanophora,7PJHX,1,Catalogue of Life,
291,Pyramidula.,Pyramidula,79667,79678,5.17,1,NO_ANNOT,,,Exact,0,"Pyramidula Fitzinger, 1833",Pyramidula,7P75B,1,Catalogue of Life,
292,Bulimulus dealbatus,Bulimulus dealbatus,79690,79709,13.64,2,NO_ANNOT,,,Exact,0,"Bulimulus (Rabdotus) dealbatus (Say, 1821)",Bulimulus dealbatus,7QFQB,1,Catalogue of Life,
293,Bulimulus dealbatus schiedeanus,Bulimulus dealbatus schiedeanus,79790,79821,19.38,3,NO_ANNOT,,,Exact,0,Bulimulus dealbatus schiedeanus Pfr.,Bulimulus dealbatus schiedeanus,gn_98813,186,MCZbase,
294,Bulimulus alternatus mariae,Bulimulus alternatus mariae,79903,79930,18.05,3,NO_ANNOT,,,Exact,0,Bulimulus alternatus mariae Albers.,Bulimulus alternatus mariae,gn_124520,186,MCZbase,
295,Drymaeus emeus,Drymaeus emeus,80288,80302,7.79,2,NO_ANNOT,,,Exact,0,"Drymaeus emeus (Say, 1829)",Drymaeus emeus,6DLQZ,1,Catalogue of Life,
296,Drymaeus sulphureus,Drymaeus sulphureus,80465,80484,12.56,2,NO_ANNOT,,,Exact,0,"Drymaeus sulphureus (L. Pfeiffer, 1857)",Drymaeus sulphureus,7R5PL,1,Catalogue of Life,
297,Drymaeus hegewischi,Drymaeus hegewischi,80503,80522,11.65,2,NO_ANNOT,,,Exact,0,"Drymaeus hegewischi (L. Pfeiffer, 1842)",Drymaeus hegewischi,6DLBY,1,Catalogue of Life,
298,Drymaeus dunkeri,Drymaeus dunkeri,80542,80558,12.52,2,NO_ANNOT,,,Exact,0,"Drymaeus dunkeri (L. Pfeiffer, 1846)",Drymaeus dunkeri,6DLR8,1,Catalogue of Life,
299,Microceramus mexicanus,Microceramus mexicanus,80615,80637,13.10,2,NO_ANNOT,,,Exact,0,"Microceramus mexicanus (E. von Martens, 1897)",Microceramus mexicanus,42SHK,1,Catalogue of Life,
300,M. concisus,M. concisus,80827,80838,6.61,2,NO_ANNOT,,,NoMatch,,,,,,,,
301,GYROCION,Gyrocion,80987,80995,2.77,1,NO_ANNOT,,,Exact,0,"Gyrocion Pilsbry, 1904",Gyrocion,7P4NC,1,Catalogue of Life,
302,Holospira.,Holospira,81423,81433,4.78,1,NO_ANNOT,,,Exact,0,"Holospira E. von Martens, 1860",Holospira,7P5DZ,1,Catalogue of Life,
303,Epirobia,Epirobia,81666,81674,3.70,1,SP_NOV,,,Exact,0,"Epirobia Strebel & Pfeffer, 1880",Epirobia,7P3K7,1,Catalogue of Life,
304,Gyrocion mirabilis,Gyrocion mirabilis,81675,81693,10.07,2,SP_NOV,,,Exact,0,"Gyrocion mirabilis (Pilsbry, 1902)",Gyrocion mirabilis,3HYV5,1,Catalogue of Life,
305,Pupoides marginatus,Pupoides marginatus,82550,82569,12.59,2,NO_ANNOT,,,Exact,0,"Pupoides marginatus (Say, 1821)",Pupoides marginatus,8788V,1,Catalogue of Life,
306,Topo,Topo,82575,82579,2.08,1,NO_ANNOT,,,Exact,0,"Topo Exline, 1950",Topo,urn:lsid:irmng.org:taxname:1393595,181,IRMNG,
307,Bifidaria contracta,Bifidaria contracta,82622,82641,11.67,2,NO_ANNOT,,,Exact,0,"Bifidaria contracta (Say, 1822)",Bifidaria contracta,7QBWN,1,Catalogue of Life,
308,Bifidaria prototypus,Bifidaria prototypus,82794,82814,11.37,2,NO_ANNOT,,,Exact,0,"Bifidaria prototypus Pilsbry, 1899",Bifidaria prototypus,LT2B,1,Catalogue of Life,
309,Bifidaria.,Bifidaria,82984,82994,4.85,1,NO_ANNOT,,,Exact,0,"Bifidaria Pilsbry, 1891",Bifidaria,urn:lsid:irmng.org:taxname:1307956,181,IRMNG,
310,Bifidaria pellucida hordeacella,Bifidaria pellucida hordeacella,82995,83026,17.43,3,NO_ANNOT,,,Exact,0,Bifidaria pellucida hordeacella Pils,Bifidaria pellucida hordeacella,gn_28502,186,MCZbase,
311,Bifidaria curvidens,Bifidaria curvidens,83131,83150,11.28,2,NO_ANNOT,,,Exact,0,Bifidaria curvidens (Gld.),Bifidaria curvidens,gn_28691,186,MCZbase,
312,Strobilops strebeli,Strobilops strebeli,83251,83270,10.47,2,NO_ANNOT,,,Exact,0,"Strobilops strebeli (L. Pfeiffer, 1862)",Strobilops strebeli,533FF,1,Catalogue of Life,
313,Omphalina martensiana,Omphalina martensiana,83319,83340,11.65,2,SP_NOV,,,Exact,0,Omphalina martensiana,Omphalina martensiana,3750812,168,ION,
314,Vitrea indentata,Vitrea indentata,84592,84608,11.66,2,NO_ANNOT,,,Exact,0,Vitrea indentata Say,Vitrea indentata,gn_101645,186,MCZbase,
315,Omphalina martensiana.,Omphalina martensiana,84728,84750,11.65,2,NO_ANNOT,,,Exact,0,Omphalina martensiana,Omphalina martensiana,3750812,168,ION,
316,Omphalina bilincata,Omphalina bilincata,84968,84987,12.04,2,NO_ANNOT,,,Fuzzy,1,"Omphalina bilineata (Pfeiffer, 1845)",Omphalina bilineata,gn_105480,186,MCZbase,
317,Omphalina bilineata,Omphalina bilineata,85156,85175,12.04,2,NO_ANNOT,,,Exact,0,"Omphalina bilineata (Pfeiffer, 1845)",Omphalina bilineata,gn_105480,186,MCZbase,
318,Omphalina lucubrata,Omphalina lucubrata,85292,85311,12.04,2,NO_ANNOT,,,Exact,0,Omphalina lucubrata Sby,Omphalina lucubrata,gn_125699,186,MCZbase,
319,Omphalina montereyensis,Omphalina montereyensis,85370,85393,11.99,2,NO_ANNOT,,,Exact,0,Omphalina montereyensis,Omphalina montereyensis,3823230,168,ION,
320,Omphalina montereyensis victoriana,Omphalina montereyensis victoriana,85896,85930,17.81,3,SUBSP_NOV,,,Exact,0,Omphalina montereyensis victoriana Pils,Omphalina montereyensis victoriana,gn_239294,186,MCZbase,
321,Oinphalina carinata,Oinphalina carinata,86319,86338,5.74,2,NO_ANNOT,,,NoMatch,,,,,,,,
322,Vitrea indentata,Vitrea indentata,86373,86389,11.66,2,NO_ANNOT,,,Exact,0,Vitrea indentata Say,Vitrea indentata,gn_101645,186,MCZbase,
323,Zonitoides arboreus,Zonitoides arboreus,86571,86590,11.85,2,NO_ANNOT,,,Exact,0,"Zonitoides arboreus (Say, 1817)",Zonitoides arboreus,7GF7W,1,Catalogue of Life,
324,Zonitoides minusculus,Zonitoides minusculus,86814,86835,12.34,2,NO_ANNOT,,,Exact,0,Zonitoides minusculus Binn.,Zonitoides minusculus,gn_109052,186,MCZbase,
325,Topo,Topo,86843,86847,2.08,1,NO_ANNOT,,,Exact,0,"Topo Exline, 1950",Topo,urn:lsid:irmng.org:taxname:1393595,181,IRMNG,
326,Pycnogyra berendti,Pycnogyra berendti,86889,86907,10.79,2,NO_ANNOT,,,Exact,0,"Pycnogyra berendti (L. Pfeiffer, 1861)",Pycnogyra berendti,4QMHV,1,Catalogue of Life,
327,Guppya trochulina,Guppya trochulina,86926,86943,10.54,2,NO_ANNOT,,,PartialExact,0,"Guppya Mörch, 1867",Guppya,7P4MF,1,Catalogue of Life,
328,Guppya elegans,Guppya elegans,86997,87011,8.46,2,NO_ANNOT,,,Exact,0,Guppya elegans Strebel,Guppya elegans,gn_22526,186,MCZbase,
329,Guppya gundlachi,Guppya gundlachi,87174,87190,9.28,2,NO_ANNOT,,,Exact,0,"Guppya gundlachi (L. Pfeiffer, 1840)",Guppya gundlachi,3HMJD,1,Catalogue of Life,
330,Guppya micra,Guppya micra,87381,87393,3.73,2,SP_NOV,,,Exact,0,"Guppya micra Pilsbry, 1904",Guppya micra,3HMJG,1,Catalogue of Life,
331,Pyramidula victoriana,Pyramidula victoriana,87907,87928,12.38,2,SP_NOV,,,PartialExact,0,"Pyramidula Fitzinger, 1833",Pyramidula,7P75B,1,Catalogue of Life,
332,Pyramidula,Pyramidula,88770,88780,5.17,1,NO_ANNOT,,,Exact,0,"Pyramidula Fitzinger, 1833",Pyramidula,7P75B,1,Catalogue of Life,
333,Sphyradium polvonense,Sphyradium polvonense,88993,89014,11.54,2,NO_ANNOT,,,PartialExact,0,"Sphyradium Charpentier, 1837",Sphyradium,7PH7M,1,Catalogue of Life,
334,Pyramidula,Pyramidula,90153,90163,5.17,1,NO_ANNOT,,,Exact,0,"Pyramidula Fitzinger, 1833",Pyramidula,7P75B,1,Catalogue of Life,
335,Philomycus crosseanus,Philomycus crosseanus,90244,90265,13.70,2,NO_ANNOT,,,PartialExact,0,"Philomycus Rafinesque, 1820",Philomycus,7PCFQ,1,Catalogue of Life,
336,Glandina,Glandina,90504,90512,3.96,1,NO_ANNOT,,,Exact,0,"Glandina Schumacher, 1817",Glandina,urn:lsid:irmng.org:taxname:1434129,181,IRMNG,
337,Glandina vanuxemensis,Glandina vanuxemensis,90531,90552,11.79,2,NO_ANNOT,,,Exact,0,Glandina vanuxemensis Lea,Glandina vanuxemensis,gn_9055,186,MCZbase,
338,Glandina michoacanensis,Glandina michoacanensis,90582,90605,11.88,2,NO_ANNOT,,,PartialExact,0,"Glandina Schumacher, 1817",Glandina,urn:lsid:irmng.org:taxname:1434129,181,IRMNG,
339,Glandina huingensis,Glandina huingensis,90766,90785,11.59,2,SP_NOV,,,PartialExact,0,"Glandina Schumacher, 1817",Glandina,urn:lsid:irmng.org:taxname:1434129,181,IRMNG,
340,G. indusiata,G. indusiata,91417,91429,7.57,2,NO_ANNOT,,,NoMatch,,,,,,,,
341,Glandina victoriana,Glandina victoriana,91664,91683,11.17,2,SP_NOV,,,Exact,0,Glandina victoriana,Glandina victoriana,3750791,168,ION,
342,G. texasiana,G. texasiana,92609,92621,6.76,2,NO_ANNOT,,,NoMatch,,,,,,,,
343,Glandina rhoadsi,Glandina rhoadsi,92670,92686,8.72,2,NO_ANNOT,,,Exact,0,Glandina rhoadsi,Glandina rhoadsi,3823149,168,ION,
344,Glandina delicata,Glandina delicata,93351,93368,11.71,2,SP_NOV,,,Exact,0,"Glandina delicata Pilsbry, 1904",Glandina delicata,873R9,1,Catalogue of Life,
345,G. delicatula.,G. delicatula,94046,94060,6.78,2,NO_ANNOT,,,NoMatch,,,,,,,,
346,Glandina delicata alticola,Glandina delicata alticola,94181,94207,16.61,3,SUBSP_NOV,,,Exact,0,"Glandina delicata alticola Pilsbry, 1904",Glandina delicata alticola,87247,1,Catalogue of Life,
347,G. delicata,G. delicata,94275,94286,7.41,2,NO_ANNOT,,,NoMatch,,,,,,,,
348,Glandina oblonga tamaulipensis,Glandina oblonga tamaulipensis,94509,94539,15.64,3,SUBSP_NOV,,,PartialExact,0,Glandina oblonga,Glandina oblonga,3750789,168,ION,
349,G. ohlonga,G. ohlonga,95492,95502,5.20,2,NO_ANNOT,,,NoMatch,,,,,,,,
350,Glandina dalli,Glandina dalli,95615,95629,9.19,2,NO_ANNOT,,,Exact,0,Glandina dalli,Glandina dalli,3823147,168,ION,
351,Glandina monilifera,Glandina monilifera,95764,95783,11.01,2,NO_ANNOT,,,Exact,0,Glandina monilifera,Glandina monilifera,261705,183,Sherborn Index Animalium,
352,Glandina iheringi,Glandina iheringi,95789,95806,9.95,2,NO_ANNOT,,,Exact,0,Glandina iheringi,Glandina iheringi,3798887,168,ION,
353,Salasiella,Salasiella,95870,95880,6.37,1,NO_ANNOT,,,Exact,0,"Salasiella Strebel, 1878",Salasiella,7PG5J,1,Catalogue of Life,
354,Salasiella perpusilla,Salasiella perpusilla,96090,96111,13.60,2,NO_ANNOT,,,Exact,0,"Salasiella perpusilla (L. Pfeiffer, 1866)",Salasiella perpusilla,6XBP9,1,Catalogue of Life,
355,S. perpusilla,S. perpusilla,96254,96267,6.90,2,NO_ANNOT,,,NoMatch,,,,,,,,
356,S. modesta,S. modesta,96317,96327,5.90,2,NO_ANNOT,,,NoMatch,,,,,,,,
357,S. modesta,S. modesta,96411,96421,5.90,2,NO_ANNOT,,,NoMatch,,,,,,,,
358,Salasiella modesta,Salasiella modesta,96595,96613,12.60,2,NO_ANNOT,,,Exact,0,"Salasiella modesta (L. Pfeiffer, 1862)",Salasiella modesta,79BP6,1,Catalogue of Life,
359,Glandina,Glandina,96630,96638,3.96,1,NO_ANNOT,,,Exact,0,"Glandina Schumacher, 1817",Glandina,urn:lsid:irmng.org:taxname:1434129,181,IRMNG,
360,Salasiella perpusilla,Salasiella perpusilla,96639,96660,13.60,2,NO_ANNOT,,,Exact,0,"Salasiella perpusilla (L. Pfeiffer, 1866)",Salasiella perpusilla,6XBP9,1,Catalogue of Life,
361,Salasiella suhcylindrica.,Salasiella suhcylindrica,96784,96809,9.12,2,NO_ANNOT,,,Fuzzy,1,"Salasiella subcylindrica Pilsbry, 1903",Salasiella subcylindrica,6XBP8,1,Catalogue of Life,
362,Salasiella perpusilla.,Salasiella perpusilla,96843,96865,13.60,2,NO_ANNOT,,,Exact,0,"Salasiella perpusilla (L. Pfeiffer, 1866)",Salasiella perpusilla,6XBP9,1,Catalogue of Life,
363,Salasiella modesta.,Salasiella modesta,96899,96918,12.60,2,NO_ANNOT,,,Exact,0,"Salasiella modesta (L. Pfeiffer, 1862)",Salasiella modesta,79BP6,1,Catalogue of Life,
364,Salasiella minima.,Salasiella minima,96936,96954,8.95,2,NO_ANNOT,,,Exact,0,"Salasiella minima Pilsbry, 1907",Salasiella minima,6XBP6,1,Catalogue of Life,
365,Salasiella minima,Salasiella minima,97183,97200,8.95,2,SP_NOV,,,Exact,0,"Salasiella minima Pilsbry, 1907",Salasiella minima,6XBP6,1,Catalogue of Life,
366,Salasiella subcylindrica,Salasiella subcylindrica,97971,97995,14.15,2,SP_NOV,,,Exact,0,"Salasiella subcylindrica Pilsbry, 1903",Salasiella subcylindrica,6XBP8,1,Catalogue of Life,
367,S. perpusilla,S. perpusilla,98703,98716,6.90,2,NO_ANNOT,,,NoMatch,,,,,,,,
368,Strebelia berendti,Strebelia berendti,98748,98766,10.41,2,NO_ANNOT,,,Exact,0,"Strebelia berendti (L. Pfeiffer, 1861)",Strebelia berendti,52WRW,1,Catalogue of Life,
369,Streptostyla novoleonis,Streptostyla novoleonis,98812,98835,12.85,2,NO_ANNOT,,,Exact,0,"Streptostyla novoleonis Pilsbry, 1899",Streptostyla novoleonis,52Z5F,1,Catalogue of Life,
370,S. sumichrasti,S. sumichrasti,99198,99212,5.68,2,NO_ANNOT,,,NoMatch,,,,,,,,
371,S.␤clavatula.,S. clavatula,99217,99230,6.66,2,NO_ANNOT,,,NoMatch,,,,,,,,
372,Pseudosubulina berendti,Pseudosubulina berendti,99232,99255,10.83,2,NO_ANNOT,,,Exact,0,"Pseudosubulina berendti (L. Pfeiffer, 1862)",Pseudosubulina berendti,4PCFY,1,Catalogue of Life,
373,Pseudosubulina berendti occidentalis,Pseudosubulina berendti occidentalis,99285,99321,16.67,3,NO_ANNOT,,,Fuzzy,1,"Pseudosubulina berendti ocidentalis Pilsbry, 1899",Pseudosubulina berendti ocidentalis,7HX63,1,Catalogue of Life,
374,Pseudosubulina texoloensis,Pseudosubulina texoloensis,99431,99457,12.91,2,NO_ANNOT,,,Exact,0,"Pseudosubulina texoloensis Pilsbry, 1899",Pseudosubulina texoloensis,4PCGJ,1,Catalogue of Life,
375,Pseudosubulina,Pseudosubulina,99652,99666,4.97,1,NO_ANNOT,,,Exact,0,"Pseudosubulina Strebel & Pfeffer, 1882",Pseudosubulina,7PDZP,1,Catalogue of Life,
376,Opeas octonoides,Opeas octonoides,99699,99715,8.87,2,NO_ANNOT,,,PartialExact,0,"Opeas Albers, 1850",Opeas,7PB9P,1,Catalogue of Life,
377,Opeas micra,Opeas micra,99739,99750,2.88,2,NO_ANNOT,,,Exact,0,"Opeas micra (d'Orbigny, 1835)",Opeas micra,7SJPJ,1,Catalogue of Life,
378,Opeas rhoadsae,Opeas rhoadsae,99770,99784,8.49,2,NO_ANNOT,,,Exact,0,Opeas rhoadsae,Opeas rhoadsae,3823428,168,ION,
379,Opeas odiosum,Opeas odiosum,99951,99964,9.02,2,NO_ANNOT,,,Exact,0,Opeas odiosum,Opeas odiosum,3750814,168,ION,
380,Opeas patzcuarense,Opeas patzcuarense,100075,100093,8.72,2,NO_ANNOT,,,Exact,0,Opeas patzcuarense,Opeas patzcuarense,3750817,168,ION,
381,Spiraxis uruapamensis,Spiraxis uruapamensis,100356,100377,12.92,2,NO_ANNOT,,,Exact,0,Spiraxis uruapamensis,Spiraxis uruapamensis,3750854,168,ION,
382,Spiraxis ␤borealis,Spiraxis borealis,100517,100535,12.23,2,SP_NOV,,,PartialExact,0,"Spiraxis C. B. Adams, 1850",Spiraxis,7PH9J,1,Catalogue of Life,
383,S. acus,S. acus,101118,101125,5.03,2,NO_ANNOT,,,NoMatch,,,,,,,,
384,S. borealis,S. borealis,101228,101239,6.80,2,NO_ANNOT,,,NoMatch,,,,,,,,
385,S. intermedins,S. intermedins,101254,101268,3.67,2,NO_ANNOT,,,NoMatch,,,,,,,,
386,Leptinaria mexicana,Leptinaria mexicana,101335,101354,8.46,2,NO_ANNOT,,,Exact,0,"Leptinaria mexicana (L. Pfeiffer, 1866)",Leptinaria mexicana,7RVMD,1,Catalogue of Life,
387,Leptinaria tamaulipensis,Leptinaria tamaulipensis,101374,101398,12.87,2,SP_NOV,,,Exact,0,"Leptinaria tamaulipensis Pilsbry, 1903",Leptinaria tamaulipensis,7RVMX,1,Catalogue of Life,
388,L. martensi,L. martensi,101954,101965,5.46,2,NO_ANNOT,,,NoMatch,,,,,,,,
389,Leptinaria,Leptinaria,102018,102028,5.02,1,NO_ANNOT,,,Exact,0,"Leptinaria Beck, 1837",Leptinaria,7P77Z,1,Catalogue of Life,
390,Misantla,Misantla,102070,102078,3.81,1,NO_ANNOT,,,Exact,0,"Misantla Baker, 1928",Misantla,urn:lsid:irmng.org:taxname:1159208,181,IRMNG,
391,Succinea tlalpamensis,Succinea tlalpamensis,102216,102237,12.84,2,NO_ANNOT,,,Exact,0,"Succinea tlalpamensis Pilsbry, 1899",Succinea tlalpamensis,urn:lsid:marinespecies.org:taxname:1289114,9,WoRMS,
392,Succinea tlalpamensis cuitseana,Succinea tlalpamensis cuitseana,102432,102463,18.50,3,NO_ANNOT,,,Exact,0,"Succinea tlalpamensis cuitseana Pilsbry, 1899",Succinea tlalpamensis cuitseana,urn:lsid:marinespecies.org:taxname:1289117,9,WoRMS,
393,Succinea virgata,Succinea virgata,102576,102592,12.56,2,NO_ANNOT,,,Exact,0,"Succinea virgata E. von Martens, 1865",Succinea virgata,53DZN,1,Catalogue of Life,
394,Carychium exiguum mexicanum,Carychium exiguum mexicanum,102736,102763,16.02,3,NO_ANNOT,,,Exact,0,"Carychium exiguum var. mexicanum Pilsbry, 1891",Carychium exiguum mexicanum,7V5FD,1,Catalogue of Life,
395,Limnsea attenuata,Limnsea attenuata,102852,102869,5.94,2,NO_ANNOT,,,Fuzzy,1,"Limnaea attenuata Say, 1829",Limnaea attenuata,7RWZ8,1,Catalogue of Life,
396,Limnaea columella,Limnaea columella,102908,102925,8.89,2,NO_ANNOT,,,Exact,0,"Limnaea columella Say, 1817",Limnaea columella,7RX3C,1,Catalogue of Life,
397,Limnsea desidiosa,Limnsea desidiosa,103207,103224,5.51,2,NO_ANNOT,,,Fuzzy,1,"Limnaea desidiosa Say, 1821",Limnaea desidiosa,urn:lsid:marinespecies.org:taxname:1364607,9,WoRMS,
398,Limnsea palmeri,Limnsea palmeri,103405,103420,5.04,2,NO_ANNOT,,,Fuzzy,1,"Limnaea palmeri Dall, 1871",Limnaea palmeri,7RX6G,1,Catalogue of Life,
399,Planorbis tenuis,Planorbis tenuis,103564,103580,6.65,2,NO_ANNOT,,,Exact,0,"Planorbis tenuis Fuchs, 1870",Planorbis tenuis,4JL2Y,1,Catalogue of Life,
400,Planorbis tenuis exaggeratus,Planorbis tenuis exaggeratus,103644,103672,12.48,3,NO_ANNOT,,,Exact,0,"Planorbis tenuis var. exaggeratus von Martens, 1899",Planorbis tenuis exaggeratus,7V8W2,1,Catalogue of Life,
401,Planorbis liebmanni,Planorbis liebmanni,103849,103868,10.89,2,NO_ANNOT,,,Exact,0,"Planorbis liebmanni Dunker, 1850",Planorbis liebmanni,77NYK,1,Catalogue of Life,
402,Topo,Topo,103874,103878,2.08,1,NO_ANNOT,,,Exact,0,"Topo Exline, 1950",Topo,urn:lsid:irmng.org:taxname:1393595,181,IRMNG,
403,Ancylus exoentricus,Ancylus exoentricus,103920,103939,8.06,2,NO_ANNOT,,,Fuzzy,1,"Ancylus excentricus Morelet, 1851",Ancylus excentricus,7Q3ZQ,1,Catalogue of Life,
404,Ancylus papillaris,Ancylus papillaris,103997,104015,12.86,2,NO_ANNOT,,,Exact,0,Ancylus papillaris,Ancylus papillaris,3823387,168,ION,
405,Ameca,Ameca,104192,104197,4.08,1,NO_ANNOT,,,Exact,0,Ameca,Ameca,TMF,1,Catalogue of Life,
406,Ancylus,Ancylus,104219,104226,5.50,1,NO_ANNOT,,,Exact,0,"Ancylus O. F. Müller, 1773",Ancylus,87D9W,1,Catalogue of Life,
407,Physa,Physa,104292,104297,3.83,1,NO_ANNOT,,,Exact,0,"Physa Draparnaud, 1801",Physa,7PCJZ,1,Catalogue of Life,
408,Morelia,Morelia,104370,104377,4.14,1,NO_ANNOT,,,Exact,0,Morelia,Morelia,87HNL,1,Catalogue of Life,
409,Physa,Physa,104537,104542,3.83,1,NO_ANNOT,,,Exact,0,"Physa Draparnaud, 1801",Physa,7PCJZ,1,Catalogue of Life,
410,Topo,Topo,104684,104688,2.08,1,NO_ANNOT,,,Exact,0,"Topo Exline, 1950",Topo,urn:lsid:irmng.org:taxname:1393595,181,IRMNG,
411,Physa osculans patzcuarensis,Physa osculans patzcuarensis,104715,104743,15.35,3,NO_ANNOT,,,Exact,0,"Physa osculans var. patzcuarensis Pilsbry, 1891",Physa osculans patzcuarensis,5QPW2,1,Catalogue of Life,
412,Physa me.xirana,Physa me�xirana,104804,104819,6.32,2,NO_ANNOT,,,PartialExact,0,"Physa Draparnaud, 1801",Physa,7PCJZ,1,Catalogue of Life,
413,Physa coniformis,Physa coniformis,104870,104886,10.73,2,NO_ANNOT,,,Exact,0,"Physa coniformis Tryon, 1866",Physa coniformis,7SPQ6,1,Catalogue of Life,
414,Physa berendti,Physa berendti,105181,105195,9.68,2,NO_ANNOT,,,Exact,0,"Physa berendti Strebel, 1874",Physa berendti,urn:lsid:marinespecies.org:taxname:1471185,9,WoRMS,
415,Physa lacustris,Physa lacustris,105244,105259,11.06,2,NO_ANNOT,,,Exact,0,"Physa lacustris Clessin, 1886",Physa lacustris,4HF47,1,Catalogue of Life,
416,Physa,Physa,105363,105368,3.83,1,NO_ANNOT,,,Exact,0,"Physa Draparnaud, 1801",Physa,7PCJZ,1,Catalogue of Life,
417,Valvata humeralis,Valvata humeralis,105838,105855,11.62,2,NO_ANNOT,,,Exact,0,"Valvata humeralis Say, 1829",Valvata humeralis,urn:lsid:marinespecies.org:taxname:1064017,9,WoRMS,
418,V. humeralis,V. humeralis,105965,105977,6.97,2,NO_ANNOT,,,NoMatch,,,,,,,,
419,Say humerosa,Say humerosa,105978,105990,3.16,2,NO_ANNOT,,,PartialExact,0,Say Aristov 2018,Say,5416273,168,ION,
420,V. strebeli,V. strebeli,106043,106054,5.57,2,NO_ANNOT,,,NoMatch,,,,,,,,
421,V. humeralis.,V. humeralis,106579,106592,6.97,2,NO_ANNOT,,,NoMatch,,,,,,,,
422,V. strebeli,V. strebeli,106613,106624,5.57,2,NO_ANNOT,,,NoMatch,,,,,,,,
423,V. humeralis.,V. humeralis,106701,106714,6.97,2,NO_ANNOT,,,NoMatch,,,,,,,,
424,V. humeralis,V. humeralis,106859,106871,6.97,2,NO_ANNOT,,,NoMatch,,,,,,,,
425,V. strebeli,V. strebeli,106995,107006,5.57,2,NO_ANNOT,,,NoMatch,,,,,,,,
426,V. humeralis,V. humeralis,107072,107084,6.97,2,NO_ANNOT,,,NoMatch,,,,,,,,
427,V. sincera.,V. sincera,107339,107350,6.24,2,NO_ANNOT,,,NoMatch,,,,,,,,
428,Valvata,Valvata,107890,107897,4.32,1,NO_ANNOT,,,Exact,0,"Valvata O. F. Müller, 1773",Valvata,urn:lsid:marinespecies.org:taxname:153994,9,WoRMS,
429,Valvata humeralis pilsbryi,Valvata humeralis pilsbryi,107911,107937,14.83,3,NO_ANNOT,,,Exact,0,"Valvata humeralis pilsbryi E. von Martens, 1899",Valvata humeralis pilsbryi,urn:lsid:marinespecies.org:taxname:1064506,9,WoRMS,
430,Valvata humcTalis,Valvata humctalis,107967,107984,6.59,2,NO_ANNOT,,,PartialExact,0,"Valvata O. F. Müller, 1773",Valvata,urn:lsid:marinespecies.org:taxname:153994,9,WoRMS,
431,Valvata humeralis var.␤pilsbryi,Valvata humeralis var. pilsbryi,108065,108096,17.64,3,NO_ANNOT,,,Exact,0,"Valvata humeralis var. pilsbryi Martens, 1899",Valvata humeralis pilsbryi,urn:lsid:marinespecies.org:taxname:1367196,9,WoRMS,
432,Valvata humeralis var.␤patzcuarensis,Valvata humeralis var. patzcuarensis,108172,108208,20.57,3,NO_ANNOT,,,Fuzzy,1,"Valvata humeralis var. patzcuaroensis Pilsbry, 1899",Valvata humeralis patzcuaroensis,urn:lsid:marinespecies.org:taxname:1367197,9,WoRMS,
433,V. humeralis,V. humeralis,108319,108331,6.97,2,NO_ANNOT,,,NoMatch,,,,,,,,
434,Pyrgulopsis patzcuarensis,Pyrgulopsis patzcuarensis,109211,109236,13.09,2,NO_ANNOT,,,Exact,0,"Pyrgulopsis patzcuarensis Pilsbry, 1891",Pyrgulopsis patzcuarensis,4QTY9,1,Catalogue of Life,
435,Pyrgulopsis,Pyrgulopsis,109738,109749,5.23,1,NO_ANNOT,,,Exact,0,"Pyrgulopsis Call & Pilsbry, 1886",Pyrgulopsis,87H7F,1,Catalogue of Life,
436,Potamopyrgus.,Potamopyrgus,109755,109768,6.11,1,NO_ANNOT,,,Exact,0,"Potamopyrgus Stimpson, 1865",Potamopyrgus,7PD7L,1,Catalogue of Life,
437,Potamopyrgus,Potamopyrgus,110401,110413,6.11,1,NO_ANNOT,,,Exact,0,"Potamopyrgus Stimpson, 1865",Potamopyrgus,7PD7L,1,Catalogue of Life,
438,Amnicola coronata var.␤unicarinata,Amnicola coronata var. unicarinata,110664,110698,22.42,3,NO_ANNOT,,,PartialFuzzy,1,Amnicola covonata Pfr,Amnicola covonata,gn_50164,186,MCZbase,
439,Potamopyrgus,Potamopyrgus,110759,110771,6.11,1,NO_ANNOT,,,Exact,0,"Potamopyrgus Stimpson, 1865",Potamopyrgus,7PD7L,1,Catalogue of Life,
440,Potamopyrgus,Potamopyrgus,111000,111012,6.11,1,NO_ANNOT,,,Exact,0,"Potamopyrgus Stimpson, 1865",Potamopyrgus,7PD7L,1,Catalogue of Life,
441,Potamopyrgus,Potamopyrgus,111085,111097,6.11,1,NO_ANNOT,,,Exact,0,"Potamopyrgus Stimpson, 1865",Potamopyrgus,7PD7L,1,Catalogue of Life,
442,Amnicola,Amnicola,111126,111134,5.51,1,NO_ANNOT,,,Exact,0,"Amnicola Gould & Haldeman, 1840",Amnicola,7NNTZ,1,Catalogue of Life,
443,Amnicola,Amnicola,111166,111174,5.51,1,NO_ANNOT,,,Exact,0,"Amnicola Gould & Haldeman, 1840",Amnicola,7NNTZ,1,Catalogue of Life,
444,Chondropoma martensianum,Chondropoma martensianum,111270,111294,12.85,2,NO_ANNOT,,,Exact,0,"Chondropoma martensianum Pilsbry, 1900",Chondropoma martensianum,7QNX9,1,Catalogue of Life,
445,Amnicola panamensis,Amnicola panamensis,111526,111545,13.13,2,NO_ANNOT,,,Exact,0,"Amnicola panamensis Tryon, 1863",Amnicola panamensis,CVXW,1,Catalogue of Life,
446,A. cincinnatiensis,A. cincinnatiensis,111742,111760,8.17,2,NO_ANNOT,,,NoMatch,,,,,,,,
447,A. cincinnatiensis,A. cincinnatiensis,111874,111892,8.17,2,NO_ANNOT,,,NoMatch,,,,,,,,
448,A. panamensis,A. panamensis,112134,112147,7.29,2,NO_ANNOT,,,NoMatch,,,,,,,,
449,Amnicola tryoni,Amnicola tryoni,112250,112265,11.63,2,SP_NOV,,,Exact,0,"Amnicola tryoni Pilsbry, 1904",Amnicola tryoni,CVYY,1,Catalogue of Life,
450,Amnicola panamensis,Amnicola panamensis,112290,112309,13.13,2,NO_ANNOT,,,Exact,0,"Amnicola panamensis Tryon, 1863",Amnicola panamensis,CVXW,1,Catalogue of Life,
451,A. guatemalensis,A. guatemalensis,113150,113166,7.52,2,NO_ANNOT,,,NoMatch,,,,,,,,
452,A. tryoni,A. tryoni,113210,113219,5.79,2,NO_ANNOT,,,NoMatch,,,,,,,,
453,A. stolli,A. stolli,113361,113370,5.41,2,NO_ANNOT,,,NoMatch,,,,,,,,
454,Helicina turbinata,Helicina turbinata,113578,113596,11.87,2,NO_ANNOT,,,Exact,0,"Helicina turbinata L. Pfeiffer, 1848",Helicina turbinata,6LJFG,1,Catalogue of Life,
455,Helicina succincta,Helicina succincta,113865,113883,10.79,2,NO_ANNOT,,,Exact,0,"Helicina succincta E. von Martens, 1890",Helicina succincta,6LJDP,1,Catalogue of Life,
456,Helicina orbiculata tropica,Helicina orbiculata tropica,113906,113933,17.36,3,NO_ANNOT,,,Exact,0,"Helicina orbiculata tropica L. Pfeiffer, 1850",Helicina orbiculata tropica,7H74R,1,Catalogue of Life,
457,Helicina fragilis,Helicina fragilis,113996,114013,11.10,2,NO_ANNOT,,,Exact,0,"Helicina fragilis Morelet, 1851",Helicina fragilis,3K7R2,1,Catalogue of Life,
458,Helicina lirata,Helicina lirata,114049,114064,11.23,2,NO_ANNOT,,,Exact,0,"Helicina lirata L. Pfeiffer, 1847",Helicina lirata,3K7RZ,1,Catalogue of Life,
459,Helicina sowerbyana,Helicina sowerbyana,114084,114103,11.17,2,NO_ANNOT,,,Exact,0,"Helicina sowerbyana L. Pfeiffer, 1849",Helicina sowerbyana,6LJD3,1,Catalogue of Life,
460,H. sowerbyana,H. sowerbyana,114629,114642,6.88,2,NO_ANNOT,,,NoMatch,,,,,,,,
461,Helicina zephyrina,Helicina zephyrina,114790,114808,11.12,2,NO_ANNOT,,,Exact,0,"Helicina zephyrina Duclos, 1833",Helicina zephyrina,3K7V5,1,Catalogue of Life,
462,Helicina zephyrina var.␤dientensis,Helicina zephyrina var. dientensis,114855,114889,20.01,3,NO_ANNOT,,,Exact,0,"Helicina zephyrina dientensis Pilsbry, 1903",Helicina zephyrina dientensis,7GV56,1,Catalogue of Life,
463,Trochatella simpsoni,Trochatella simpsoni,115112,115132,13.09,2,NO_ANNOT,,,Exact,0,"Trochatella simpsoni Ancey, 1886",Trochatella simpsoni,596WD,1,Catalogue of Life,
464,Trochatella,Trochatella,115313,115324,6.49,1,NO_ANNOT,,,Exact,0,"Trochatella Lesson, 1831",Trochatella,urn:lsid:irmng.org:taxname:1402446,181,IRMNG,
465,Schasicheila fragilis,Schasicheila fragilis,115539,115560,11.82,2,NO_ANNOT,,,Exact,0,"Schasicheila fragilis Pilsbry, 1899",Schasicheila fragilis,4V66B,1,Catalogue of Life,
466,S. minuscula,S. minuscula,115770,115782,6.66,2,NO_ANNOT,,,NoMatch,,,,,,,,
467,S. fragilis,S. fragilis,115843,115854,6.80,2,NO_ANNOT,,,NoMatch,,,,,,,,
468,Schasicheila vanattai,Schasicheila vanattai,115992,116013,9.93,2,NO_ANNOT,,,Exact,0,"Schasicheila vanattai Pilsbry, 1899",Schasicheila vanattai,4V66L,1,Catalogue of Life,
469,S. fragilis.,S. fragilis,116228,116240,6.80,2,SUBSP_NOV,,,NoMatch,,,,,,,,
470,Schasicheila vanattai tricostata,Schasicheila vanattai tricostata,116241,116273,16.12,3,SUBSP_NOV,,,Exact,0,"Schasicheila vanattai tricostata Pilsbry, 1903",Schasicheila vanattai tricostata,5F342,1,Catalogue of Life,
471,S. vanattai.,S. vanattai,116780,116792,4.92,2,NO_ANNOT,,,NoMatch,,,,,,,,
472,Schasicheila,Schasicheila,116808,116820,4.69,1,NO_ANNOT,,,Exact,0,"Schasicheila Shuttleworth, 1852",Schasicheila,7PGBZ,1,Catalogue of Life,
473,Schasicheila hidalgoana,Schasicheila hidalgoana,116863,116886,11.90,2,NO_ANNOT,,,Exact,0,"Schasicheila hidalgoana Dall, 1897",Schasicheila hidalgoana,4V66C,1,Catalogue of Life,
474,Schazicheila hidalgoana,Schazicheila hidalgoana,116912,116935,11.90,2,NO_ANNOT,,,Exact,0,Schazicheila hidalgoana,Schazicheila hidalgoana,7982222,179,Open Tree of Life,
475,S. vanattai,S. vanattai,118094,118105,4.92,2,NO_ANNOT,,,NoMatch,,,,,,,,
476,S. nicoleti,S. nicoleti,118229,118240,5.69,2,NO_ANNOT,,,NoMatch,,,,,,,,
477,S.␤hidalgoana,S. hidalgoana,118443,118456,6.88,2,NO_ANNOT,,,NoMatch,,,,,,,,
478,Calyculina,Calyculina,118817,118827,4.30,1,NO_ANNOT,,,Exact,0,"Calyculina Clessin, 1872",Calyculina,urn:lsid:irmng.org:taxname:1412350,181,IRMNG,
479,Eupera,Eupera,118931,118937,4.43,1,NO_ANNOT,,,Exact,0,"Eupera Bourguignat, 1854",Eupera,7NZL7,1,Catalogue of Life,
480,S. martensi,S. martensi,119253,119264,5.46,2,NO_ANNOT,,,NoMatch,,,,,,,,
481,S. luridum,S. luridum,119271,119281,5.85,2,NO_ANNOT,,,NoMatch,,,,,,,,
482,S. costaricanum,S. costaricanum,119289,119304,7.12,2,NO_ANNOT,,,NoMatch,,,,,,,,
483,Pisidium.,Pisidium,119473,119482,5.11,1,NO_ANNOT,,,Exact,0,"Pisidium C. Pfeiffer, 1821",Pisidium,7PCNC,1,Catalogue of Life,
484,S.␤novoleonis.,S. novoleonis,119911,119925,6.96,2,NO_ANNOT,,,NoMatch,,,,,,,,
485,S. martensi.,S. martensi,120658,120670,5.46,2,NO_ANNOT,,,NoMatch,,,,,,,,
486,Sphaerium triangulare,Sphaerium triangulare,120671,120692,11.17,2,NO_ANNOT,,,Exact,0,"Sphaerium triangulare (Say, 1829)",Sphaerium triangulare,7T73H,1,Catalogue of Life,
487,S. striatinum.,S. striatinum,121019,121033,6.92,2,NO_ANNOT,,,NoMatch,,,,,,,,
488,S. triangulare,S. triangulare,122336,122350,5.56,2,NO_ANNOT,,,NoMatch,,,,,,,,
489,Ameca,Ameca,123054,123059,4.08,1,NO_ANNOT,,,Exact,0,Ameca,Ameca,TMF,1,Catalogue of Life,
490,S. triangulare,S. triangulare,123125,123139,5.56,2,NO_ANNOT,,,NoMatch,,,,,,,,
491,Sphaerium martensi,Sphaerium martensi,123177,123195,11.07,2,NO_ANNOT,,,Exact,0,"Sphaerium martensi Pilsbry, 1899",Sphaerium martensi,7T72R,1,Catalogue of Life,
492,S. triangulare,S. triangulare,124039,124053,5.56,2,NO_ANNOT,,,NoMatch,,,,,,,,
493,Sphaerium jalapensis,Sphaerium jalapensis,124278,124298,12.90,2,SP_NOV,,,Exact,0,"Sphaerium jalapensis Pilsbry, 1903",Sphaerium jalapensis,4YPKW,1,Catalogue of Life,
494,S. sulcatum,S. sulcatum,125560,125571,6.90,2,NO_ANNOT,,,NoMatch,,,,,,,,
495,S. jalapensis,S. jalapensis,125620,125633,7.29,2,NO_ANNOT,,,NoMatch,,,,,,,,
496,S. jalapensis,S. jalapensis,125776,125789,7.29,2,NO_ANNOT,,,NoMatch,,,,,,,,
497,S. jalapensis.,S. jalapensis,126062,126076,7.29,2,NO_ANNOT,,,NoMatch,,,,,,,,
498,S. fabale,S. fabale,126077,126086,5.01,2,NO_ANNOT,,,NoMatch,,,,,,,,
499,Sphaerium,Sphaerium,126313,126322,5.28,1,NO_ANNOT,,,Exact,0,"Sphaerium Scopoli, 1777",Sphaerium,7PH6H,1,Catalogue of Life,
500,Musculium subtransversum,Musculium subtransversum,126323,126347,12.64,2,NO_ANNOT,,,Exact,0,"Musculium subtransversum (Prime, 1860)",Musculium subtransversum,7S8BQ,1,Catalogue of Life,
501,S. subtransversum,S. subtransversum,126505,126522,7.03,2,NO_ANNOT,,,NoMatch,,,,,,,,
502,Morelia,Morelia,126585,126592,4.14,1,NO_ANNOT,,,Exact,0,Morelia,Morelia,87HNL,1,Catalogue of Life,
503,Morelia,Morelia,127188,127195,4.14,1,NO_ANNOT,,,Exact,0,Morelia,Morelia,87HNL,1,Catalogue of Life,
504,Fischer's subtransversum,Fischer�s subtransversum,127508,127532,4.63,2,NO_ANNOT,,,NoMatch,,,,,,,,
505,Sphaerium,Sphaerium,127696,127705,5.28,1,SP_NOV,,,Exact,0,"Sphaerium Scopoli, 1777",Sphaerium,7PH6H,1,Catalogue of Life,
506,Musculium novoleonis,Musculium novoleonis,127706,127726,12.58,2,SP_NOV,,,PartialExact,0,"Musculium Link, 1807",Musculium,7P9CS,1,Catalogue of Life,
507,Pisidium abditum,Pisidium abditum,128768,128784,12.15,2,NO_ANNOT,,,Exact,0,"Pisidium abditum (Haldeman, 1841)",Pisidium abditum,urn:lsid:marinespecies.org:taxname:861691,9,WoRMS,
508,Lampsilis umbrosus,Lampsilis umbrosus,129113,129131,11.23,2,NO_ANNOT,,,Exact,0,Lampsilis umbrosus Lea,Lampsilis umbrosus,gn_235513,186,MCZbase,
509,Lampsilis rovirosai,Lampsilis rovirosai,129153,129172,9.00,2,NO_ANNOT,,,Exact,0,"Lampsilis rovirosai (Pilsbry, 1900)",Lampsilis rovirosai,3S5Z6,1,Catalogue of Life,
510,LIII loere,Liii loere,129562,129572,,2,NO_ANNOT,,,NoMatch,,,,,,,,
511,Glandina viichoacanensis,Glandina viichoacanensis,129692,129716,7.44,2,NO_ANNOT,,,PartialExact,0,"Glandina Schumacher, 1817",Glandina,urn:lsid:irmng.org:taxname:1434129,181,IRMNG,
512,Glandina huingensis,Glandina huingensis,129775,129794,11.59,2,NO_ANNOT,,,PartialExact,0,"Glandina Schumacher, 1817",Glandina,urn:lsid:irmng.org:taxname:1434129,181,IRMNG,
513,Glandina rhoadsi,Glandina rhoadsi,129817,129833,8.72,2,NO_ANNOT,,,Exact,0,Glandina rhoadsi,Glandina rhoadsi,3823149,168,ION,
514,Glandina victor iana,Glandina victor iana,129856,129876,9.57,3,NO_ANNOT,,,Fuzzy,1,Glandina victoriana,Glandina victoriana,3750791,168,ION,
515,Glandina dalli,Glandina dalli,129896,129910,9.19,2,NO_ANNOT,,,Exact,0,Glandina dalli,Glandina dalli,3823147,168,ION,
516,Glandina oblonga tamaulipensis,Glandina oblonga tamaulipensis,129926,129956,15.64,3,NO_ANNOT,,,PartialExact,0,Glandina oblonga,Glandina oblonga,3750789,168,ION,
517,Glandina oblonga tamaulipensis,Glandina oblonga tamaulipensis,129990,130020,15.64,3,NO_ANNOT,,,PartialExact,0,Glandina oblonga,Glandina oblonga,3750789,168,ION,
518,Glandina delicata,Glandina delicata,130056,130073,11.71,2,NO_ANNOT,,,Exact,0,"Glandina delicata Pilsbry, 1904",Glandina delicata,873R9,1,Catalogue of Life,
519,Glandina delicata alticola,Glandina delicata alticola,130089,130115,16.61,3,NO_ANNOT,,,Exact,0,"Glandina delicata alticola Pilsbry, 1904",Glandina delicata alticola,87247,1,Catalogue of Life,
520,Streptostyla novoleonis,Streptostyla novoleonis,130135,130158,12.85,2,NO_ANNOT,,,Exact,0,"Streptostyla novoleonis Pilsbry, 1899",Streptostyla novoleonis,52Z5F,1,Catalogue of Life,
521,Succinea tlalpamensis,Succinea tlalpamensis,130178,130199,12.84,2,NO_ANNOT,,,Exact,0,"Succinea tlalpamensis Pilsbry, 1899",Succinea tlalpamensis,urn:lsid:marinespecies.org:taxname:1289114,9,WoRMS,
522,Omphalina montereyensis victoriana,Omphalina montereyensis victoriana,130222,130256,17.81,3,NO_ANNOT,,,Exact,0,Omphalina montereyensis victoriana Pils,Omphalina montereyensis victoriana,gn_239294,186,MCZbase,
523,Omphalina montereyensis,Omphalina montereyensis,130279,130302,11.99,2,NO_ANNOT,,,Exact,0,Omphalina montereyensis,Omphalina montereyensis,3823230,168,ION,
524,Omphalina martensiana,Omphalina martensiana,130325,130346,11.65,2,NO_ANNOT,,,Exact,0,Omphalina martensiana,Omphalina martensiana,3750812,168,ION,
525,Pyramidula victoriana,Pyramidula victoriana,130380,130401,12.38,2,NO_ANNOT,,,PartialExact,0,"Pyramidula Fitzinger, 1833",Pyramidula,7P75B,1,Catalogue of Life,
526,Thysanophora proxima,Thysanophora proxima,130421,130441,12.94,2,NO_ANNOT,,,Exact,0,"Thysanophora proxima Pilsbry, 1899",Thysanophora proxima,56TPZ,1,Catalogue of Life,
527,Thysanophora tatei,Thysanophora tatei,130464,130482,11.24,2,NO_ANNOT,,,Exact,0,Thysanophora tatei Pilsbry 1903,Thysanophora tatei,3750863,168,ION,
528,TrochateUa simpsoni,Trochateua simpsoni,130498,130517,4.05,2,NO_ANNOT,,,NoMatch,,,,,,,,
529,Guppya micra,Guppya micra,130549,130561,3.73,2,NO_ANNOT,,,Exact,0,"Guppya micra Pilsbry, 1904",Guppya micra,3HMJG,1,Catalogue of Life,
530,Thysanophora fischeri,Thysanophora fischeri,130581,130602,13.79,2,NO_ANNOT,,,Exact,0,Thysanophora fischeri Pilsbry,Thysanophora fischeri,gn_125852,186,MCZbase,
531,Pseudosubulina occidentalis,Pseudosubulina occidentalis,130626,130653,12.60,2,NO_ANNOT,,,PartialExact,0,"Pseudosubulina Strebel & Pfeffer, 1882",Pseudosubulina,7PDZP,1,Catalogue of Life,
532,Pseudosubulina texoloensis,Pseudosubulina texoloensis,130669,130695,12.91,2,NO_ANNOT,,,Exact,0,"Pseudosubulina texoloensis Pilsbry, 1899",Pseudosubulina texoloensis,4PCGJ,1,Catalogue of Life,
533,Opeas odiosum,Opeas odiosum,130711,130724,9.02,2,NO_ANNOT,,,Exact,0,Opeas odiosum,Opeas odiosum,3750814,168,ION,
534,Opeas,Opeas,130740,130745,2.43,1,NO_ANNOT,,,Exact,0,"Opeas Albers, 1850",Opeas,7PB9P,1,Catalogue of Life,
535,Opeas patzcuarense,Opeas patzcuarense,130770,130788,8.72,2,NO_ANNOT,,,Exact,0,Opeas patzcuarense,Opeas patzcuarense,3750817,168,ION,
536,Spiraxis␤borealis,Spiraxis borealis,130808,130825,12.23,2,NO_ANNOT,,,PartialExact,0,"Spiraxis C. B. Adams, 1850",Spiraxis,7PH9J,1,Catalogue of Life,
537,Bifidaria prototypus,Bifidaria prototypus,130845,130865,11.37,2,NO_ANNOT,,,Exact,0,"Bifidaria prototypus Pilsbry, 1899",Bifidaria prototypus,LT2B,1,Catalogue of Life,
538,Leptinaria tamaulipensis,Leptinaria tamaulipensis,130881,130905,12.87,2,NO_ANNOT,,,Exact,0,"Leptinaria tamaulipensis Pilsbry, 1903",Leptinaria tamaulipensis,7RVMX,1,Catalogue of Life,
539,Spiraxis uruapamensis,Spiraxis uruapamensis,130925,130946,12.92,2,NO_ANNOT,,,Exact,0,Spiraxis uruapamensis,Spiraxis uruapamensis,3750854,168,ION,
540,Epirobia mirabilis,Epirobia mirabilis,130968,130986,11.00,2,NO_ANNOT,,,Exact,0,"Epirobia (Gyrocion) mirabilis Pilsbry, 1902",Epirobia mirabilis,6G8CQ,1,Catalogue of Life,
541,Polygyra suprazonata,Polygyra suprazonata,131018,131038,13.09,2,NO_ANNOT,,,Exact,0,"Polygyra (Linisa) suprazonata Pilsbry, 1899",Polygyra suprazonata,785ZP,1,Catalogue of Life,
542,Polygyra rhoadsi,Polygyra rhoadsi,131061,131077,9.52,2,NO_ANNOT,,,Exact,0,"Polygyra (Linisa) rhoadsi Pilsbry, 1899",Polygyra rhoadsi,6W5ZP,1,Catalogue of Life,
543,Schasicheila minuscula,Schasicheila minuscula,131093,131115,11.68,2,NO_ANNOT,,,Exact,0,"Schasicheila minuscula (L. Pfeiffer, 1859)",Schasicheila minuscula,79VJX,1,Catalogue of Life,
544,Schasicheila vanattai tricostata,Schasicheila vanattai tricostata,131130,131162,16.12,3,NO_ANNOT,,,Exact,0,"Schasicheila vanattai tricostata Pilsbry, 1903",Schasicheila vanattai tricostata,5F342,1,Catalogue of Life,
545,Schasicheila vanattai,Schasicheila vanattai,131182,131203,9.93,2,NO_ANNOT,,,Exact,0,"Schasicheila vanattai Pilsbry, 1899",Schasicheila vanattai,4V66L,1,Catalogue of Life,
546,Praticolella,Praticolella,131223,131235,6.73,1,NO_ANNOT,,,Exact,0,"Praticolella E. von Martens, 1892",Praticolella,7PD9D,1,Catalogue of Life,
547,Schasicheila fragilis,Schasicheila fragilis,131268,131289,11.82,2,NO_ANNOT,,,Exact,0,"Schasicheila fragilis Pilsbry, 1899",Schasicheila fragilis,4V66B,1,Catalogue of Life,
548,Schasicheila hidalgoana,Schasicheila hidalgoana,131308,131331,11.90,2,NO_ANNOT,,,Exact,0,"Schasicheila hidalgoana Dall, 1897",Schasicheila hidalgoana,4V66C,1,Catalogue of Life,
549,Sphoerium jalapense,Sphoerium jalapense,131357,131376,11.25,2,NO_ANNOT,,,Fuzzy,3,"Sphaerium jalapensis Pilsbry, 1903",Sphaerium jalapensis,4YPKW,1,Catalogue of Life,
550,Sphcerixim martensi,Sphcerixim martensi,131464,131483,3.24,2,NO_ANNOT,,,NoMatch,,,,,,,,
551,Sphcenum triangulare,Sphcenum triangulare,131512,131532,4.37,2,NO_ANNOT,,,NoMatch,,,,,,,,
552,Chondropoma martensianum,Chondropoma martensianum,131580,131604,12.85,2,NO_ANNOT,,,Exact,0,"Chondropoma martensianum Pilsbry, 1900",Chondropoma martensianum,7QNX9,1,Catalogue of Life,
553,Valvata humeralis pilsbryi,Valvata humeralis pilsbryi,131624,131650,14.83,3,NO_ANNOT,,,Exact,0,"Valvata humeralis pilsbryi E. von Martens, 1899",Valvata humeralis pilsbryi,urn:lsid:marinespecies.org:taxname:1064506,9,WoRMS,
554,Pyrgtdopsis patzcuarensis,Pyrgtdopsis patzcuarensis,131672,131697,6.78,2,NO_ANNOT,,,NoMatch,,,,,,,,
555,Valvata humeralis.,Valvata humeralis,131713,131731,11.62,2,NO_ANNOT,,,Exact,0,"Valvata humeralis Say, 1829",Valvata humeralis,urn:lsid:marinespecies.org:taxname:1064017,9,WoRMS,
556,Amnicola tryoni,Amnicola tryoni,131759,131774,11.63,2,NO_ANNOT,,,Exact,0,"Amnicola tryoni Pilsbry, 1904",Amnicola tryoni,CVYY,1,Catalogue of Life,
557,Amnicola panamensis,Amnicola panamensis,131791,131810,13.13,2,NO_ANNOT,,,Exact,0,"Amnicola panamensis Tryon, 1863",Amnicola panamensis,CVXW,1,Catalogue of Life,
558,Valvata humeralis,Valvata humeralis,131847,131864,11.62,2,NO_ANNOT,,,Exact,0,"Valvata humeralis Say, 1829",Valvata humeralis,urn:lsid:marinespecies.org:taxname:1064017,9,WoRMS,
559,Sphcerium jalapense,Sphcerium jalapense,131909,131928,4.95,2,NO_ANNOT,,,Fuzzy,3,"Sphaerium jalapensis Pilsbry, 1903",Sphaerium jalapensis,4YPKW,1,Catalogue of Life,
560,Sphcerium martensi,Sphcerium martensi,131948,131966,4.77,2,NO_ANNOT,,,Fuzzy,1,"Sphaerium martensi Pilsbry, 1899",Sphaerium martensi,7T72R,1,Catalogue of Life,
561,Sphcerium triangulare,Sphcerium triangulare,131986,132007,4.86,2,NO_ANNOT,,,Fuzzy,1,"Sphaerium triangulare (Say, 1829)",Sphaerium triangulare,7T73H,1,Catalogue of Life,
562,Sphcerium triangulare,Sphcerium triangulare,132042,132063,4.86,2,NO_ANNOT,,,Fuzzy,1,"Sphaerium triangulare (Say, 1829)",Sphaerium triangulare,7T73H,1,Catalogue of Life,
563,Sphcerium novoleonis,Sphcerium novoleonis,132100,132120,6.27,2,NO_ANNOT,,,Fuzzy,1,Sphaerium (Musculium) novoleonis,Sphaerium novoleonis,3750849,168,ION,
564,Sphoerium subtransversum,Sphoerium subtransversum,132143,132167,12.64,2,NO_ANNOT,,,Fuzzy,1,"Sphaerium subtransversum Prime, 1860",Sphaerium subtransversum,7T73C,1,Catalogue of Life,
565,Lampsilis rovirosai,Lampsilis rovirosai,132200,132219,9.00,2,NO_ANNOT,,,Exact,0,"Lampsilis rovirosai (Pilsbry, 1900)",Lampsilis rovirosai,3S5Z6,1,Catalogue of Life,
566,Sphcerium triangulare,Sphcerium triangulare,132235,132256,4.86,2,NO_ANNOT,,,Fuzzy,1,"Sphaerium triangulare (Say, 1829)",Sphaerium triangulare,7T73H,1,Catalogue of Life,
567,Sphcerium jalapensis,Sphcerium jalapensis,132287,132307,6.60,2,NO_ANNOT,,,Fuzzy,1,"Sphaerium jalapensis Pilsbry, 1903",Sphaerium jalapensis,4YPKW,1,Catalogue of Life,
568,Sphoerium martensi,Sphoerium martensi,132323,132341,11.07,2,NO_ANNOT,,,Exact,0,Sphoerium martensi,Sphoerium martensi,3823693,168,ION,
569,Sphcerium subtransversum,Sphcerium subtransversum,132357,132381,6.33,2,NO_ANNOT,,,Fuzzy,1,"Sphaerium subtransversum Prime, 1860",Sphaerium subtransversum,7T73C,1,Catalogue of Life,
570,Sphoerium novoleonis,Sphoerium novoleonis,132396,132416,12.58,2,NO_ANNOT,,,Fuzzy,1,Sphaerium (Musculium) novoleonis,Sphaerium novoleonis,3750849,168,ION,
571,Helicina sowerbyana,Helicina sowerbyana,132435,132454,11.17,2,NO_ANNOT,,,Exact,0,"Helicina sowerbyana L. Pfeiffer, 1849",Helicina sowerbyana,6LJD3,1,Catalogue of Life,
572,LIMNA.,Limna,132475,132481,3.91,1,NO_ANNOT,,,NoMatch,,,,,,,,
573,Limnaea hawaiensis,Limnaea hawaiensis,132503,132521,12.90,2,SP_NOV,,,Exact,0,"Limnaea hawaiensis Pilsbry, 1904",Limnaea hawaiensis,7RX4R,1,Catalogue of Life,
574,Erinna,Erinna,133253,133259,3.27,1,NO_ANNOT,,,Exact,0,"Erinna H. Adams & A. Adams, 1855",Erinna,7NZ2H,1,Catalogue of Life,
575,Limncca affinis,Limncca affinis,133374,133389,4.78,2,NO_ANNOT,,,NoMatch,,,,,,,,
576,L. hawaiensis,L. hawaiensis,133541,133554,7.29,2,NO_ANNOT,,,NoMatch,,,,,,,,
577,L. affinis,L. affinis,133924,133934,6.49,2,NO_ANNOT,,,NoMatch,,,,,,,,
578,L.  sandwichensis,L. sandwichensis,133944,133961,7.52,2,NO_ANNOT,,,NoMatch,,,,,,,,
579,L. oahuensis,L. oahuensis,133993,134005,7.17,2,NO_ANNOT,,,NoMatch,,,,,,,,
580,L. affinis,L. affinis,134072,134082,6.49,2,NO_ANNOT,,,NoMatch,,,,,,,,
581,L. hawaiensis.,L. hawaiensis,134218,134232,7.29,2,NO_ANNOT,,,NoMatch,,,,,,,,
582,L. affinis,L. affinis,134309,134319,6.49,2,NO_ANNOT,,,NoMatch,,,,,,,,
583,L. hawaiensis.,L. hawaiensis,134324,134338,7.29,2,NO_ANNOT,,,NoMatch,,,,,,,,
584,Mollusca,Mollusca,134357,134365,4.51,1,NO_ANNOT,,,Exact,0,Mollusca,Mollusca,M2L,1,Catalogue of Life,
585,Mollusca,Mollusca,134514,134522,4.51,1,NO_ANNOT,,,Exact,0,Mollusca,Mollusca,M2L,1,Catalogue of Life,
586,Tomopteris,Tomopteris,136082,136092,5.22,1,NO_ANNOT,,,Exact,0,"Tomopteris Eschscholtz, 1825",Tomopteris,84VB8,1,Catalogue of Life,
587,AmpMnome pallasii,Ampmnome pallasii,136167,136184,2.84,2,NO_ANNOT,,,NoMatch,,,,,,,,
588,Lepas anatifera,Lepas anatifera,136245,136260,10.06,2,NO_ANNOT,,,Exact,0,Lepas anatifera Linnaeus 1758,Lepas anatifera,89234742,132,ZooBank,
589,A. rostrata,A. rostrata,137013,137024,7.41,2,NO_ANNOT,,,NoMatch,,,,,,,,
590,Hipponoe gaudichaudi,Hipponoe gaudichaudi,137591,137611,9.95,2,NO_ANNOT,,,Exact,0,"Hipponoe gaudichaudi Audouin & Milne Edwards, 1830",Hipponoe gaudichaudi,6LWKB,1,Catalogue of Life,
591,Amphinome ere,Amphinome ere,137670,137683,0.80,2,NO_ANNOT,,,PartialExact,0,"Amphinome Bruguière, 1789",Amphinome,84LCN,1,Catalogue of Life,
592,Challenger,Challenger,137831,137841,1.69,1,NO_ANNOT,,,Exact,0,Challenger i Man 1911,Challenger,3547646,168,ION,
593,Challenger,Challenger,137863,137873,1.69,1,NO_ANNOT,,,Exact,0,Challenger i Man 1911,Challenger,3547646,168,ION,
594,Amphinome,Amphinome,138407,138416,2.57,1,NO_ANNOT,,,Exact,0,"Amphinome Bruguière, 1789",Amphinome,84LCN,1,Catalogue of Life,
595,Challenger,Challenger,138635,138645,1.69,1,NO_ANNOT,,,Exact,0,Challenger i Man 1911,Challenger,3547646,168,ION,
596,Lepcis fascicularis,Lepcis fascicularis,138805,138824,5.22,2,NO_ANNOT,,,NoMatch,,,,,,,,
597,Lcpas fascicularis,Lcpas fascicularis,139003,139021,4.38,2,NO_ANNOT,,,Fuzzy,1,"Lepas fascicularis Ellis and Solander, 1786",Lepas fascicularis,89562,3,ITIS,
598,Drieschia pellucida,Drieschia pellucida,139044,139063,11.44,2,SP_NOV,,,Exact,0,"Drieschia pellucida Moore, 1903",Drieschia pellucida,37NGS,1,Catalogue of Life,
599,Lepidonotus,Lepidonotus,140090,140101,5.74,1,NO_ANNOT,,,Exact,0,"Lepidonotus Leach, 1816",Lepidonotus,87GTM,1,Catalogue of Life,
600,Salpae,Salpae,148561,148567,1.26,1,NO_ANNOT,,,Exact,0,Salpae,Salpae,4156139,168,ION,
601,Drieschia,Drieschia,148958,148967,4.42,1,NO_ANNOT,,,Exact,0,"Drieschia Michaelsen, 1892",Drieschia,87FQ7,1,Catalogue of Life,
602,D. pelagica,D. pelagica,149251,149262,6.93,2,NO_ANNOT,,,NoMatch,,,,,,,,
603,Tomopteris helgolandica,Tomopteris helgolandica,149639,149662,12.97,2,NO_ANNOT,,,Exact,0,"Tomopteris (Johnstonella) helgolandica (Greeff, 1879)",Tomopteris helgolandica,57DNW,1,Catalogue of Life,
604,Tomopteris,Tomopteris,149722,149732,5.22,1,NO_ANNOT,,,Exact,0,"Tomopteris Eschscholtz, 1825",Tomopteris,84VB8,1,Catalogue of Life,
605,Tomopteris,Tomopteris,150020,150030,5.22,1,NO_ANNOT,,,Exact,0,"Tomopteris Eschscholtz, 1825",Tomopteris,84VB8,1,Catalogue of Life,
606,T. helgolandica,T. helgolandica,151313,151328,7.41,2,NO_ANNOT,,,NoMatch,,,,,,,,
607,T. helgolandica,T. helgolandica,152421,152436,7.41,2,NO_ANNOT,,,NoMatch,,,,,,,,
608,T. helgolandica,T. helgolandica,152677,152692,7.41,2,NO_ANNOT,,,NoMatch,,,,,,,,
609,T. helgolandica,T. helgolandica,153719,153734,7.41,2,NO_ANNOT,,,NoMatch,,,,,,,,
610,T. onisciformis,T. onisciformis,154599,154614,6.78,2,NO_ANNOT,,,NoMatch,,,,,,,,
611,T. smithii,T. smithii,155176,155186,6.00,2,NO_ANNOT,,,NoMatch,,,,,,,,
612,Tomopteris,Tomopteris,155346,155356,5.22,1,NO_ANNOT,,,Exact,0,"Tomopteris Eschscholtz, 1825",Tomopteris,84VB8,1,Catalogue of Life,
613,Tomopteris,Tomopteris,155785,155795,5.22,1,NO_ANNOT,,,Exact,0,"Tomopteris Eschscholtz, 1825",Tomopteris,84VB8,1,Catalogue of Life,
614,T. rolasi,T. rolasi,155809,155818,4.91,2,NO_ANNOT,,,NoMatch,,,,,,,,
615,Drieschia pellucida.,Drieschia pellucida,156180,156200,11.44,2,NO_ANNOT,,,Exact,0,"Drieschia pellucida Moore, 1903",Drieschia pellucida,37NGS,1,Catalogue of Life,
616,Parapodia,Parapodia,156283,156292,4.09,1,NO_ANNOT,,,Exact,0,Parapodia,Parapodia,6GCP,1,Catalogue of Life,
617,Adele,Adele,158151,158156,3.83,1,NO_ANNOT,,,NoMatch,,,,,,,,
618,Dana,Dana,158408,158412,2.25,1,NO_ANNOT,,,Exact,0,"Dana Lowry, 2011",Dana,7P7ZM,1,Catalogue of Life,
619,Silesian,Silesian,164311,164319,0.18,1,NO_ANNOT,,,Exact,0,Silesian Ichneumonidae,Silesian,3039366,168,ION,
620,Emma,Emma,176992,176996,3.91,1,NO_ANNOT,,,Exact,0,"Emma Gray, 1843",Emma,84NF5,1,Catalogue of Life,
621,Florissant,Florissant,177011,177021,1.18,1,NO_ANNOT,,,Exact,0,Florissant Cockerell & Gill 1906,Florissant,3686435,168,ION,
622,Emma,Emma,179352,179356,3.91,1,NO_ANNOT,,,Exact,0,"Emma Gray, 1843",Emma,84NF5,1,Catalogue of Life,
623,Eightynine slides,Eightynine slides,179807,179824,2.41,2,NO_ANNOT,,,NoMatch,,,,,,,,
624,Trachelomonas,Trachelomonas,180299,180312,4.92,1,NO_ANNOT,,,Exact,0,"Trachelomonas Ehrenberg, 1835",Trachelomonas,647YB,1,Catalogue of Life,
625,Myxomycetes,Myxomycetes,180333,180344,3.67,1,NO_ANNOT,,,Exact,0,Myxomycetes,Myxomycetes,F2,1,Catalogue of Life,
626,Stewart slides,Stewart slides,180645,180659,,2,NO_ANNOT,,,NoMatch,,,,,,,,
627,Rica,Rica,183762,183766,1.99,1,NO_ANNOT,,,NoMatch,,,,,,,,
628,Mollusca,Mollusca,193536,193544,4.51,1,NO_ANNOT,,,Exact,0,Mollusca,Mollusca,M2L,1,Catalogue of Life,
