Index,Verbatim,Name,Start,End,OddsLog10,Cardinality,AnnotNomenType,WordsBefore,WordsAfter,VerifMatchType,VerifEditDistance,VerifMatchedName,VerifMatchedCanonical,VerifTaxonId,VerifDataSourceId,VerifDataSourceTitle,VerifError
0,NOTES,Notes,0,5,2.52,1,NO_ANNOT,,,Exact,0,Notes,Notes,3950760,168,ION,
1,FELICHTHYS,Felichthys,390,400,5.49,1,NO_ANNOT,,,Exact,0,"Felichthys Swainson, 1839",Felichthys,urn:lsid:irmng.org:taxname:1025621,181,IRMNG,
2,Silurus bagre,Silurus bagre,510,523,8.56,2,NO_ANNOT,,,Exact,0,"Silurus bagre Linnaeus, 1766",Silurus bagre,6Z26M,1,Catalogue of Life,
3,I'Amerique septentrionale.,I�amerique septentrionale,608,634,4.30,2,NO_ANNOT,,,NoMatch,,,,,,,,
4,Felichthys marinus,Felichthys marinus,690,708,12.38,2,NO_ANNOT,,,Exact,0,"Felichthys marinus (Mitchill, 1815)",Felichthys marinus,3DXH3,1,Catalogue of Life,
5,Silurus marinus,Silurus marinus,725,740,11.90,2,NO_ANNOT,,,Exact,0,"Silurus marinus Larrañaga, 1923",Silurus marinus,6YPTV,1,Catalogue of Life,
6,Lips,Lips,4552,4556,2.35,1,NO_ANNOT,,,Exact,0,Lips,Lips,639Y8,1,Catalogue of Life,
7,CONODON,Conodon,4769,4776,3.76,1,NO_ANNOT,,,Exact,0,Conodon,Conodon,3TCF,1,Catalogue of Life,
8,Conodon antillanus,Conodon antillanus,4824,4842,11.12,2,NO_ANNOT,,,Exact,0,"Conodon antillanus Cuvier, 1830",Conodon antillanus,XQZV,1,Catalogue of Life,
9,Jamaique.,Jamaique,4856,4865,1.90,1,NO_ANNOT,,,Exact,0,Jamaique Navas 1913,Jamaique,3527455,168,ION,
10,Conodon plumieri,Conodon plumieri,4900,4916,10.96,2,NO_ANNOT,,,Exact,0,Conodon plumieri,Conodon plumieri,gn_109502,186,MCZbase,
11,Scixma plumieri,Scixma plumieri,4930,4945,3.76,2,NO_ANNOT,,,NoMatch,,,,,,,,
12,Lips,Lips,5936,5940,2.35,1,NO_ANNOT,,,Exact,0,Lips,Lips,639Y8,1,Catalogue of Life,
13,Pcrca nohilis,Pcrca nohilis,8063,8076,4.37,2,NO_ANNOT,,,NoMatch,,,,,,,,
14,HEROS,Heros,8311,8316,4.24,1,NO_ANNOT,,,Exact,0,Heros,Heros,62V3P,1,Catalogue of Life,
15,Heros severus,Heros severus,8386,8399,7.36,2,NO_ANNOT,,,Exact,0,"Heros severus Heckel, 1840",Heros severus,6LRHM,1,Catalogue of Life,
16,Heros urophthalmus,Heros urophthalmus,8460,8478,11.18,2,NO_ANNOT,,,Exact,0,"Heros urophthalmus Günther, 1862",Heros urophthalmus,3L2V4,1,Catalogue of Life,
17,Heros uwphthaJmus,Heros uwphthajmus,8495,8512,6.25,2,NO_ANNOT,,,PartialExact,0,Heros,Heros,62V3P,1,Catalogue of Life,
18,Cheilichthys testudimeus,Cheilichthys testudimeus,9517,9541,8.17,2,NO_ANNOT,,,Fuzzy,1,Cheilichthys testudineus,Cheilichthys testudineus,gn_144834,186,MCZbase,
19,BAIOSTOMA,Baiostoma,9749,9758,5.11,1,NO_ANNOT,,,Exact,0,"Baiostoma Bean in Goode & Bean, 1882",Baiostoma,615986,3,ITIS,
20,Baiostoma hranchialis,Baiostoma hranchialis,9826,9847,7.80,2,NO_ANNOT,,,PartialExact,0,"Baiostoma Bean in Goode & Bean, 1882",Baiostoma,615986,3,ITIS,
21,Grammichthys,Grammichthys,10106,10118,5.85,1,NO_ANNOT,,,Exact,0,"Grammichthys Kaup, 1858",Grammichthys,1007662,3,ITIS,
22,Kaup,Kaup,10119,10123,0.47,1,NO_ANNOT,,,Exact,0,Oileus (Kaup) Kaup 1869,Kaup,1105544,2,Wikispecies,
23,PIcuronectes lineatus,Picuronectes lineatus,10156,10177,5.16,2,NO_ANNOT,,,NoMatch,,,,,,,,
24,Biastoma lineata,Biastoma lineata,10231,10247,6.18,2,NO_ANNOT,,,NoMatch,,,,,,,,
25,Pleuronedes lineatus,Pleuronedes lineatus,10264,10284,6.47,2,NO_ANNOT,,,NoMatch,,,,,,,,
26,Fuscus,Fuscus,10352,10358,5.46,1,NO_ANNOT,,,Exact,0,Fuscus,Fuscus,4LJB,1,Catalogue of Life,
27,Phataria,Phataria,11304,11312,4.68,1,NO_ANNOT,,,Exact,0,"Phataria Gray, 1840",Phataria,7PR9D,1,Catalogue of Life,
28,Linckia fascialis she,Linckia fascialis she,11313,11334,9.43,3,NO_ANNOT,,,PartialExact,0,"Linckia Nardo, 1834",Linckia,7PBHQ,1,Catalogue of Life,
29,Phataria,Phataria,11650,11658,4.68,1,NO_ANNOT,,,Exact,0,"Phataria Gray, 1840",Phataria,7PR9D,1,Catalogue of Life,
30,Alnus,Alnus,14578,14583,4.91,1,NO_ANNOT,,,Exact,0,Alnus,Alnus,SQX,1,Catalogue of Life,
31,Glutinosa,Glutinosa,14584,14593,3.16,1,NO_ANNOT,,,Exact,0,Panicum sect. Glutinosa Zuloaga,Glutinosa,42973-1,167,IPNI,
32,Lupinus mutabilis,Lupinus mutabilis,14628,14645,12.65,2,NO_ANNOT,,,Exact,0,Lupinus mutabilis Sweet,Lupinus mutabilis,3WFHY,1,Catalogue of Life,
33,Schinzia celhdicola.,Schinzia celhdicola,14775,14795,7.09,2,NO_ANNOT,,,PartialExact,0,Schinzia Dennst.,Schinzia,5TG5N,1,Catalogue of Life,
34,Alnus.,Alnus,14965,14971,4.91,1,NO_ANNOT,,,Exact,0,Alnus,Alnus,SQX,1,Catalogue of Life,
35,Plasmodiophora,Plasmodiophora,15030,15044,6.90,1,NO_ANNOT,,,Exact,0,Plasmodiophora,Plasmodiophora,6RJD,1,Catalogue of Life,
36,Alnus incana,Alnus incana,15241,15253,11.36,2,NO_ANNOT,,,Exact,0,Alnus incana (L.) Moench,Alnus incana,5TWTV,1,Catalogue of Life,
37,Alnus serridata,Alnus serridata,15254,15269,7.78,2,NO_ANNOT,,,PartialExact,0,Alnus,Alnus,SQX,1,Catalogue of Life,
38,Abius undulata,Abius undulata,15270,15284,5.56,2,NO_ANNOT,,,NoMatch,,,,,,,,
39,Ceanothus americanus,Ceanothus americanus,15285,15305,12.18,2,NO_ANNOT,,,Exact,0,Ceanothus americanus L.,Ceanothus americanus,RYP3,1,Catalogue of Life,
40,Myrica gale,Myrica gale,15306,15317,5.59,2,NO_ANNOT,,,Exact,0,Myrica gale L.,Myrica gale,458DN,1,Catalogue of Life,
41,Hippophce rhamnoides,Hippophce rhamnoides,15318,15338,3.71,2,NO_ANNOT,,,Fuzzy,1,Hippophae rhamnoides L.,Hippophae rhamnoides,3M2F8,1,Catalogue of Life,
42,Shepherdia,Shepherdia,15371,15381,4.25,1,NO_ANNOT,,,Exact,0,Shepherdia Nutt.,Shepherdia,7GD6,1,Catalogue of Life,
43,Myrica cerifera,Myrica cerifera,15401,15416,8.17,2,NO_ANNOT,,,Exact,0,Myrica cerifera L.,Myrica cerifera,458D2,1,Catalogue of Life,
44,Alnus glutinosa,Alnus glutinosa,15663,15678,12.38,2,NO_ANNOT,,,Exact,0,Alnus glutinosa (L.) Gaertn.,Alnus glutinosa,C2Q2,1,Catalogue of Life,
45,Frankia alni,Frankia alni,15679,15691,7.73,2,NO_ANNOT,,,Exact,0,"Frankia alni (Woronin, 1866) Von Tubeuf, 1895",Frankia alni,6JL29,1,Catalogue of Life,
46,Ceanothus americanus,Ceanothus americanus,15749,15769,12.18,2,NO_ANNOT,,,Exact,0,Ceanothus americanus L.,Ceanothus americanus,RYP3,1,Catalogue of Life,
47,Frankia ceanothi,Frankia ceanothi,15770,15786,10.77,2,NO_ANNOT,,,PartialExact,0,"Frankia Brunchorst, 1886",Frankia,4KZK,1,Catalogue of Life,
48,Myrica gale,Myrica gale,15797,15808,5.59,2,NO_ANNOT,,,Exact,0,Myrica gale L.,Myrica gale,458DN,1,Catalogue of Life,
49,Frankia brunchorstii,Frankia brunchorstii,15809,15829,11.96,2,NO_ANNOT,,,Exact,0,Frankia brunchorstii Möller,Frankia brunchorstii,7859479,11,GBIF Backbone Taxonomy,
50,Frankia,Frankia,15860,15867,4.82,1,NO_ANNOT,,,Exact,0,"Frankia Brunchorst, 1886",Frankia,4KZK,1,Catalogue of Life,
51,HippophcB rhamnoides,Hippophcb rhamnoides,15890,15910,3.71,2,NO_ANNOT,,,NoMatch,,,,,,,,
52,Shepherdia,Shepherdia,15918,15928,4.25,1,NO_ANNOT,,,Exact,0,Shepherdia Nutt.,Shepherdia,7GD6,1,Catalogue of Life,
53,Schinzia,Schinzia,16042,16050,4.99,1,NO_ANNOT,,,Exact,0,Schinzia Dennst.,Schinzia,5TG5N,1,Catalogue of Life,
54,Plasmodiophora,Plasmodiophora,16193,16207,6.90,1,NO_ANNOT,,,Exact,0,Plasmodiophora,Plasmodiophora,6RJD,1,Catalogue of Life,
55,Plasmodiophora alni.,Plasmodiophora alni,16269,16289,9.81,2,NO_ANNOT,,,Exact,0,Plasmodiophora alni (Woronin) Möller 1885,Plasmodiophora alni,207390,5,Index Fungorum,
56,Frankia,Frankia,16405,16412,4.82,1,NO_ANNOT,,,Exact,0,"Frankia Brunchorst, 1886",Frankia,4KZK,1,Catalogue of Life,
57,Frankia subtilis,Frankia subtilis,16426,16442,11.96,2,NO_ANNOT,,,Exact,0,Frankia subtilis Brunch.,Frankia subtilis,7677097,11,GBIF Backbone Taxonomy,
58,Societe royale,Societe royale,16766,16780,3.08,2,NO_ANNOT,,,NoMatch,,,,,,,,
59,Plasmodiophora alni,Plasmodiophora alni,16846,16865,9.81,2,NO_ANNOT,,,Exact,0,Plasmodiophora alni (Woronin) Möller 1885,Plasmodiophora alni,207390,5,Index Fungorum,
60,Alnus,Alnus,16990,16995,4.91,1,NO_ANNOT,,,Exact,0,Alnus,Alnus,SQX,1,Catalogue of Life,
61,Myrica gale,Myrica gale,17122,17133,5.59,2,NO_ANNOT,,,Exact,0,Myrica gale L.,Myrica gale,458DN,1,Catalogue of Life,
62,Frankia hruncJiorstii.,Frankia hruncjiorstii,17164,17186,6.96,2,NO_ANNOT,,,PartialExact,0,"Frankia Brunchorst, 1886",Frankia,4KZK,1,Catalogue of Life,
63,Frankia,Frankia,17316,17323,4.82,1,NO_ANNOT,,,Exact,0,"Frankia Brunchorst, 1886",Frankia,4KZK,1,Catalogue of Life,
64,Ceanothus americanus,Ceanothus americanus,17375,17395,12.18,2,NO_ANNOT,,,Exact,0,Ceanothus americanus L.,Ceanothus americanus,RYP3,1,Catalogue of Life,
65,Frankia ceanothi.,Frankia ceanothi,17412,17429,10.77,2,NO_ANNOT,,,PartialExact,0,"Frankia Brunchorst, 1886",Frankia,4KZK,1,Catalogue of Life,
66,Shepherdia,Shepherdia,17472,17482,4.25,1,NO_ANNOT,,,Exact,0,Shepherdia Nutt.,Shepherdia,7GD6,1,Catalogue of Life,
67,Frankia,Frankia,17537,17544,4.82,1,NO_ANNOT,,,Exact,0,"Frankia Brunchorst, 1886",Frankia,4KZK,1,Catalogue of Life,
68,Alnus.,Alnus,17572,17578,4.91,1,NO_ANNOT,,,Exact,0,Alnus,Alnus,SQX,1,Catalogue of Life,
69,Frankia alni,Frankia alni,17636,17648,7.73,2,NO_ANNOT,,,Exact,0,"Frankia alni (Woronin, 1866) Von Tubeuf, 1895",Frankia alni,6JL29,1,Catalogue of Life,
70,Frankia ceanothi,Frankia ceanothi,17723,17739,10.77,2,NO_ANNOT,,,PartialExact,0,"Frankia Brunchorst, 1886",Frankia,4KZK,1,Catalogue of Life,
71,Ceanothus,Ceanothus,17769,17778,4.82,1,NO_ANNOT,,,Exact,0,Ceanothus L.,Ceanothus,62KF2,1,Catalogue of Life,
72,Frankia briinchorstii,Frankia briinchorstii,17783,17804,6.96,2,NO_ANNOT,,,PartialExact,0,"Frankia Brunchorst, 1886",Frankia,4KZK,1,Catalogue of Life,
73,Myrica cerifera,Myrica cerifera,17881,17896,8.17,2,NO_ANNOT,,,Exact,0,Myrica cerifera L.,Myrica cerifera,458D2,1,Catalogue of Life,
74,Frankia subtilis,Frankia subtilis,19518,19534,11.96,2,NO_ANNOT,,,Exact,0,Frankia subtilis Brunch.,Frankia subtilis,7677097,11,GBIF Backbone Taxonomy,
75,Frankia,Frankia,19646,19653,4.82,1,NO_ANNOT,,,Exact,0,"Frankia Brunchorst, 1886",Frankia,4KZK,1,Catalogue of Life,
76,Lathyrus maritimus,Lathyrus maritimus,20383,20401,11.87,2,NO_ANNOT,,,Exact,0,Lathyrus maritimus (L.) Fr.,Lathyrus maritimus,3SKXB,1,Catalogue of Life,
77,Ammophila arenaria,Ammophila arenaria,20609,20627,10.20,2,NO_ANNOT,,,Exact,0,Ammophila arenaria (L.) Link,Ammophila arenaria,66CPP,1,Catalogue of Life,
78,Frankia brunchorstii,Frankia brunchorstii,21222,21242,11.96,2,NO_ANNOT,,,Exact,0,Frankia brunchorstii Möller,Frankia brunchorstii,7859479,11,GBIF Backbone Taxonomy,
79,Monotropa,Monotropa,21378,21387,4.76,1,NO_ANNOT,,,Exact,0,Monotropa L.,Monotropa,63CVZ,1,Catalogue of Life,
80,Thismia,Thismia,21512,21519,4.36,1,NO_ANNOT,,,Exact,0,Thismia,Thismia,7W3C,1,Catalogue of Life,
81,Frankia,Frankia,21698,21705,4.82,1,NO_ANNOT,,,Exact,0,"Frankia Brunchorst, 1886",Frankia,4KZK,1,Catalogue of Life,
82,Myrica cerifera.,Myrica cerifera,21740,21756,8.17,2,NO_ANNOT,,,Exact,0,Myrica cerifera L.,Myrica cerifera,458D2,1,Catalogue of Life,
83,Frankia,Frankia,21787,21794,4.82,1,NO_ANNOT,,,Exact,0,"Frankia Brunchorst, 1886",Frankia,4KZK,1,Catalogue of Life,
84,Frankia,Frankia,22104,22111,4.82,1,NO_ANNOT,,,Exact,0,"Frankia Brunchorst, 1886",Frankia,4KZK,1,Catalogue of Life,
85,Ammophila arenaria.,Ammophila arenaria,23292,23311,10.20,2,NO_ANNOT,,,Exact,0,Ammophila arenaria (L.) Link,Ammophila arenaria,66CPP,1,Catalogue of Life,
86,Schinzia.,Schinzia,25134,25143,4.99,1,NO_ANNOT,,,Exact,0,Schinzia Dennst.,Schinzia,5TG5N,1,Catalogue of Life,
87,Plasmodiophora,Plasmodiophora,25281,25295,6.90,1,NO_ANNOT,,,Exact,0,Plasmodiophora,Plasmodiophora,6RJD,1,Catalogue of Life,
88,Plasmodiophora.,Plasmodiophora,25475,25490,6.90,1,NO_ANNOT,,,Exact,0,Plasmodiophora,Plasmodiophora,6RJD,1,Catalogue of Life,
89,Frankia,Frankia,25630,25637,4.82,1,NO_ANNOT,,,Exact,0,"Frankia Brunchorst, 1886",Frankia,4KZK,1,Catalogue of Life,
90,Frankia ceanothi,Frankia ceanothi,26084,26100,10.77,2,NO_ANNOT,,,PartialExact,0,"Frankia Brunchorst, 1886",Frankia,4KZK,1,Catalogue of Life,
91,Ceanothus americanus.,Ceanothus americanus,26163,26184,12.18,2,NO_ANNOT,,,Exact,0,Ceanothus americanus L.,Ceanothus americanus,RYP3,1,Catalogue of Life,
92,Alnus,Alnus,27615,27620,4.91,1,NO_ANNOT,,,Exact,0,Alnus,Alnus,SQX,1,Catalogue of Life,
93,Myrica cerifera,Myrica cerifera,28716,28731,8.17,2,NO_ANNOT,,,Exact,0,Myrica cerifera L.,Myrica cerifera,458D2,1,Catalogue of Life,
94,Frankia brunchorstii,Frankia brunchorstii,28752,28772,11.96,2,NO_ANNOT,,,Exact,0,Frankia brunchorstii Möller,Frankia brunchorstii,7859479,11,GBIF Backbone Taxonomy,
95,Plasmodiophora,Plasmodiophora,34727,34741,6.90,1,NO_ANNOT,,,Exact,0,Plasmodiophora,Plasmodiophora,6RJD,1,Catalogue of Life,
96,Frankia,Frankia,34937,34944,4.82,1,NO_ANNOT,,,Exact,0,"Frankia Brunchorst, 1886",Frankia,4KZK,1,Catalogue of Life,
97,Frankia,Frankia,35109,35116,4.82,1,NO_ANNOT,,,Exact,0,"Frankia Brunchorst, 1886",Frankia,4KZK,1,Catalogue of Life,
98,Pythium,Pythium,35157,35164,4.86,1,NO_ANNOT,,,Exact,0,Pythium,Pythium,768P,1,Catalogue of Life,
99,Peronospora.,Peronospora,35169,35181,6.35,1,NO_ANNOT,,,Exact,0,Peronospora,Peronospora,6LQ7,1,Catalogue of Life,
100,Myrica cerifera,Myrica cerifera,35562,35577,8.17,2,NO_ANNOT,,,Exact,0,Myrica cerifera L.,Myrica cerifera,458D2,1,Catalogue of Life,
101,Frankia subtilis,Frankia subtilis,35723,35739,11.96,2,NO_ANNOT,,,Exact,0,Frankia subtilis Brunch.,Frankia subtilis,7677097,11,GBIF Backbone Taxonomy,
102,Alnus,Alnus,36252,36257,4.91,1,NO_ANNOT,,,Exact,0,Alnus,Alnus,SQX,1,Catalogue of Life,
103,Glutinosa,Glutinosa,36258,36267,3.16,1,NO_ANNOT,,,Exact,0,Panicum sect. Glutinosa Zuloaga,Glutinosa,42973-1,167,IPNI,
104,Lupinus mutabilis,Lupinus mutabilis,36302,36319,12.65,2,NO_ANNOT,,,Exact,0,Lupinus mutabilis Sweet,Lupinus mutabilis,3WFHY,1,Catalogue of Life,
105,Alnus,Alnus,36829,36834,4.91,1,NO_ANNOT,,,Exact,0,Alnus,Alnus,SQX,1,Catalogue of Life,
106,Societe royale,Societe royale,37023,37037,3.08,2,NO_ANNOT,,,NoMatch,,,,,,,,
107,Plasmodiophora,Plasmodiophora,37201,37215,6.90,1,NO_ANNOT,,,Exact,0,Plasmodiophora,Plasmodiophora,6RJD,1,Catalogue of Life,
108,Alnus,Alnus,37368,37373,4.91,1,NO_ANNOT,,,Exact,0,Alnus,Alnus,SQX,1,Catalogue of Life,
109,Frankia sub,Frankia sub,37736,37747,3.06,2,NO_ANNOT,,,PartialExact,0,"Frankia Brunchorst, 1886",Frankia,4KZK,1,Catalogue of Life,
110,Ceanothus.,Ceanothus,37894,37904,4.82,1,NO_ANNOT,,,Exact,0,Ceanothus L.,Ceanothus,62KF2,1,Catalogue of Life,
111,Frankia,Frankia,37972,37979,4.82,1,NO_ANNOT,,,Exact,0,"Frankia Brunchorst, 1886",Frankia,4KZK,1,Catalogue of Life,
112,Alnus glutinosa.,Alnus glutinosa,38309,38325,12.38,2,NO_ANNOT,,,Exact,0,Alnus glutinosa (L.) Gaertn.,Alnus glutinosa,C2Q2,1,Catalogue of Life,
113,Myrica cerifera,Myrica cerifera,38453,38468,8.17,2,NO_ANNOT,,,Exact,0,Myrica cerifera L.,Myrica cerifera,458D2,1,Catalogue of Life,
114,Rotatoria.,Rotatoria,39548,39558,4.85,1,NO_ANNOT,,,Exact,0,Rotatoria Ehrenberg 1838,Rotatoria,206,113,Zoological names,
115,Rotatoria.,Rotatoria,39887,39897,4.85,1,NO_ANNOT,,,Exact,0,Rotatoria Ehrenberg 1838,Rotatoria,206,113,Zoological names,
116,Rotatoria,Rotatoria,40133,40142,4.85,1,NO_ANNOT,,,Exact,0,Rotatoria Ehrenberg 1838,Rotatoria,206,113,Zoological names,
117,Rotatoria,Rotatoria,40397,40406,4.85,1,NO_ANNOT,,,Exact,0,Rotatoria Ehrenberg 1838,Rotatoria,206,113,Zoological names,
118,Rotatoria,Rotatoria,40604,40613,4.85,1,NO_ANNOT,,,Exact,0,Rotatoria Ehrenberg 1838,Rotatoria,206,113,Zoological names,
119,Rotatoria,Rotatoria,41094,41103,4.85,1,NO_ANNOT,,,Exact,0,Rotatoria Ehrenberg 1838,Rotatoria,206,113,Zoological names,
120,Rotatoria,Rotatoria,41235,41244,4.85,1,NO_ANNOT,,,Exact,0,Rotatoria Ehrenberg 1838,Rotatoria,206,113,Zoological names,
121,Apsilus lentiformis.,Apsilus lentiformis,41813,41833,12.72,2,NO_ANNOT,,,Exact,0,"Apsilus lentiformis Mecznikow, 1866",Apsilus lentiformis,FYBN,1,Catalogue of Life,
122,Stephanoceros,Stephanoceros,41861,41874,5.71,1,NO_ANNOT,,,Exact,0,Stephanoceros,Stephanoceros,7N2D,1,Catalogue of Life,
123,Floscularia,Floscularia,41895,41906,5.14,1,NO_ANNOT,,,Exact,0,Floscularia,Floscularia,4KK5,1,Catalogue of Life,
124,Rotatoria,Rotatoria,42263,42272,4.85,1,NO_ANNOT,,,Exact,0,Rotatoria Ehrenberg 1838,Rotatoria,206,113,Zoological names,
125,Apsilus alone.,Apsilus alone,42831,42845,5.16,2,NO_ANNOT,,,PartialExact,0,Apsilus,Apsilus,ZBG,1,Catalogue of Life,
126,Apsilus,Apsilus,42889,42896,5.50,1,NO_ANNOT,,,Exact,0,Apsilus,Apsilus,ZBG,1,Catalogue of Life,
127,Stephanoceros,Stephanoceros,42901,42914,5.71,1,NO_ANNOT,,,Exact,0,Stephanoceros,Stephanoceros,7N2D,1,Catalogue of Life,
128,Floscularia,Floscularia,42923,42934,5.14,1,NO_ANNOT,,,Exact,0,Floscularia,Floscularia,4KK5,1,Catalogue of Life,
129,APSILUS,Apsilus,42992,42999,5.50,1,NO_ANNOT,,,Exact,0,Apsilus,Apsilus,ZBG,1,Catalogue of Life,
130,Dictyophora,Dictyophora,43053,43064,6.35,1,SP_NOV,,,Exact,0,"Dictyophora F.Schmitz, 1896",Dictyophora,633B8,1,Catalogue of Life,
131,Apsilus,Apsilus,43150,43157,5.50,1,SP_NOV,,,Exact,0,Apsilus,Apsilus,ZBG,1,Catalogue of Life,
132,Cupelopagis,Cupelopagis,43603,43614,4.27,1,NO_ANNOT,,,Exact,0,Cupelopagis,Cupelopagis,62PQ3,1,Catalogue of Life,
133,Apsilus bipera,Apsilus bipera,43753,43767,11.79,2,NO_ANNOT,,,Fuzzy,1,Apsilus hipera Fulke 1884,Apsilus hipera,4035770,168,ION,
134,Apsilus vorax,Apsilus vorax,44043,44056,10.05,2,NO_ANNOT,,,Fuzzy,1,"Asilus vorax Harris, 1835",Asilus vorax,8B4GP,1,Catalogue of Life,
135,A. bipera,A. bipera,44063,44072,5.95,2,NO_ANNOT,,,NoMatch,,,,,,,,
136,Apsilus vorax,Apsilus vorax,44196,44209,10.05,2,NO_ANNOT,,,Fuzzy,1,"Asilus vorax Harris, 1835",Asilus vorax,8B4GP,1,Catalogue of Life,
137,Apsilus.,Apsilus,45007,45015,5.50,1,NO_ANNOT,,,Exact,0,Apsilus,Apsilus,ZBG,1,Catalogue of Life,
138,Apsilus.,Apsilus,45543,45551,5.50,1,NO_ANNOT,,,Exact,0,Apsilus,Apsilus,ZBG,1,Catalogue of Life,
139,A. bucinedax,A. bucinedax,45552,45564,5.08,2,NO_ANNOT,,,NoMatch,,,,,,,,
140,Hence bipera,Hence bipera,46555,46567,,2,NO_ANNOT,,,NoMatch,,,,,,,,
141,Rotatoria,Rotatoria,50077,50086,4.85,1,NO_ANNOT,,,Exact,0,Rotatoria Ehrenberg 1838,Rotatoria,206,113,Zoological names,
142,Ostracoda,Ostracoda,50092,50101,5.19,1,NO_ANNOT,,,Exact,0,Ostracoda,Ostracoda,62299,1,Catalogue of Life,
143,Nematoda,Nematoda,50102,50110,3.40,1,NO_ANNOT,,,Exact,0,Nematoda,Nematoda,NM,1,Catalogue of Life,
144,Infusoria,Infusoria,50111,50120,4.85,1,NO_ANNOT,,,Exact,0,Infusoria Ciliata,Infusoria,4085954,168,ION,
145,Acarina.,Acarina,50125,50133,3.72,1,NO_ANNOT,,,Exact,0,"Omaloplia (Acarina) Baraud, 1965",Acarina,63XSS,1,Catalogue of Life,
146,A. vorax,A. vorax,52560,52568,4.22,2,NO_ANNOT,,,NoMatch,,,,,,,,
147,A. lentiformis,A. lentiformis,52594,52608,6.88,2,NO_ANNOT,,,NoMatch,,,,,,,,
148,Sphincter coronse secundus,Sphincter coronse secundus,52943,52969,0.60,3,NO_ANNOT,,,NoMatch,,,,,,,,
149,Sphincter coronse tertius,Sphincter coronse tertius,53061,53086,1.03,3,NO_ANNOT,,,NoMatch,,,,,,,,
150,Sphincter coronse quartus,Sphincter coronse quartus,53139,53164,1.20,3,NO_ANNOT,,,NoMatch,,,,,,,,
151,Sphincter coronse quintus,Sphincter coronse quintus,53265,53290,1.20,3,NO_ANNOT,,,NoMatch,,,,,,,,
152,Sphincter coronse sextus,Sphincter coronse sextus,53397,53421,0.93,3,NO_ANNOT,,,NoMatch,,,,,,,,
153,Sphincter coronse septimus,Sphincter coronse septimus,53472,53498,0.47,3,NO_ANNOT,,,NoMatch,,,,,,,,
154,Sphincter coronse octavus,Sphincter coronse octavus,53623,53648,,3,NO_ANNOT,,,NoMatch,,,,,,,,
155,Sphincter trunci primus,Sphincter trunci primus,53732,53755,0.74,3,NO_ANNOT,,,NoMatch,,,,,,,,
156,Sphincter trunci secundus,Sphincter trunci secundus,53862,53887,4.48,3,NO_ANNOT,,,NoMatch,,,,,,,,
157,Sphincter trunci tertius,Sphincter trunci tertius,53941,53965,4.91,3,NO_ANNOT,,,NoMatch,,,,,,,,
158,Sphincter trunci,Sphincter trunci,54029,54045,,2,NO_ANNOT,,,NoMatch,,,,,,,,
159,Sphincter trunci quintus,Sphincter trunci quintus,54134,54158,5.09,3,NO_ANNOT,,,NoMatch,,,,,,,,
160,Sphincter trunci sextus,Sphincter trunci sextus,54250,54273,4.81,3,NO_ANNOT,,,NoMatch,,,,,,,,
161,Retractor corona secundus,Retractor corona secundus,54626,54651,2.36,3,NO_ANNOT,,,NoMatch,,,,,,,,
162,Retractor coronse tertius,Retractor coronse tertius,54720,54745,1.55,3,NO_ANNOT,,,NoMatch,,,,,,,,
163,Retractor coronse quartus,Retractor coronse quartus,54911,54936,1.73,3,NO_ANNOT,,,NoMatch,,,,,,,,
164,Retractor coronse sextus,Retractor coronse sextus,55137,55161,1.45,3,NO_ANNOT,,,NoMatch,,,,,,,,
165,Compressor trunci,Compressor trunci,55459,55476,0.20,2,NO_ANNOT,,,NoMatch,,,,,,,,
166,Retractor mastacis,Retractor mastacis,55873,55891,1.46,2,NO_ANNOT,,,NoMatch,,,,,,,,
167,Sphincter oesophagi,Sphincter oesophagi,55968,55987,1.22,2,NO_ANNOT,,,NoMatch,,,,,,,,
168,Depressor trunci,Depressor trunci,56082,56098,0.03,2,NO_ANNOT,,,NoMatch,,,,,,,,
169,Depressor trunci tertius,Depressor trunci tertius,56371,56395,4.97,3,NO_ANNOT,,,NoMatch,,,,,,,,
170,Depressor trunci quartus,Depressor trunci quartus,56483,56507,5.15,3,NO_ANNOT,,,NoMatch,,,,,,,,
171,Nemertini,Nemertini,63636,63645,3.07,1,NO_ANNOT,,,Exact,0,Nemertini,Nemertini,urn:lsid:marinespecies.org:taxname:246812,9,WoRMS,
172,Annelida,Annelida,63646,63654,3.81,1,NO_ANNOT,,,Exact,0,Annelida,Annelida,NN,1,Catalogue of Life,
173,Crustacea,Crustacea,63659,63668,4.98,1,NO_ANNOT,,,Exact,0,"Crustacea Brünnich, 1772",Crustacea,83677,3,ITIS,
174,STEPHANOCEROS,Stephanoceros,67639,67652,5.71,1,NO_ANNOT,,,Exact,0,Stephanoceros,Stephanoceros,7N2D,1,Catalogue of Life,
175,Stephanoceros,Stephanoceros,67671,67684,5.71,1,NO_ANNOT,,,Exact,0,Stephanoceros,Stephanoceros,7N2D,1,Catalogue of Life,
176,Oken1815,Oken,67827,67835,0.87,1,NO_ANNOT,,,Exact,0,"Penella (Oken) Quidor, 1913",Oken,urn:lsid:marinespecies.org:taxname:1398717,9,WoRMS,
177,Coronella fimhriata.,Coronella fimhriata,67910,67930,14.10,2,NO_ANNOT,,,Fuzzy,1,Coronella fimbriata,Coronella fimbriata,172710,183,Sherborn Index Animalium,
178,Stephanoceros,Stephanoceros,68000,68013,5.71,1,NO_ANNOT,,,Exact,0,Stephanoceros,Stephanoceros,7N2D,1,Catalogue of Life,
179,Stephanoceros,Stephanoceros,68037,68050,5.71,1,NO_ANNOT,,,Exact,0,Stephanoceros,Stephanoceros,7N2D,1,Catalogue of Life,
180,S. fimbriatus,S. fimbriatus,68229,68242,7.50,2,NO_ANNOT,,,NoMatch,,,,,,,,
181,S. eichhornii,S. eichhornii,68260,68273,6.98,2,NO_ANNOT,,,NoMatch,,,,,,,,
182,S. glacialis,S. glacialis,68542,68554,6.97,2,NO_ANNOT,,,NoMatch,,,,,,,,
183,Rotatoria,Rotatoria,73914,73923,4.85,1,NO_ANNOT,,,Exact,0,Rotatoria Ehrenberg 1838,Rotatoria,206,113,Zoological names,
184,FLOSCULARIA,Floscularia,82955,82966,5.14,1,NO_ANNOT,,,Exact,0,Floscularia,Floscularia,4KK5,1,Catalogue of Life,
185,Oken.,Oken,82967,82972,0.87,1,NO_ANNOT,,,Exact,0,"Penella (Oken) Quidor, 1913",Oken,urn:lsid:marinespecies.org:taxname:1398717,9,WoRMS,
186,F. campanulata,F. campanulata,84574,84588,7.99,2,NO_ANNOT,,,NoMatch,,,,,,,,
187,F. conklini,F. conklini,84758,84769,5.96,2,NO_ANNOT,,,NoMatch,,,,,,,,
188,F. coronetta,F. coronetta,85002,85014,4.78,2,NO_ANNOT,,,NoMatch,,,,,,,,
189,F. ambigua,F. ambigua,85043,85053,5.20,2,NO_ANNOT,,,NoMatch,,,,,,,,
190,Stephanoceros,Stephanoceros,88579,88592,5.71,1,NO_ANNOT,,,Exact,0,Stephanoceros,Stephanoceros,7N2D,1,Catalogue of Life,
191,Heliozoa,Heliozoa,90063,90071,3.41,1,NO_ANNOT,,,Exact,0,Heliozoa,Heliozoa,4Q,1,Catalogue of Life,
192,Ambigua,Ambigua,90490,90497,3.57,1,NO_ANNOT,,,Exact,0,"Ambigua Westerlund, 1902",Ambigua,urn:lsid:irmng.org:taxname:1391127,181,IRMNG,
193,Apsilus,Apsilus,92782,92789,5.50,1,NO_ANNOT,,,Exact,0,Apsilus,Apsilus,ZBG,1,Catalogue of Life,
194,Infusoria,Infusoria,94207,94216,4.85,1,NO_ANNOT,,,Exact,0,Infusoria Ciliata,Infusoria,4085954,168,ION,
195,Mastigophora,Mastigophora,94221,94233,6.59,1,NO_ANNOT,,,Exact,0,Mastigophora,Mastigophora,84RBN,1,Catalogue of Life,
196,Stephanoceros,Stephanoceros,94681,94694,5.71,1,NO_ANNOT,,,Exact,0,Stephanoceros,Stephanoceros,7N2D,1,Catalogue of Life,
197,Floscularia,Floscularia,94699,94710,5.14,1,NO_ANNOT,,,Exact,0,Floscularia,Floscularia,4KK5,1,Catalogue of Life,
198,Rotatoria,Rotatoria,94772,94781,4.85,1,NO_ANNOT,,,Exact,0,Rotatoria Ehrenberg 1838,Rotatoria,206,113,Zoological names,
199,Rotatoria.,Rotatoria,95075,95085,4.85,1,NO_ANNOT,,,Exact,0,Rotatoria Ehrenberg 1838,Rotatoria,206,113,Zoological names,
200,Apsilus.,Apsilus,95739,95747,5.50,1,NO_ANNOT,,,Exact,0,Apsilus,Apsilus,ZBG,1,Catalogue of Life,
201,Apsilus,Apsilus,97670,97677,5.50,1,NO_ANNOT,,,Exact,0,Apsilus,Apsilus,ZBG,1,Catalogue of Life,
202,Floscularia.,Floscularia,97700,97712,5.14,1,NO_ANNOT,,,Exact,0,Floscularia,Floscularia,4KK5,1,Catalogue of Life,
203,F. ambigua,F. ambigua,100640,100650,5.20,2,NO_ANNOT,,,NoMatch,,,,,,,,
204,Stephanoceros may,Stephanoceros may,101963,101980,3.95,2,NO_ANNOT,,,PartialExact,0,Stephanoceros,Stephanoceros,7N2D,1,Catalogue of Life,
205,Campanulata,Campanulata,103547,103558,3.41,1,NO_ANNOT,,,Exact,0,Epimedium ser. Campanulata Stearn,Campanulata,20008727-1,167,IPNI,
206,F. companulata.,F. companulata,108126,108141,7.99,2,NO_ANNOT,,,NoMatch,,,,,,,,
207,Rotatoria,Rotatoria,108249,108258,4.85,1,NO_ANNOT,,,Exact,0,Rotatoria Ehrenberg 1838,Rotatoria,206,113,Zoological names,
208,Floscularia,Floscularia,110876,110887,5.14,1,NO_ANNOT,,,Exact,0,Floscularia,Floscularia,4KK5,1,Catalogue of Life,
209,Stephanoceros,Stephanoceros,110888,110901,5.71,1,NO_ANNOT,,,Exact,0,Stephanoceros,Stephanoceros,7N2D,1,Catalogue of Life,
210,Apsilus.,Apsilus,110906,110914,5.50,1,NO_ANNOT,,,Exact,0,Apsilus,Apsilus,ZBG,1,Catalogue of Life,
211,Apsilus,Apsilus,111044,111051,5.50,1,NO_ANNOT,,,Exact,0,Apsilus,Apsilus,ZBG,1,Catalogue of Life,
212,Floscularia,Floscularia,111085,111096,5.14,1,NO_ANNOT,,,Exact,0,Floscularia,Floscularia,4KK5,1,Catalogue of Life,
213,Stephanoceros,Stephanoceros,111101,111114,5.71,1,NO_ANNOT,,,Exact,0,Stephanoceros,Stephanoceros,7N2D,1,Catalogue of Life,
214,Stephanoceros,Stephanoceros,111644,111657,5.71,1,NO_ANNOT,,,Exact,0,Stephanoceros,Stephanoceros,7N2D,1,Catalogue of Life,
215,Floscularia,Floscularia,111678,111689,5.14,1,NO_ANNOT,,,Exact,0,Floscularia,Floscularia,4KK5,1,Catalogue of Life,
216,Apsilus,Apsilus,111710,111717,5.50,1,NO_ANNOT,,,Exact,0,Apsilus,Apsilus,ZBG,1,Catalogue of Life,
217,Floscularia edentata,Floscularia edentata,111718,111738,12.88,2,NO_ANNOT,,,Exact,0,"Floscularia edentata Collins, 1872",Floscularia edentata,9095290,11,GBIF Backbone Taxonomy,
218,Apsilus.,Apsilus,111895,111903,5.50,1,NO_ANNOT,,,Exact,0,Apsilus,Apsilus,ZBG,1,Catalogue of Life,
219,Stephanoceros,Stephanoceros,111907,111920,5.71,1,NO_ANNOT,,,Exact,0,Stephanoceros,Stephanoceros,7N2D,1,Catalogue of Life,
220,Floscularia there,Floscularia there,112007,112024,3.45,2,NO_ANNOT,,,PartialExact,0,Floscularia,Floscularia,4KK5,1,Catalogue of Life,
221,Rousselet hoodii,Rousselet hoodii,112199,112215,2.82,2,NO_ANNOT,,,NoMatch,,,,,,,,
222,Hudson cucullata,Hudson cucullata,112216,112232,1.14,2,NO_ANNOT,,,NoMatch,,,,,,,,
223,Stephanoceros,Stephanoceros,112473,112486,5.71,1,NO_ANNOT,,,Exact,0,Stephanoceros,Stephanoceros,7N2D,1,Catalogue of Life,
224,Floscularia,Floscularia,112491,112502,5.14,1,NO_ANNOT,,,Exact,0,Floscularia,Floscularia,4KK5,1,Catalogue of Life,
225,Rotatoria,Rotatoria,112614,112623,4.85,1,NO_ANNOT,,,Exact,0,Rotatoria Ehrenberg 1838,Rotatoria,206,113,Zoological names,
226,Apsilus,Apsilus,112710,112717,5.50,1,NO_ANNOT,,,Exact,0,Apsilus,Apsilus,ZBG,1,Catalogue of Life,
227,Floscularia,Floscularia,112722,112733,5.14,1,NO_ANNOT,,,Exact,0,Floscularia,Floscularia,4KK5,1,Catalogue of Life,
228,Stephanoceros,Stephanoceros,112923,112936,5.71,1,NO_ANNOT,,,Exact,0,Stephanoceros,Stephanoceros,7N2D,1,Catalogue of Life,
229,Floscularia,Floscularia,112941,112952,5.14,1,NO_ANNOT,,,Exact,0,Floscularia,Floscularia,4KK5,1,Catalogue of Life,
230,Apsilus there,Apsilus there,113028,113041,3.82,2,NO_ANNOT,,,PartialExact,0,Apsilus,Apsilus,ZBG,1,Catalogue of Life,
231,Apsilus,Apsilus,113134,113141,5.50,1,NO_ANNOT,,,Exact,0,Apsilus,Apsilus,ZBG,1,Catalogue of Life,
232,Floscularia,Floscularia,113145,113156,5.14,1,NO_ANNOT,,,Exact,0,Floscularia,Floscularia,4KK5,1,Catalogue of Life,
233,Stephanoceros,Stephanoceros,113161,113174,5.71,1,NO_ANNOT,,,Exact,0,Stephanoceros,Stephanoceros,7N2D,1,Catalogue of Life,
234,Floscularia,Floscularia,113521,113532,5.14,1,NO_ANNOT,,,Exact,0,Floscularia,Floscularia,4KK5,1,Catalogue of Life,
235,Apsilus,Apsilus,113586,113593,5.50,1,NO_ANNOT,,,Exact,0,Apsilus,Apsilus,ZBG,1,Catalogue of Life,
236,Floscularia atrochoides,Floscularia atrochoides,113864,113887,11.88,2,NO_ANNOT,,,Exact,0,"Floscularia atrochoides Wierzejski, 1893",Floscularia atrochoides,9105973,11,GBIF Backbone Taxonomy,
237,Apsilus.,Apsilus,114265,114273,5.50,1,NO_ANNOT,,,Exact,0,Apsilus,Apsilus,ZBG,1,Catalogue of Life,
238,Apsilus,Apsilus,114386,114393,5.50,1,NO_ANNOT,,,Exact,0,Apsilus,Apsilus,ZBG,1,Catalogue of Life,
239,Floscularia ambigua,Floscularia ambigua,114415,114434,10.67,2,NO_ANNOT,,,Exact,0,"Floscularia ambigua Hudson, 1883",Floscularia ambigua,8677298,11,GBIF Backbone Taxonomy,
240,Floscularia pelagica,Floscularia pelagica,114784,114804,12.40,2,NO_ANNOT,,,Exact,0,"Floscularia pelagica Rousselet, 1893",Floscularia pelagica,9128629,11,GBIF Backbone Taxonomy,
241,Rousselet atrochoides,Rousselet atrochoides,114805,114826,3.52,2,NO_ANNOT,,,NoMatch,,,,,,,,
242,Wierzejski libera,Wierzejski libera,114827,114844,3.73,2,NO_ANNOT,,,NoMatch,,,,,,,,
243,Rotatoria,Rotatoria,115622,115631,4.85,1,NO_ANNOT,,,Exact,0,Rotatoria Ehrenberg 1838,Rotatoria,206,113,Zoological names,
244,Floscularia coronetta.,Floscularia coronetta,115783,115805,10.25,2,NO_ANNOT,,,Exact,0,"Floscularia coronetta Cubitt, 1869",Floscularia coronetta,8603676,11,GBIF Backbone Taxonomy,
245,Stephanoceros.,Stephanoceros,115886,115900,5.71,1,NO_ANNOT,,,Exact,0,Stephanoceros,Stephanoceros,7N2D,1,Catalogue of Life,
246,Stephanoceros,Stephanoceros,116016,116029,5.71,1,NO_ANNOT,,,Exact,0,Stephanoceros,Stephanoceros,7N2D,1,Catalogue of Life,
247,Floscularia,Floscularia,116116,116127,5.14,1,NO_ANNOT,,,Exact,0,Floscularia,Floscularia,4KK5,1,Catalogue of Life,
248,Stephanoceros,Stephanoceros,116178,116191,5.71,1,NO_ANNOT,,,Exact,0,Stephanoceros,Stephanoceros,7N2D,1,Catalogue of Life,
249,Apsilus.,Apsilus,116913,116921,5.50,1,NO_ANNOT,,,Exact,0,Apsilus,Apsilus,ZBG,1,Catalogue of Life,
250,Apsilus vorax,Apsilus vorax,116999,117012,10.05,2,NO_ANNOT,,,Fuzzy,1,"Asilus vorax Harris, 1835",Asilus vorax,8B4GP,1,Catalogue of Life,
251,Rotifera.,Rotifera,117193,117202,4.98,1,NO_ANNOT,,,Exact,0,Rotifera,Rotifera,5Y,1,Catalogue of Life,
252,Stephanoceros,Stephanoceros,117266,117279,5.71,1,NO_ANNOT,,,Exact,0,Stephanoceros,Stephanoceros,7N2D,1,Catalogue of Life,
253,Rotifera,Rotifera,117364,117372,4.98,1,NO_ANNOT,,,Exact,0,Rotifera,Rotifera,5Y,1,Catalogue of Life,
254,Floscularia hoodi.,Floscularia hoodi,117491,117509,9.79,2,NO_ANNOT,,,Exact,0,"Floscularia hoodi Hudson, 1883",Floscularia hoodi,8774687,11,GBIF Backbone Taxonomy,
255,Rotifera,Rotifera,117563,117571,4.98,1,NO_ANNOT,,,Exact,0,Rotifera,Rotifera,5Y,1,Catalogue of Life,
256,Rotatoria,Rotatoria,117639,117648,4.85,1,NO_ANNOT,,,Exact,0,Rotatoria Ehrenberg 1838,Rotatoria,206,113,Zoological names,
257,Rotatoria.,Rotatoria,117768,117778,4.85,1,NO_ANNOT,,,Exact,0,Rotatoria Ehrenberg 1838,Rotatoria,206,113,Zoological names,
258,Rotatoria,Rotatoria,117803,117812,4.85,1,NO_ANNOT,,,Exact,0,Rotatoria Ehrenberg 1838,Rotatoria,206,113,Zoological names,
259,Dictyophora vorax.,Dictyophora vorax,117873,117891,10.90,2,NO_ANNOT,,,Exact,0,"Dictyophora vorax Leidy, 1857",Dictyophora vorax,9083385,11,GBIF Backbone Taxonomy,
260,Rotifera,Rotifera,117939,117947,4.98,1,NO_ANNOT,,,Exact,0,Rotifera,Rotifera,5Y,1,Catalogue of Life,
261,Dictyophora,Dictyophora,117991,118002,6.35,1,NO_ANNOT,,,Exact,0,"Dictyophora F.Schmitz, 1896",Dictyophora,633B8,1,Catalogue of Life,
262,Apsilus vorax.,Apsilus vorax,118006,118020,10.05,2,NO_ANNOT,,,Fuzzy,1,"Asilus vorax Harris, 1835",Asilus vorax,8B4GP,1,Catalogue of Life,
263,Stephanoceros longispinatus.,Stephanoceros longispinatus,118156,118184,13.78,2,NO_ANNOT,,,PartialExact,0,Stephanoceros,Stephanoceros,7N2D,1,Catalogue of Life,
264,Rotifera.,Rotifera,118237,118246,4.98,1,NO_ANNOT,,,Exact,0,Rotifera,Rotifera,5Y,1,Catalogue of Life,
265,Apsilus lentiformis,Apsilus lentiformis,118276,118295,12.72,2,NO_ANNOT,,,Exact,0,"Apsilus lentiformis Mecznikow, 1866",Apsilus lentiformis,FYBN,1,Catalogue of Life,
266,Floscularia,Floscularia,118358,118369,5.14,1,NO_ANNOT,,,Exact,0,Floscularia,Floscularia,4KK5,1,Catalogue of Life,
267,Notes,Notes,118422,118427,2.52,1,NO_ANNOT,,,Exact,0,Notes,Notes,3950760,168,ION,
268,Rotatoria.,Rotatoria,118461,118471,4.85,1,NO_ANNOT,,,Exact,0,Rotatoria Ehrenberg 1838,Rotatoria,206,113,Zoological names,
269,Oken,Oken,118549,118553,0.87,1,NO_ANNOT,,,Exact,0,"Penella (Oken) Quidor, 1913",Oken,urn:lsid:marinespecies.org:taxname:1398717,9,WoRMS,
270,Infusoria,Infusoria,118773,118782,4.85,1,NO_ANNOT,,,Exact,0,Infusoria Ciliata,Infusoria,4085954,168,ION,
271,Stephanoceros,Stephanoceros,118819,118832,5.71,1,NO_ANNOT,,,Exact,0,Stephanoceros,Stephanoceros,7N2D,1,Catalogue of Life,
272,Stephanoceros,Stephanoceros,118907,118920,5.71,1,NO_ANNOT,,,Exact,0,Stephanoceros,Stephanoceros,7N2D,1,Catalogue of Life,
273,Notes,Notes,118976,118981,2.52,1,NO_ANNOT,,,Exact,0,Notes,Notes,3950760,168,ION,
274,Apsilus,Apsilus,118995,119002,5.50,1,NO_ANNOT,,,Exact,0,Apsilus,Apsilus,ZBG,1,Catalogue of Life,
275,Rotifera.,Rotifera,119022,119031,4.98,1,NO_ANNOT,,,Exact,0,Rotifera,Rotifera,5Y,1,Catalogue of Life,
276,Stephanoceros,Stephanoceros,119104,119117,5.71,1,NO_ANNOT,,,Exact,0,Stephanoceros,Stephanoceros,7N2D,1,Catalogue of Life,
277,Notes sur,Notes sur,119173,119182,0.76,2,NO_ANNOT,,,PartialExact,0,Notes,Notes,3950760,168,ION,
278,Notes,Notes,119417,119422,2.52,1,NO_ANNOT,,,Exact,0,Notes,Notes,3950760,168,ION,
279,Stephanoceros eichhornii.,Stephanoceros eichhornii,119488,119513,13.02,2,NO_ANNOT,,,Exact,0,Stephanoceros eichhornii,Stephanoceros eichhornii,157016,183,Sherborn Index Animalium,
280,Cir. cirrhus penis.,Cir. cirrhus penis,120053,120072,6.68,3,NO_ANNOT,,,NoMatch,,,,,,,,
281,C.T. compressor trunci.,C�t. compressor trunci,120199,120222,4.18,3,NO_ANNOT,,,NoMatch,,,,,,,,
282,IIV depressor trunci,Iiv depressor trunci,120406,120426,,3,NO_ANNOT,,,NoMatch,,,,,,,,
283,Man. manubrium mallei.,Man. manubrium mallei,120755,120777,6.88,3,NO_ANNOT,,,NoMatch,,,,,,,,
284,Ram. ramus,Ram. ramus,121199,121209,5.12,2,NO_ANNOT,,,NoMatch,,,,,,,,
285,R.M. retractor mastacis.,R�m. retractor mastacis,121228,121252,5.94,3,NO_ANNOT,,,NoMatch,,,,,,,,
286,IVI sphincter trunci,Ivi sphincter trunci,121331,121351,,3,NO_ANNOT,,,NoMatch,,,,,,,,
287,Un. uncus mallei.,Un. uncus mallei,121459,121476,9.45,3,NO_ANNOT,,,NoMatch,,,,,,,,
288,Apsihis vorax.,Apsihis vorax,121691,121705,0.89,2,NO_ANNOT,,,NoMatch,,,,,,,,
289,Stephanoceros,Stephanoceros,122295,122308,5.71,1,NO_ANNOT,,,Exact,0,Stephanoceros,Stephanoceros,7N2D,1,Catalogue of Life,
290,Mastax,Mastax,123041,123047,3.27,1,NO_ANNOT,,,Exact,0,Mastax,Mastax,62ZCQ,1,Catalogue of Life,
291,Floscularia ambigua.,Floscularia ambigua,123079,123099,10.67,2,NO_ANNOT,,,Exact,0,"Floscularia ambigua Hudson, 1883",Floscularia ambigua,8677298,11,GBIF Backbone Taxonomy,
292,Floscularia,Floscularia,123375,123386,5.14,1,NO_ANNOT,,,Exact,0,Floscularia,Floscularia,4KK5,1,Catalogue of Life,
293,Floscularia conklini.,Floscularia conklini,123633,123654,11.43,2,NO_ANNOT,,,Exact,0,Floscularia conklini,Floscularia conklini,3759013,168,ION,
294,Floscularia campanulata.,Floscularia campanulata,123855,123879,13.46,2,NO_ANNOT,,,Exact,0,Floscularia campanulata,Floscularia campanulata,102031,183,Sherborn Index Animalium,
295,Floscularia campanulata.,Floscularia campanulata,124516,124540,13.46,2,NO_ANNOT,,,Exact,0,Floscularia campanulata,Floscularia campanulata,102031,183,Sherborn Index Animalium,
296,Mastax,Mastax,124933,124939,3.27,1,NO_ANNOT,,,Exact,0,Mastax,Mastax,62ZCQ,1,Catalogue of Life,
297,Polychaeta,Polychaeta,136875,136885,5.36,1,NO_ANNOT,,,Exact,0,Polychaeta,Polychaeta,6TYK,1,Catalogue of Life,
298,''Challenger,Challenger,137213,137225,1.69,1,NO_ANNOT,,,Exact,0,Challenger i Man 1911,Challenger,3547646,168,ION,
299,Suruga,Suruga,137914,137920,3.27,1,NO_ANNOT,,,Exact,0,Suruga,Suruga,7QG7,1,Catalogue of Life,
300,Challenger,Challenger,139671,139681,1.69,1,NO_ANNOT,,,Exact,0,Challenger i Man 1911,Challenger,3547646,168,ION,
301,Harmotlioe imbricata,Harmotlioe imbricata,140051,140071,5.75,2,NO_ANNOT,,,NoMatch,,,,,,,,
302,Polynoa semierma,Polynoa semierma,140410,140426,9.17,2,SP_NOV,,,Fuzzy,1,"Polynoe semierma Moore, 1903",Polynoe semierma,4LCG3,1,Catalogue of Life,
303,Notopodium,Notopodium,141526,141536,5.45,1,NO_ANNOT,,,Exact,0,"Notopodium Schulz, 1906",Notopodium,urn:lsid:irmng.org:taxname:1120044,181,IRMNG,
304,Scalesetosus formosus,Scalesetosus formosus,143395,143416,11.78,2,SP_NOV,,,Fuzzy,1,"Scalisetosus formosus Moore, 1903",Scalisetosus formosus,6XRSM,1,Catalogue of Life,
305,Parapodia,Parapodia,145791,145800,4.09,1,NO_ANNOT,,,Exact,0,Parapodia,Parapodia,6GCP,1,Catalogue of Life,
306,Notopodium,Notopodium,146297,146307,5.45,1,NO_ANNOT,,,Exact,0,"Notopodium Schulz, 1906",Notopodium,urn:lsid:irmng.org:taxname:1120044,181,IRMNG,
307,Notopodial setae,Notopodial setae,147649,147665,1.39,2,NO_ANNOT,,,NoMatch,,,,,,,,
308,Neuropodial setae,Neuropodial setae,147942,147959,1.52,2,NO_ANNOT,,,NoMatch,,,,,,,,
309,Lepidonotus cMtoniforinis,Lepidonotus cmtoniforinis,148822,148847,8.24,2,NO_ANNOT,,,PartialExact,0,"Lepidonotus Leach, 1816",Lepidonotus,87GTM,1,Catalogue of Life,
310,Euphione,Euphione,155790,155798,3.39,1,NO_ANNOT,,,Exact,0,"Euphione McIntosh, 1885",Euphione,84NL3,1,Catalogue of Life,
311,Lepidonotus branchiferus,Lepidonotus branchiferus,159265,159289,13.03,2,SP_NOV,,,Exact,0,"Lepidonotus branchiferus Moore, 1903",Lepidonotus branchiferus,854Z9,1,Catalogue of Life,
312,L. chitoniformis,L. chitoniformis,161610,161626,6.81,2,NO_ANNOT,,,NoMatch,,,,,,,,
313,L. chitoniformis,L. chitoniformis,163250,163266,6.81,2,NO_ANNOT,,,NoMatch,,,,,,,,
314,L. chitoniformis.,L. chitoniformis,163880,163897,6.81,2,NO_ANNOT,,,NoMatch,,,,,,,,
315,Clavate papillae,Clavate papillae,164647,164663,,2,NO_ANNOT,,,NoMatch,,,,,,,,
316,L. chitoniformis,L. chitoniformis,164786,164802,6.81,2,NO_ANNOT,,,NoMatch,,,,,,,,
317,L. branchiferus,L. branchiferus,165812,165827,6.95,2,NO_ANNOT,,,NoMatch,,,,,,,,
318,L. chitoniformis,L. chitoniformis,165832,165848,6.81,2,NO_ANNOT,,,NoMatch,,,,,,,,
319,L. giganteus,L. giganteus,165882,165894,6.59,2,NO_ANNOT,,,NoMatch,,,,,,,,
320,Lepidonotus,Lepidonotus,166148,166159,5.74,1,NO_ANNOT,,,Exact,0,"Lepidonotus Leach, 1816",Lepidonotus,87GTM,1,Catalogue of Life,
321,Lepidonotus branchiata,Lepidonotus branchiata,166227,166249,13.76,2,NO_ANNOT,,,Fuzzy,2,Lepidonotus branchiatus (Tr. ),Lepidonotus branchiatus,3151954,168,ION,
322,Lepidonotus caelorus,Lepidonotus caelorus,166414,166434,12.54,2,SP_NOV,,,Exact,0,"Lepidonotus caelorus Moore, 1903",Lepidonotus caelorus,6PCC2,1,Catalogue of Life,
323,L. pleiolepis,L. pleiolepis,173052,173065,6.21,2,NO_ANNOT,,,NoMatch,,,,,,,,
324,Suruga,Suruga,173284,173290,3.27,1,NO_ANNOT,,,Exact,0,Suruga,Suruga,7QG7,1,Catalogue of Life,
325,Hylosynda vexillarius,Hylosynda vexillarius,173322,173343,11.95,2,SP_NOV,,,PartialExact,0,"Hylosynda Moore, 1903",Hylosynda,urn:lsid:irmng.org:taxname:1432571,181,IRMNG,
326,Notopodial setae,Notopodial setae,178644,178660,1.39,2,NO_ANNOT,,,NoMatch,,,,,,,,
327,Hylosynda carinata,Hylosynda carinata,179431,179449,12.27,2,SP_NOV,,,PartialExact,0,"Hylosynda Moore, 1903",Hylosynda,urn:lsid:irmng.org:taxname:1432571,181,IRMNG,
328,Parapodia,Parapodia,181919,181928,4.09,1,NO_ANNOT,,,Exact,0,Parapodia,Parapodia,6GCP,1,Catalogue of Life,
329,Notopodium small,Notopodium small,182171,182187,4.82,2,NO_ANNOT,,,PartialExact,0,"Notopodium Schulz, 1906",Notopodium,urn:lsid:irmng.org:taxname:1120044,181,IRMNG,
330,Neiiropodial setae,Neiiropodial setae,184103,184121,1.75,2,NO_ANNOT,,,NoMatch,,,,,,,,
331,Suruga,Suruga,184621,184627,3.27,1,NO_ANNOT,,,Exact,0,Suruga,Suruga,7QG7,1,Catalogue of Life,
332,Hylosynda magnacornuta,Hylosynda magnacornuta,184642,184664,11.35,2,SP_NOV,,,PartialExact,0,"Hylosynda Moore, 1903",Hylosynda,urn:lsid:irmng.org:taxname:1432571,181,IRMNG,
333,Parapodia long,Parapodia long,186763,186777,2.75,2,NO_ANNOT,,,PartialExact,0,Parapodia,Parapodia,6GCP,1,Catalogue of Life,
334,Scalesetosus,Scalesetosus,187133,187145,4.84,1,NO_ANNOT,,,Exact,0,"Scalesetosus Moore, 1903",Scalesetosus,urn:lsid:irmng.org:taxname:1152504,181,IRMNG,
335,Laetmatonice producta,Laetmatonice producta,188097,188118,9.47,2,NO_ANNOT,,,Exact,0,Laetmatonice producta,Laetmatonice producta,3RV8G,1,Catalogue of Life,
336,Laetmatonice producta,Laetmatonice producta,188151,188172,9.47,2,NO_ANNOT,,,Exact,0,Laetmatonice producta,Laetmatonice producta,3RV8G,1,Catalogue of Life,
337,Suruga,Suruga,188206,188212,3.27,1,NO_ANNOT,,,Exact,0,Suruga,Suruga,7QG7,1,Catalogue of Life,
338,Laetmatonice filicornis,Laetmatonice filicornis,188307,188330,10.10,2,NO_ANNOT,,,Exact,0,Laetmatonice filicornis Kinberg,Laetmatonice filicornis,3803407,168,ION,
339,Laetmatonice japonica,Laetmatonice japonica,188515,188536,6.57,2,NO_ANNOT,,,Exact,0,Laetmatonice japonica McInt.,Laetmatonice japonica,3150140,168,ION,
340,Lsetmatonice pellucida,Lsetmatonice pellucida,188598,188620,3.51,2,NO_ANNOT,,,Fuzzy,1,"Laetmatonice pellucida Moore, 1903",Laetmatonice pellucida,3RV8F,1,Catalogue of Life,
341,Parapodia,Parapodia,190583,190592,4.09,1,NO_ANNOT,,,Exact,0,Parapodia,Parapodia,6GCP,1,Catalogue of Life,
342,Aphrodita australis,Aphrodita australis,194041,194060,12.19,2,NO_ANNOT,,,Exact,0,"Aphrodita australis Baird, 1865",Aphrodita australis,FK9F,1,Catalogue of Life,
343,Aphrodita japonica,Aphrodita japonica,194243,194261,8.66,2,NO_ANNOT,,,Exact,0,"Aphrodita japonica Marenzeller, 1879",Aphrodita japonica,5VN22,1,Catalogue of Life,
344,Suruga,Suruga,194569,194575,3.27,1,NO_ANNOT,,,Exact,0,Suruga,Suruga,7QG7,1,Catalogue of Life,
345,RESTIO,Restio,194604,194610,3.75,1,NO_ANNOT,,,Exact,0,"Restio Moore, 1903",Restio,84T6Z,1,Catalogue of Life,
346,Eupanthalis.,Eupanthalis,194867,194879,4.58,1,SP_NOV,,,Exact,0,"Eupanthalis McIntosh, 1876",Eupanthalis,84NKY,1,Catalogue of Life,
347,Restio aenus,Restio aenus,194880,194892,9.83,2,SP_NOV,,,Exact,0,"Restio aenus Moore, 1903",Restio aenus,6X4NS,1,Catalogue of Life,
348,Polyodontes,Polyodontes,200900,200911,3.67,1,NO_ANNOT,,,Exact,0,"Polyodontes Blainville, 1828",Polyodontes,84SK4,1,Catalogue of Life,
349,Suruga,Suruga,201841,201847,3.27,1,NO_ANNOT,,,Exact,0,Suruga,Suruga,7QG7,1,Catalogue of Life,
350,Thalanessa oculata,Thalanessa oculata,201883,201901,12.45,2,NO_ANNOT,,,Fuzzy,1,"Thalenessa oculata (Peters, 1854)",Thalenessa oculata,55ZV5,1,Catalogue of Life,
351,Leanira areolata,Leanira areolata,201955,201971,12.10,2,NO_ANNOT,,,Exact,0,"Leanira areolata McIntosh, 1885",Leanira areolata,3SPF3,1,Catalogue of Life,
352,Leanira japonica,Leanira japonica,202024,202040,8.13,2,NO_ANNOT,,,Exact,0,"Leanira japonica McIntosh, 1885",Leanira japonica,3SPFB,1,Catalogue of Life,
353,Euphrosyne superba,Euphrosyne superba,202214,202232,8.96,2,NO_ANNOT,,,Exact,0,Euphrosyne superba Marenz.,Euphrosyne superba,3106256,168,ION,
354,Suruga,Suruga,202339,202345,3.27,1,NO_ANNOT,,,Exact,0,Suruga,Suruga,7QG7,1,Catalogue of Life,
355,Chloeia flava,Chloeia flava,202380,202393,9.44,2,NO_ANNOT,,,Exact,0,"Chloeia flava (Pallas, 1766)",Chloeia flava,69WW9,1,Catalogue of Life,
356,Eumidia caeca,Eumidia caeca,202507,202520,8.22,2,SP_NOV,,,Exact,0,"Eumidia caeca Moore, 1903",Eumidia caeca,urn:lsid:marinespecies.org:taxname:339531,9,WoRMS,
357,Parapodia,Parapodia,204381,204390,4.09,1,NO_ANNOT,,,Exact,0,Parapodia,Parapodia,6GCP,1,Catalogue of Life,
358,Phyllodoce groenlandica,Phyllodoce groenlandica,206491,206514,12.20,2,NO_ANNOT,,,Exact,0,"Phyllodoce groenlandica Örsted, 1842",Phyllodoce groenlandica,77G45,1,Catalogue of Life,
359,Suruga,Suruga,206555,206561,3.27,1,NO_ANNOT,,,Exact,0,Suruga,Suruga,7QG7,1,Catalogue of Life,
360,Nereis pusilla,Nereis pusilla,206591,206605,11.07,2,SP_NOV,,,Exact,0,"Nereis pusilla Moore, 1903",Nereis pusilla,474T3,1,Catalogue of Life,
361,Parapodia slender,Parapodia slender,207590,207607,4.04,2,NO_ANNOT,,,PartialExact,0,Parapodia,Parapodia,6GCP,1,Catalogue of Life,
362,Suruga,Suruga,211075,211081,3.27,1,NO_ANNOT,,,Exact,0,Suruga,Suruga,7QG7,1,Catalogue of Life,
363,Nereis paucidentata,Nereis paucidentata,211101,211120,12.54,2,NO_ANNOT,,,Exact,0,"Nereis paucidentata Moore, 1903",Nereis paucidentata,474S5,1,Catalogue of Life,
364,N. dumerilii,N. dumerilii,212318,212330,6.53,2,NO_ANNOT,,,NoMatch,,,,,,,,
365,Nereis pelagica,Nereis pelagica,215562,215577,11.58,2,NO_ANNOT,,,Exact,0,"Nereis pelagica Linnaeus, 1758",Nereis pelagica,474S9,1,Catalogue of Life,
366,Nephthys brachycephala,Nephthys brachycephala,215645,215667,12.12,2,SP_NOV,,,Exact,0,"Nephthys brachycephala Moore, 1903",Nephthys brachycephala,748QL,1,Catalogue of Life,
367,Parapodia,Parapodia,216423,216432,4.09,1,NO_ANNOT,,,Exact,0,Parapodia,Parapodia,6GCP,1,Catalogue of Life,
368,Notopodium,Notopodium,216840,216850,5.45,1,NO_ANNOT,,,Exact,0,"Notopodium Schulz, 1906",Notopodium,urn:lsid:irmng.org:taxname:1120044,181,IRMNG,
369,Nephthys ciliata,Nephthys ciliata,218795,218811,9.21,2,NO_ANNOT,,,Exact,0,Nephthys ciliata [auctt.],Nephthys ciliata,472V4,1,Catalogue of Life,
370,Eunice northioidea,Eunice northioidea,219084,219102,8.37,2,SP_NOV,,,Exact,0,"Eunice northioidea Moore, 1903",Eunice northioidea,3CF9Z,1,Catalogue of Life,
371,E. mucronata,E. mucronata,219869,219881,7.57,2,NO_ANNOT,,,NoMatch,,,,,,,,
372,Parapodia,Parapodia,220805,220814,4.09,1,NO_ANNOT,,,Exact,0,Parapodia,Parapodia,6GCP,1,Catalogue of Life,
373,E. rnucronata,E. rnucronata,221931,221944,7.68,2,NO_ANNOT,,,NoMatch,,,,,,,,
374,Suruga,Suruga,225124,225130,3.27,1,NO_ANNOT,,,Exact,0,Suruga,Suruga,7QG7,1,Catalogue of Life,
375,Eunice vittata,Eunice vittata,225148,225162,9.11,2,NO_ANNOT,,,Exact,0,"Eunice vittata (Delle Chiaje, 1828)",Eunice vittata,3CFDB,1,Catalogue of Life,
376,Delia,Delia,225163,225168,3.70,1,NO_ANNOT,,,Exact,0,Delia Dumort.,Delia,5T8NG,1,Catalogue of Life,
377,Suruga,Suruga,225209,225215,3.27,1,NO_ANNOT,,,Exact,0,Suruga,Suruga,7QG7,1,Catalogue of Life,
378,Eunice quinquifida,Eunice quinquifida,225233,225251,3.98,2,SP_NOV,,,Exact,0,Eunice quinquifida,Eunice quinquifida,7917399,179,Open Tree of Life,
379,Parapodia,Parapodia,226983,226992,4.09,1,NO_ANNOT,,,Exact,0,Parapodia,Parapodia,6GCP,1,Catalogue of Life,
380,E. mucronata,E. mucronata,227027,227039,7.57,2,NO_ANNOT,,,NoMatch,,,,,,,,
381,E. mucronata,E. mucronata,228055,228067,7.57,2,NO_ANNOT,,,NoMatch,,,,,,,,
382,Compound setae,Compound setae,228396,228410,,2,NO_ANNOT,,,NoMatch,,,,,,,,
383,Capillary setae,Capillary setae,228819,228834,,2,NO_ANNOT,,,NoMatch,,,,,,,,
384,Paddleshaped pectinate setae,Paddleshaped pectinate setae,228985,229013,1.66,3,NO_ANNOT,,,NoMatch,,,,,,,,
385,Eunice,Eunice,229045,229051,1.56,1,NO_ANNOT,,,Exact,0,"Eunice Cuvier, 1817",Eunice,84NKP,1,Catalogue of Life,
386,Eunice mucronata,Eunice mucronata,230358,230374,9.47,2,SP_NOV,,,Exact,0,"Eunice mucronata Moore, 1903",Eunice mucronata,3CF9K,1,Catalogue of Life,
387,Eunice gracilis,Eunice gracilis,237536,237551,8.70,2,SP_NOV,,,Exact,0,"Eunice gracilis Grube, 1866",Eunice gracilis,3CF6Z,1,Catalogue of Life,
388,Parapodia,Parapodia,239118,239127,4.09,1,NO_ANNOT,,,Exact,0,Parapodia,Parapodia,6GCP,1,Catalogue of Life,
389,E. mucronata,E. mucronata,239311,239323,7.57,2,NO_ANNOT,,,NoMatch,,,,,,,,
390,Compound setae,Compound setae,239902,239916,,2,NO_ANNOT,,,NoMatch,,,,,,,,
391,Capillary setae,Capillary setae,240468,240483,,2,NO_ANNOT,,,NoMatch,,,,,,,,
392,Eunice medicina,Eunice medicina,241806,241821,5.06,2,SP_NOV,,,Exact,0,"Eunice medicina Moore, 1903",Eunice medicina,3CF97,1,Catalogue of Life,
393,Compound setae,Compound setae,246858,246872,,2,NO_ANNOT,,,NoMatch,,,,,,,,
394,Capillary setae,Capillary setae,247434,247449,,2,NO_ANNOT,,,NoMatch,,,,,,,,
395,Suruga,Suruga,249134,249140,3.27,1,NO_ANNOT,,,Exact,0,Suruga,Suruga,7QG7,1,Catalogue of Life,
396,Hyalinoecia tubicola,Hyalinoecia tubicola,249169,249189,12.86,2,NO_ANNOT,,,Exact,0,"Hyalinoecia tubicola (O.F. Müller, 1776)",Hyalinoecia tubicola,3MW3R,1,Catalogue of Life,
397,Suruga,Suruga,249315,249321,3.27,1,NO_ANNOT,,,Exact,0,Suruga,Suruga,7QG7,1,Catalogue of Life,
398,Northia macrobranchiata,Northia macrobranchiata,249391,249414,12.90,2,NO_ANNOT,,,PartialExact,0,"Northia Gray, 1847",Northia,7P9XY,1,Catalogue of Life,
399,Suruga,Suruga,249611,249617,3.27,1,NO_ANNOT,,,Exact,0,Suruga,Suruga,7QG7,1,Catalogue of Life,
400,Northia geophiliformis,Northia geophiliformis,250462,250484,11.20,2,SP_NOV,,,Exact,0,"Northia geophiliformis Moore, 1903",Northia geophiliformis,181093,3,ITIS,
401,Geophilus,Geophilus,250601,250610,5.92,1,NO_ANNOT,,,Exact,0,"Geophilus Gistel, 1834",Geophilus,4MZ7,1,Catalogue of Life,
402,Parapodia,Parapodia,256530,256539,4.09,1,NO_ANNOT,,,Exact,0,Parapodia,Parapodia,6GCP,1,Catalogue of Life,
403,Northia,Northia,258002,258009,4.00,1,NO_ANNOT,,,Exact,0,"Northia Gray, 1847",Northia,7P9XY,1,Catalogue of Life,
404,Rhamphobrachium,Rhamphobrachium,258129,258144,6.08,1,NO_ANNOT,,,Exact,0,"Rhamphobrachium Ehlers, 1887",Rhamphobrachium,84T7C,1,Catalogue of Life,
405,Northia,Northia,258186,258193,4.00,1,NO_ANNOT,,,Exact,0,"Northia Gray, 1847",Northia,7P9XY,1,Catalogue of Life,
406,Rhamphohrachium.,Rhamphohrachium,258214,258230,4.47,1,SP_NOV,,,Exact,0,Rhamphohrachium,Rhamphohrachium,2401495,168,ION,
407,Paranorthia brevicornuta,Paranorthia brevicornuta,258231,258255,11.54,2,SP_NOV,,,Exact,0,"Paranorthia brevicornuta Moore, 1903",Paranorthia brevicornuta,4D6DG,1,Catalogue of Life,
408,Rhamphobrachium,Rhamphobrachium,259576,259591,6.08,1,NO_ANNOT,,,Exact,0,"Rhamphobrachium Ehlers, 1887",Rhamphobrachium,84T7C,1,Catalogue of Life,
409,Compound setae,Compound setae,262073,262087,,2,NO_ANNOT,,,NoMatch,,,,,,,,
410,Paddleshaped setae,Paddleshaped setae,263847,263865,3.23,2,NO_ANNOT,,,NoMatch,,,,,,,,
411,Suruga,Suruga,265247,265253,3.27,1,NO_ANNOT,,,Exact,0,Suruga,Suruga,7QG7,1,Catalogue of Life,
412,Onuphus cirrobranchiata,Onuphus cirrobranchiata,265273,265296,13.30,2,SP_NOV,,,Fuzzy,1,"Onuphis cirrobranchiata Moore, 1903",Onuphis cirrobranchiata,49QHY,1,Catalogue of Life,
413,Suruga,Suruga,272550,272556,3.27,1,NO_ANNOT,,,Exact,0,Suruga,Suruga,7QG7,1,Catalogue of Life,
414,Lumbriconereis heteropoda,Lumbriconereis heteropoda,272597,272622,11.69,2,NO_ANNOT,,,Exact,0,"Lumbriconereis heteropoda Marenzeller, 1879",Lumbriconereis heteropoda,6QQ5D,1,Catalogue of Life,
415,L. bifurcata,L. bifurcata,272652,272664,7.57,2,NO_ANNOT,,,NoMatch,,,,,,,,
416,L. heteropoda,L. heteropoda,272912,272925,5.49,2,NO_ANNOT,,,NoMatch,,,,,,,,
417,Lumbriconereis japonica,Lumbriconereis japonica,273305,273328,9.63,2,NO_ANNOT,,,Exact,0,"Lumbriconereis japonica Marenzeller, 1879",Lumbriconereis japonica,6QPTB,1,Catalogue of Life,
418,Laranda robusta,Laranda robusta,273419,273434,10.34,2,SP_NOV,,,Exact,0,"Laranda robusta Moore, 1903",Laranda robusta,6NY77,1,Catalogue of Life,
419,Suruga,Suruga,276188,276194,3.27,1,NO_ANNOT,,,Exact,0,Suruga,Suruga,7QG7,1,Catalogue of Life,
420,Suruga,Suruga,276226,276232,3.27,1,NO_ANNOT,,,Exact,0,Suruga,Suruga,7QG7,1,Catalogue of Life,
421,Notocirrus zonata,Notocirrus zonata,276267,276284,12.86,2,SP_NOV,,,Exact,0,"Notocirrus zonata Moore, 1903",Notocirrus zonata,47VKT,1,Catalogue of Life,
422,Nino'e palmata,Nino�e palmata,277528,277542,4.65,2,NO_ANNOT,,,Fuzzy,1,"Ninoe palmata Moore, 1903",Ninoe palmata,47FJB,1,Catalogue of Life,
423,Parapodia,Parapodia,278485,278494,4.09,1,NO_ANNOT,,,Exact,0,Parapodia,Parapodia,6GCP,1,Catalogue of Life,
424,Goniada,Goniada,281639,281646,2.39,1,SP_NOV,,,Exact,0,"Goniada Audouin & H Milne Edwards, 1833",Goniada,84NTJ,1,Catalogue of Life,
425,Leonnatus foliacea,Leonnatus foliacea,281647,281665,11.96,2,SP_NOV,,,PartialExact,0,"Leonnatus Kinberg, 1866",Leonnatus,urn:lsid:marinespecies.org:taxname:240445,9,WoRMS,
426,Notopodium,Notopodium,286564,286574,5.45,1,NO_ANNOT,,,Exact,0,"Notopodium Schulz, 1906",Notopodium,urn:lsid:irmng.org:taxname:1120044,181,IRMNG,
427,Notopodial setae,Notopodial setae,287821,287837,1.39,2,NO_ANNOT,,,NoMatch,,,,,,,,
428,Goniada distorta.,Goniada distorta,289425,289442,8.49,2,NO_ANNOT,,,Exact,0,"Goniada distorta Moore, 1903",Goniada distorta,3GV7M,1,Catalogue of Life,
429,Goniada distorta,Goniada distorta,290653,290669,8.49,2,SP_NOV,,,Exact,0,"Goniada distorta Moore, 1903",Goniada distorta,3GV7M,1,Catalogue of Life,
430,G. foliacea,G. foliacea,291522,291533,6.18,2,NO_ANNOT,,,NoMatch,,,,,,,,
431,G. foliacea.,G. foliacea,292025,292037,6.18,2,NO_ANNOT,,,NoMatch,,,,,,,,
432,G. foliacea.,G. foliacea,292165,292177,6.18,2,NO_ANNOT,,,NoMatch,,,,,,,,
433,G. foliacea,G. foliacea,296360,296371,6.18,2,NO_ANNOT,,,NoMatch,,,,,,,,
434,G. foliacea,G. foliacea,296924,296935,6.18,2,NO_ANNOT,,,NoMatch,,,,,,,,
435,G. foliacea,G. foliacea,298540,298551,6.18,2,NO_ANNOT,,,NoMatch,,,,,,,,
436,Glycera goesi,Glycera goesi,298732,298745,9.79,2,NO_ANNOT,,,Exact,0,"Glycera goesi Malmgren, 1867",Glycera goesi,6KKPQ,1,Catalogue of Life,
437,Glycera tesselata,Glycera tesselata,299312,299329,12.63,2,NO_ANNOT,,,Exact,0,"Glycera tesselata Grube, 1863",Glycera tesselata,6KKRT,1,Catalogue of Life,
438,Glycera alba,Glycera alba,299476,299488,5.32,2,NO_ANNOT,,,Exact,0,"Glycera alba (O.F. Müller, 1776)",Glycera alba,6KKNH,1,Catalogue of Life,
439,G. goesi,G. goesi,299503,299511,4.73,2,NO_ANNOT,,,NoMatch,,,,,,,,
440,Suruga,Suruga,299804,299810,3.27,1,NO_ANNOT,,,Exact,0,Suruga,Suruga,7QG7,1,Catalogue of Life,
441,Suruga,Suruga,299832,299838,3.27,1,NO_ANNOT,,,Exact,0,Suruga,Suruga,7QG7,1,Catalogue of Life,
442,Glycera robusta,Glycera robusta,299939,299954,10.96,2,NO_ANNOT,,,Exact,0,"Glycera robusta Ehlers, 1868",Glycera robusta,6KKQJ,1,Catalogue of Life,
443,Suruga,Suruga,300251,300257,3.27,1,NO_ANNOT,,,Exact,0,Suruga,Suruga,7QG7,1,Catalogue of Life,
444,Aricia fimbriata,Aricia fimbriata,300284,300300,12.91,2,SP_NOV,,,Exact,0,"Aricia fimbriata Moore, 1903",Aricia fimbriata,GLZV,1,Catalogue of Life,
445,Parapodia biramous,Parapodia biramous,301436,301454,5.00,2,NO_ANNOT,,,PartialExact,0,Parapodia,Parapodia,6GCP,1,Catalogue of Life,
446,Suruga,Suruga,307356,307362,3.27,1,NO_ANNOT,,,Exact,0,Suruga,Suruga,7QG7,1,Catalogue of Life,
447,Cirratulus gibbosus,Cirratulus gibbosus,307452,307471,13.03,2,SP_NOV,,,Exact,0,"Cirratulus gibbosus Moore, 1903",Cirratulus gibbosus,VGKC,1,Catalogue of Life,
448,Capillary setae,Capillary setae,309422,309437,,2,NO_ANNOT,,,NoMatch,,,,,,,,
449,Chaetozone spinosa,Chaetozone spinosa,309766,309784,10.84,2,SP_NOV,,,Exact,0,"Chaetozone spinosa Moore, 1903",Chaetozone spinosa,TF2T,1,Catalogue of Life,
450,Parapodia,Parapodia,311549,311558,4.09,1,NO_ANNOT,,,Exact,0,Parapodia,Parapodia,6GCP,1,Catalogue of Life,
451,Chsetozone ␤abranchiata,Chsetozone abranchiata,314635,314658,5.74,2,NO_ANNOT,,,Fuzzy,1,"Chaetozone abranchiata (G.A. Hansen, 1878)",Chaetozone abranchiata,69QJK,1,Catalogue of Life,
452,Cirratulus abranchiatus,Cirratulus abranchiatus,314685,314708,14.13,2,NO_ANNOT,,,Exact,0,"Cirratulus abranchiatus Hansen, 1878",Cirratulus abranchiatus,VGJ2,1,Catalogue of Life,
453,Parapodia,Parapodia,315956,315965,4.09,1,NO_ANNOT,,,Exact,0,Parapodia,Parapodia,6GCP,1,Catalogue of Life,
454,C. spinosa,C. spinosa,317154,317164,6.78,2,NO_ANNOT,,,NoMatch,,,,,,,,
455,Suruga,Suruga,317334,317340,3.27,1,NO_ANNOT,,,Exact,0,Suruga,Suruga,7QG7,1,Catalogue of Life,
456,AmpMtrite bifurcata,Ampmtrite bifurcata,317397,317416,4.28,2,SP_NOV,,,NoMatch,,,,,,,,
457,Capillary setae,Capillary setae,319797,319812,,2,NO_ANNOT,,,NoMatch,,,,,,,,
458,Amphitrite cirrata,Amphitrite cirrata,320919,320937,9.02,2,NO_ANNOT,,,Exact,0,"Amphitrite cirrata Müller, 1776",Amphitrite cirrata,D6DZ,1,Catalogue of Life,
459,Pista cristata,Pista cristata,321006,321020,10.70,2,NO_ANNOT,,,Exact,0,"Pista cristata (Müller, 1776)",Pista cristata,4J9R2,1,Catalogue of Life,
460,Scionella,Scionella,321277,321286,6.20,1,NO_ANNOT,,,Exact,0,"Scionella Moore, 1903",Scionella,84TH6,1,Catalogue of Life,
461,Scionella japonica,Scionella japonica,321435,321453,9.97,2,SP_NOV,,,Exact,0,"Scionella japonica Moore, 1903",Scionella japonica,4VL6J,1,Catalogue of Life,
462,Slender setae,Slender setae,324948,324961,,2,NO_ANNOT,,,NoMatch,,,,,,,,
463,Different setae,Different setae,325407,325422,,2,NO_ANNOT,,,NoMatch,,,,,,,,
464,Suruga,Suruga,326324,326330,3.27,1,NO_ANNOT,,,Exact,0,Suruga,Suruga,7QG7,1,Catalogue of Life,
465,Polymnia nesidensis,Polymnia nesidensis,326349,326368,11.49,2,NO_ANNOT,,,Exact,0,"Polymnia nesidensis (Delle Chiaje, 1828)",Polymnia nesidensis,4LBJC,1,Catalogue of Life,
466,Suruga,Suruga,326713,326719,3.27,1,NO_ANNOT,,,Exact,0,Suruga,Suruga,7QG7,1,Catalogue of Life,
467,Loimia arborea,Loimia arborea,326770,326784,9.15,2,SP_NOV,,,Exact,0,"Loimia arborea Moore, 1903",Loimia arborea,3VVMP,1,Catalogue of Life,
468,Suruga,Suruga,330889,330895,3.27,1,NO_ANNOT,,,Exact,0,Suruga,Suruga,7QG7,1,Catalogue of Life,
469,Pro  mium.,Pro mium,331999,332009,0.97,2,NO_ANNOT,,,NoMatch,,,,,,,,
470,Terebellides stroemi,Terebellides stroemi,334453,334473,10.51,2,NO_ANNOT,,,Exact,0,Terebellides stroemi [auctt. misspelling],Terebellides stroemi,7BPVQ,1,Catalogue of Life,
471,Suruga,Suruga,334592,334598,3.27,1,NO_ANNOT,,,Exact,0,Suruga,Suruga,7QG7,1,Catalogue of Life,
472,Terebellides,Terebellides,334658,334670,5.45,1,NO_ANNOT,,,Exact,0,"Terebellides Sars, 1835",Terebellides,84V5C,1,Catalogue of Life,
473,Amphicteis japonica,Amphicteis japonica,335058,335077,8.96,2,NO_ANNOT,,,Exact,0,"Amphicteis japonica McIntosh, 1885",Amphicteis japonica,66F6S,1,Catalogue of Life,
474,A. gunneri,A. gunneri,335285,335295,6.67,2,NO_ANNOT,,,NoMatch,,,,,,,,
475,Cistenides hyperborea,Cistenides hyperborea,335659,335680,10.64,2,NO_ANNOT,,,Exact,0,"Cistenides hyperborea Malmgren, 1866",Cistenides hyperborea,VLDF,1,Catalogue of Life,
476,Nicomache ␤inornata,Nicomache inornata,336132,336151,12.27,2,SP_NOV,,,Exact,0,"Nicomache inornata Moore, 1903",Nicomache inornata,urn:lsid:marinespecies.org:taxname:329806,9,WoRMS,
477,Nicomache,Nicomache,336429,336438,4.53,1,NO_ANNOT,,,Exact,0,"Nicomache Malmgren, 1865",Nicomache,84QZL,1,Catalogue of Life,
478,Lumbriclymene,Lumbriclymene,336451,336464,4.56,1,NO_ANNOT,,,Exact,0,"Lumbriclymene Sars, 1872",Lumbriclymene,84PT9,1,Catalogue of Life,
479,Capillary setae,Capillary setae,337932,337947,,2,NO_ANNOT,,,NoMatch,,,,,,,,
480,Suruga,Suruga,339847,339853,3.27,1,NO_ANNOT,,,Exact,0,Suruga,Suruga,7QG7,1,Catalogue of Life,
481,Clymene mirabilonga,Clymene mirabilonga,339891,339910,9.84,2,SP_NOV,,,Exact,0,"Clymene mirabilonga Moore, 1903",Clymene mirabilonga,WDSL,1,Catalogue of Life,
482,Axiothea campanulata,Axiothea campanulata,342662,342682,13.22,2,NO_ANNOT,,,Exact,0,"Axiothea campanulata Moore, 1903",Axiothea campanulata,K492,1,Catalogue of Life,
483,Nicomache capensis,Nicomache capensis,343828,343846,11.87,2,NO_ANNOT,,,Exact,0,"Nicomache capensis McIntosh, 1885",Nicomache capensis,6RY2W,1,Catalogue of Life,
484,Slender setae,Slender setae,343862,343875,,2,NO_ANNOT,,,NoMatch,,,,,,,,
485,Suruga,Suruga,345823,345829,3.27,1,NO_ANNOT,,,Exact,0,Suruga,Suruga,7QG7,1,Catalogue of Life,
486,Maldane sarsi,Maldane sarsi,345877,345890,6.45,2,NO_ANNOT,,,Exact,0,"Maldane sarsi Malmgren, 1865",Maldane sarsi,3XMM4,1,Catalogue of Life,
487,Maldane coronata,Maldane coronata,346648,346664,9.95,2,SP_NOV,,,Exact,0,"Maldane coronata Moore, 1903",Maldane coronata,3XMLK,1,Catalogue of Life,
488,Capillary setae,Capillary setae,349925,349940,,2,NO_ANNOT,,,NoMatch,,,,,,,,
489,Fraxilla challengeriae,Fraxilla challengeriae,351261,351283,6.99,2,NO_ANNOT,,,Fuzzy,1,"Praxilla challengeriae McIntosh, 1885",Praxilla challengeriae,urn:lsid:marinespecies.org:taxname:1368758,9,WoRMS,
490,Suruga,Suruga,351490,351496,3.27,1,NO_ANNOT,,,Exact,0,Suruga,Suruga,7QG7,1,Catalogue of Life,
491,Axiothea campanulata,Axiothea campanulata,351516,351536,13.22,2,SP_NOV,,,Exact,0,"Axiothea campanulata Moore, 1903",Axiothea campanulata,K492,1,Catalogue of Life,
492,Setigerous tori,Setigerous tori,354901,354916,,2,NO_ANNOT,,,NoMatch,,,,,,,,
493,Capillary setae,Capillary setae,355339,355354,,2,NO_ANNOT,,,NoMatch,,,,,,,,
494,Suruga,Suruga,356896,356902,3.27,1,NO_ANNOT,,,Exact,0,Suruga,Suruga,7QG7,1,Catalogue of Life,
495,Stylaroides borealis,Stylaroides borealis,356933,356953,12.35,2,NO_ANNOT,,,PartialExact,0,"Stylaroides Quatrefages, 1849",Stylaroides,urn:lsid:irmng.org:taxname:1361618,181,IRMNG,
496,Sternaspis scutata,Sternaspis scutata,357208,357226,13.40,2,NO_ANNOT,,,Exact,0,"Sternaspis scutata (Ranzani, 1817)",Sternaspis scutata,52F56,1,Catalogue of Life,
497,Suruga,Suruga,357397,357403,3.27,1,NO_ANNOT,,,Exact,0,Suruga,Suruga,7QG7,1,Catalogue of Life,
498,Eumidea caca,Eumidea caca,357617,357629,9.33,2,NO_ANNOT,,,PartialExact,0,"Eumidea Tuzovskij, 1982",Eumidea,urn:lsid:irmng.org:taxname:1387372,181,IRMNG,
499,Polynoa,Polynoa,357725,357732,3.27,1,NO_ANNOT,,,Exact,0,"Polynoa Carrington, 1865",Polynoa,urn:lsid:irmng.org:taxname:1094748,181,IRMNG,
500,Scalesetosus formosus,Scalesetosus formosus,357822,357843,11.78,2,NO_ANNOT,,,Fuzzy,1,"Scalisetosus formosus Moore, 1903",Scalisetosus formosus,6XRSM,1,Catalogue of Life,
501,Scalesetosus formosus ventral,Scalesetosus formosus ventral,357880,357909,10.64,3,NO_ANNOT,,,PartialFuzzy,1,"Scalisetosus formosus Moore, 1903",Scalisetosus formosus,6XRSM,1,Catalogue of Life,
502,Scalesetosus formosus,Scalesetosus formosus,357952,357973,11.78,2,NO_ANNOT,,,Fuzzy,1,"Scalisetosus formosus Moore, 1903",Scalisetosus formosus,6XRSM,1,Catalogue of Life,
503,Lepidonotus branchiferus,Lepidonotus branchiferus,358002,358026,13.03,2,NO_ANNOT,,,Exact,0,"Lepidonotus branchiferus Moore, 1903",Lepidonotus branchiferus,854Z9,1,Catalogue of Life,
504,Lepidonotus branchiferus,Lepidonotus branchiferus,358063,358087,13.03,2,NO_ANNOT,,,Exact,0,"Lepidonotus branchiferus Moore, 1903",Lepidonotus branchiferus,854Z9,1,Catalogue of Life,
505,Lepidonotus branchiferus,Lepidonotus branchiferus,358158,358182,13.03,2,NO_ANNOT,,,Exact,0,"Lepidonotus branchiferus Moore, 1903",Lepidonotus branchiferus,854Z9,1,Catalogue of Life,
506,Lepidonotus chitoniformis,Lepidonotus chitoniformis,358241,358266,12.88,2,NO_ANNOT,,,Exact,0,"Lepidonotus chitoniformis Moore, 1903",Lepidonotus chitoniformis,6PCBN,1,Catalogue of Life,
507,Lepidonotus chitoniformis,Lepidonotus chitoniformis,358305,358330,12.88,2,NO_ANNOT,,,Exact,0,"Lepidonotus chitoniformis Moore, 1903",Lepidonotus chitoniformis,6PCBN,1,Catalogue of Life,
508,Lepidonotus cceloris,Lepidonotus cceloris,358373,358393,7.78,2,NO_ANNOT,,,PartialExact,0,"Lepidonotus Leach, 1816",Lepidonotus,87GTM,1,Catalogue of Life,
509,Lepidonotus vexillarius,Lepidonotus vexillarius,358431,358454,13.16,2,NO_ANNOT,,,Exact,0,"Lepidonotus (Hylosydna) vexillarius Moore, 1903",Lepidonotus vexillarius,3TC9S,1,Catalogue of Life,
510,Lepidonotus vexillarius,Lepidonotus vexillarius,358491,358514,13.16,2,NO_ANNOT,,,Exact,0,"Lepidonotus (Hylosydna) vexillarius Moore, 1903",Lepidonotus vexillarius,3TC9S,1,Catalogue of Life,
511,Lepidonotus vexillarius ventral,Lepidonotus vexillarius ventral,358562,358593,12.02,3,NO_ANNOT,,,PartialExact,0,"Lepidonotus (Hylosydna) vexillarius Moore, 1903",Lepidonotus vexillarius,3TC9S,1,Catalogue of Life,
512,Hylosynda carinata,Hylosynda carinata,358624,358642,12.27,2,NO_ANNOT,,,PartialExact,0,"Hylosynda Moore, 1903",Hylosynda,urn:lsid:irmng.org:taxname:1432571,181,IRMNG,
513,Hylosynda carinata,Hylosynda carinata,358680,358698,12.27,2,NO_ANNOT,,,PartialExact,0,"Hylosynda Moore, 1903",Hylosynda,urn:lsid:irmng.org:taxname:1432571,181,IRMNG,
514,Hylosynda magnacornuta,Hylosynda magnacornuta,358728,358750,11.35,2,NO_ANNOT,,,PartialExact,0,"Hylosynda Moore, 1903",Hylosynda,urn:lsid:irmng.org:taxname:1432571,181,IRMNG,
515,Lcetmatonice pellucida,Lcetmatonice pellucida,358799,358821,3.51,2,NO_ANNOT,,,Fuzzy,1,"Laetmatonice pellucida Moore, 1903",Laetmatonice pellucida,3RV8F,1,Catalogue of Life,
516,Lcetmatonice pellucida,Lcetmatonice pellucida,358850,358872,3.51,2,NO_ANNOT,,,Fuzzy,1,"Laetmatonice pellucida Moore, 1903",Laetmatonice pellucida,3RV8F,1,Catalogue of Life,
517,Restio cenus,Restio cenus,358902,358914,9.83,2,NO_ANNOT,,,PartialExact,0,"Restio Moore, 1903",Restio,84T6Z,1,Catalogue of Life,
518,Restio cenus slender,Restio cenus slender,358951,358971,9.32,3,NO_ANNOT,,,PartialExact,0,"Restio Moore, 1903",Restio,84T6Z,1,Catalogue of Life,
519,Restio anus slender,Restio anus slender,359002,359021,5.18,3,NO_ANNOT,,,PartialExact,0,"Restio Moore, 1903",Restio,84T6Z,1,Catalogue of Life,
520,Restio cenus,Restio cenus,359064,359076,9.83,2,NO_ANNOT,,,PartialExact,0,"Restio Moore, 1903",Restio,84T6Z,1,Catalogue of Life,
521,Nereis pusilla,Nereis pusilla,359169,359183,11.07,2,NO_ANNOT,,,Exact,0,"Nereis pusilla Moore, 1903",Nereis pusilla,474T3,1,Catalogue of Life,
522,Nereis pusilla ventral,Nereis pusilla ventral,359220,359242,9.94,3,NO_ANNOT,,,PartialExact,0,"Nereis pusilla Moore, 1903",Nereis pusilla,474T3,1,Catalogue of Life,
523,Nereis pusilla,Nereis pusilla,359273,359287,11.07,2,NO_ANNOT,,,Exact,0,"Nereis pusilla Moore, 1903",Nereis pusilla,474T3,1,Catalogue of Life,
524,A'ereis paucidentata,A�ereis paucidentata,359346,359366,6.94,2,NO_ANNOT,,,NoMatch,,,,,,,,
525,Nereis paxicidentata,Nereis paxicidentata,359404,359424,7.54,2,NO_ANNOT,,,PartialExact,0,"Nereis Linnaeus, 1758",Nereis,87HWD,1,Catalogue of Life,
526,Nereis paucidentata,Nereis paucidentata,359463,359482,12.54,2,NO_ANNOT,,,Exact,0,"Nereis paucidentata Moore, 1903",Nereis paucidentata,474S5,1,Catalogue of Life,
527,Aricia fimbriata,Aricia fimbriata,359529,359545,12.91,2,NO_ANNOT,,,Exact,0,"Aricia fimbriata Moore, 1903",Aricia fimbriata,GLZV,1,Catalogue of Life,
528,Aricia fimbriata,Aricia fimbriata,359605,359621,12.91,2,NO_ANNOT,,,Exact,0,"Aricia fimbriata Moore, 1903",Aricia fimbriata,GLZV,1,Catalogue of Life,
529,Aricia fivibriata,Aricia fivibriata,359706,359723,7.99,2,NO_ANNOT,,,PartialExact,0,Aricia,Aricia,87DQK,1,Catalogue of Life,
530,Aricia fimbriata,Aricia fimbriata,359830,359846,12.91,2,NO_ANNOT,,,Exact,0,"Aricia fimbriata Moore, 1903",Aricia fimbriata,GLZV,1,Catalogue of Life,
531,Aricia fimbriata,Aricia fimbriata,359909,359925,12.91,2,NO_ANNOT,,,Exact,0,"Aricia fimbriata Moore, 1903",Aricia fimbriata,GLZV,1,Catalogue of Life,
532,Eunice northioidea,Eunice northioidea,359990,360008,8.37,2,NO_ANNOT,,,Exact,0,"Eunice northioidea Moore, 1903",Eunice northioidea,3CF9Z,1,Catalogue of Life,
533,Eunice northioidea pectinate,Eunice northioidea pectinate,360066,360094,7.48,3,NO_ANNOT,,,PartialExact,0,"Eunice northioidea Moore, 1903",Eunice northioidea,3CF9Z,1,Catalogue of Life,
534,Eunice northioidea uncinus,Eunice northioidea uncinus,360118,360144,10.19,3,NO_ANNOT,,,PartialExact,0,"Eunice northioidea Moore, 1903",Eunice northioidea,3CF9Z,1,Catalogue of Life,
535,Eunice quinquifida,Eunice quinquifida,360251,360269,3.98,2,NO_ANNOT,,,Exact,0,Eunice quinquifida,Eunice quinquifida,7917399,179,Open Tree of Life,
536,Eunice quinquifida,Eunice quinquifida,360303,360321,3.98,2,NO_ANNOT,,,Exact,0,Eunice quinquifida,Eunice quinquifida,7917399,179,Open Tree of Life,
537,Eunice mucronata,Eunice mucronata,360356,360372,9.47,2,NO_ANNOT,,,Exact,0,"Eunice mucronata Moore, 1903",Eunice mucronata,3CF9K,1,Catalogue of Life,
538,Eunice mucronata,Eunice mucronata,360412,360428,9.47,2,NO_ANNOT,,,Exact,0,"Eunice mucronata Moore, 1903",Eunice mucronata,3CF9K,1,Catalogue of Life,
539,Eunice mucronata pectinate,Eunice mucronata pectinate,360470,360496,8.57,3,NO_ANNOT,,,PartialExact,0,"Eunice mucronata Moore, 1903",Eunice mucronata,3CF9K,1,Catalogue of Life,
540,Eunice mucronata uncinus,Eunice mucronata uncinus,360520,360544,11.29,3,NO_ANNOT,,,PartialExact,0,"Eunice mucronata Moore, 1903",Eunice mucronata,3CF9K,1,Catalogue of Life,
541,Eunice gracilis,Eunice gracilis,360572,360587,8.70,2,NO_ANNOT,,,Exact,0,"Eunice gracilis Grube, 1866",Eunice gracilis,3CF6Z,1,Catalogue of Life,
542,Eunice gracilis pectinate,Eunice gracilis pectinate,360620,360645,7.80,3,NO_ANNOT,,,PartialExact,0,"Eunice gracilis Grube, 1866",Eunice gracilis,3CF6Z,1,Catalogue of Life,
543,Eunice gracilis uncinus,Eunice gracilis uncinus,360677,360700,10.52,3,NO_ANNOT,,,PartialExact,0,"Eunice gracilis Grube, 1866",Eunice gracilis,3CF6Z,1,Catalogue of Life,
544,Eunice medicina,Eunice medicina,360739,360754,5.06,2,NO_ANNOT,,,Exact,0,"Eunice medicina Moore, 1903",Eunice medicina,3CF97,1,Catalogue of Life,
545,Eunice medicina pectinate,Eunice medicina pectinate,360787,360812,4.16,3,NO_ANNOT,,,PartialExact,0,"Eunice medicina Moore, 1903",Eunice medicina,3CF97,1,Catalogue of Life,
546,Eunice medicina uncinus,Eunice medicina uncinus,360836,360859,6.88,3,NO_ANNOT,,,PartialExact,0,"Eunice medicina Moore, 1903",Eunice medicina,3CF97,1,Catalogue of Life,
547,Paranorthia,Paranorthia,360954,360965,4.71,1,NO_ANNOT,,,Exact,0,"Paranorthia Moore, 1903",Paranorthia,66245,3,ITIS,
548,Paranorthia,Paranorthia,361022,361033,4.71,1,NO_ANNOT,,,Exact,0,"Paranorthia Moore, 1903",Paranorthia,66245,3,ITIS,
549,.Paranorthia,Paranorthia,361092,361104,4.71,1,NO_ANNOT,,,Exact,0,"Paranorthia Moore, 1903",Paranorthia,66245,3,ITIS,
550,Paranorthia,Paranorthia,361165,361176,4.71,1,NO_ANNOT,,,Exact,0,"Paranorthia Moore, 1903",Paranorthia,66245,3,ITIS,
551,Northia geophiliformis,Northia geophiliformis,361230,361252,11.20,2,NO_ANNOT,,,Exact,0,"Northia geophiliformis Moore, 1903",Northia geophiliformis,181093,3,ITIS,
552,Northia geophiliformis pectinate,Northia geophiliformis pectinate,361312,361344,10.30,3,NO_ANNOT,,,PartialExact,0,"Northia geophiliformis Moore, 1903",Northia geophiliformis,181093,3,ITIS,
553,Northia geophiliformis uncinus,Northia geophiliformis uncinus,361376,361406,13.02,3,NO_ANNOT,,,PartialExact,0,"Northia geophiliformis Moore, 1903",Northia geophiliformis,181093,3,ITIS,
554,Onuphis cirrobranchiata uncinus,Onuphis cirrobranchiata uncinus,361505,361536,13.36,3,NO_ANNOT,,,PartialExact,0,"Onuphis cirrobranchiata Moore, 1903",Onuphis cirrobranchiata,49QHY,1,Catalogue of Life,
555,Onuphis cirrobranchiata uncinus,Onuphis cirrobranchiata uncinus,361561,361592,13.36,3,NO_ANNOT,,,PartialExact,0,"Onuphis cirrobranchiata Moore, 1903",Onuphis cirrobranchiata,49QHY,1,Catalogue of Life,
556,Onuphis cirrobranchiata,Onuphis cirrobranchiata,361622,361645,11.54,2,NO_ANNOT,,,Exact,0,"Onuphis cirrobranchiata Moore, 1903",Onuphis cirrobranchiata,49QHY,1,Catalogue of Life,
557,Laranda robusla seta,Laranda robusla seta,361702,361722,7.94,3,NO_ANNOT,,,PartialFuzzy,1,"Laranda robusta Moore, 1903",Laranda robusta,6NY77,1,Catalogue of Life,
558,Laranda robusla aciculum,Laranda robusla aciculum,361763,361787,10.02,3,NO_ANNOT,,,PartialFuzzy,1,"Laranda robusta Moore, 1903",Laranda robusta,6NY77,1,Catalogue of Life,
559,Notocirrus zonala seta,Notocirrus zonala seta,361860,361882,11.05,3,NO_ANNOT,,,PartialFuzzy,1,"Notocirrus zonata Moore, 1903",Notocirrus zonata,47VKT,1,Catalogue of Life,
560,Notocirrus zonala,Notocirrus zonala,361931,361948,11.57,2,NO_ANNOT,,,Fuzzy,1,"Notocirrus zonata Moore, 1903",Notocirrus zonata,47VKT,1,Catalogue of Life,
561,68.Ninoe palmata marginal,Ninoe palmata marginal,361992,362017,10.78,3,NO_ANNOT,,,PartialExact,0,"Ninoe palmata Moore, 1903",Ninoe palmata,47FJB,1,Catalogue of Life,
562,69.Ninoe palmata,Ninoe palmata,362062,362078,10.97,2,NO_ANNOT,,,Exact,0,"Ninoe palmata Moore, 1903",Ninoe palmata,47FJB,1,Catalogue of Life,
563,Ninoe palmata,Ninoe palmata,362133,362146,10.97,2,NO_ANNOT,,,Exact,0,"Ninoe palmata Moore, 1903",Ninoe palmata,47FJB,1,Catalogue of Life,
564,Ninoe palmata uncinus,Ninoe palmata uncinus,362220,362241,12.79,3,NO_ANNOT,,,PartialExact,0,"Ninoe palmata Moore, 1903",Ninoe palmata,47FJB,1,Catalogue of Life,
565,Cirratulus gibbosus,Cirratulus gibbosus,362266,362285,13.03,2,NO_ANNOT,,,Exact,0,"Cirratulus gibbosus Moore, 1903",Cirratulus gibbosus,VGKC,1,Catalogue of Life,
566,Chcetozone spinosa,Chcetozone spinosa,362409,362427,4.53,2,NO_ANNOT,,,Fuzzy,1,"Chaetozone spinosa Moore, 1903",Chaetozone spinosa,TF2T,1,Catalogue of Life,
567,Chatozone spinosa,Chatozone spinosa,362528,362545,4.36,2,NO_ANNOT,,,Fuzzy,1,"Chaetozone spinosa Moore, 1903",Chaetozone spinosa,TF2T,1,Catalogue of Life,
568,Goniada foliacea,Goniada foliacea,362580,362596,8.91,2,NO_ANNOT,,,Exact,0,"Goniada (Leonnatus) foliacea Moore, 1903",Goniada foliacea,3GV74,1,Catalogue of Life,
569,Goniada foliacea,Goniada foliacea,362656,362672,8.91,2,NO_ANNOT,,,Exact,0,"Goniada (Leonnatus) foliacea Moore, 1903",Goniada foliacea,3GV74,1,Catalogue of Life,
570,Goniada,Goniada,362711,362718,2.39,1,NO_ANNOT,,,Exact,0,"Goniada Audouin & H Milne Edwards, 1833",Goniada,84NTJ,1,Catalogue of Life,
571,Arnphitrite bifurcata,Arnphitrite bifurcata,362774,362795,4.57,2,NO_ANNOT,,,NoMatch,,,,,,,,
572,Scionella japonica,Scionella japonica,362824,362842,9.97,2,NO_ANNOT,,,Exact,0,"Scionella japonica Moore, 1903",Scionella japonica,4VL6J,1,Catalogue of Life,
573,Scionella japonica,Scionella japonica,362916,362934,9.97,2,NO_ANNOT,,,Exact,0,"Scionella japonica Moore, 1903",Scionella japonica,4VL6J,1,Catalogue of Life,
574,Loimia arborea uncinus,Loimia arborea uncinus,363065,363087,10.97,3,NO_ANNOT,,,PartialExact,0,"Loimia arborea Moore, 1903",Loimia arborea,3VVMP,1,Catalogue of Life,
575,Trichobranchus bibranchiatus  slender,Trichobranchus bibranchiatus slender,363114,363151,13.22,3,NO_ANNOT,,,PartialExact,0,"Trichobranchus bibranchiatus Moore, 1903",Trichobranchus bibranchiatus,857C3,1,Catalogue of Life,
576,Trichobranchus bibranchiatus uncinus.,Trichobranchus bibranchiatus uncinus,363175,363212,15.55,3,NO_ANNOT,,,PartialExact,0,"Trichobranchus bibranchiatus Moore, 1903",Trichobranchus bibranchiatus,857C3,1,Catalogue of Life,
577,Trichobranchus bibranchiatus uncinus,Trichobranchus bibranchiatus uncinus,363230,363266,15.55,3,NO_ANNOT,,,PartialExact,0,"Trichobranchus bibranchiatus Moore, 1903",Trichobranchus bibranchiatus,857C3,1,Catalogue of Life,
578,Nicomache2,Nicomache,363295,363305,4.53,1,NO_ANNOT,,,Exact,0,"Nicomache Malmgren, 1865",Nicomache,84QZL,1,Catalogue of Life,
579,NicomacheC␤inornata end,Nicomachec inornata end,363366,363389,2.49,3,NO_ANNOT,,,PartialFuzzy,1,"Nicomache inornata Moore, 1903",Nicomache inornata,urn:lsid:marinespecies.org:taxname:329806,9,WoRMS,
580,Nicomache1,Nicomache,363427,363437,4.53,1,NO_ANNOT,,,Exact,0,"Nicomache Malmgren, 1865",Nicomache,84QZL,1,Catalogue of Life,
581,Clymene mirabilonga simple,Clymene mirabilonga simple,363487,363513,8.98,3,NO_ANNOT,,,PartialExact,0,"Clymene mirabilonga Moore, 1903",Clymene mirabilonga,WDSL,1,Catalogue of Life,
582,Chjmene mirabilonga,Chjmene mirabilonga,363540,363559,3.53,2,NO_ANNOT,,,NoMatch,,,,,,,,
583,Clymene,Clymene,363606,363613,3.52,1,NO_ANNOT,,,Exact,0,"Clymene Lamarck, 1818",Clymene,87F38,1,Catalogue of Life,
584,Clymene,Clymene,363670,363677,3.52,1,NO_ANNOT,,,Exact,0,"Clymene Lamarck, 1818",Clymene,87F38,1,Catalogue of Life,
585,Clymene,Clymene,363756,363763,3.52,1,NO_ANNOT,,,Exact,0,"Clymene Lamarck, 1818",Clymene,87F38,1,Catalogue of Life,
586,Maldane coronata,Maldane coronata,363822,363838,9.95,2,NO_ANNOT,,,Exact,0,"Maldane coronata Moore, 1903",Maldane coronata,3XMLK,1,Catalogue of Life,
587,Maldane coronata end,Maldane coronata end,363881,363901,7.25,3,NO_ANNOT,,,PartialExact,0,"Maldane coronata Moore, 1903",Maldane coronata,3XMLK,1,Catalogue of Life,
588,Maldane coronata,Maldane coronata,363947,363963,9.95,2,NO_ANNOT,,,Exact,0,"Maldane coronata Moore, 1903",Maldane coronata,3XMLK,1,Catalogue of Life,
589,Axiothea campanulata,Axiothea campanulata,364065,364085,13.22,2,NO_ANNOT,,,Exact,0,"Axiothea campanulata Moore, 1903",Axiothea campanulata,K492,1,Catalogue of Life,
590,AxiotJiea campanulata,Axiotjiea campanulata,364118,364139,6.48,2,NO_ANNOT,,,NoMatch,,,,,,,,
591,NOTES,Notes,364190,364195,2.52,1,NO_ANNOT,,,Exact,0,Notes,Notes,3950760,168,ION,
592,ADELE,Adele,364210,364215,3.83,1,NO_ANNOT,,,NoMatch,,,,,,,,
593,Notes,Notes,365319,365324,2.52,1,NO_ANNOT,,,Exact,0,Notes,Notes,3950760,168,ION,
594,Stenamma fulvum piceum.,Stenamma fulvum piceum,365504,365527,14.69,3,NO_ANNOT,,,Exact,0,Stenamma fulvum piceum,Stenamma fulvum piceum,3775644,168,ION,
595,Formica sangvinea,Formica sangvinea,368524,368541,4.16,2,NO_ANNOT,,,Fuzzy,1,"Formica sanguinea Latreille, 1798",Formica sanguinea,6JGLJ,1,Catalogue of Life,
596,Formica subsericea,Formica subsericea,371638,371656,8.50,2,NO_ANNOT,,,Exact,0,"Formica subsericea Say, 1836",Formica subsericea,6JGMV,1,Catalogue of Life,
597,Cremastogaster,Cremastogaster,371657,371671,4.36,1,NO_ANNOT,,,Exact,0,"Cremastogaster Mayr, 1861",Cremastogaster,urn:lsid:irmng.org:taxname:1108858,181,IRMNG,
598,Lasius umbratus,Lasius umbratus,371681,371696,11.83,2,NO_ANNOT,,,Exact,0,"Lasius umbratus (Nylander, 1846)",Lasius umbratus,3SGZ5,1,Catalogue of Life,
599,Lasius latipes,Lasius latipes,371701,371715,10.20,2,NO_ANNOT,,,Exact,0,"Lasius latipes (Walsh, 1863)",Lasius latipes,gn_203558,186,MCZbase,
600,Leptothorax,Leptothorax,372481,372492,5.42,1,NO_ANNOT,,,Exact,0,"Leptothorax Mayr, 1855",Leptothorax,5DFZ,1,Catalogue of Life,
601,PLEUROTOMARIA.,Pleurotomaria,377834,377848,5.46,1,NO_ANNOT,,,Exact,0,"Pleurotomaria Defrance, 1826",Pleurotomaria,7PCXJ,1,Catalogue of Life,
602,Pleurotomaria,Pleurotomaria,377928,377941,5.46,1,NO_ANNOT,,,Exact,0,"Pleurotomaria Defrance, 1826",Pleurotomaria,7PCXJ,1,Catalogue of Life,
603,Tosa,Tosa,377971,377975,3.28,1,NO_ANNOT,,,Exact,0,"Tosa Navás, 1931",Tosa,urn:lsid:irmng.org:taxname:1131961,181,IRMNG,
604,Pleurotomaria hirasei,Pleurotomaria hirasei,378044,378065,10.52,2,SP_NOV,,,Exact,0,"Pleurotomaria hirasei Pilsbry, 1903",Pleurotomaria hirasei,6W3V8,1,Catalogue of Life,
605,P. heyrichi,P. heyrichi,378110,378121,5.52,2,NO_ANNOT,,,NoMatch,,,,,,,,
606,P. heyrichi,P. heyrichi,379175,379186,5.52,2,NO_ANNOT,,,NoMatch,,,,,,,,
