Index,Verbatim,Name,Start,End,OddsLog10,Cardinality,AnnotNomenType,WordsBefore,WordsAfter,VerifMatchType,VerifEditDistance,VerifMatchedName,VerifMatchedCanonical,VerifTaxonId,VerifDataSourceId,VerifDataSourceTitle,VerifError
0,Pinnotheres strombi,Pinnotheres strombi,319,338,8.94,2,SP_NOV,,,Exact,0,"Pinnotheres strombi Rathbun, 1905",Pinnotheres strombi,7Y7YK,1,Catalogue of Life,
1,P. strombi.,P. strombi,635,646,4.42,2,NO_ANNOT,,,NoMatch,,,,,,,,
2,Strombus pugilis,Strombus pugilis,1724,1740,11.25,2,NO_ANNOT,,,Exact,0,"Strombus pugilis Linnaeus, 1758",Strombus pugilis,534BR,1,Catalogue of Life,
3,Crustacea.,Crustacea,1875,1885,4.98,1,NO_ANNOT,,,Exact,0,"Crustacea Brünnich, 1772",Crustacea,83677,3,ITIS,
4,Lumbriculus tenuis,Lumbriculus tenuis,2340,2358,8.03,2,NO_ANNOT,,,Exact,0,"Lumbriculus tenuis Leidy, 1855",Lumbriculus tenuis,urn:lsid:marinespecies.org:taxname:1072068,9,WoRMS,
5,Enchytroius triventralopectinatus,Enchytroius triventralopectinatus,2527,2560,5.68,2,NO_ANNOT,,,NoMatch,,,,,,,,
6,Clitellio irrorata,Clitellio irrorata,2714,2732,12.50,2,NO_ANNOT,,,Exact,0,"Clitellio irrorata Verrill, 1873",Clitellio irrorata,68724,3,ITIS,
7,Halodrillus,Halodrillus,2737,2748,6.21,1,NO_ANNOT,,,Exact,0,"Halodrillus Verrill, 1873",Halodrillus,urn:lsid:irmng.org:taxname:1228684,181,IRMNG,
8,Paranais littoralis,Paranais littoralis,3194,3213,10.75,2,NO_ANNOT,,,Exact,0,"Paranais littoralis Örsted, 1842",Paranais littoralis,4D4F6,1,Catalogue of Life,
9,Lumbriculus tenuis,Lumbriculus tenuis,3751,3769,8.03,2,NO_ANNOT,,,Exact,0,"Lumbriculus tenuis Leidy, 1855",Lumbriculus tenuis,urn:lsid:marinespecies.org:taxname:1072068,9,WoRMS,
10,Enchytrceus triventralopectinatus,Enchytrceus triventralopectinatus,3836,3869,6.39,2,NO_ANNOT,,,Fuzzy,1,"Enchytraeus triventralopectinatus Minor, 1863",Enchytraeus triventralopectinatus,39NYJ,1,Catalogue of Life,
11,Paranais littoralis,Paranais littoralis,3883,3902,10.75,2,NO_ANNOT,,,Exact,0,"Paranais littoralis Örsted, 1842",Paranais littoralis,4D4F6,1,Catalogue of Life,
12,Lumbriculus tenuis,Lumbriculus tenuis,3929,3947,8.03,2,NO_ANNOT,,,Exact,0,"Lumbriculus tenuis Leidy, 1855",Lumbriculus tenuis,urn:lsid:marinespecies.org:taxname:1072068,9,WoRMS,
13,Clitellio arenarius,Clitellio arenarius,3974,3993,11.76,2,NO_ANNOT,,,Exact,0,"Clitellio (Clitellio) arenarius (Müller, 1776)",Clitellio arenarius,W7ZK,1,Catalogue of Life,
14,Halodrillus,Halodrillus,4001,4012,6.21,1,NO_ANNOT,,,Exact,0,"Halodrillus Verrill, 1873",Halodrillus,urn:lsid:irmng.org:taxname:1228684,181,IRMNG,
15,Enchytrceus albidus,Enchytrceus albidus,4035,4054,6.07,2,NO_ANNOT,,,Fuzzy,1,"Enchytraeus albidus Henle, 1837",Enchytraeus albidus,39NWZ,1,Catalogue of Life,
16,Critellio irrorata,Critellio irrorata,4065,4083,6.19,2,NO_ANNOT,,,Fuzzy,1,"Clitellio irrorata Verrill, 1873",Clitellio irrorata,68724,3,ITIS,
17,Tubifex irroratus,Tubifex irroratus,4110,4127,10.89,2,NO_ANNOT,,,Exact,0,"Tubifex irroratus (Verrill, 1873)",Tubifex irroratus,59JRQ,1,Catalogue of Life,
18,Tubifex benedeni,Tubifex benedeni,4136,4152,9.19,2,NO_ANNOT,,,Exact,0,"Tubifex benedeni d'Udekem, 1855",Tubifex benedeni,59JQM,1,Catalogue of Life,
19,Clitellio arenarius,Clitellio arenarius,4164,4183,11.76,2,NO_ANNOT,,,Exact,0,"Clitellio (Clitellio) arenarius (Müller, 1776)",Clitellio arenarius,W7ZK,1,Catalogue of Life,
20,Clitellio irrorata.,Clitellio irrorata,4392,4411,12.50,2,NO_ANNOT,,,Exact,0,"Clitellio irrorata Verrill, 1873",Clitellio irrorata,68724,3,ITIS,
21,Paranais littoralis,Paranais littoralis,4862,4881,10.75,2,NO_ANNOT,,,Exact,0,"Paranais littoralis Örsted, 1842",Paranais littoralis,4D4F6,1,Catalogue of Life,
22,Clitellio arenarius,Clitellio arenarius,4894,4913,11.76,2,NO_ANNOT,,,Exact,0,"Clitellio (Clitellio) arenarius (Müller, 1776)",Clitellio arenarius,W7ZK,1,Catalogue of Life,
23,Monopylephorus glaher,Monopylephorus glaher,4914,4935,9.10,2,NO_ANNOT,,,Fuzzy,1,"Monopylephorus glaber J. Moore, 1905",Monopylephorus glaber,85VFR,1,Catalogue of Life,
24,M. parvus,M. parvus,4936,4945,5.21,2,NO_ANNOT,,,NoMatch,,,,,,,,
25,Tuhifex irroratus,Tuhifex irroratus,4946,4963,4.58,2,NO_ANNOT,,,Fuzzy,1,"Tubifex irroratus (Verrill, 1873)",Tubifex irroratus,59JRQ,1,Catalogue of Life,
26,T. benedeni,T. benedeni,4964,4975,5.69,2,NO_ANNOT,,,NoMatch,,,,,,,,
27,Limnodrilus,Limnodrilus,4992,5003,6.21,1,NO_ANNOT,,,Exact,0,"Limnodrilus Claparède, 1862",Limnodrilus,84PPN,1,Catalogue of Life,
28,Enchytroeus,Enchytroeus,5028,5039,5.98,1,NO_ANNOT,,,Exact,0,Enchytroeus,Enchytroeus,4034188,168,ION,
29,Lumhricilliis agilis.,Lumhricilliis agilis,5053,5074,4.95,2,NO_ANNOT,,,NoMatch,,,,,,,,
30,P. littoralis,P. littoralis,5084,5097,7.08,2,NO_ANNOT,,,NoMatch,,,,,,,,
31,C. arenarius,C. arenarius,5098,5110,6.66,2,NO_ANNOT,,,NoMatch,,,,,,,,
32,M. parvus,M. parvus,5111,5120,5.21,2,NO_ANNOT,,,NoMatch,,,,,,,,
33,T. henedeni,T. henedeni,5121,5132,5.69,2,NO_ANNOT,,,NoMatch,,,,,,,,
34,E. albidus,E. albidus,5137,5147,6.06,2,NO_ANNOT,,,NoMatch,,,,,,,,
35,Tubifex irroratus,Tubifex irroratus,5242,5259,10.89,2,NO_ANNOT,,,Exact,0,"Tubifex irroratus (Verrill, 1873)",Tubifex irroratus,59JRQ,1,Catalogue of Life,
36,C. irrorata,C. irrorata,5290,5301,7.41,2,NO_ANNOT,,,NoMatch,,,,,,,,
37,Limnodrilrus subsalsus,Limnodrilrus subsalsus,5942,5964,6.75,2,NO_ANNOT,,,Fuzzy,1,"Limnodrilus subsalsus Moore, 1905",Limnodrilus subsalsus,urn:lsid:marinespecies.org:taxname:1038991,9,WoRMS,
38,Monopylephorus glaber,Monopylephorus glaber,6135,6156,9.71,2,NO_ANNOT,,,Exact,0,"Monopylephorus glaber J. Moore, 1905",Monopylephorus glaber,85VFR,1,Catalogue of Life,
39,Enchytraus albidus,Enchytraus albidus,6733,6751,4.24,2,NO_ANNOT,,,Fuzzy,1,"Enchytraeus albidus Henle, 1837",Enchytraeus albidus,39NWZ,1,Catalogue of Life,
40,T. irroratus,T. irroratus,7147,7159,7.39,2,NO_ANNOT,,,NoMatch,,,,,,,,
41,Monopylephorus,Monopylephorus,7171,7185,6.27,1,NO_ANNOT,,,Exact,0,"Monopylephorus Levinsen, 1884",Monopylephorus,84QKZ,1,Catalogue of Life,
42,Monopylephorus,Monopylephorus,7315,7329,6.27,1,NO_ANNOT,,,Exact,0,"Monopylephorus Levinsen, 1884",Monopylephorus,84QKZ,1,Catalogue of Life,
43,Monopylephorus,Monopylephorus,7625,7639,6.27,1,NO_ANNOT,,,Exact,0,"Monopylephorus Levinsen, 1884",Monopylephorus,84QKZ,1,Catalogue of Life,
44,Tuhifex hamatus,Tuhifex hamatus,7810,7825,4.23,2,NO_ANNOT,,,Fuzzy,1,"Tubifex hamatus Moore, 1905",Tubifex hamatus,59JRB,1,Catalogue of Life,
45,Paranais littoralis.,Paranais littoralis,8603,8623,10.75,2,NO_ANNOT,,,Exact,0,"Paranais littoralis Örsted, 1842",Paranais littoralis,4D4F6,1,Catalogue of Life,
46,Lumhricillus agilis.,Lumhricillus agilis,8867,8887,6.80,2,NO_ANNOT,,,Fuzzy,1,"Lumbricillus agilis Moore, 1905",Lumbricillus agilis,732DT,1,Catalogue of Life,
47,Enchytroeus,Enchytroeus,8975,8986,5.98,1,NO_ANNOT,,,Exact,0,Enchytroeus,Enchytroeus,4034188,168,ION,
48,Clitellio arenarius.,Clitellio arenarius,9339,9359,11.76,2,NO_ANNOT,,,Exact,0,"Clitellio (Clitellio) arenarius (Müller, 1776)",Clitellio arenarius,W7ZK,1,Catalogue of Life,
49,Tubifex henedeni.,Tubifex henedeni,9665,9682,9.19,2,NO_ANNOT,,,Fuzzy,1,"Tubifex benedeni d'Udekem, 1855",Tubifex benedeni,59JQM,1,Catalogue of Life,
50,Tubifex hamatus.,Tubifex hamatus,9833,9849,10.53,2,NO_ANNOT,,,Exact,0,"Tubifex hamatus Moore, 1905",Tubifex hamatus,59JRB,1,Catalogue of Life,
51,Tubifex irroratus.,Tubifex irroratus,10205,10223,10.89,2,NO_ANNOT,,,Exact,0,"Tubifex irroratus (Verrill, 1873)",Tubifex irroratus,59JRQ,1,Catalogue of Life,
52,Monopylephorus glaber.,Monopylephorus glaber,10428,10450,9.71,2,NO_ANNOT,,,Exact,0,"Monopylephorus glaber J. Moore, 1905",Monopylephorus glaber,85VFR,1,Catalogue of Life,
53,Monopylephorus parvus.,Monopylephorus parvus,10511,10533,11.82,2,NO_ANNOT,,,Exact,0,"Monopylephorus parvus Ditlevsen, 1904",Monopylephorus parvus,44988,1,Catalogue of Life,
54,Paranais littoralis,Paranais littoralis,10534,10553,10.75,2,NO_ANNOT,,,Exact,0,"Paranais littoralis Örsted, 1842",Paranais littoralis,4D4F6,1,Catalogue of Life,
55,Nais littoralis,Nais littoralis,10575,10590,9.42,2,NO_ANNOT,,,Exact,0,"Nais littoralis Müller, 1780",Nais littoralis,urn:lsid:marinespecies.org:taxname:176081,9,WoRMS,
56,Enchytrceus triventralopectinatus,Enchytrceus triventralopectinatus,10605,10638,6.39,2,NO_ANNOT,,,Fuzzy,1,"Enchytraeus triventralopectinatus Minor, 1863",Enchytraeus triventralopectinatus,39NYJ,1,Catalogue of Life,
57,Paranais littoralis,Paranais littoralis,10650,10669,10.75,2,NO_ANNOT,,,Exact,0,"Paranais littoralis Örsted, 1842",Paranais littoralis,4D4F6,1,Catalogue of Life,
58,P. littoralis.,P. littoralis,10949,10963,7.08,2,NO_ANNOT,,,NoMatch,,,,,,,,
59,Clitellio arenarius,Clitellio arenarius,12511,12530,11.76,2,NO_ANNOT,,,Exact,0,"Clitellio (Clitellio) arenarius (Müller, 1776)",Clitellio arenarius,W7ZK,1,Catalogue of Life,
60,Lumbricus arenarius,Lumbricus arenarius,12547,12566,13.16,2,NO_ANNOT,,,Exact,0,"Lumbricus arenarius Müller, 1776",Lumbricus arenarius,72Q6S,1,Catalogue of Life,
61,Clitellio arenarius,Clitellio arenarius,12581,12600,11.76,2,NO_ANNOT,,,Exact,0,"Clitellio (Clitellio) arenarius (Müller, 1776)",Clitellio arenarius,W7ZK,1,Catalogue of Life,
62,Clitellio irrorata,Clitellio irrorata,12647,12665,12.50,2,NO_ANNOT,,,Exact,0,"Clitellio irrorata Verrill, 1873",Clitellio irrorata,68724,3,ITIS,
63,Limnodrilus suhsalsus,Limnodrilus suhsalsus,14392,14413,8.28,2,NO_ANNOT,,,Fuzzy,1,"Limnodrilus subsalsus Moore, 1905",Limnodrilus subsalsus,urn:lsid:marinespecies.org:taxname:1038991,9,WoRMS,
64,C. arenarius.,C. arenarius,14479,14492,6.66,2,NO_ANNOT,,,NoMatch,,,,,,,,
65,Lumhriculus tenuis,Lumhriculus tenuis,14530,14548,8.03,2,NO_ANNOT,,,Fuzzy,1,"Lumbriculus tenuis Leidy, 1855",Lumbriculus tenuis,urn:lsid:marinespecies.org:taxname:1072068,9,WoRMS,
66,Clitellio.,Clitellio,14563,14573,4.76,1,NO_ANNOT,,,Exact,0,"Clitellio Savigny, 1822",Clitellio,84MFJ,1,Catalogue of Life,
67,Clitellio irrorata,Clitellio irrorata,14729,14747,12.50,2,NO_ANNOT,,,Exact,0,"Clitellio irrorata Verrill, 1873",Clitellio irrorata,68724,3,ITIS,
68,C. irrorata,C. irrorata,14884,14895,7.41,2,NO_ANNOT,,,NoMatch,,,,,,,,
69,Monopylephorus glaber,Monopylephorus glaber,15190,15211,9.71,2,SP_NOV,,,Exact,0,"Monopylephorus glaber J. Moore, 1905",Monopylephorus glaber,85VFR,1,Catalogue of Life,
70,M. pilosus,M. pilosus,19911,19921,6.41,2,NO_ANNOT,,,NoMatch,,,,,,,,
71,M. pilosus.,M. pilosus,21501,21512,6.41,2,NO_ANNOT,,,NoMatch,,,,,,,,
72,Monopylephorus,Monopylephorus,25120,25134,6.27,1,NO_ANNOT,,,Exact,0,"Monopylephorus Levinsen, 1884",Monopylephorus,84QKZ,1,Catalogue of Life,
73,Vermiculus pilosus,Vermiculus pilosus,25197,25215,12.83,2,NO_ANNOT,,,Exact,0,"Vermiculus pilosus Goodrich, 1892",Vermiculus pilosus,5B3Z7,1,Catalogue of Life,
74,M. glaher,M. glaher,25281,25290,2.50,2,NO_ANNOT,,,NoMatch,,,,,,,,
75,M. fluviatilis,M. fluviatilis,25505,25519,7.39,2,NO_ANNOT,,,NoMatch,,,,,,,,
76,M. glaher,M. glaher,25792,25801,2.50,2,NO_ANNOT,,,NoMatch,,,,,,,,
77,Lumbricillus agilis,Lumbricillus agilis,27929,27948,13.11,2,NO_ANNOT,,,Exact,0,"Lumbricillus agilis Moore, 1905",Lumbricillus agilis,732DT,1,Catalogue of Life,
78,Monopylephorus parvus,Monopylephorus parvus,28612,28633,11.82,2,NO_ANNOT,,,Exact,0,"Monopylephorus parvus Ditlevsen, 1904",Monopylephorus parvus,44988,1,Catalogue of Life,
79,Monopylephorus,Monopylephorus,28693,28707,6.27,1,NO_ANNOT,,,Exact,0,"Monopylephorus Levinsen, 1884",Monopylephorus,84QKZ,1,Catalogue of Life,
80,Lumbricillus agilis,Lumbricillus agilis,28942,28961,13.11,2,NO_ANNOT,,,Exact,0,"Lumbricillus agilis Moore, 1905",Lumbricillus agilis,732DT,1,Catalogue of Life,
81,M. glaber,M. glaber,29398,29407,3.11,2,NO_ANNOT,,,NoMatch,,,,,,,,
82,M. glaber.,M. glaber,30330,30340,3.11,2,NO_ANNOT,,,NoMatch,,,,,,,,
83,M. glaber,M. glaber,30392,30401,3.11,2,NO_ANNOT,,,NoMatch,,,,,,,,
84,M. glaber,M. glaber,31824,31833,3.11,2,NO_ANNOT,,,NoMatch,,,,,,,,
85,LumbricilluS',Lumbricillus,31845,31858,6.45,1,NO_ANNOT,,,Exact,0,"Lumbricillus Ørsted, 1844",Lumbricillus,84PT8,1,Catalogue of Life,
86,Tubifex irroratus,Tubifex irroratus,31859,31876,10.89,2,NO_ANNOT,,,Exact,0,"Tubifex irroratus (Verrill, 1873)",Tubifex irroratus,59JRQ,1,Catalogue of Life,
87,Clitellio irrorata,Clitellio irrorata,31907,31925,12.50,2,NO_ANNOT,,,Exact,0,"Clitellio irrorata Verrill, 1873",Clitellio irrorata,68724,3,ITIS,
88,Monopylephorus,Monopylephorus,32216,32230,6.27,1,NO_ANNOT,,,Exact,0,"Monopylephorus Levinsen, 1884",Monopylephorus,84QKZ,1,Catalogue of Life,
89,Monopijlephorus glaher,Monopijlephorus glaher,34629,34651,2.76,2,NO_ANNOT,,,NoMatch,,,,,,,,
90,Monopylephorus glaher,Monopylephorus glaher,35763,35784,9.10,2,NO_ANNOT,,,Fuzzy,1,"Monopylephorus glaber J. Moore, 1905",Monopylephorus glaber,85VFR,1,Catalogue of Life,
91,Monopylephorus glaher.,Monopylephorus glaher,36261,36283,9.10,2,NO_ANNOT,,,Fuzzy,1,"Monopylephorus glaber J. Moore, 1905",Monopylephorus glaber,85VFR,1,Catalogue of Life,
92,M. glaher,M. glaher,36785,36794,2.50,2,NO_ANNOT,,,NoMatch,,,,,,,,
93,Monopylephorus,Monopylephorus,37699,37713,6.27,1,NO_ANNOT,,,Exact,0,"Monopylephorus Levinsen, 1884",Monopylephorus,84QKZ,1,Catalogue of Life,
94,Tubifex.,Tubifex,37778,37786,3.17,1,NO_ANNOT,,,Exact,0,"Tubifex Lamarck, 1816",Tubifex,84VHG,1,Catalogue of Life,
95,Monopylephorus glaher.,Monopylephorus glaher,38738,38760,9.10,2,NO_ANNOT,,,Fuzzy,1,"Monopylephorus glaber J. Moore, 1905",Monopylephorus glaber,85VFR,1,Catalogue of Life,
96,Clitellio irrorata,Clitellio irrorata,39144,39162,12.50,2,NO_ANNOT,,,Exact,0,"Clitellio irrorata Verrill, 1873",Clitellio irrorata,68724,3,ITIS,
97,M. glaher,M. glaher,39472,39481,2.50,2,NO_ANNOT,,,NoMatch,,,,,,,,
98,M. glaher,M. glaher,39694,39703,2.50,2,NO_ANNOT,,,NoMatch,,,,,,,,
99,M. glaher.,M. glaher,40212,40222,2.50,2,NO_ANNOT,,,NoMatch,,,,,,,,
100,Tubifex benedeni,Tubifex benedeni,40287,40303,9.19,2,NO_ANNOT,,,Exact,0,"Tubifex benedeni d'Udekem, 1855",Tubifex benedeni,59JQM,1,Catalogue of Life,
101,Tubifex benedii,Tubifex benedii,40312,40327,9.50,2,NO_ANNOT,,,Exact,0,"Tubifex benedii d'Udekem, 1855",Tubifex benedii,59JQN,1,Catalogue of Life,
102,Clitellio ater,Clitellio ater,40341,40355,7.49,2,NO_ANNOT,,,Exact,0,"Clitellio ater Claparède, 1862",Clitellio ater,urn:lsid:marinespecies.org:taxname:476207,9,WoRMS,
103,ClitelUo irrorata,Cliteluo irrorata,40372,40389,5.25,2,NO_ANNOT,,,NoMatch,,,,,,,,
104,Hemitubifex benedii,Hemitubifex benedii,40412,40431,10.21,2,NO_ANNOT,,,Exact,0,"Hemitubifex benedii (d'Udekem, 1855)",Hemitubifex benedii,3KTRM,1,Catalogue of Life,
105,Psammoryctes benedeni,Psammoryctes benedeni,40446,40467,9.93,2,NO_ANNOT,,,PartialExact,0,"Psammoryctes Pöppig, 1835",Psammoryctes,urn:lsid:irmng.org:taxname:1239128,181,IRMNG,
106,Clitellio irrorata.,Clitellio irrorata,41799,41818,12.50,2,NO_ANNOT,,,Exact,0,"Clitellio irrorata Verrill, 1873",Clitellio irrorata,68724,3,ITIS,
107,Clitellio arenarius.,Clitellio arenarius,42716,42736,11.76,2,NO_ANNOT,,,Exact,0,"Clitellio (Clitellio) arenarius (Müller, 1776)",Clitellio arenarius,W7ZK,1,Catalogue of Life,
108,Clitellio arenarius,Clitellio arenarius,43028,43047,11.76,2,NO_ANNOT,,,Exact,0,"Clitellio (Clitellio) arenarius (Müller, 1776)",Clitellio arenarius,W7ZK,1,Catalogue of Life,
109,T. benedeni,T. benedeni,43224,43235,5.69,2,NO_ANNOT,,,NoMatch,,,,,,,,
110,Clitellio arenarius,Clitellio arenarius,43384,43403,11.76,2,NO_ANNOT,,,Exact,0,"Clitellio (Clitellio) arenarius (Müller, 1776)",Clitellio arenarius,W7ZK,1,Catalogue of Life,
111,Tubifex hamatus,Tubifex hamatus,43433,43448,10.53,2,SP_NOV,,,Exact,0,"Tubifex hamatus Moore, 1905",Tubifex hamatus,59JRB,1,Catalogue of Life,
112,Bothrioneuron.,Bothrioneuron,48429,48443,5.09,1,NO_ANNOT,,,Exact,0,"Bothrioneuron Stolč, 1886",Bothrioneuron,urn:lsid:marinespecies.org:taxname:1062255,9,WoRMS,
113,Limnodrilus subsalsus,Limnodrilus subsalsus,51843,51864,13.31,2,SP_NOV,,,Exact,0,"Limnodrilus subsalsus Moore, 1905",Limnodrilus subsalsus,urn:lsid:marinespecies.org:taxname:1038991,9,WoRMS,
114,Camptodrilus.,Camptodrilus,55017,55030,6.45,1,NO_ANNOT,,,Exact,0,"Camptodrilus Eisen, 1879",Camptodrilus,urn:lsid:irmng.org:taxname:1292303,181,IRMNG,
115,Tuhijex hamatus,Tuhijex hamatus,57612,57627,4.23,2,NO_ANNOT,,,NoMatch,,,,,,,,
116,Enchytraeus albidus,Enchytraeus albidus,57926,57945,11.00,2,NO_ANNOT,,,Exact,0,"Enchytraeus albidus Henle, 1837",Enchytraeus albidus,39NWZ,1,Catalogue of Life,
117,Enchytrceus albidus,Enchytrceus albidus,57953,57972,6.07,2,NO_ANNOT,,,Fuzzy,1,"Enchytraeus albidus Henle, 1837",Enchytraeus albidus,39NWZ,1,Catalogue of Life,
118,Halodrillus,Halodrillus,57985,57996,6.21,1,NO_ANNOT,,,Exact,0,"Halodrillus Verrill, 1873",Halodrillus,urn:lsid:irmng.org:taxname:1228684,181,IRMNG,
119,Enchytrceus humicultor,Enchytrceus humicultor,58021,58043,5.65,2,NO_ANNOT,,,Fuzzy,1,"Enchytraeus humicultor Vejdovský, 1879",Enchytraeus humicultor,85QPC,1,Catalogue of Life,
120,Enchytraeus littoralis,Enchytraeus littoralis,58060,58082,12.02,2,NO_ANNOT,,,Exact,0,Enchytraeus (Halodrilus) littoralis,Enchytraeus littoralis,3867872,168,ION,
121,E. humicultor,E. humicultor,58218,58231,5.64,2,NO_ANNOT,,,NoMatch,,,,,,,,
122,E. albidus,E. albidus,58357,58367,6.06,2,NO_ANNOT,,,NoMatch,,,,,,,,
123,Lumbricillus,Lumbricillus,59585,59597,6.45,1,NO_ANNOT,,,Exact,0,"Lumbricillus Ørsted, 1844",Lumbricillus,84PT8,1,Catalogue of Life,
124,Enchytrceus albidus may,Enchytrceus albidus may,59769,59792,3.37,3,NO_ANNOT,,,PartialFuzzy,1,"Enchytraeus albidus Henle, 1837",Enchytraeus albidus,39NWZ,1,Catalogue of Life,
125,Lumbricillus agilis,Lumbricillus agilis,59909,59928,13.11,2,SP_NOV,,,Exact,0,"Lumbricillus agilis Moore, 1905",Lumbricillus agilis,732DT,1,Catalogue of Life,
126,Aas deferens,Aas deferens,64564,64576,1.29,2,NO_ANNOT,,,NoMatch,,,,,,,,
127,Notes,Notes,66532,66537,2.52,1,NO_ANNOT,,,Exact,0,Notes,Notes,3950760,168,ION,
128,Notes,Notes,67502,67507,2.52,1,NO_ANNOT,,,Exact,0,Notes,Notes,3950760,168,ION,
129,Annelida.,Annelida,67825,67834,3.81,1,NO_ANNOT,,,Exact,0,Annelida,Annelida,NN,1,Catalogue of Life,
130,Monopylephorus glaber,Monopylephorus glaber,67933,67954,9.71,2,NO_ANNOT,,,Exact,0,"Monopylephorus glaber J. Moore, 1905",Monopylephorus glaber,85VFR,1,Catalogue of Life,
131,Tubifex irroratus,Tubifex irroratus,68339,68356,10.89,2,NO_ANNOT,,,Exact,0,"Tubifex irroratus (Verrill, 1873)",Tubifex irroratus,59JRQ,1,Catalogue of Life,
132,Tubifex hamatus,Tubifex hamatus,68859,68874,10.53,2,NO_ANNOT,,,Exact,0,"Tubifex hamatus Moore, 1905",Tubifex hamatus,59JRB,1,Catalogue of Life,
133,Lininodrilus subsalsus,Lininodrilus subsalsus,69447,69469,7.24,2,NO_ANNOT,,,NoMatch,,,,,,,,
134,Lumbricillus agilis,Lumbricillus agilis,69718,69737,13.11,2,NO_ANNOT,,,Exact,0,"Lumbricillus agilis Moore, 1905",Lumbricillus agilis,732DT,1,Catalogue of Life,
135,Monopylephorus parvus,Monopylephorus parvus,70141,70162,11.82,2,NO_ANNOT,,,Exact,0,"Monopylephorus parvus Ditlevsen, 1904",Monopylephorus parvus,44988,1,Catalogue of Life,
136,ORTHOPTERA,Orthoptera,70825,70835,5.31,1,NO_ANNOT,,,Exact,0,Orthoptera,Orthoptera,62294,1,Catalogue of Life,
137,RICA.,Rica,70845,70850,1.99,1,NO_ANNOT,,,NoMatch,,,,,,,,
138,Rica,Rica,70986,70990,1.99,1,NO_ANNOT,,,NoMatch,,,,,,,,
139,Rica,Rica,71558,71562,1.99,1,NO_ANNOT,,,NoMatch,,,,,,,,
140,Truxalis,Truxalis,71680,71688,4.12,1,NO_ANNOT,,,Exact,0,Truxalis,Truxalis,838J,1,Catalogue of Life,
141,Acrida.,Acrida,71870,71877,3.27,1,NO_ANNOT,,,Exact,0,Acrida,Acrida,N9G,1,Catalogue of Life,
142,Truxalis brevicornis,Truxalis brevicornis,71878,71898,11.72,2,NO_ANNOT,,,Exact,0,"Truxalis brevicornis (Johannson, 1763)",Truxalis brevicornis,7CWMG,1,Catalogue of Life,
143,GriUus brevicornis,Griuus brevicornis,71916,71934,5.27,2,NO_ANNOT,,,NoMatch,,,,,,,,
144,Rica.,Rica,72010,72015,1.99,1,NO_ANNOT,,,NoMatch,,,,,,,,
145,Rica.,Rica,72077,72082,1.99,1,NO_ANNOT,,,NoMatch,,,,,,,,
146,SILVITETTIX,Silvitettix,72258,72269,4.87,1,NO_ANNOT,,,Exact,0,Silvitettix,Silvitettix,7GXZ,1,Catalogue of Life,
147,Silvitettix,Silvitettix,72284,72295,4.87,1,NO_ANNOT,,,Exact,0,Silvitettix,Silvitettix,7GXZ,1,Catalogue of Life,
148,Silvitettix oommunis,Silvitettix oommunis,72362,72382,6.87,2,NO_ANNOT,,,Fuzzy,1,"Silvitettix communis Bruner, L., 1904",Silvitettix communis,6Z29Z,1,Catalogue of Life,
149,Silvitettix communis,Silvitettix communis,72397,72417,11.89,2,NO_ANNOT,,,Exact,0,"Silvitettix communis Bruner, L., 1904",Silvitettix communis,6Z29Z,1,Catalogue of Life,
150,Rica.,Rica,72498,72503,1.99,1,NO_ANNOT,,,NoMatch,,,,,,,,
151,Rica.,Rica,72519,72524,1.99,1,NO_ANNOT,,,NoMatch,,,,,,,,
152,Rica.,Rica,72591,72596,1.99,1,NO_ANNOT,,,NoMatch,,,,,,,,
153,Rica.,Rica,72682,72687,1.99,1,NO_ANNOT,,,NoMatch,,,,,,,,
154,AMBLYTROPIDIA,Amblytropidia,72839,72852,4.70,1,NO_ANNOT,,,Exact,0,Amblytropidia,Amblytropidia,TKG,1,Catalogue of Life,
155,A. ferruginosa,A. ferruginosa,72924,72938,7.56,2,NO_ANNOT,,,NoMatch,,,,,,,,
156,Amblytropidia costaricensis,Amblytropidia costaricensis,72945,72972,12.56,2,NO_ANNOT,,,Exact,0,"Amblytropidia costaricensis Bruner, L., 1904",Amblytropidia costaricensis,CPDQ,1,Catalogue of Life,
157,Ambhjtropidia costaricensis,Ambhjtropidia costaricensis,72987,73014,6.25,2,NO_ANNOT,,,NoMatch,,,,,,,,
158,Rica.,Rica,73090,73095,1.99,1,NO_ANNOT,,,NoMatch,,,,,,,,
159,Rica.,Rica,73116,73121,1.99,1,NO_ANNOT,,,NoMatch,,,,,,,,
160,ORPHULELLA,Orphulella,73190,73200,6.37,1,NO_ANNOT,,,Exact,0,Orphulella,Orphulella,63HC7,1,Catalogue of Life,
161,Geer iniricata,Geer iniricata,73313,73327,3.38,2,NO_ANNOT,,,NoMatch,,,,,,,,
162,Stal gracilis,Stal gracilis,73328,73341,1.68,2,NO_ANNOT,,,PartialExact,0,Procyrta (Stal ),Stal,4221904,168,ION,
163,Orphulella punctata,Orphulella punctata,73409,73428,14.11,2,NO_ANNOT,,,Exact,0,"Orphulella punctata (De Geer, 1773)",Orphulella punctata,6SXFM,1,Catalogue of Life,
164,Acrydium,Acrydium,73444,73452,5.11,1,NO_ANNOT,,,Exact,0,"Acrydium Geoffroy, 1764",Acrydium,102282,3,ITIS,
165,Rica.,Rica,73539,73544,1.99,1,NO_ANNOT,,,NoMatch,,,,,,,,
166,Rica.,Rica,73618,73623,1.99,1,NO_ANNOT,,,NoMatch,,,,,,,,
167,Orphulella costaricensis,Orphulella costaricensis,73850,73874,14.23,2,NO_ANNOT,,,Exact,0,"Orphulella costaricensis Bruner, L., 1904",Orphulella costaricensis,74VPY,1,Catalogue of Life,
168,Orphulella costaricensis,Orphulella costaricensis,73889,73913,14.23,2,NO_ANNOT,,,Exact,0,"Orphulella costaricensis Bruner, L., 1904",Orphulella costaricensis,74VPY,1,Catalogue of Life,
169,Rica.,Rica,73969,73974,1.99,1,NO_ANNOT,,,NoMatch,,,,,,,,
170,Rica.,Rica,73989,73994,1.99,1,NO_ANNOT,,,NoMatch,,,,,,,,
171,Rica.,Rica,74068,74073,1.99,1,NO_ANNOT,,,NoMatch,,,,,,,,
172,Rica.,Rica,74169,74174,1.99,1,NO_ANNOT,,,NoMatch,,,,,,,,
173,LACTISTA,Lactista,74484,74492,3.65,1,NO_ANNOT,,,Exact,0,Lactista,Lactista,59X5,1,Catalogue of Life,
174,Lactista punctata,Lactista punctata,74503,74520,11.39,2,NO_ANNOT,,,Exact,0,"Lactista punctata (Stål, 1873)",Lactista punctata,3RSNZ,1,Catalogue of Life,
175,Rica.,Rica,74546,74551,1.99,1,NO_ANNOT,,,NoMatch,,,,,,,,
176,Heliastus costarioensis,Heliastus costarioensis,75082,75105,8.28,2,SP_NOV,,,Fuzzy,1,"Heliastus costaricensis Rehn, J.A.G., 1905",Heliastus costaricensis,3K664,1,Catalogue of Life,
177,Rica.,Rica,75137,75142,1.99,1,NO_ANNOT,,,NoMatch,,,,,,,,
178,H. aztecus,H. aztecus,75208,75218,6.47,2,NO_ANNOT,,,NoMatch,,,,,,,,
179,Heliastus costaricensis,Heliastus costaricensis,77263,77286,13.30,2,SP_NOV,,,Exact,0,"Heliastus costaricensis Rehn, J.A.G., 1905",Heliastus costaricensis,3K664,1,Catalogue of Life,
180,Caudal tibiae,Caudal tibiae,78788,78801,0.92,2,NO_ANNOT,,,NoMatch,,,,,,,,
181,PROSPHENA,Prosphena,79196,79205,5.47,1,NO_ANNOT,,,Exact,0,Prosphena,Prosphena,6X8X,1,Catalogue of Life,
182,Prosphena,Prosphena,79221,79230,5.47,1,NO_ANNOT,,,Exact,0,Prosphena,Prosphena,6X8X,1,Catalogue of Life,
183,P. scudderi,P. scudderi,79289,79300,6.86,2,NO_ANNOT,,,NoMatch,,,,,,,,
184,Prosphena scudderi,Prosphena scudderi,79310,79328,12.67,2,NO_ANNOT,,,Exact,0,"Prosphena scudderi Bolívar, I., 1884",Prosphena scudderi,4MY22,1,Catalogue of Life,
185,Prosphena,Prosphena,79344,79353,5.47,1,NO_ANNOT,,,Exact,0,Prosphena,Prosphena,6X8X,1,Catalogue of Life,
186,Rica.,Rica,79438,79443,1.99,1,NO_ANNOT,,,NoMatch,,,,,,,,
187,Munatia,Munatia,79809,79816,4.87,1,NO_ANNOT,,,Exact,0,Munatia,Munatia,5VPY,1,Catalogue of Life,
188,M. punctata,M. punctata,79887,79898,7.41,2,NO_ANNOT,,,NoMatch,,,,,,,,
189,Munatia punctata,Munatia punctata,79915,79931,12.61,2,NO_ANNOT,,,Exact,0,"Munatia punctata Stål, 1875",Munatia punctata,44KD7,1,Catalogue of Life,
190,Munaiia punctata,Munaiia punctata,79952,79968,5.30,2,NO_ANNOT,,,Fuzzy,1,"Munatia punctata Stål, 1875",Munatia punctata,44KD7,1,Catalogue of Life,
191,Rica.,Rica,80059,80064,1.99,1,NO_ANNOT,,,NoMatch,,,,,,,,
192,Rica.,Rica,80123,80128,1.99,1,NO_ANNOT,,,NoMatch,,,,,,,,
193,Rica.,Rica,80181,80186,1.99,1,NO_ANNOT,,,NoMatch,,,,,,,,
194,Munatia punctata,Munatia punctata,80260,80276,12.61,2,NO_ANNOT,,,Exact,0,"Munatia punctata Stål, 1875",Munatia punctata,44KD7,1,Catalogue of Life,
195,COLPOLOPHA,Colpolopha,80774,80784,5.72,1,NO_ANNOT,,,Exact,0,Colpolopha,Colpolopha,3SLF,1,Catalogue of Life,
196,Colpolopha,Colpolopha,80796,80806,5.72,1,NO_ANNOT,,,Exact,0,Colpolopha,Colpolopha,3SLF,1,Catalogue of Life,
197,C. sinuata,C. sinuata,80885,80895,7.21,2,SP_NOV,,,NoMatch,,,,,,,,
198,Colpolopha bruneri,Colpolopha bruneri,80902,80920,12.72,2,SP_NOV,,,Exact,0,"Colpolopha bruneri Rehn, J.A.G., 1905",Colpolopha bruneri,5ZNKR,1,Catalogue of Life,
199,Rica.,Rica,80965,80970,1.99,1,NO_ANNOT,,,NoMatch,,,,,,,,
200,Rica.,Rica,81001,81006,1.99,1,NO_ANNOT,,,NoMatch,,,,,,,,
201,C. sinuata,C. sinuata,81077,81087,7.21,2,NO_ANNOT,,,NoMatch,,,,,,,,
202,Colpolopha bruncri,Colpolopha bruncri,81537,81555,10.07,2,SP_NOV,,,Fuzzy,1,"Colpolopha bruneri Rehn, J.A.G., 1905",Colpolopha bruneri,5ZNKR,1,Catalogue of Life,
203,C. variegata,C. variegata,85329,85341,7.57,2,SP_NOV,,,NoMatch,,,,,,,,
204,Cibotopterix variegata,Cibotopterix variegata,85819,85841,7.25,2,NO_ANNOT,,,Fuzzy,1,"Cibotopteryx variegata Rehn, J.A.G., 1905",Cibotopteryx variegata,5Z59M,1,Catalogue of Life,
205,Cibotopteryx variegata,Cibotopteryx variegata,86202,86224,13.53,2,SP_NOV,,,Exact,0,"Cibotopteryx variegata Rehn, J.A.G., 1905",Cibotopteryx variegata,5Z59M,1,Catalogue of Life,
206,Rica.,Rica,86253,86258,1.99,1,NO_ANNOT,,,NoMatch,,,,,,,,
207,9.Cibotopteryx rariegata.,Cibotopteryx rariegata,86351,86376,13.53,2,NO_ANNOT,,,Fuzzy,1,"Cibotopteryx variegata Rehn, J.A.G., 1905",Cibotopteryx variegata,5Z59M,1,Catalogue of Life,
208,Centurio,Centurio,90164,90172,3.51,1,NO_ANNOT,,,Exact,0,"Centurio Gray, 1842",Centurio,3KC9,1,Catalogue of Life,
209,Rica.,Rica,90286,90291,1.99,1,NO_ANNOT,,,NoMatch,,,,,,,,
210,Taeniopoda varipennis,Taeniopoda varipennis,90556,90577,12.65,2,SP_NOV,,,Exact,0,"Taeniopoda varipennis Rehn, J.A.G., 1905",Taeniopoda varipennis,54HNN,1,Catalogue of Life,
211,Rica.,Rica,90649,90654,1.99,1,NO_ANNOT,,,NoMatch,,,,,,,,
212,T. auricornis,T. auricornis,90708,90721,6.96,2,NO_ANNOT,,,NoMatch,,,,,,,,
213,T. pulchella,T. pulchella,90733,90745,6.78,2,NO_ANNOT,,,NoMatch,,,,,,,,
214,Tceniopoda varipennis,Tceniopoda varipennis,92033,92054,6.34,2,SP_NOV,,,Fuzzy,1,"Taeniopoda varipennis Rehn, J.A.G., 1905",Taeniopoda varipennis,54HNN,1,Catalogue of Life,
215,Tocniopoda varipennis,Tocniopoda varipennis,93306,93327,6.34,2,SP_NOV,,,NoMatch,,,,,,,,
216,T. superba,T. superba,95098,95108,4.90,2,NO_ANNOT,,,NoMatch,,,,,,,,
217,Drury auricornis,Drury auricornis,95520,95536,2.94,2,NO_ANNOT,,,NoMatch,,,,,,,,
218,Walker pulchella,Walker pulchella,95537,95553,1.46,2,NO_ANNOT,,,NoMatch,,,,,,,,
219,T. tamaulipensis,T. tamaulipensis,95669,95685,7.52,2,NO_ANNOT,,,NoMatch,,,,,,,,
220,Driiry's centurio,Driiry�s centurio,95928,95945,2.19,2,NO_ANNOT,,,NoMatch,,,,,,,,
221,Teniopoda varipennis,Teniopoda varipennis,96565,96585,12.48,2,NO_ANNOT,,,Fuzzy,1,"Taeniopoda varipennis Rehn, J.A.G., 1905",Taeniopoda varipennis,54HNN,1,Catalogue of Life,
222,T. auricornis ditto,T. auricornis ditto,96624,96643,6.19,3,NO_ANNOT,,,NoMatch,,,,,,,,
223,Alta,Alta,96659,96663,2.78,1,NO_ANNOT,,,NoMatch,,,,,,,,
224,T. pulchella ditto,T. pulchella ditto,96691,96709,6.01,3,NO_ANNOT,,,NoMatch,,,,,,,,
225,CHROMACRIS,Chromacris,96743,96753,5.22,1,NO_ANNOT,,,Exact,0,Chromacris,Chromacris,62LKP,1,Catalogue of Life,
226,Chromacris trogon,Chromacris trogon,96762,96779,6.20,2,NO_ANNOT,,,Exact,0,"Chromacris trogon (Gerstaecker, 1873)",Chromacris trogon,5YGHJ,1,Catalogue of Life,
227,Romalea trogon,Romalea trogon,96799,96813,5.75,2,NO_ANNOT,,,Exact,0,"Romalea trogon Gerstaecker, 1873",Romalea trogon,798KG,1,Catalogue of Life,
228,Rica.,Rica,96866,96871,1.99,1,NO_ANNOT,,,NoMatch,,,,,,,,
229,Rica.,Rica,96889,96894,1.99,1,NO_ANNOT,,,NoMatch,,,,,,,,
230,Rica.,Rica,96980,96985,1.99,1,NO_ANNOT,,,NoMatch,,,,,,,,
231,Rica.,Rica,97058,97063,1.99,1,NO_ANNOT,,,NoMatch,,,,,,,,
232,Rhicnoderma,Rhicnoderma,97188,97199,5.29,1,NO_ANNOT,,,Exact,0,Rhicnoderma,Rhicnoderma,78KR,1,Catalogue of Life,
233,R. olivaceum,R. olivaceum,97273,97285,5.74,2,NO_ANNOT,,,NoMatch,,,,,,,,
234,T. centurio,T. centurio,97353,97364,4.92,2,NO_ANNOT,,,NoMatch,,,,,,,,
235,Rica.,Rica,97478,97483,1.99,1,NO_ANNOT,,,NoMatch,,,,,,,,
236,Rhicnoderma humile,Rhicnoderma humile,97543,97561,10.31,2,SP_NOV,,,Exact,0,"Rhicnoderma humile Rehn, J.A.G., 1905",Rhicnoderma humile,4S6TB,1,Catalogue of Life,
237,R. olivaceum,R. olivaceum,97601,97613,5.74,2,NO_ANNOT,,,NoMatch,,,,,,,,
238,Rhicnoderma humile,Rhicnoderma humile,99058,99076,10.31,2,SP_NOV,,,Exact,0,"Rhicnoderma humile Rehn, J.A.G., 1905",Rhicnoderma humile,4S6TB,1,Catalogue of Life,
239,Caudal tibiae,Caudal tibiae,101808,101821,0.92,2,NO_ANNOT,,,NoMatch,,,,,,,,
240,COPIOCERA,Copiocera,102201,102210,5.15,1,NO_ANNOT,,,Exact,0,Copiocera,Copiocera,3TPY,1,Catalogue of Life,
241,Copiocera,Copiocera,102230,102239,5.15,1,NO_ANNOT,,,Exact,0,Copiocera,Copiocera,3TPY,1,Catalogue of Life,
242,Gryllus euceros,Gryllus euceros,102303,102318,10.73,2,NO_ANNOT,,,Exact,0,"Gryllus euceros Marschall, 1836",Gryllus euceros,3HGY3,1,Catalogue of Life,
243,Xiphicera erythrogastra,Xiphicera erythrogastra,102333,102356,11.15,2,NO_ANNOT,,,Exact,0,"Xiphicera erythrogastra Perty, 1832",Xiphicera erythrogastra,7G9C9,1,Catalogue of Life,
244,Copiocera speoularis,Copiocera speoularis,102411,102431,7.47,2,NO_ANNOT,,,Fuzzy,1,"Copiocera specularis Gerstaecker, 1889",Copiocera specularis,5ZZ3X,1,Catalogue of Life,
245,Copiocera specularis,Copiocera specularis,102451,102471,12.50,2,NO_ANNOT,,,Exact,0,"Copiocera specularis Gerstaecker, 1889",Copiocera specularis,5ZZ3X,1,Catalogue of Life,
246,Rica.,Rica,102569,102574,1.99,1,NO_ANNOT,,,NoMatch,,,,,,,,
247,Copiocera specularis,Copiocera specularis,102642,102662,12.50,2,NO_ANNOT,,,Exact,0,"Copiocera specularis Gerstaecker, 1889",Copiocera specularis,5ZZ3X,1,Catalogue of Life,
248,Rica.,Rica,102720,102725,1.99,1,NO_ANNOT,,,NoMatch,,,,,,,,
249,Copiocera specidaris,Copiocera specidaris,102910,102930,7.47,2,NO_ANNOT,,,PartialExact,0,Copiocera,Copiocera,3TPY,1,Catalogue of Life,
250,Bucephalacris,Bucephalacris,103320,103333,5.67,1,NO_ANNOT,,,Exact,0,Bucephalacris,Bucephalacris,3DRW,1,Catalogue of Life,
251,Edalometopon petasatum,Edalometopon petasatum,104076,104098,5.18,2,SP_NOV,,,NoMatch,,,,,,,,
252,Rica.,Rica,104129,104134,1.99,1,NO_ANNOT,,,NoMatch,,,,,,,,
253,Edalo7netopon petasatum,Edalo�netopon petasatum,104165,104188,5.45,2,NO_ANNOT,,,NoMatch,,,,,,,,
254,Qdalomelopon petasatum,Qdalomelopon petasatum,105382,105404,5.18,2,NO_ANNOT,,,NoMatch,,,,,,,,
255,ANNICERIS,Anniceris,108409,108418,5.06,1,NO_ANNOT,,,Exact,0,Anniceris,Anniceris,WLY,1,Catalogue of Life,
256,Anniceris,Anniceris,108431,108440,5.06,1,NO_ANNOT,,,Exact,0,Anniceris,Anniceris,WLY,1,Catalogue of Life,
257,A. geniculatus,A. geniculatus,108518,108532,7.81,2,NO_ANNOT,,,NoMatch,,,,,,,,
258,Annioeris truncatus,Annioeris truncatus,108603,108622,6.47,2,SP_NOV,,,Fuzzy,1,"Anniceris truncatus Rehn, J.A.G., 1905",Anniceris truncatus,5V4R3,1,Catalogue of Life,
259,Rica.,Rica,108651,108656,1.99,1,NO_ANNOT,,,NoMatch,,,,,,,,
260,A. geniculatus,A. geniculatus,108715,108729,7.81,2,NO_ANNOT,,,NoMatch,,,,,,,,
261,Anniceris truncatus,Anniceris truncatus,109023,109042,12.78,2,SP_NOV,,,Exact,0,"Anniceris truncatus Rehn, J.A.G., 1905",Anniceris truncatus,5V4R3,1,Catalogue of Life,
262,DELLIA,Dellia,112679,112685,3.85,1,NO_ANNOT,,,Exact,0,Dellia,Dellia,42NR,1,Catalogue of Life,
263,Dellia,Dellia,112697,112703,3.85,1,NO_ANNOT,,,Exact,0,Dellia,Dellia,42NR,1,Catalogue of Life,
264,D. insulana,D. insulana,112775,112786,6.60,2,NO_ANNOT,,,NoMatch,,,,,,,,
265,Dellia miniatula,Dellia miniatula,112802,112818,10.84,2,SP_NOV,,,Exact,0,"Dellia miniatula Rehn, J.A.G., 1905",Dellia miniatula,34GYG,1,Catalogue of Life,
266,Rica.,Rica,112857,112862,1.99,1,NO_ANNOT,,,NoMatch,,,,,,,,
267,D. insulana,D. insulana,112897,112908,6.60,2,NO_ANNOT,,,NoMatch,,,,,,,,
268,DcUia miniatula,Dcuia miniatula,113355,113370,4.52,2,SP_NOV,,,NoMatch,,,,,,,,
269,Dellia miniafula,Dellia miniafula,115257,115273,5.82,2,NO_ANNOT,,,Fuzzy,1,"Dellia miniatula Rehn, J.A.G., 1905",Dellia miniatula,34GYG,1,Catalogue of Life,
270,Dellia ovatipennis,Dellia ovatipennis,115321,115339,11.45,2,NO_ANNOT,,,Exact,0,"Dellia ovatipennis Rehn, J.A.G., 1905",Dellia ovatipennis,34GYK,1,Catalogue of Life,
271,Dellia bimaculata,Dellia bimaculata,115396,115413,11.86,2,NO_ANNOT,,,Exact,0,"Dellia bimaculata Rehn, J.A.G., 1905",Dellia bimaculata,34GY5,1,Catalogue of Life,
272,Prosternum,Prosternum,115570,115580,5.13,1,NO_ANNOT,,,Exact,0,"Prosternum Agassiz, 1846",Prosternum,urn:lsid:irmng.org:taxname:1357211,181,IRMNG,
273,Dellia bimaculata,Dellia bimaculata,119304,119321,11.86,2,NO_ANNOT,,,Exact,0,"Dellia bimaculata Rehn, J.A.G., 1905",Dellia bimaculata,34GY5,1,Catalogue of Life,
274,Rica.,Rica,119353,119358,1.99,1,NO_ANNOT,,,NoMatch,,,,,,,,
275,D. miniatula,D. miniatula,119393,119405,6.66,2,NO_ANNOT,,,NoMatch,,,,,,,,
276,D. miniatula,D. miniatula,119536,119548,6.66,2,NO_ANNOT,,,NoMatch,,,,,,,,
277,D. miniatula,D. miniatula,119619,119631,6.66,2,NO_ANNOT,,,NoMatch,,,,,,,,
278,Dellia,Dellia,119794,119800,3.85,1,NO_ANNOT,,,Exact,0,Dellia,Dellia,42NR,1,Catalogue of Life,
279,Prosternum,Prosternum,121624,121634,5.13,1,NO_ANNOT,,,Exact,0,"Prosternum Agassiz, 1846",Prosternum,urn:lsid:irmng.org:taxname:1357211,181,IRMNG,
280,Dellia ovatipennis,Dellia ovatipennis,124442,124460,11.45,2,SP_NOV,,,Exact,0,"Dellia ovatipennis Rehn, J.A.G., 1905",Dellia ovatipennis,34GYK,1,Catalogue of Life,
281,Rica.,Rica,124491,124496,1.99,1,NO_ANNOT,,,NoMatch,,,,,,,,
282,D. insulana.,D. insulana,124715,124727,6.60,2,NO_ANNOT,,,NoMatch,,,,,,,,
283,D. miniatula,D. miniatula,124776,124788,6.66,2,NO_ANNOT,,,NoMatch,,,,,,,,
284,Prosternum,Prosternum,126354,126364,5.13,1,NO_ANNOT,,,Exact,0,"Prosternum Agassiz, 1846",Prosternum,urn:lsid:irmng.org:taxname:1357211,181,IRMNG,
285,Dellia ovatipennis,Dellia ovatipennis,126462,126480,11.45,2,SP_NOV,,,Exact,0,"Dellia ovatipennis Rehn, J.A.G., 1905",Dellia ovatipennis,34GYK,1,Catalogue of Life,
286,JODACRIS,Jodacris,128754,128762,4.89,1,NO_ANNOT,,,Exact,0,Jodacris,Jodacris,56NS,1,Catalogue of Life,
287,Jodacris,Jodacris,128780,128788,4.89,1,NO_ANNOT,,,Exact,0,Jodacris,Jodacris,56NS,1,Catalogue of Life,
288,Anniceris ferrugineus,Anniceris ferrugineus,128861,128882,12.40,2,SP_NOV,,,Exact,0,"Anniceris ferrugineus Giglio-Tos, 1894",Anniceris ferrugineus,66T36,1,Catalogue of Life,
289,Jodaoris'T costaricensis,Jodaoris�t costaricensis,128894,128918,5.66,2,SP_NOV,,,NoMatch,,,,,,,,
290,Rica.,Rica,128957,128962,1.99,1,NO_ANNOT,,,NoMatch,,,,,,,,
291,JodacrisC␤costaricensis,Jodacrisc costaricensis,130308,130331,5.13,2,SP_NOV,,,Fuzzy,1,"Jodacris costaricensis Rehn, J.A.G., 1905",Jodacris costaricensis,6NFT4,1,Catalogue of Life,
292,SYLETRIA,Syletria,134687,134695,4.68,1,NO_ANNOT,,,Exact,0,"Syletria Rehn, 1905",Syletria,urn:lsid:irmng.org:taxname:1368399,181,IRMNG,
293,Saparus,Saparus,134763,134770,5.01,1,NO_ANNOT,,,Exact,0,"Saparus Giglio-Tos, 1898",Saparus,urn:lsid:irmng.org:taxname:1415402,181,IRMNG,
294,S. angulata,S. angulata,134912,134923,7.41,2,SP_NOV,,,NoMatch,,,,,,,,
295,Syletria angulata,Syletria angulata,135675,135692,12.42,2,SP_NOV,,,Exact,0,"Syletria angulata Rehn, J.A.G., 1905",Syletria angulata,53M9C,1,Catalogue of Life,
296,Rica.,Rica,135723,135728,1.99,1,NO_ANNOT,,,NoMatch,,,,,,,,
297,June gium,June gium,135983,135992,,2,NO_ANNOT,,,NoMatch,,,,,,,,
298,Syletria,Syletria,137625,137633,4.68,1,NO_ANNOT,,,Exact,0,"Syletria Rehn, 1905",Syletria,urn:lsid:irmng.org:taxname:1368399,181,IRMNG,
299,Isabella color,Isabella color,140578,140592,2.67,2,NO_ANNOT,,,PartialExact,0,"Isabella Schlacher-Hoenlinger, Pisera & Hooper, 2005",Isabella,84QR8,1,Catalogue of Life,
300,Xiphiola,Xiphiola,141541,141549,5.51,1,NO_ANNOT,,,Exact,0,Xiphiola,Xiphiola,649L3,1,Catalogue of Life,
301,Leptomerinthoprora brevipennis,Leptomerinthoprora brevipennis,142366,142396,14.31,2,SP_NOV,,,Exact,0,"Leptomerinthoprora brevipennis Rehn, J.A.G., 1905",Leptomerinthoprora brevipennis,6PG4V,1,Catalogue of Life,
302,Rica.,Rica,142437,142442,1.99,1,NO_ANNOT,,,NoMatch,,,,,,,,
303,Leptomerinthoprora brevipennis,Leptomerinthoprora brevipennis,143255,143285,14.31,2,NO_ANNOT,,,Exact,0,"Leptomerinthoprora brevipennis Rehn, J.A.G., 1905",Leptomerinthoprora brevipennis,6PG4V,1,Catalogue of Life,
304,SCHISTOCERCA,Schistocerca,146877,146889,5.11,1,NO_ANNOT,,,Exact,0,Schistocerca,Schistocerca,7DGD,1,Catalogue of Life,
305,Schistooerca pyramidata,Schistooerca pyramidata,146895,146918,6.82,2,NO_ANNOT,,,Fuzzy,1,"Schistocerca pyramidata Scudder, S.H., 1899",Schistocerca pyramidata,4V95H,1,Catalogue of Life,
306,Rica.,Rica,146941,146946,1.99,1,NO_ANNOT,,,NoMatch,,,,,,,,
307,Rica.,Rica,147029,147034,1.99,1,NO_ANNOT,,,NoMatch,,,,,,,,
308,Rica.,Rica,147134,147139,1.99,1,NO_ANNOT,,,NoMatch,,,,,,,,
309,Rica.,Rica,147220,147225,1.99,1,NO_ANNOT,,,NoMatch,,,,,,,,
310,Rica.,Rica,147342,147347,1.99,1,NO_ANNOT,,,NoMatch,,,,,,,,
311,Rica.,Rica,147566,147571,1.99,1,NO_ANNOT,,,NoMatch,,,,,,,,
312,S. alutacea,S. alutacea,147626,147637,6.18,2,NO_ANNOT,,,NoMatch,,,,,,,,
313,Schistocerca malachitica,Schistocerca malachitica,148704,148728,12.96,2,SP_NOV,,,Exact,0,"Schistocerca malachitica Rehn, J.A.G., 1905",Schistocerca malachitica,4V94X,1,Catalogue of Life,
314,Schistocerca malachitica,Schistocerca malachitica,150103,150127,12.96,2,SP_NOV,,,Exact,0,"Schistocerca malachitica Rehn, J.A.G., 1905",Schistocerca malachitica,4V94X,1,Catalogue of Life,
315,AIDEMONA,Aidemona,150668,150676,3.85,1,NO_ANNOT,,,Exact,0,Aidemona,Aidemona,R5J,1,Catalogue of Life,
316,Aidemona azteca,Aidemona azteca,150687,150702,5.43,2,NO_ANNOT,,,Exact,0,"Aidemona azteca (Saussure, 1861)",Aidemona azteca,BC6G,1,Catalogue of Life,
317,Rica.,Rica,150733,150738,1.99,1,NO_ANNOT,,,NoMatch,,,,,,,,
318,Rica.,Rica,150819,150824,1.99,1,NO_ANNOT,,,NoMatch,,,,,,,,
319,Rica,Rica,151421,151425,1.99,1,NO_ANNOT,,,NoMatch,,,,,,,,
320,DICHROPLUS,Dichroplus,151586,151596,6.09,1,NO_ANNOT,,,Exact,0,Dichroplus,Dichroplus,44Q4,1,Catalogue of Life,
321,Dichroplus,Dichroplus,151609,151619,6.09,1,NO_ANNOT,,,Exact,0,Dichroplus,Dichroplus,44Q4,1,Catalogue of Life,
322,Dichroplus morosus,Dichroplus morosus,151760,151778,12.83,2,SP_NOV,,,Exact,0,"Dichroplus morosus Rehn, J.A.G., 1905",Dichroplus morosus,35P6H,1,Catalogue of Life,
323,Rica.,Rica,151814,151819,1.99,1,NO_ANNOT,,,NoMatch,,,,,,,,
324,D. punctulatus,D. punctulatus,151876,151890,7.81,2,NO_ANNOT,,,NoMatch,,,,,,,,
325,Divisio tertia,Divisio tertia,152992,153006,1.02,2,NO_ANNOT,,,NoMatch,,,,,,,,
326,OSMILIA,Osmilia,155144,155151,4.14,1,NO_ANNOT,,,Exact,0,"Osmilia Stål, 1873",Osmilia,urn:lsid:irmng.org:taxname:1310772,181,IRMNG,
327,Osmilia tolteca,Osmilia tolteca,155157,155172,9.50,2,NO_ANNOT,,,Exact,0,"Osmilia tolteca (Saussure, 1861)",Osmilia tolteca,6TB34,1,Catalogue of Life,
328,Rica.,Rica,155198,155203,1.99,1,NO_ANNOT,,,NoMatch,,,,,,,,
329,Rica.,Rica,155281,155286,1.99,1,NO_ANNOT,,,NoMatch,,,,,,,,
330,Rica.,Rica,155388,155393,1.99,1,NO_ANNOT,,,NoMatch,,,,,,,,
331,Rica.,Rica,155494,155499,1.99,1,NO_ANNOT,,,NoMatch,,,,,,,,
332,Rica.,Rica,155577,155582,1.99,1,NO_ANNOT,,,NoMatch,,,,,,,,
333,Rica.,Rica,155669,155674,1.99,1,NO_ANNOT,,,NoMatch,,,,,,,,
334,R. nothra,R. nothra,156104,156113,4.83,2,SP_NOV,,,NoMatch,,,,,,,,
335,Polysarcus,Polysarcus,156131,156141,6.34,1,NO_ANNOT,,,Exact,0,Polysarcus,Polysarcus,63P5T,1,Catalogue of Life,
336,Bhaohioreagra nothra',Bhaohioreagra nothra,156999,157020,3.06,2,SP_NOV,,,NoMatch,,,,,,,,
337,Rica.,Rica,157058,157063,1.99,1,NO_ANNOT,,,NoMatch,,,,,,,,
338,Rhachicreagra nothra,Rhachicreagra nothra,158022,158042,9.37,2,NO_ANNOT,,,Exact,0,"Rhachicreagra nothra Rehn, J.A.G., 1905",Rhachicreagra nothra,6WTSD,1,Catalogue of Life,
339,Rhachicreagra nothra,Rhachicreagra nothra,158563,158583,9.37,2,NO_ANNOT,,,Exact,0,"Rhachicreagra nothra Rehn, J.A.G., 1905",Rhachicreagra nothra,6WTSD,1,Catalogue of Life,
340,Rhachicreagra nothra,Rhachicreagra nothra,160170,160190,9.37,2,NO_ANNOT,,,Exact,0,"Rhachicreagra nothra Rehn, J.A.G., 1905",Rhachicreagra nothra,6WTSD,1,Catalogue of Life,
341,MICROTYLOPTERYX,Microtylopteryx,163887,163902,5.90,1,NO_ANNOT,,,Exact,0,Microtylopteryx,Microtylopteryx,5SLC,1,Catalogue of Life,
342,Rhachicreagra,Rhachicreagra,163946,163959,4.20,1,NO_ANNOT,,,Exact,0,Rhachicreagra,Rhachicreagra,786B,1,Catalogue of Life,
343,Microtylopteryx hebardi,Microtylopteryx hebardi,165329,165352,11.65,2,SP_NOV,,,Exact,0,"Microtylopteryx hebardi Rehn, J.A.G., 1905",Microtylopteryx hebardi,73K63,1,Catalogue of Life,
344,Rica.,Rica,165389,165394,1.99,1,NO_ANNOT,,,NoMatch,,,,,,,,
345,M. fusiformis,M. fusiformis,165446,165459,6.57,2,NO_ANNOT,,,NoMatch,,,,,,,,
346,Microtylopteryx fusiformis,Microtylopteryx fusiformis,167170,167196,12.81,2,NO_ANNOT,,,Exact,0,"Microtylopteryx fusiformis Rehn, J.A.G., 1905",Microtylopteryx fusiformis,73K5R,1,Catalogue of Life,
347,Microtylopteryx fusiformis,Microtylopteryx fusiformis,172345,172371,12.81,2,SP_NOV,,,Exact,0,"Microtylopteryx fusiformis Rehn, J.A.G., 1905",Microtylopteryx fusiformis,73K5R,1,Catalogue of Life,
348,Rica.,Rica,172408,172413,1.99,1,NO_ANNOT,,,NoMatch,,,,,,,,
349,M. hebardi,M. hebardi,172443,172453,5.42,2,NO_ANNOT,,,NoMatch,,,,,,,,
350,M. hebardi,M. hebardi,173873,173883,5.42,2,NO_ANNOT,,,NoMatch,,,,,,,,
351,M. hebardi,M. hebardi,178573,178583,5.42,2,NO_ANNOT,,,NoMatch,,,,,,,,
352,Baram,Baram,178830,178835,2.73,1,NO_ANNOT,,,NoMatch,,,,,,,,
353,Baram,Baram,179024,179029,2.73,1,NO_ANNOT,,,NoMatch,,,,,,,,
354,Carcharhinus tephrodes,Carcharhinus tephrodes,180563,180585,12.61,2,SP_NOV,,,Exact,0,"Carcharhinus tephrodes Fowler, 1905",Carcharhinus tephrodes,R3QS,1,Catalogue of Life,
355,Carcharhinus,Carcharhinus,181148,181160,6.29,1,NO_ANNOT,,,Exact,0,Carcharhinus,Carcharhinus,3HC4,1,Catalogue of Life,
356,Baram,Baram,183983,183988,2.73,1,NO_ANNOT,,,NoMatch,,,,,,,,
357,Carcharhinus borneensis,Carcharhinus borneensis,184363,184386,13.91,2,NO_ANNOT,,,Exact,0,"Carcharhinus borneensis (Bleeker, 1858)",Carcharhinus borneensis,68ZKH,1,Catalogue of Life,
358,Scoliodon acutus,Scoliodon acutus,184495,184511,11.26,2,NO_ANNOT,,,Exact,0,"Scoliodon acutus (Rüppell, 1837)",Scoliodon acutus,4VRVV,1,Catalogue of Life,
359,Pala sorra,Pala sorra,187735,187745,7.75,2,NO_ANNOT,,,PartialExact,0,Pala Juss.,Pala,7NB86,1,Catalogue of Life,
360,Scoliodon laticaudus,Scoliodon laticaudus,187817,187837,11.05,2,NO_ANNOT,,,Exact,0,"Scoliodon laticaudus Müller & Henle, 1838",Scoliodon laticaudus,4VRW9,1,Catalogue of Life,
361,Pristia zysron,Pristia zysron,188132,188146,2.25,2,NO_ANNOT,,,Fuzzy,1,"Pristis zysron Bleeker, 1851",Pristis zysron,854FY,1,Catalogue of Life,
362,Pristis pectinatus,Pristis pectinatus,188386,188404,13.23,2,NO_ANNOT,,,Exact,0,"Pristis pectinatus Latham, 1794",Pristis pectinatus,4MK2R,1,Catalogue of Life,
363,Pristis semisagittatus,Pristis semisagittatus,188451,188473,13.52,2,NO_ANNOT,,,PartialExact,0,Pristis,Pristis,6VXK,1,Catalogue of Life,
364,P. perrotteti,P. perrotteti,188483,188496,5.97,2,NO_ANNOT,,,NoMatch,,,,,,,,
365,Squahis pristis,Squahis pristis,188636,188651,2.74,2,NO_ANNOT,,,NoMatch,,,,,,,,
366,PRISTIOPSIS,Pristiopsis,188662,188673,5.23,1,NO_ANNOT,,,Exact,0,"Pristiopsis Schmidt, 1905",Pristiopsis,urn:lsid:irmng.org:taxname:1370788,181,IRMNG,
367,Pristis perrotteti,Pristis perrotteti,188690,188708,11.70,2,NO_ANNOT,,,Exact,0,"Pristis perrotteti Müller & Henle, 1841",Pristis perrotteti,6W8GM,1,Catalogue of Life,
368,Rhinobatos thouinianus,Rhinobatos thouinianus,189322,189344,6.39,2,NO_ANNOT,,,Fuzzy,2,"Rhinobatos thouiniana (Shaw, 1804)",Rhinobatos thouiniana,4S7XX,1,Catalogue of Life,
369,Daeybatus brevicauda,Daeybatus brevicauda,189522,189542,5.21,2,NO_ANNOT,,,NoMatch,,,,,,,,
370,Baram,Baram,189591,189596,2.73,1,NO_ANNOT,,,NoMatch,,,,,,,,
371,Baram,Baram,189782,189787,2.73,1,NO_ANNOT,,,NoMatch,,,,,,,,
372,Pastinaca brevicauda,Pastinaca brevicauda,190058,190078,10.35,2,NO_ANNOT,,,Exact,0,"Pastinaca brevicauda Swainson, 1839",Pastinaca brevicauda,9063107,11,GBIF Backbone Taxonomy,
373,Rata fluviatilis,Rata fluviatilis,190151,190167,5.48,2,NO_ANNOT,,,PartialExact,0,"Rata Davie, 1993",Rata,7PXDL,1,Catalogue of Life,
374,Trygon immunis,Trygon immunis,190291,190305,10.03,2,NO_ANNOT,,,Exact,0,Trygon immunis,Trygon immunis,208453,183,Sherborn Index Animalium,
375,Pastinaca,Pastinaca,190489,190498,4.28,1,NO_ANNOT,,,Exact,0,Pastinaca L. emend. Calest.,Pastinaca,6JGQ,1,Catalogue of Life,
376,PRISTIS,Pristis,190518,190525,5.39,1,NO_ANNOT,,,Exact,0,Pristis,Pristis,6VXK,1,Catalogue of Life,
377,Squalus pristis,Squalus pristis,190538,190553,11.90,2,NO_ANNOT,,,Exact,0,"Squalus pristis Linnaeus, 1758",Squalus pristis,6ZFPW,1,Catalogue of Life,
378,Borneo austroorientalis,Borneo austroorientalis,190739,190762,2.89,2,NO_ANNOT,,,NoMatch,,,,,,,,
379,Raia lymma,Raia lymma,190922,190932,7.90,2,NO_ANNOT,,,PartialExact,0,Raia Cothen.,Raia,145291103,165,Tropicos,
380,P. hrevicauda,P. hrevicauda,191073,191086,5.74,2,NO_ANNOT,,,NoMatch,,,,,,,,
381,Trygon walga,Trygon walga,191164,191176,6.76,2,NO_ANNOT,,,Exact,0,"Trygon walga Müller & Henle, 1841",Trygon walga,59F2G,1,Catalogue of Life,
382,Hypolophus sephen,Hypolophus sephen,191232,191249,8.98,2,NO_ANNOT,,,Exact,0,"Hypolophus sephen (Forsskål, 1775)",Hypolophus sephen,3NWXM,1,Catalogue of Life,
383,Pteroplatea micrura,Pteroplatea micrura,191570,191589,11.43,2,NO_ANNOT,,,Exact,0,"Pteroplatea micrura (Bloch & Schneider, 1801)",Pteroplatea micrura,4Q2K9,1,Catalogue of Life,
384,Baram,Baram,191811,191816,2.73,1,NO_ANNOT,,,NoMatch,,,,,,,,
385,Plotosus canius,Plotosus canius,191882,191897,10.49,2,NO_ANNOT,,,Exact,0,"Plotosus canius Hamilton, 1822",Plotosus canius,6VRN5,1,Catalogue of Life,
386,Chlarias batrachus,Chlarias batrachus,192100,192118,11.93,2,NO_ANNOT,,,Fuzzy,1,"Clarias batrachus (Linnaeus, 1758)",Clarias batrachus,VR9G,1,Catalogue of Life,
387,Chlarias leiacanthus,Chlarias leiacanthus,192434,192454,12.35,2,NO_ANNOT,,,Fuzzy,1,"Clarias leiacanthus Bleeker, 1851",Clarias leiacanthus,VRCC,1,Catalogue of Life,
388,Isacurrah tenkee,Isacurrah tenkee,192725,192741,1.35,2,NO_ANNOT,,,NoMatch,,,,,,,,
389,Phagorus,Phagorus,193004,193012,5.26,1,NO_ANNOT,,,Exact,0,"Phagorus McClelland, 1844",Phagorus,urn:lsid:irmng.org:taxname:1368992,181,IRMNG,
390,Phagorus nieuhofii,Phagorus nieuhofii,193098,193116,11.07,2,NO_ANNOT,,,PartialExact,0,"Phagorus McClelland, 1844",Phagorus,urn:lsid:irmng.org:taxname:1368992,181,IRMNG,
391,Baram,Baram,193174,193179,2.73,1,NO_ANNOT,,,NoMatch,,,,,,,,
392,Chaca bankanensis,Chaca bankanensis,193230,193247,11.36,2,NO_ANNOT,,,Exact,0,"Chaca bankanensis Bleeker, 1852",Chaca bankanensis,T98F,1,Catalogue of Life,
393,Galeichthys sondaicus,Galeichthys sondaicus,193354,193375,12.78,2,NO_ANNOT,,,PartialExact,0,Galeichthys,Galeichthys,4LTP,1,Catalogue of Life,
394,Baram,Baram,193880,193885,2.73,1,NO_ANNOT,,,NoMatch,,,,,,,,
395,TaohyBurus argyropleuron,Taohyburus argyropleuron,194155,194179,3.97,2,NO_ANNOT,,,NoMatch,,,,,,,,
396,Ichth..,Ichth,195149,195156,2.73,1,NO_ANNOT,,,NoMatch,,,,,,,,
397,APODOGLANIS,Apodoglanis,195415,195426,5.69,1,NO_ANNOT,,,Exact,0,"Apodoglanis Fowler, 1905",Apodoglanis,urn:lsid:irmng.org:taxname:1114110,181,IRMNG,
398,Apodoglanis furnessi,Apodoglanis furnessi,195442,195462,11.33,2,SP_NOV,,,Exact,0,"Apodoglanis furnessi Fowler, 1905",Apodoglanis furnessi,FS3W,1,Catalogue of Life,
399,Parasilurus,Parasilurus,195497,195508,5.72,1,NO_ANNOT,,,Exact,0,"Parasilurus Bleeker, 1862",Parasilurus,164076,3,ITIS,
400,Silurus.,Silurus,195630,195638,5.01,1,SP_NOV,,,Exact,0,Silurus,Silurus,7GWT,1,Catalogue of Life,
401,Apodoglanis furnessi,Apodoglanis furnessi,195643,195663,11.33,2,SP_NOV,,,Exact,0,"Apodoglanis furnessi Fowler, 1905",Apodoglanis furnessi,FS3W,1,Catalogue of Life,
402,Apodoglanis,Apodoglanis,195808,195819,5.69,1,NO_ANNOT,,,Exact,0,"Apodoglanis Fowler, 1905",Apodoglanis,urn:lsid:irmng.org:taxname:1114110,181,IRMNG,
403,Baram,Baram,199251,199256,2.73,1,NO_ANNOT,,,NoMatch,,,,,,,,
404,Ompok,Ompok,199391,199396,2.73,1,NO_ANNOT,,,Exact,0,Ompok,Ompok,685P,1,Catalogue of Life,
405,Lips,Lips,200375,200379,2.35,1,NO_ANNOT,,,Exact,0,Lips,Lips,639Y8,1,Catalogue of Life,
406,Each ramus,Each ramus,201153,201163,,2,NO_ANNOT,,,NoMatch,,,,,,,,
407,Ompok jaynei,Ompok jaynei,203648,203660,8.34,2,SP_NOV,,,Exact,0,"Ompok jaynei Fowler, 1905",Ompok jaynei,49FC9,1,Catalogue of Life,
408,Ompok jaynei,Ompok jaynei,205207,205219,8.34,2,NO_ANNOT,,,Exact,0,"Ompok jaynei Fowler, 1905",Ompok jaynei,49FC9,1,Catalogue of Life,
409,Ompok leiacanthus,Ompok leiacanthus,206854,206871,9.75,2,NO_ANNOT,,,Exact,0,"Ompok leiacanthus (Bleeker, 1853)",Ompok leiacanthus,49FCC,1,Catalogue of Life,
410,Ompok horneensis,Ompok horneensis,206977,206993,10.35,2,NO_ANNOT,,,Fuzzy,1,"Ompok borneensis (Steindachner, 1901)",Ompok borneensis,49FBW,1,Catalogue of Life,
411,Kryptopterus oryptopterus,Kryptopterus oryptopterus,207277,207302,8.22,2,NO_ANNOT,,,Fuzzy,1,"Kryptopterus cryptopterus (Bleeker, 1851)",Kryptopterus cryptopterus,3RF2Y,1,Catalogue of Life,
412,Kryptopterus limpok,Kryptopterus limpok,207569,207588,10.03,2,NO_ANNOT,,,Exact,0,"Kryptopterus limpok (Bleeker, 1852)",Kryptopterus limpok,3RF3D,1,Catalogue of Life,
413,Baram,Baram,207943,207948,2.73,1,NO_ANNOT,,,NoMatch,,,,,,,,
414,Kryptopterus palembangensis,Kryptopterus palembangensis,207983,208010,13.87,2,NO_ANNOT,,,Exact,0,"Kryptopterus palembangensis (Bleeker, 1852)",Kryptopterus palembangensis,3RF3N,1,Catalogue of Life,
415,Callichrous,Callichrous,208149,208160,3.10,1,NO_ANNOT,,,Exact,0,"Callichrous Hamilton, 1822",Callichrous,urn:lsid:marinespecies.org:taxname:296230,9,WoRMS,
416,Silurodes horneensis,Silurodes horneensis,208161,208181,12.55,2,NO_ANNOT,,,Fuzzy,1,"Silurodes borneensis (Steindachner, 1901)",Silurodes borneensis,6Z2C4,1,Catalogue of Life,
417,Each ramus,Each ramus,208460,208470,,2,NO_ANNOT,,,NoMatch,,,,,,,,
418,Baram,Baram,209114,209119,2.73,1,NO_ANNOT,,,NoMatch,,,,,,,,
419,Micronema micronema,Micronema micronema,209127,209146,11.47,2,NO_ANNOT,,,Exact,0,"Micronema micronema (Bleeker, 1846)",Micronema micronema,42ZZT,1,Catalogue of Life,
420,Cryptopterus micronema,Cryptopterus micronema,209275,209297,11.67,2,NO_ANNOT,,,Exact,0,"Cryptopterus micronema (Bleeker, 1846)",Cryptopterus micronema,6BLJ6,1,Catalogue of Life,
421,Micronema typus,Micronema typus,209426,209441,11.00,2,NO_ANNOT,,,Exact,0,"Micronema typus Bleeker, 1858",Micronema typus,42ZZY,1,Catalogue of Life,
422,Hemibagrus nemurus,Hemibagrus nemurus,209505,209523,12.21,2,NO_ANNOT,,,Exact,0,"Hemibagrus nemurus (Valenciennes, 1840)",Hemibagrus nemurus,3KLP6,1,Catalogue of Life,
423,Baram,Baram,209926,209931,2.73,1,NO_ANNOT,,,NoMatch,,,,,,,,
424,Silurus micronemus,Silurus micronemus,210027,210045,11.74,2,NO_ANNOT,,,Exact,0,"Silurus micronemus Bleeker, 1846",Silurus micronemus,6YQ5S,1,Catalogue of Life,
425,Notes,Notes,210122,210127,2.52,1,NO_ANNOT,,,Exact,0,Notes,Notes,3950760,168,ION,
426,Ichth.,Ichth,210173,210179,2.73,1,NO_ANNOT,,,NoMatch,,,,,,,,
427,Bagroides melapterus,Bagroides melapterus,210214,210234,12.01,2,NO_ANNOT,,,Exact,0,"Bagroides melapterus Bleeker, 1851",Bagroides melapterus,KDZ6,1,Catalogue of Life,
428,Hypselobagrus,Hypselobagrus,211456,211469,6.05,1,NO_ANNOT,,,Exact,0,"Hypselobagrus Bleeker, 1862",Hypselobagrus,urn:lsid:irmng.org:taxname:1274975,181,IRMNG,
429,Glyptothorax platypogon,Glyptothorax platypogon,211602,211625,10.88,2,NO_ANNOT,,,Exact,0,"Glyptothorax platypogon (Valenciennes, 1840)",Glyptothorax platypogon,6KLT2,1,Catalogue of Life,
430,Macrones,Macrones,213068,213076,3.22,1,NO_ANNOT,,,Exact,0,Macrones,Macrones,5JH7,1,Catalogue of Life,
431,Notes,Notes,213094,213099,2.52,1,NO_ANNOT,,,Exact,0,Notes,Notes,3950760,168,ION,
432,Disk laminae,Disk laminae,214170,214182,0.33,2,NO_ANNOT,,,NoMatch,,,,,,,,
433,Glyptosternum kukenthali,Glyptosternum kukenthali,215940,215964,11.58,2,NO_ANNOT,,,Exact,0,Glyptosternum kukenthali Steindachner 1901,Glyptosternum kukenthali,3782451,168,ION,
434,Akysis baramensis,Akysis baramensis,216624,216641,11.85,2,NO_ANNOT,,,Exact,0,"Akysis baramensis Fowler, 1905",Akysis baramensis,666WG,1,Catalogue of Life,
435,Akysis baramensis,Akysis baramensis,216716,216733,11.85,2,NO_ANNOT,,,Exact,0,"Akysis baramensis Fowler, 1905",Akysis baramensis,666WG,1,Catalogue of Life,
436,Baram,Baram,220077,220082,2.73,1,NO_ANNOT,,,NoMatch,,,,,,,,
437,Akysis armatus,Akysis armatus,220162,220176,11.59,2,NO_ANNOT,,,Exact,0,"Akysis armatus Vaillant, 1902",Akysis armatus,65V8G,1,Catalogue of Life,
438,Baram,Baram,220783,220788,2.73,1,NO_ANNOT,,,NoMatch,,,,,,,,
439,Botia macracantha,Botia macracantha,220842,220859,11.53,2,NO_ANNOT,,,Exact,0,"Botia macracantha (Bleeker, 1852)",Botia macracantha,5X2KR,1,Catalogue of Life,
440,Notes,Notes,221100,221105,2.52,1,NO_ANNOT,,,Exact,0,Notes,Notes,3950760,168,ION,
441,Enopla,Enopla,221405,221411,3.87,1,NO_ANNOT,,,Exact,0,"Enopla Schultze, 1851",Enopla,51261,2,Wikispecies,
442,Cobitis,Cobitis,221517,221524,5.39,1,NO_ANNOT,,,Exact,0,Cobitis,Cobitis,3RJL,1,Catalogue of Life,
443,Misgurnus,Misgurnus,221716,221725,5.76,1,NO_ANNOT,,,Exact,0,Misgurnus,Misgurnus,5TRB,1,Catalogue of Life,
444,Nemacheilus,Nemacheilus,221843,221854,6.21,1,NO_ANNOT,,,Exact,0,Nemacheilus,Nemacheilus,5YDX,1,Catalogue of Life,
445,VAILLANTELLA,Vaillantella,221904,221916,6.73,1,NO_ANNOT,,,Exact,0,Vaillantella,Vaillantella,85NV,1,Catalogue of Life,
446,Xeinaclteilus euepipterus,Xeinaclteilus euepipterus,221932,221957,7.62,2,NO_ANNOT,,,NoMatch,,,,,,,,
447,Nemacheilus,Nemacheilus,221993,222004,6.21,1,NO_ANNOT,,,Exact,0,Nemacheilus,Nemacheilus,5YDX,1,Catalogue of Life,
448,Homaloptera orthogoniata,Homaloptera orthogoniata,222366,222390,13.66,2,NO_ANNOT,,,Exact,0,"Homaloptera orthogoniata Vaillant, 1902",Homaloptera orthogoniata,3MDWK,1,Catalogue of Life,
449,Homaloptera,Homaloptera,224524,224535,5.44,1,NO_ANNOT,,,Exact,0,Homaloptera,Homaloptera,4Y8C,1,Catalogue of Life,
450,Homaloptera javanica,Homaloptera javanica,224690,224710,12.70,2,NO_ANNOT,,,Exact,0,"Homaloptera javanica van Hasselt, 1823",Homaloptera javanica,3MDVS,1,Catalogue of Life,
451,HOMALOPTEROIDES,Homalopteroides,226404,226419,5.73,1,NO_ANNOT,,,Exact,0,Homalopteroides,Homalopteroides,4Y8D,1,Catalogue of Life,
452,Homaloptera,Homaloptera,226512,226523,5.44,1,NO_ANNOT,,,Exact,0,Homaloptera,Homaloptera,4Y8C,1,Catalogue of Life,
453,Homalopteroides wassinkii,Homalopteroides wassinkii,226601,226626,12.32,2,NO_ANNOT,,,Exact,0,"Homalopteroides wassinkii (Bleeker, 1853)",Homalopteroides wassinkii,3MDXS,1,Catalogue of Life,
454,Gastromyzon borneensis,Gastromyzon borneensis,228868,228890,10.92,2,NO_ANNOT,,,Exact,0,"Gastromyzon borneensis Günther, 1874",Gastromyzon borneensis,3FDQZ,1,Catalogue of Life,
455,Notes,Notes,229269,229274,2.52,1,NO_ANNOT,,,Exact,0,Notes,Notes,3950760,168,ION,
456,Lepidoglanis monticola,Lepidoglanis monticola,229404,229426,12.94,2,NO_ANNOT,,,Exact,0,"Lepidoglanis monticola Vaillant, 1889",Lepidoglanis monticola,3TBYM,1,Catalogue of Life,
457,Kina,Kina,229505,229509,2.63,1,NO_ANNOT,,,Exact,0,"Kina Henderson, 1975",Kina,urn:lsid:marinespecies.org:taxname:764229,9,WoRMS,
458,Gastromyzon monticola,Gastromyzon monticola,229538,229559,10.31,2,NO_ANNOT,,,Exact,0,"Gastromyzon monticola (Vaillant, 1889)",Gastromyzon monticola,3FDRN,1,Catalogue of Life,
459,Dangila cuvieri,Dangila cuvieri,233921,233936,10.75,2,NO_ANNOT,,,Exact,0,"Dangila cuvieri Valenciennes, 1842",Dangila cuvieri,343V3,1,Catalogue of Life,
460,Osteochilus melanopleurus,Osteochilus melanopleurus,234177,234202,13.53,2,NO_ANNOT,,,Exact,0,"Osteochilus melanopleurus (Bleeker, 1852)",Osteochilus melanopleurus,75BBS,1,Catalogue of Life,
461,Osteochilus vittatus,Osteochilus vittatus,234273,234293,13.77,2,NO_ANNOT,,,Exact,0,"Osteochilus vittatus (Valenciennes, 1842)",Osteochilus vittatus,6TBB8,1,Catalogue of Life,
462,Ichth.,Ichth,234852,234858,2.73,1,NO_ANNOT,,,NoMatch,,,,,,,,
463,Baram,Baram,235163,235168,2.73,1,NO_ANNOT,,,NoMatch,,,,,,,,
464,Baram,Baram,235954,235959,2.73,1,NO_ANNOT,,,NoMatch,,,,,,,,
465,OsteocMlus kappenii,Osteocmlus kappenii,235979,235998,6.82,2,NO_ANNOT,,,NoMatch,,,,,,,,
466,OsteocMlus kahajanensis,Osteocmlus kahajanensis,236723,236746,7.61,2,NO_ANNOT,,,NoMatch,,,,,,,,
467,Baram,Baram,236776,236781,2.73,1,NO_ANNOT,,,NoMatch,,,,,,,,
468,Osteochilus harrisoni,Osteochilus harrisoni,237117,237138,12.97,2,SP_NOV,,,Exact,0,"Osteochilus harrisoni Fowler, 1905",Osteochilus harrisoni,6TBBJ,1,Catalogue of Life,
469,Rohita kahajanensis,Rohita kahajanensis,237275,237294,12.00,2,NO_ANNOT,,,Exact,0,"Rohita kahajanensis Bleeker, 1856",Rohita kahajanensis,6X8X8,1,Catalogue of Life,
470,Borneo meridionalis.,Borneo meridionalis,237389,237409,2.48,2,NO_ANNOT,,,NoMatch,,,,,,,,
471,Ichth.,Ichth,237419,237425,2.73,1,NO_ANNOT,,,NoMatch,,,,,,,,
472,Osteochilus harrisoni,Osteochilus harrisoni,238240,238261,12.97,2,NO_ANNOT,,,Exact,0,"Osteochilus harrisoni Fowler, 1905",Osteochilus harrisoni,6TBBJ,1,Catalogue of Life,
473,Lips,Lips,238670,238674,2.35,1,NO_ANNOT,,,Exact,0,Lips,Lips,639Y8,1,Catalogue of Life,
474,Baram,Baram,240615,240620,2.73,1,NO_ANNOT,,,NoMatch,,,,,,,,
475,Osteochilus kaho.janensis,Osteochilus kaho�janensis,240762,240787,9.68,2,NO_ANNOT,,,PartialExact,0,Osteochilus,Osteochilus,63GQK,1,Catalogue of Life,
476,Baram,Baram,240829,240834,2.73,1,NO_ANNOT,,,NoMatch,,,,,,,,
477,Garra borneensis,Garra borneensis,241169,241185,10.00,2,NO_ANNOT,,,Exact,0,"Garra borneensis (Vaillant, 1902)",Garra borneensis,3FBH8,1,Catalogue of Life,
478,Lobooheilos hispidus,Lobooheilos hispidus,242175,242195,4.86,2,NO_ANNOT,,,Fuzzy,1,"Lobocheilos hispidus (Valenciennes, 1842)",Lobocheilos hispidus,3VT33,1,Catalogue of Life,
479,Labeobarbus douronensis,Labeobarbus douronensis,242755,242778,12.70,2,NO_ANNOT,,,Exact,0,"Labeobarbus douronensis (Valenciennes, 1842)",Labeobarbus douronensis,3RJ4F,1,Catalogue of Life,
480,Cyclocbeiliclitliys megalops,Cyclocbeiliclitliys megalops,243295,243323,3.29,2,SP_NOV,,,NoMatch,,,,,,,,
481,Ichth.,Ichth,243474,243480,2.73,1,NO_ANNOT,,,NoMatch,,,,,,,,
482,Mystus,Mystus,243572,243578,4.74,1,NO_ANNOT,,,Exact,0,Mystus,Mystus,63CDY,1,Catalogue of Life,
483,Barbus.,Barbus,243648,243655,3.76,1,NO_ANNOT,,,Exact,0,Barbus,Barbus,382L,1,Catalogue of Life,
484,Cyprinus barbus,Cyprinus barbus,243697,243712,10.96,2,NO_ANNOT,,,Exact,0,"Cyprinus barbus Linnaeus, 1758",Cyprinus barbus,33HQL,1,Catalogue of Life,
485,SiAJA,Siaja,243726,243731,3.13,1,NO_ANNOT,,,Exact,0,"Siaja Bleeker, 1859",Siaja,urn:lsid:irmng.org:taxname:1188726,181,IRMNG,
486,MiCROLEPis,Microlepis,243732,243742,5.86,1,NO_ANNOT,,,Exact,0,Microlepis (DC.) Miq.,Microlepis,5RX4,1,Catalogue of Life,
487,Ichth.,Ichth,243956,243962,2.73,1,NO_ANNOT,,,NoMatch,,,,,,,,
488,Lips,Lips,244955,244959,2.35,1,NO_ANNOT,,,Exact,0,Lips,Lips,639Y8,1,Catalogue of Life,
489,Capceta enoplos,Capceta enoplos,247169,247184,3.69,2,NO_ANNOT,,,Fuzzy,1,"Capoeta enoplos (Bleeker, 1849)",Capoeta enoplos,68XKX,1,Catalogue of Life,
490,Cyclocheilichthys siaja,Cyclocheilichthys siaja,247233,247256,9.84,2,NO_ANNOT,,,Exact,0,"Cyclocheilichthys siaja Bleeker, 1860",Cyclocheilichthys siaja,6C4CZ,1,Catalogue of Life,
491,Cyclocheilichthys megalops,Cyclocheilichthys megalops,247358,247384,11.24,2,NO_ANNOT,,,Exact,0,"Cyclocheilichthys megalops Fowler, 1905",Cyclocheilichthys megalops,6BSD8,1,Catalogue of Life,
492,Puntius schwanenfeldii,Puntius schwanenfeldii,247483,247505,11.66,2,NO_ANNOT,,,Exact,0,"Puntius schwanenfeldii (Bleeker, 1854)",Puntius schwanenfeldii,4QJ8X,1,Catalogue of Life,
493,AtTas,Attas,247582,247587,2.09,1,NO_ANNOT,,,NoMatch,,,,,,,,
494,Ichth.,Ichth,247588,247594,2.73,1,NO_ANNOT,,,NoMatch,,,,,,,,
495,Puntius bulu,Puntius bulu,247693,247705,7.47,2,NO_ANNOT,,,Exact,0,"Puntius bulu (Bleeker, 1851)",Puntius bulu,4QJ22,1,Catalogue of Life,
496,Baram.,Baram,248469,248475,2.73,1,NO_ANNOT,,,NoMatch,,,,,,,,
497,Leptobarbus boevenii,Leptobarbus boevenii,248641,248661,6.77,2,NO_ANNOT,,,Fuzzy,1,"Leptobarbus hoevenii (Bleeker, 1851)",Leptobarbus hoevenii,3TJZ4,1,Catalogue of Life,
498,Rasbora dusonensis,Rasbora dusonensis,248688,248706,11.90,2,NO_ANNOT,,,Exact,0,"Rasbora dusonensis (Bleeker, 1850)",Rasbora dusonensis,6WT66,1,Catalogue of Life,
499,Rasbora leptosoma,Rasbora leptosoma,248785,248802,10.68,2,NO_ANNOT,,,Exact,0,"Rasbora leptosoma (Bleeker, 1855)",Rasbora leptosoma,794TT,1,Catalogue of Life,
500,PuNTius,Puntius,249114,249121,4.56,1,NO_ANNOT,,,Exact,0,Puntius,Puntius,75HG,1,Catalogue of Life,
501,Barbus,Barbus,249661,249667,3.76,1,NO_ANNOT,,,Exact,0,Barbus,Barbus,382L,1,Catalogue of Life,
502,Ichth.,Ichth,249689,249695,2.73,1,NO_ANNOT,,,NoMatch,,,,,,,,
503,Siaja macropus,Siaja macropus,249765,249779,9.38,2,NO_ANNOT,,,PartialExact,0,"Siaja Bleeker, 1859",Siaja,urn:lsid:irmng.org:taxname:1188726,181,IRMNG,
504,Rasborichthys helfrichii,Rasborichthys helfrichii,249808,249832,12.75,2,NO_ANNOT,,,Exact,0,"Rasborichthys helfrichii (Bleeker, 1856)",Rasborichthys helfrichii,4RLJ8,1,Catalogue of Life,
505,Ichth.,Ichth,250152,250158,2.73,1,NO_ANNOT,,,NoMatch,,,,,,,,
506,Macroohiriclithys snyderi,Macroohiriclithys snyderi,250201,250226,6.99,2,SP_NOV,,,NoMatch,,,,,,,,
507,Macrochirichthys snyderi,Macrochirichthys snyderi,251046,251070,13.46,2,NO_ANNOT,,,Exact,0,"Macrochirichthys snyderi Fowler, 1905",Macrochirichthys snyderi,3X3Y9,1,Catalogue of Life,
508,Jaws edentulous,Jaws edentulous,251747,251762,,2,NO_ANNOT,,,NoMatch,,,,,,,,
509,Macrochirichthys macrochir,Macrochirichthys macrochir,253984,254010,11.86,2,NO_ANNOT,,,Exact,0,Macrochirichthys macrochir,Macrochirichthys macrochir,2074627,168,ION,
510,Macrochirichthys uranoscopus,Macrochirichthys uranoscopus,254093,254121,13.29,2,NO_ANNOT,,,Exact,0,"Macrochirichthys uranoscopus (Bleeker, 1850)",Macrochirichthys uranoscopus,6R4CG,1,Catalogue of Life,
511,M. macrochir,M. macrochir,254151,254163,5.08,2,NO_ANNOT,,,NoMatch,,,,,,,,
512,Monopterus albus,Monopterus albus,254338,254354,6.96,2,NO_ANNOT,,,Exact,0,"Monopterus albus (Zuiew, 1793)",Monopterus albus,4495D,1,Catalogue of Life,
513,Baram,Baram,254436,254441,2.73,1,NO_ANNOT,,,NoMatch,,,,,,,,
514,Sardinella,Sardinella,254612,254622,6.37,1,NO_ANNOT,,,Exact,0,Sardinella,Sardinella,7CHP,1,Catalogue of Life,
515,Vertical striae,Vertical striae,255006,255021,0.20,2,NO_ANNOT,,,NoMatch,,,,,,,,
516,45Notopterus borneensis,Notopterus borneensis,255073,255096,13.22,2,NO_ANNOT,,,Exact,0,"Notopterus borneensis Bleeker, 1851",Notopterus borneensis,47Y79,1,Catalogue of Life,
517,''Sardinella brachysoma,Sardinella brachysoma,256356,256379,12.90,2,NO_ANNOT,,,Exact,0,"Sardinella brachysoma Bleeker, 1852",Sardinella brachysoma,79MLK,1,Catalogue of Life,
518,Sardinella hypelosoma,Sardinella hypelosoma,256436,256457,12.90,2,NO_ANNOT,,,PartialExact,0,Sardinella,Sardinella,7CHP,1,Catalogue of Life,
519,Ichth.,Ichth,256474,256480,2.73,1,NO_ANNOT,,,NoMatch,,,,,,,,
520,Lips,Lips,256825,256829,2.35,1,NO_ANNOT,,,Exact,0,Lips,Lips,639Y8,1,Catalogue of Life,
521,Mastacemhelus,Mastacemhelus,260221,260234,6.54,1,NO_ANNOT,,,NoMatch,,,,,,,,
522,Mastacemhelus vaillanti,Mastacemhelus vaillanti,260284,260307,12.12,2,NO_ANNOT,,,Fuzzy,1,"Mastacembelus vaillanti Fowler, 1905",Mastacembelus vaillanti,3YCMG,1,Catalogue of Life,
523,Mastacemhelus vaillanti,Mastacemhelus vaillanti,260320,260343,12.12,2,SP_NOV,,,Fuzzy,1,"Mastacembelus vaillanti Fowler, 1905",Mastacembelus vaillanti,3YCMG,1,Catalogue of Life,
524,Lips,Lips,261671,261675,2.35,1,NO_ANNOT,,,Exact,0,Lips,Lips,639Y8,1,Catalogue of Life,
525,Mastacembelus guentheri,Mastacembelus guentheri,264583,264606,13.90,2,NO_ANNOT,,,Exact,0,"Mastacembelus guentheri Day, 1865",Mastacembelus guentheri,3YCK5,1,Catalogue of Life,
526,Mastacembelus vaillanti,Mastacembelus vaillanti,264881,264904,12.12,2,NO_ANNOT,,,Exact,0,"Mastacembelus vaillanti Fowler, 1905",Mastacembelus vaillanti,3YCMG,1,Catalogue of Life,
527,Tylosurus leiuroides,Tylosurus leiuroides,265094,265114,6.39,2,NO_ANNOT,,,PartialExact,0,Tylosurus,Tylosurus,844Q,1,Catalogue of Life,
528,LABIDORHAMPHUS,Labidorhamphus,265420,265434,5.66,1,NO_ANNOT,,,Exact,0,"Labidorhamphus Fowler, 1905",Labidorhamphus,urn:lsid:irmng.org:taxname:1243372,181,IRMNG,
529,Hemirhamphus amblyiirus,Hemirhamphus amblyiirus,265453,265476,7.40,2,NO_ANNOT,,,PartialExact,0,"Hemirhamphus Voigt in Cuvier, 1832",Hemirhamphus,urn:lsid:irmng.org:taxname:1031862,181,IRMNG,
530,Zenarchopterus amblyurus,Zenarchopterus amblyurus,265787,265811,13.24,2,NO_ANNOT,,,Exact,0,"Zenarchopterus amblyurus (Bleeker, 1849)",Zenarchopterus amblyurus,5D2C6,1,Catalogue of Life,
531,ZENARCHOPTERUS,Zenarchopterus,265843,265857,6.27,1,NO_ANNOT,,,Exact,0,Zenarchopterus,Zenarchopterus,63WXL,1,Catalogue of Life,
532,Zenarchopterus buffonis,Zenarchopterus buffonis,265914,265937,13.29,2,NO_ANNOT,,,Exact,0,"Zenarchopterus buffonis (Valenciennes, 1847)",Zenarchopterus buffonis,7GDZP,1,Catalogue of Life,
533,FarexocoetllS mento,Farexocoetlls mento,266153,266172,,2,NO_ANNOT,,,NoMatch,,,,,,,,
534,Mugil belanak,Mugil belanak,266782,266795,7.78,2,NO_ANNOT,,,Exact,0,"Mugil belanak Bleeker, 1857",Mugil belanak,44J2Z,1,Catalogue of Life,
535,Ichth.,Ichth,267728,267734,2.73,1,NO_ANNOT,,,NoMatch,,,,,,,,
536,Mugil,Mugil,268578,268583,3.43,1,NO_ANNOT,,,Exact,0,Mugil,Mugil,5VL8,1,Catalogue of Life,
537,Mugil,Mugil,270472,270477,3.43,1,NO_ANNOT,,,Exact,0,Mugil,Mugil,5VL8,1,Catalogue of Life,
538,Mugil bontah,Mugil bontah,270605,270617,7.50,2,NO_ANNOT,,,Exact,0,Mugil bontah Bleeker 1854,Mugil bontah,141079140,151,Catalog of Fishes,
539,Mugil,Mugil,270894,270899,3.43,1,NO_ANNOT,,,Exact,0,Mugil,Mugil,5VL8,1,Catalogue of Life,
540,Mugil our,Mugil our,270974,270983,1.67,2,NO_ANNOT,,,Exact,0,"Mugil our Forsskål, 1775",Mugil our,44J7M,1,Catalogue of Life,
541,Liza oligolepis,Liza oligolepis,271075,271090,8.75,2,NO_ANNOT,,,Exact,0,"Liza oligolepis (Bleeker, 1859)",Liza oligolepis,3VQGD,1,Catalogue of Life,
542,Lips,Lips,272887,272891,2.35,1,NO_ANNOT,,,Exact,0,Lips,Lips,639Y8,1,Catalogue of Life,
543,Scomberomorus guttatus,Scomberomorus guttatus,275281,275303,13.61,2,NO_ANNOT,,,Exact,0,"Scomberomorus guttatus (Bloch & Schneider, 1801)",Scomberomorus guttatus,4VTX8,1,Catalogue of Life,
544,TrioMuras savala,Triomuras savala,275592,275608,4.40,2,NO_ANNOT,,,NoMatch,,,,,,,,
545,Scomberoides toloo,Scomberoides toloo,276307,276325,9.00,2,NO_ANNOT,,,PartialExact,0,Scomberoides,Scomberoides,63SV7,1,Catalogue of Life,
546,Megalaspis cordyla,Megalaspis cordyla,276365,276383,11.51,2,NO_ANNOT,,,Exact,0,"Megalaspis cordyla (Linnaeus, 1758)",Megalaspis cordyla,3YTWT,1,Catalogue of Life,
547,Alepes scitula,Alepes scitula,276414,276428,9.87,2,NO_ANNOT,,,Exact,0,Alepes scitula Fowler 1904,Alepes scitula,141040973,151,Catalog of Fishes,
548,Citula atropos,Citula atropos,276524,276538,5.55,2,NO_ANNOT,,,PartialExact,0,"Citula Cuvier, 1816",Citula,urn:lsid:marinespecies.org:taxname:296363,9,WoRMS,
549,Pampus cinereus,Pampus cinereus,276612,276627,11.95,2,NO_ANNOT,,,Exact,0,"Pampus cinereus (Bloch, 1795)",Pampus cinereus,4C8ZV,1,Catalogue of Life,
550,Stromateus cinereus',Stromateus cinereus,277036,277056,12.62,2,NO_ANNOT,,,Exact,0,"Stromateus cinereus Bloch, 1795",Stromateus cinereus,533M3,1,Catalogue of Life,
551,Citula atropos,Citula atropos,277137,277151,5.55,2,NO_ANNOT,,,PartialExact,0,"Citula Cuvier, 1816",Citula,urn:lsid:marinespecies.org:taxname:296363,9,WoRMS,
552,Citula armata,Citula armata,277250,277263,11.56,2,NO_ANNOT,,,Exact,0,"Citula armata Rüppell, 1830",Citula armata,VMPJ,1,Catalogue of Life,
553,Leiognathus edentulus,Leiognathus edentulus,277330,277351,12.24,2,NO_ANNOT,,,Exact,0,"Leiognathus edentulus (Bloch, 1795)",Leiognathus edentulus,3SYN8,1,Catalogue of Life,
554,Ambassis wolffii,Ambassis wolffii,277385,277401,10.22,2,NO_ANNOT,,,Exact,0,"Ambassis wolffii Bleeker, 1850",Ambassis wolffii,CKT7,1,Catalogue of Life,
555,Ambassis ambassis,Ambassis ambassis,277549,277566,12.12,2,NO_ANNOT,,,Exact,0,"Ambassis ambassis (Lacepède, 1802)",Ambassis ambassis,65ZTC,1,Catalogue of Life,
556,Chanda,Chanda,278116,278122,3.82,1,NO_ANNOT,,,Exact,0,Chanda,Chanda,3M48,1,Catalogue of Life,
557,Gerres,Gerres,278205,278211,3.18,1,NO_ANNOT,,,Exact,0,Gerres,Gerres,4N7X,1,Catalogue of Life,
558,Leiognathus,Leiognathus,278234,278245,5.11,1,NO_ANNOT,,,Exact,0,Leiognathus,Leiognathus,5BWS,1,Catalogue of Life,
559,Ambassis,Ambassis,278267,278275,4.77,1,NO_ANNOT,,,Exact,0,Ambassis,Ambassis,TDK,1,Catalogue of Life,
560,Hamiltonia,Hamiltonia,278356,278366,4.20,1,NO_ANNOT,,,Exact,0,Hamiltonia Harv.,Hamiltonia,7MZZC,1,Catalogue of Life,
561,Deveximentum,Deveximentum,278553,278565,5.41,1,NO_ANNOT,,,Exact,0,"Deveximentum Fowler, 1904",Deveximentum,urn:lsid:irmng.org:taxname:1218676,181,IRMNG,
562,Leiognathus,Leiognathus,278659,278670,5.11,1,NO_ANNOT,,,Exact,0,Leiognathus,Leiognathus,5BWS,1,Catalogue of Life,
563,Ambassis.,Ambassis,278751,278760,4.77,1,NO_ANNOT,,,Exact,0,Ambassis,Ambassis,TDK,1,Catalogue of Life,
564,Gerres.,Gerres,278798,278805,3.18,1,NO_ANNOT,,,Exact,0,Gerres,Gerres,4N7X,1,Catalogue of Life,
565,Pseudambassis,Pseudambassis,279064,279077,5.56,1,NO_ANNOT,,,Exact,0,Pseudambassis,Pseudambassis,6YP4,1,Catalogue of Life,
566,Chanda,Chanda,279129,279135,3.82,1,NO_ANNOT,,,Exact,0,Chanda,Chanda,3M48,1,Catalogue of Life,
567,Hamiltonia.,Hamiltonia,279334,279345,4.20,1,NO_ANNOT,,,Exact,0,Hamiltonia Harv.,Hamiltonia,7MZZC,1,Catalogue of Life,
568,Chanda.,Chanda,279537,279544,3.82,1,NO_ANNOT,,,Exact,0,Chanda,Chanda,3M48,1,Catalogue of Life,
569,Parambassis.,Parambassis,279626,279638,5.23,1,NO_ANNOT,,,Exact,0,Parambassis,Parambassis,6FG4,1,Catalogue of Life,
570,Parambassis macrolepis,Parambassis macrolepis,279727,279749,11.78,2,NO_ANNOT,,,Exact,0,"Parambassis macrolepis (Bleeker, 1856)",Parambassis macrolepis,4D2MT,1,Catalogue of Life,
571,Ichth.,Ichth,279878,279884,2.73,1,NO_ANNOT,,,NoMatch,,,,,,,,
572,Ambassis gymnooephalus,Ambassis gymnooephalus,279921,279943,7.22,2,NO_ANNOT,,,Fuzzy,1,"Ambassis gymnocephalus (Lacepède, 1802)",Ambassis gymnocephalus,CKRP,1,Catalogue of Life,
573,Sciaena,Sciaena,280530,280537,5.06,1,NO_ANNOT,,,Exact,0,Sciaena,Sciaena,7DZT,1,Catalogue of Life,
574,Trichidion indicus,Trichidion indicus,280930,280948,9.91,2,NO_ANNOT,,,Exact,0,"Trichidion indicus (Shaw, 1804)",Trichidion indicus,588LF,1,Catalogue of Life,
575,Baram.,Baram,281710,281716,2.73,1,NO_ANNOT,,,NoMatch,,,,,,,,
576,Scicena macroptera,Scicena macroptera,281717,281735,5.79,2,NO_ANNOT,,,Fuzzy,1,"Sciaena macroptera () non Bleeker, 1853",Sciaena macroptera,7YYPS,1,Catalogue of Life,
577,Ichth.,Ichth,281816,281822,2.73,1,NO_ANNOT,,,NoMatch,,,,,,,,
578,Polynemus,Polynemus,282008,282017,5.32,1,NO_ANNOT,,,Exact,0,Polynemus,Polynemus,63N8N,1,Catalogue of Life,
579,Trichidion,Trichidion,282028,282038,3.11,1,NO_ANNOT,,,Exact,0,"Trichidion Klein, 1776",Trichidion,urn:lsid:marinespecies.org:taxname:345046,9,WoRMS,
580,Polydactylus,Polydactylus,282156,282168,6.45,1,NO_ANNOT,,,Exact,0,Polydactylus,Polydactylus,63NC4,1,Catalogue of Life,
581,Tricliidioii hilleri,Tricliidioii hilleri,282192,282212,5.21,2,SP_NOV,,,NoMatch,,,,,,,,
582,Trichidion hilleri,Trichidion hilleri,282876,282894,10.11,2,NO_ANNOT,,,Exact,0,"Trichidion hilleri Fowler, 1905",Trichidion hilleri,7D2QN,1,Catalogue of Life,
583,Vomer edentulous.,Vomer edentulous,283765,283782,1.49,2,NO_ANNOT,,,PartialExact,0,"Vomer Cuvier, 1816",Vomer,641939,3,ITIS,
584,Pseud,Pseud,284292,284297,2.73,1,NO_ANNOT,,,NoMatch,,,,,,,,
585,Baram,Baram,286382,286387,2.73,1,NO_ANNOT,,,NoMatch,,,,,,,,
586,Pseud,Pseud,286952,286957,2.73,1,NO_ANNOT,,,NoMatch,,,,,,,,
587,Coius quadrifasciatus,Coius quadrifasciatus,287342,287363,12.84,2,NO_ANNOT,,,Exact,0,"Coius quadrifasciatus (Sevastianof, 1809)",Coius quadrifasciatus,WWP2,1,Catalogue of Life,
588,Betta pugnax,Betta pugnax,287438,287450,7.58,2,NO_ANNOT,,,Exact,0,"Betta pugnax (Cantor, 1849)",Betta pugnax,LP2G,1,Catalogue of Life,
589,Baram.,Baram,287480,287486,2.73,1,NO_ANNOT,,,NoMatch,,,,,,,,
590,Panchax,Panchax,287637,287644,3.87,1,NO_ANNOT,,,Exact,0,"Panchax Valenciennes, 1846",Panchax,urn:lsid:marinespecies.org:taxname:297350,9,WoRMS,
591,1S2S.␤datnia,S�s. datnia,287750,287762,5.13,2,NO_ANNOT,,,NoMatch,,,,,,,,
592,Therapon,Therapon,287835,287843,3.39,1,NO_ANNOT,,,Exact,0,"Therapon J. Parker, 1929",Therapon,7VPJ,1,Catalogue of Life,
593,Pomadasis,Pomadasis,287867,287876,4.94,1,NO_ANNOT,,,Exact,0,"Pomadasis Cuvier, 1817",Pomadasis,urn:lsid:irmng.org:taxname:1255516,181,IRMNG,
594,Datnioides,Datnioides,287898,287908,5.09,1,NO_ANNOT,,,Exact,0,Datnioides,Datnioides,4268,1,Catalogue of Life,
595,Nandus,Nandus,287931,287937,4.25,1,NO_ANNOT,,,Exact,0,Nandus,Nandus,5X9R,1,Catalogue of Life,
596,Datnioides,Datnioides,288046,288056,5.09,1,NO_ANNOT,,,Exact,0,Datnioides,Datnioides,4268,1,Catalogue of Life,
597,Datnioides,Datnioides,288132,288142,5.09,1,NO_ANNOT,,,Exact,0,Datnioides,Datnioides,4268,1,Catalogue of Life,
598,Datnioides quadrifasciatus,Datnioides quadrifasciatus,288203,288229,13.81,2,NO_ANNOT,,,Exact,0,"Datnioides quadrifasciatus (Sevastianof, 1809)",Datnioides quadrifasciatus,6CFRB,1,Catalogue of Life,
599,Coius polota,Coius polota,288239,288251,9.55,2,NO_ANNOT,,,Exact,0,"Coius polota Hamilton, 1822",Coius polota,WWNY,1,Catalogue of Life,
600,Macropodus pugnax,Macropodus pugnax,288413,288430,10.07,2,NO_ANNOT,,,Exact,0,"Macropodus pugnax Cantor, 1849",Macropodus pugnax,3X8M6,1,Catalogue of Life,
601,Osphronemus goramy,Osphronemus goramy,288625,288643,9.68,2,NO_ANNOT,,,Exact,0,"Osphronemus goramy Lacepède, 1801",Osphronemus goramy,6TC8Q,1,Catalogue of Life,
602,Anabas scandens,Anabas scandens,288792,288807,7.77,2,NO_ANNOT,,,Exact,0,"Anabas scandens (Daldorff, 1797)",Anabas scandens,66GPW,1,Catalogue of Life,
603,OpMcephalus baramensis,Opmcephalus baramensis,288852,288874,7.53,2,NO_ANNOT,,,NoMatch,,,,,,,,
604,Lips,Lips,290458,290462,2.35,1,NO_ANNOT,,,Exact,0,Lips,Lips,639Y8,1,Catalogue of Life,
605,Ichth.,Ichth,290553,290559,2.73,1,NO_ANNOT,,,NoMatch,,,,,,,,
606,Baram,Baram,292748,292753,2.73,1,NO_ANNOT,,,NoMatch,,,,,,,,
607,Ophicephalus pleurophthalmus,Ophicephalus pleurophthalmus,292935,292963,14.05,2,NO_ANNOT,,,Exact,0,"Ophicephalus pleurophthalmus Bleeker, 1851",Ophicephalus pleurophthalmus,10959386,11,GBIF Backbone Taxonomy,
608,Ophicephalus lucius,Ophicephalus lucius,293023,293042,12.80,2,NO_ANNOT,,,Exact,0,"Ophicephalus lucius Cuvier, 1831",Ophicephalus lucius,74P5W,1,Catalogue of Life,
609,Baram.,Baram,293069,293075,2.73,1,NO_ANNOT,,,NoMatch,,,,,,,,
610,Toxotes microlepis,Toxotes microlepis,293110,293128,9.51,2,NO_ANNOT,,,Exact,0,"Toxotes microlepis Günther, 1860",Toxotes microlepis,57MPH,1,Catalogue of Life,
611,Ephippus argUS,Ephippus argus,293249,293263,6.88,2,NO_ANNOT,,,Exact,0,"Ephippus argus (Linnaeus, 1766)",Ephippus argus,6FPMR,1,Catalogue of Life,
612,Triacanthus oxycephalus,Triacanthus oxycephalus,293469,293492,12.66,2,NO_ANNOT,,,Exact,0,"Triacanthus oxycephalus Bleeker, 1851",Triacanthus oxycephalus,7CP9D,1,Catalogue of Life,
613,Tetraodon palembangensis,Tetraodon palembangensis,294130,294154,12.10,2,NO_ANNOT,,,Exact,0,"Tetraodon palembangensis Bleeker, 1851",Tetraodon palembangensis,7BSXB,1,Catalogue of Life,
614,Leptosynanceia greenmani,Leptosynanceia greenmani,294243,294267,12.31,2,SP_NOV,,,Exact,0,Leptosynanceia greenmani Fowler 1905,Leptosynanceia greenmani,141074437,151,Catalog of Fishes,
615,Leptosynanceia greenmani,Leptosynanceia greenmani,295472,295496,12.31,2,NO_ANNOT,,,Exact,0,Leptosynanceia greenmani Fowler 1905,Leptosynanceia greenmani,141074437,151,Catalog of Fishes,
616,Pseud,Pseud,296969,296974,2.73,1,NO_ANNOT,,,NoMatch,,,,,,,,
617,Baram,Baram,299052,299057,2.73,1,NO_ANNOT,,,NoMatch,,,,,,,,
618,Baram,Baram,299219,299224,2.73,1,NO_ANNOT,,,NoMatch,,,,,,,,
619,Leptosynanceia,Leptosynanceia,299445,299459,5.90,1,NO_ANNOT,,,Exact,0,Leptosynanceia,Leptosynanceia,5DFB,1,Catalogue of Life,
620,L. greenmani.,L. greenmani,299708,299721,6.08,2,NO_ANNOT,,,NoMatch,,,,,,,,
621,Ophiooara porocephala,Ophiooara porocephala,299838,299859,4.55,2,NO_ANNOT,,,NoMatch,,,,,,,,
622,Baram.,Baram,300681,300687,2.73,1,NO_ANNOT,,,NoMatch,,,,,,,,
623,Synanceia,Synanceia,300835,300844,5.06,1,NO_ANNOT,,,Exact,0,Synanceia,Synanceia,7QZG,1,Catalogue of Life,
624,Ichth.,Ichth,300955,300961,2.73,1,NO_ANNOT,,,NoMatch,,,,,,,,
625,GIGANTOGOBIUS,Gigantogobius,301039,301052,5.60,1,NO_ANNOT,,,Exact,0,"Gigantogobius Fowler, 1905",Gigantogobius,urn:lsid:marinespecies.org:taxname:296681,9,WoRMS,
626,Gigantogohins jordani,Gigantogohins jordani,301068,301089,2.14,2,SP_NOV,,,NoMatch,,,,,,,,
627,Gigantogobius jordani,Gigantogobius jordani,301357,301378,11.65,2,SP_NOV,,,Exact,0,"Gigantogobius jordani Fowler, 1905",Gigantogobius jordani,3G28Y,1,Catalogue of Life,
628,Gigantogohius jordani,Gigantogohius jordani,301864,301885,5.34,2,NO_ANNOT,,,Fuzzy,1,"Gigantogobius jordani Fowler, 1905",Gigantogobius jordani,3G28Y,1,Catalogue of Life,
629,Lips,Lips,302817,302821,2.35,1,NO_ANNOT,,,Exact,0,Lips,Lips,639Y8,1,Catalogue of Life,
630,Baram,Baram,305580,305585,2.73,1,NO_ANNOT,,,NoMatch,,,,,,,,
631,Butis butis,Butis butis,305875,305886,10.54,2,NO_ANNOT,,,Exact,0,"Butis butis (Hamilton, 1822)",Butis butis,NZ3X,1,Catalogue of Life,
632,Eleotris butis'',Eleotris butis,306180,306196,10.48,2,NO_ANNOT,,,Exact,0,"Eleotris butis (Hamilton, 1822)",Eleotris butis,397YH,1,Catalogue of Life,
633,Periophthalmodon schlosseri,Periophthalmodon schlosseri,306353,306380,12.78,2,NO_ANNOT,,,Exact,0,"Periophthalmodon schlosseri (Pallas, 1770)",Periophthalmodon schlosseri,6V5TQ,1,Catalogue of Life,
634,Periophtlialmus argentilineatus,Periophtlialmus argentilineatus,307207,307238,8.54,2,NO_ANNOT,,,NoMatch,,,,,,,,
635,Boleophthalmus,Boleophthalmus,307421,307435,6.16,1,NO_ANNOT,,,Exact,0,Boleophthalmus,Boleophthalmus,3B82,1,Catalogue of Life,
636,Scartelaos,Scartelaos,307475,307485,4.15,1,NO_ANNOT,,,Exact,0,Scartelaos,Scartelaos,7D72,1,Catalogue of Life,
637,Boleophthalmus chinensis,Boleophthalmus chinensis,307565,307589,13.67,2,NO_ANNOT,,,Exact,0,"Boleophthalmus chinensis Valenciennes, 1837",Boleophthalmus chinensis,MBTT,1,Catalogue of Life,
638,Scartelaos aucupatorius,Scartelaos aucupatorius,307699,307722,11.47,2,NO_ANNOT,,,PartialExact,0,Scartelaos,Scartelaos,7D72,1,Catalogue of Life,
639,S.␤viridis,S. viridis,307773,307783,6.04,2,NO_ANNOT,,,NoMatch,,,,,,,,
640,Periophthahnus argentilineatus,Periophthahnus argentilineatus,308641,308671,9.01,2,NO_ANNOT,,,NoMatch,,,,,,,,
641,Lips,Lips,308801,308805,2.35,1,NO_ANNOT,,,Exact,0,Lips,Lips,639Y8,1,Catalogue of Life,
642,Glossogobius giurus,Glossogobius giurus,311197,311216,11.83,2,NO_ANNOT,,,Exact,0,"Glossogobius giurus (Hamilton, 1822)",Glossogobius giurus,6KK2X,1,Catalogue of Life,
643,Gobius,Gobius,311739,311745,4.27,1,NO_ANNOT,,,Exact,0,Gobius,Gobius,4PQL,1,Catalogue of Life,
644,86Chaenogobius megacephalus,Chaenogobius megacephalus,311839,311866,12.96,2,SP_NOV,,,Exact,0,"Chaenogobius megacephalus Fowler, 1905",Chaenogobius megacephalus,T9KB,1,Catalogue of Life,
645,Chwnogobius megacephalus,Chwnogobius megacephalus,312628,312652,6.41,2,NO_ANNOT,,,NoMatch,,,,,,,,
646,Lips,Lips,313119,313123,2.35,1,NO_ANNOT,,,Exact,0,Lips,Lips,639Y8,1,Catalogue of Life,
647,Gohius melanocephalus,Gohius melanocephalus,315243,315264,5.50,2,NO_ANNOT,,,Fuzzy,1,"Gobius melanocephalus Bleeker, 1849",Gobius melanocephalus,3GPYH,1,Catalogue of Life,
648,G. personatus,G. personatus,315273,315286,7.50,2,NO_ANNOT,,,NoMatch,,,,,,,,
649,G. grammepomus,G. grammepomus,315299,315313,6.70,2,NO_ANNOT,,,NoMatch,,,,,,,,
650,Brachirus panoides,Brachirus panoides,315500,315518,11.59,2,NO_ANNOT,,,Exact,0,"Brachirus panoides (Bleeker, 1851)",Brachirus panoides,68QFN,1,Catalogue of Life,
651,Paraplagusia marmorata,Paraplagusia marmorata,315545,315567,12.49,2,NO_ANNOT,,,PartialExact,0,Paraplagusia,Paraplagusia,63M2B,1,Catalogue of Life,
652,CynoglosauB borneensis,Cynoglosaub borneensis,316113,316135,5.19,2,NO_ANNOT,,,NoMatch,,,,,,,,
653,Cynoglossus kapuasensis,Cynoglossus kapuasensis,319397,319420,12.53,2,NO_ANNOT,,,Exact,0,"Cynoglossus kapuasensis Fowler, 1905",Cynoglossus kapuasensis,6C5ZL,1,Catalogue of Life,
654,Cynoglossus kapuasensis,Cynoglossus kapuasensis,319433,319456,12.53,2,SP_NOV,,,Exact,0,"Cynoglossus kapuasensis Fowler, 1905",Cynoglossus kapuasensis,6C5ZL,1,Catalogue of Life,
655,Cynoglossus,Cynoglossus,323077,323088,4.60,1,NO_ANNOT,,,Exact,0,Cynoglossus,Cynoglossus,3YKK,1,Catalogue of Life,
656,Cynoglossus potous,Cynoglossus potous,323289,323307,8.52,2,NO_ANNOT,,,Exact,0,"Cynoglossus potous (Cuvier, 1829)",Cynoglossus potous,6BTYV,1,Catalogue of Life,
657,Cynoglossus borneensis,Cynoglossus borneensis,323410,323432,12.22,2,NO_ANNOT,,,Exact,0,"Cynoglossus borneensis (Bleeker, 1858)",Cynoglossus borneensis,6C5XY,1,Catalogue of Life,
658,Sambas,Sambas,324755,324761,2.87,1,NO_ANNOT,,,NoMatch,,,,,,,,
659,'Plagusia microlepis,Plagusia microlepis,325313,325333,10.43,2,NO_ANNOT,,,Exact,0,"Plagusia microlepis Bleeker, 1851",Plagusia microlepis,4JHWL,1,Catalogue of Life,
660,Borneo austroorientalis,Borneo austroorientalis,325400,325423,2.89,2,NO_ANNOT,,,NoMatch,,,,,,,,
661,Pleuronectes potous,Pleuronectes potous,325448,325467,7.83,2,NO_ANNOT,,,Exact,0,"Pleuronectes potous Cuvier, 1829",Pleuronectes potous,4KBX7,1,Catalogue of Life,
662,Isola,Isola,326969,326974,4.83,1,NO_ANNOT,,,Exact,0,"Isola Gray, 1873",Isola,urn:lsid:irmng.org:taxname:1394155,181,IRMNG,
663,Prodromus piscium,Prodromus piscium,327164,327181,11.89,2,NO_ANNOT,,,PartialExact,0,Prodromus,Prodromus,6WFF,1,Catalogue of Life,
664,Asia orientalis,Asia orientalis,327182,327197,4.49,2,NO_ANNOT,,,PartialExact,0,"Asia Pergens, 1887",Asia,urn:lsid:irmng.org:taxname:1451180,181,IRMNG,
665,Lepidoglanis.,Lepidoglanis,327463,327476,5.92,1,NO_ANNOT,,,Exact,0,"Lepidoglanis Vaillant, 1889",Lepidoglanis,urn:lsid:irmng.org:taxname:1015765,181,IRMNG,
666,Notes,Notes,327868,327873,2.52,1,NO_ANNOT,,,Exact,0,Notes,Notes,3950760,168,ION,
667,Notes,Notes,329211,329216,2.52,1,NO_ANNOT,,,Exact,0,Notes,Notes,3950760,168,ION,
668,Mycetozoa,Mycetozoa,330018,330027,1.97,1,NO_ANNOT,,,Exact,0,Mycetozoa,Mycetozoa,58,1,Catalogue of Life,
669,Lamproderma,Lamproderma,330161,330172,5.29,1,NO_ANNOT,,,Exact,0,Lamproderma,Lamproderma,639H8,1,Catalogue of Life,
670,Comatricha.,Comatricha,330177,330188,4.88,1,NO_ANNOT,,,Exact,0,Comatricha,Comatricha,3SR6,1,Catalogue of Life,
