Index,Verbatim,Name,Start,End,OddsLog10,Cardinality,AnnotNomenType,WordsBefore,WordsAfter,VerifMatchType,VerifEditDistance,VerifMatchedName,VerifMatchedCanonical,VerifTaxonId,VerifDataSourceId,VerifDataSourceTitle,VerifError
0,Odonata,Odonata,343,350,2.71,1,NO_ANNOT,,,Exact,0,Odonata,Odonata,3P7,1,Catalogue of Life,
1,Odonata,Odonata,568,575,2.71,1,NO_ANNOT,,,Exact,0,Odonata,Odonata,3P7,1,Catalogue of Life,
2,Odonata,Odonata,790,797,2.71,1,NO_ANNOT,,,Exact,0,Odonata,Odonata,3P7,1,Catalogue of Life,
3,Enallagma prcevarum,Enallagma prcevarum,1011,1030,7.25,2,NO_ANNOT,,,Fuzzy,1,"Enallagma praevarum Hagen, 1861",Enallagma praevarum,6F8J3,1,Catalogue of Life,
4,Opionceschiia armata,Opionceschiia armata,1031,1051,5.85,2,NO_ANNOT,,,NoMatch,,,,,,,,
5,Sym'petrum illotum virgulum,Sym�petrum illotum virgulum,1056,1083,11.43,3,NO_ANNOT,,,Fuzzy,1,"Sympetrum illotum virgulum Selys, 1884",Sympetrum illotum virgulum,5F6JJ,1,Catalogue of Life,
6,Odonata,Odonata,1348,1355,2.71,1,NO_ANNOT,,,Exact,0,Odonata,Odonata,3P7,1,Catalogue of Life,
7,Odonata,Odonata,1529,1536,2.71,1,NO_ANNOT,,,Exact,0,Odonata,Odonata,3P7,1,Catalogue of Life,
8,Odonata,Odonata,1843,1850,2.71,1,NO_ANNOT,,,Exact,0,Odonata,Odonata,3P7,1,Catalogue of Life,
9,Neuroptera,Neuroptera,1922,1932,5.31,1,NO_ANNOT,,,Exact,0,Neuroptera,Neuroptera,3ND,1,Catalogue of Life,
10,Ophiogomphus,Ophiogomphus,3326,3338,5.35,1,NO_ANNOT,,,Exact,0,Ophiogomphus,Ophiogomphus,68T6,1,Catalogue of Life,
11,Gomphus,Gomphus,3339,3346,4.40,1,NO_ANNOT,,,Exact,0,Gomphus,Gomphus,84NTG,1,Catalogue of Life,
12,Dromogomphus,Dromogomphus,3347,3359,5.35,1,NO_ANNOT,,,Exact,0,Dromogomphus,Dromogomphus,63396,1,Catalogue of Life,
13,Celithemis,Celithemis,3371,3381,5.61,1,NO_ANNOT,,,Exact,0,Celithemis,Celithemis,62K5N,1,Catalogue of Life,
14,Leucorhinia,Leucorhinia,3382,3393,4.33,1,NO_ANNOT,,,Exact,0,"Leucorhinia Brauer, 1868",Leucorhinia,urn:lsid:irmng.org:taxname:1297895,181,IRMNG,
15,Lais,Lais,3413,3417,2.00,1,NO_ANNOT,,,Exact,0,"Lais Kinberg, 1865",Lais,85FRS,1,Catalogue of Life,
16,Thore,Thore,3418,3423,1.24,1,NO_ANNOT,,,Exact,0,"Thore Koch, 1850",Thore,urn:lsid:irmng.org:taxname:1328957,181,IRMNG,
17,Euthore,Euthore,3424,3431,1.67,1,NO_ANNOT,,,Exact,0,Euthore,Euthore,4HC7,1,Catalogue of Life,
18,Microstigma,Microstigma,3432,3443,5.35,1,NO_ANNOT,,,Exact,0,Microstigma,Microstigma,84QF3,1,Catalogue of Life,
19,Telagrion,Telagrion,3444,3453,2.94,1,NO_ANNOT,,,Exact,0,Telagrion,Telagrion,645KV,1,Catalogue of Life,
20,Leptagrion,Leptagrion,3454,3464,3.11,1,NO_ANNOT,,,Exact,0,Leptagrion,Leptagrion,5CR8,1,Catalogue of Life,
21,Diastatops,Diastatops,3465,3475,4.57,1,NO_ANNOT,,,Exact,0,Diastatops,Diastatops,44CS,1,Catalogue of Life,
22,Potamothemis,Potamothemis,3476,3488,5.97,1,NO_ANNOT,,,Exact,0,"Potamothemis Kirby, 1889",Potamothemis,urn:lsid:irmng.org:taxname:1177606,181,IRMNG,
23,Scapanea.,Scapanea,3511,3520,5.02,1,NO_ANNOT,,,Exact,0,Scapanea,Scapanea,7CZN,1,Catalogue of Life,
24,Pseudostigma,Pseudostigma,3616,3628,5.59,1,NO_ANNOT,,,Exact,0,Pseudostigma,Pseudostigma,73NV,1,Catalogue of Life,
25,Thaumatoneura,Thaumatoneura,3629,3642,6.10,1,NO_ANNOT,,,Exact,0,Thaumatoneura,Thaumatoneura,646JY,1,Catalogue of Life,
26,Hesperagrion,Hesperagrion,3655,3667,3.46,1,NO_ANNOT,,,Exact,0,Hesperagrion,Hesperagrion,4VZT,1,Catalogue of Life,
27,Anisagrion,Anisagrion,3668,3678,3.11,1,NO_ANNOT,,,Exact,0,Anisagrion,Anisagrion,WBL,1,Catalogue of Life,
28,Pseudoleon.,Pseudoleon,3696,3707,4.15,1,NO_ANNOT,,,Exact,0,Pseudoleon,Pseudoleon,642PN,1,Catalogue of Life,
29,Hesperagrion,Hesperagrion,3723,3735,3.46,1,NO_ANNOT,,,Exact,0,Hesperagrion,Hesperagrion,4VZT,1,Catalogue of Life,
30,Pseudoleon,Pseudoleon,3749,3759,4.15,1,NO_ANNOT,,,Exact,0,Pseudoleon,Pseudoleon,642PN,1,Catalogue of Life,
31,Pseudoleon,Pseudoleon,3808,3818,4.15,1,NO_ANNOT,,,Exact,0,Pseudoleon,Pseudoleon,642PN,1,Catalogue of Life,
32,Hesperagrion,Hesperagrion,3952,3964,3.46,1,NO_ANNOT,,,Exact,0,Hesperagrion,Hesperagrion,4VZT,1,Catalogue of Life,
33,Odonata,Odonata,4179,4186,2.71,1,NO_ANNOT,,,Exact,0,Odonata,Odonata,3P7,1,Catalogue of Life,
34,Thaumatoneura,Thaumatoneura,4403,4416,6.10,1,NO_ANNOT,,,Exact,0,Thaumatoneura,Thaumatoneura,646JY,1,Catalogue of Life,
35,Amphipteryx,Amphipteryx,4911,4922,5.39,1,NO_ANNOT,,,Exact,0,Amphipteryx,Amphipteryx,62B7B,1,Catalogue of Life,
36,Calopteryx,Calopteryx,5056,5066,5.26,1,NO_ANNOT,,,Exact,0,Calopteryx A.C.Sm.,Calopteryx,5T74S,1,Catalogue of Life,
37,Lestes.,Lestes,5191,5198,2.67,1,NO_ANNOT,,,Exact,0,Lestes,Lestes,62WZW,1,Catalogue of Life,
38,Argia,Argia,5231,5236,3.45,1,NO_ANNOT,,,Exact,0,Argia,Argia,32ML,1,Catalogue of Life,
39,Ischnura,Ischnura,5246,5254,5.31,1,NO_ANNOT,,,Exact,0,Ischnura,Ischnura,638C6,1,Catalogue of Life,
40,Argia,Argia,5376,5381,3.45,1,NO_ANNOT,,,Exact,0,Argia,Argia,32ML,1,Catalogue of Life,
41,Protoneura,Protoneura,5394,5404,5.65,1,NO_ANNOT,,,Exact,0,Protoneura,Protoneura,63PJX,1,Catalogue of Life,
42,Telebasis,Telebasis,5424,5433,4.94,1,NO_ANNOT,,,Exact,0,Telebasis,Telebasis,63VB9,1,Catalogue of Life,
43,Odonata,Odonata,5563,5570,2.71,1,NO_ANNOT,,,Exact,0,Odonata,Odonata,3P7,1,Catalogue of Life,
44,Erpetogomphus,Erpetogomphus,5634,5647,5.44,1,NO_ANNOT,,,Exact,0,Erpetogomphus,Erpetogomphus,633QV,1,Catalogue of Life,
45,Epigomphus,Epigomphus,5727,5737,4.99,1,NO_ANNOT,,,Exact,0,Epigomphus,Epigomphus,4D4L,1,Catalogue of Life,
46,Anax,Anax,5847,5851,3.38,1,NO_ANNOT,,,Exact,0,Anax,Anax,VDK,1,Catalogue of Life,
47,Gynacantha,Gynacantha,5859,5869,5.21,1,NO_ANNOT,,,Exact,0,Gynacantha,Gynacantha,4RYV,1,Catalogue of Life,
48,Macromia.,Macromia,6193,6202,4.61,1,NO_ANNOT,,,Exact,0,Macromia,Macromia,5JG9,1,Catalogue of Life,
49,Pseudoleon,Pseudoleon,6234,6244,4.15,1,NO_ANNOT,,,Exact,0,Pseudoleon,Pseudoleon,642PN,1,Catalogue of Life,
50,Tholymis,Tholymis,6271,6279,5.27,1,NO_ANNOT,,,Exact,0,Tholymis,Tholymis,7W4T,1,Catalogue of Life,
51,Tramea,Tramea,6280,6286,4.05,1,NO_ANNOT,,,Exact,0,Tramea,Tramea,7YJ8,1,Catalogue of Life,
52,Pantala,Pantala,6287,6294,4.89,1,NO_ANNOT,,,Exact,0,Pantala,Pantala,6DB7,1,Catalogue of Life,
53,Sympetrum,Sympetrum,6295,6304,5.42,1,NO_ANNOT,,,Exact,0,Sympetrum,Sympetrum,64658,1,Catalogue of Life,
54,Pantala flavescens,Pantala flavescens,6420,6438,11.44,2,NO_ANNOT,,,Exact,0,"Pantala flavescens Fabricius, 1798",Pantala flavescens,4CGSL,1,Catalogue of Life,
55,Sympetrum corruptum,Sympetrum corruptum,6443,6462,12.82,2,NO_ANNOT,,,Exact,0,"Sympetrum corruptum Hagen, 1861",Sympetrum corruptum,53P6L,1,Catalogue of Life,
56,Libellula,Libellula,6510,6519,5.01,1,NO_ANNOT,,,Exact,0,Libellula,Libellula,62WS2,1,Catalogue of Life,
57,Micrathyria,Micrathyria,6520,6531,5.14,1,NO_ANNOT,,,Exact,0,Micrathyria,Micrathyria,63B9X,1,Catalogue of Life,
58,Orthemis,Orthemis,6532,6540,5.27,1,NO_ANNOT,,,Exact,0,Orthemis,Orthemis,63GTC,1,Catalogue of Life,
59,Erythrodiplax,Erythrodiplax,6541,6554,4.80,1,NO_ANNOT,,,Exact,0,Erythrodiplax,Erythrodiplax,633RG,1,Catalogue of Life,
60,Brechmorhoga,Brechmorhoga,6555,6567,4.33,1,NO_ANNOT,,,Exact,0,Brechmorhoga,Brechmorhoga,3CXZ,1,Catalogue of Life,
61,Tramea,Tramea,6569,6575,4.05,1,NO_ANNOT,,,Exact,0,Tramea,Tramea,7YJ8,1,Catalogue of Life,
62,Perithemis,Perithemis,6576,6586,5.61,1,NO_ANNOT,,,Exact,0,Perithemis,Perithemis,6LJK,1,Catalogue of Life,
63,Erythemis.,Erythemis,6591,6601,5.44,1,NO_ANNOT,,,Exact,0,Erythemis,Erythemis,62S3V,1,Catalogue of Life,
64,Odonata,Odonata,6754,6761,2.71,1,NO_ANNOT,,,Exact,0,Odonata,Odonata,3P7,1,Catalogue of Life,
65,Batrachia,Batrachia,10286,10295,4.42,1,NO_ANNOT,,,Exact,0,Conophytum sect. Batrachia Opel & S.A.Hammer,Batrachia,1008552-1,167,IPNI,
66,Odonata,Odonata,10562,10569,2.71,1,NO_ANNOT,,,Exact,0,Odonata,Odonata,3P7,1,Catalogue of Life,
67,Odonata,Odonata,10989,10996,2.71,1,NO_ANNOT,,,Exact,0,Odonata,Odonata,3P7,1,Catalogue of Life,
68,Odonata,Odonata,11176,11183,2.71,1,NO_ANNOT,,,Exact,0,Odonata,Odonata,3P7,1,Catalogue of Life,
69,Aphylla produda,Aphylla produda,11394,11409,11.38,2,NO_ANNOT,,,PartialExact,0,Aphylla,Aphylla,YJV,1,Catalogue of Life,
70,Progomphus integer,Progomphus integer,11410,11428,6.42,2,NO_ANNOT,,,Exact,0,"Progomphus integer Hagen in Selys, 1878",Progomphus integer,4MR4J,1,Catalogue of Life,
71,Dythemis rufinervis,Dythemis rufinervis,11441,11460,11.84,2,NO_ANNOT,,,Exact,0,"Dythemis rufinervis Burmeister, 1839",Dythemis rufinervis,38BCN,1,Catalogue of Life,
72,Scapanea frontalis,Scapanea frontalis,11461,11479,12.32,2,NO_ANNOT,,,Exact,0,"Scapanea frontalis Burmeister, 1839",Scapanea frontalis,6XS95,1,Catalogue of Life,
73,Macrothemis,Macrothemis,11480,11491,5.74,1,NO_ANNOT,,,Exact,0,Macrothemis,Macrothemis,5JQS,1,Catalogue of Life,
74,Celithemis eponina,Celithemis eponina,11500,11518,12.41,2,NO_ANNOT,,,Exact,0,"Celithemis eponina Drury, 1773",Celithemis eponina,S3MY,1,Catalogue of Life,
75,Argia,Argia,11808,11813,3.45,1,NO_ANNOT,,,Exact,0,Argia,Argia,32ML,1,Catalogue of Life,
76,Progomphus,Progomphus,11814,11824,4.99,1,NO_ANNOT,,,Exact,0,Progomphus,Progomphus,6WHQ,1,Catalogue of Life,
77,Erythrodiplax,Erythrodiplax,11825,11838,4.80,1,NO_ANNOT,,,Exact,0,Erythrodiplax,Erythrodiplax,633RG,1,Catalogue of Life,
78,Dythemis,Dythemis,11851,11859,5.27,1,NO_ANNOT,,,Exact,0,Dythemis,Dythemis,498K,1,Catalogue of Life,
79,Challenger,Challenger,12396,12406,1.69,1,NO_ANNOT,,,Exact,0,Challenger i Man 1911,Challenger,3547646,168,ION,
80,Merida,Merida,12569,12575,3.27,1,NO_ANNOT,,,Exact,0,Merida Neck.,Merida,5TCRS,1,Catalogue of Life,
81,Challenger data,Challenger data,12825,12840,4.30,2,NO_ANNOT,,,PartialExact,0,Challenger i Man 1911,Challenger,3547646,168,ION,
82,Odonata.,Odonata,13010,13018,2.71,1,NO_ANNOT,,,Exact,0,Odonata,Odonata,3P7,1,Catalogue of Life,
83,Mexico asin,Mexico asin,13629,13640,,2,NO_ANNOT,,,PartialExact,0,"Mexico Spilman, 1972",Mexico,5R5P,1,Catalogue of Life,
84,Rica,Rica,13729,13733,1.99,1,NO_ANNOT,,,NoMatch,,,,,,,,
85,Argia,Argia,13948,13953,3.45,1,NO_ANNOT,,,Exact,0,Argia,Argia,32ML,1,Catalogue of Life,
86,Lestes,Lestes,13980,13986,2.67,1,NO_ANNOT,,,Exact,0,Lestes,Lestes,62WZW,1,Catalogue of Life,
87,Enallagma,Enallagma,13987,13996,5.06,1,NO_ANNOT,,,Exact,0,Enallagma (Miers) Baill.,Enallagma,7MYZD,1,Catalogue of Life,
88,Ischnura,Ischnura,13997,14005,5.31,1,NO_ANNOT,,,Exact,0,Ischnura,Ischnura,638C6,1,Catalogue of Life,
89,Sympetrum,Sympetrum,14025,14034,5.42,1,NO_ANNOT,,,Exact,0,Sympetrum,Sympetrum,64658,1,Catalogue of Life,
90,Pseudostigma,Pseudostigma,14167,14179,5.59,1,NO_ANNOT,,,Exact,0,Pseudostigma,Pseudostigma,73NV,1,Catalogue of Life,
91,Thaumatoneura,Thaumatoneura,14180,14193,6.10,1,NO_ANNOT,,,Exact,0,Thaumatoneura,Thaumatoneura,646JY,1,Catalogue of Life,
92,Paraphlebia,Paraphlebia,14198,14209,4.16,1,NO_ANNOT,,,Exact,0,Paraphlebia,Paraphlebia,6G79,1,Catalogue of Life,
93,Odonata,Odonata,15267,15274,2.71,1,NO_ANNOT,,,Exact,0,Odonata,Odonata,3P7,1,Catalogue of Life,
94,Odonata,Odonata,15454,15461,2.71,1,NO_ANNOT,,,Exact,0,Odonata,Odonata,3P7,1,Catalogue of Life,
95,Agrionina,Agrionina,15774,15783,4.13,1,NO_ANNOT,,,Exact,0,Agrionina,Agrionina,3985564,168,ION,
96,Enallagma civile,Enallagma civile,16144,16160,10.07,2,NO_ANNOT,,,Exact,0,"Enallagma civile Hagen, 1861",Enallagma civile,39M54,1,Catalogue of Life,
97,Ischnura ramburi,Ischnura ramburi,16161,16177,10.67,2,NO_ANNOT,,,Exact,0,"Ischnura ramburi (Selys, 1850)",Ischnura ramburi,94284243,169,uBio NameBank,
98,Anomalagrion hastatum.,Anomalagrion hastatum,16178,16200,10.70,2,NO_ANNOT,,,Exact,0,"Anomalagrion hastatum (Say, 1839)",Anomalagrion hastatum,urn:lsid:marinespecies.org:taxname:1489376,9,WoRMS,
99,Odonata,Odonata,16495,16502,2.71,1,NO_ANNOT,,,Exact,0,Odonata,Odonata,3P7,1,Catalogue of Life,
100,Odonata,Odonata,16751,16758,2.71,1,NO_ANNOT,,,Exact,0,Odonata,Odonata,3P7,1,Catalogue of Life,
101,Rica,Rica,17163,17167,1.99,1,NO_ANNOT,,,NoMatch,,,,,,,,
102,Rica,Rica,17326,17330,1.99,1,NO_ANNOT,,,NoMatch,,,,,,,,
103,Notes,Notes,18015,18020,2.52,1,NO_ANNOT,,,Exact,0,Notes,Notes,3950760,168,ION,
104,Rica,Rica,19694,19698,1.99,1,NO_ANNOT,,,NoMatch,,,,,,,,
105,Odonata,Odonata,20272,20279,2.71,1,NO_ANNOT,,,Exact,0,Odonata,Odonata,3P7,1,Catalogue of Life,
106,Solola,Solola,20574,20580,4.97,1,NO_ANNOT,,,Exact,0,"Solola Roewer, 1949",Solola,urn:lsid:irmng.org:taxname:1341235,181,IRMNG,
107,Alta,Alta,20664,20668,2.78,1,NO_ANNOT,,,NoMatch,,,,,,,,
108,Odonata.,Odonata,21384,21392,2.71,1,NO_ANNOT,,,Exact,0,Odonata,Odonata,3P7,1,Catalogue of Life,
109,Odonata.,Odonata,21607,21615,2.71,1,NO_ANNOT,,,Exact,0,Odonata,Odonata,3P7,1,Catalogue of Life,
110,Odonata.,Odonata,21786,21794,2.71,1,NO_ANNOT,,,Exact,0,Odonata,Odonata,3P7,1,Catalogue of Life,
111,Argia translata,Argia translata,21862,21877,11.35,2,NO_ANNOT,,,Exact,0,"Argia translata Hagen in Selys, 1865",Argia translata,GGRK,1,Catalogue of Life,
112,Ischnura ramburi,Ischnura ramburi,21878,21894,10.67,2,NO_ANNOT,,,Exact,0,"Ischnura ramburi (Selys, 1850)",Ischnura ramburi,94284243,169,uBio NameBank,
113,Anomalagrion hastatum,Anomalagrion hastatum,21895,21916,10.70,2,NO_ANNOT,,,Exact,0,"Anomalagrion hastatum (Say, 1839)",Anomalagrion hastatum,urn:lsid:marinespecies.org:taxname:1489376,9,WoRMS,
114,Anax,Anax,21917,21921,3.38,1,NO_ANNOT,,,Exact,0,Anax,Anax,VDK,1,Catalogue of Life,
115,A. longipes,A. longipes,21929,21940,5.79,2,NO_ANNOT,,,NoMatch,,,,,,,,
116,LibeUula auripennis,Libeuula auripennis,21941,21960,5.83,2,NO_ANNOT,,,NoMatch,,,,,,,,
117,Pantola flavescens,Pantola flavescens,21971,21989,5.51,2,NO_ANNOT,,,Fuzzy,1,"Pantala flavescens Fabricius, 1798",Pantala flavescens,4CGSL,1,Catalogue of Life,
118,Odonata,Odonata,22324,22331,2.71,1,NO_ANNOT,,,Exact,0,Odonata,Odonata,3P7,1,Catalogue of Life,
119,Rica,Rica,22371,22375,1.99,1,NO_ANNOT,,,NoMatch,,,,,,,,
120,Odonata,Odonata,22971,22978,2.71,1,NO_ANNOT,,,Exact,0,Odonata,Odonata,3P7,1,Catalogue of Life,
121,Odonata,Odonata,24891,24898,2.71,1,NO_ANNOT,,,Exact,0,Odonata,Odonata,3P7,1,Catalogue of Life,
122,Perilestes,Perilestes,25789,25799,3.55,1,NO_ANNOT,,,Exact,0,Perilestes,Perilestes,63KYC,1,Catalogue of Life,
123,Rica,Rica,25806,25810,1.99,1,NO_ANNOT,,,NoMatch,,,,,,,,
124,Argiallagma,Argiallagma,25811,25822,5.35,1,NO_ANNOT,,,Exact,0,"Argiallagma Selys, 1876",Argiallagma,urn:lsid:irmng.org:taxname:1002607,181,IRMNG,
125,Telebasis,Telebasis,25833,25842,4.94,1,NO_ANNOT,,,Exact,0,Telebasis,Telebasis,63VB9,1,Catalogue of Life,
126,Neoneura,Neoneura,25870,25878,5.31,1,NO_ANNOT,,,Exact,0,Neoneura,Neoneura,624Q,1,Catalogue of Life,
127,Protoneura,Protoneura,25879,25889,5.65,1,NO_ANNOT,,,Exact,0,Protoneura,Protoneura,63PJX,1,Catalogue of Life,
128,Rhodopygia,Rhodopygia,25915,25925,4.47,1,NO_ANNOT,,,Exact,0,Rhodopygia,Rhodopygia,797X,1,Catalogue of Life,
129,Rica,Rica,26591,26595,1.99,1,NO_ANNOT,,,NoMatch,,,,,,,,
130,Philogenia,Philogenia,26802,26812,4.20,1,NO_ANNOT,,,Exact,0,Philogenia,Philogenia,63MWF,1,Catalogue of Life,
131,Rica,Rica,26832,26836,1.99,1,NO_ANNOT,,,NoMatch,,,,,,,,
132,Progomphus,Progomphus,26848,26858,4.99,1,NO_ANNOT,,,Exact,0,Progomphus,Progomphus,6WHQ,1,Catalogue of Life,
133,Epigomphus,Epigomphus,26869,26879,4.99,1,NO_ANNOT,,,Exact,0,Epigomphus,Epigomphus,4D4L,1,Catalogue of Life,
134,Odonata,Odonata,26969,26976,2.71,1,NO_ANNOT,,,Exact,0,Odonata,Odonata,3P7,1,Catalogue of Life,
135,Odonata,Odonata,27107,27114,2.71,1,NO_ANNOT,,,Exact,0,Odonata,Odonata,3P7,1,Catalogue of Life,
136,Rica,Rica,27861,27865,1.99,1,NO_ANNOT,,,NoMatch,,,,,,,,
137,Cordulegaster godmani,Cordulegaster godmani,27909,27930,10.20,2,NO_ANNOT,,,Exact,0,"Cordulegaster godmani McLachlan, 1878",Cordulegaster godmani,102034,3,ITIS,
138,Mshna dugesi,Mshna dugesi,27931,27943,2.88,2,NO_ANNOT,,,NoMatch,,,,,,,,
139,Lihelhda comanche foliata,Lihelhda comanche foliata,27964,27989,3.79,3,NO_ANNOT,,,NoMatch,,,,,,,,
140,Tlascala,Tlascala,28248,28256,5.13,1,NO_ANNOT,,,Exact,0,Tlascala,Tlascala,7XC7,1,Catalogue of Life,
141,Rica.,Rica,28324,28329,1.99,1,NO_ANNOT,,,NoMatch,,,,,,,,
142,Odonata,Odonata,28333,28340,2.71,1,NO_ANNOT,,,Exact,0,Odonata,Odonata,3P7,1,Catalogue of Life,
143,Rica,Rica,28461,28465,1.99,1,NO_ANNOT,,,NoMatch,,,,,,,,
144,Odonata,Odonata,28469,28476,2.71,1,NO_ANNOT,,,Exact,0,Odonata,Odonata,3P7,1,Catalogue of Life,
145,Odonata,Odonata,28783,28790,2.71,1,NO_ANNOT,,,Exact,0,Odonata,Odonata,3P7,1,Catalogue of Life,
146,Rica,Rica,31523,31527,1.99,1,NO_ANNOT,,,NoMatch,,,,,,,,
147,Rica,Rica,31766,31770,1.99,1,NO_ANNOT,,,NoMatch,,,,,,,,
148,Odonata,Odonata,31992,31999,2.71,1,NO_ANNOT,,,Exact,0,Odonata,Odonata,3P7,1,Catalogue of Life,
149,Cordulegaster godmani,Cordulegaster godmani,32116,32137,10.20,2,NO_ANNOT,,,Exact,0,"Cordulegaster godmani McLachlan, 1878",Cordulegaster godmani,102034,3,ITIS,
150,Libellula foliata,Libellula foliata,32142,32159,12.55,2,NO_ANNOT,,,Exact,0,"Libellula foliata Kirby, 1889",Libellula foliata,7292F,1,Catalogue of Life,
151,Rica.,Rica,32198,32203,1.99,1,NO_ANNOT,,,NoMatch,,,,,,,,
152,Odonata,Odonata,33450,33457,2.71,1,NO_ANNOT,,,Exact,0,Odonata,Odonata,3P7,1,Catalogue of Life,
153,Perilestes fragilis,Perilestes fragilis,33614,33633,10.68,2,NO_ANNOT,,,Exact,0,"Perilestes fragilis Hagen in Selys, 1862",Perilestes fragilis,4F24V,1,Catalogue of Life,
154,Argia wilsoni gaumeri,Argia wilsoni gaumeri,33634,33655,14.78,3,NO_ANNOT,,,PartialExact,0,"Argia gaumeri Calvert, 1907",Argia gaumeri,GGNT,1,Catalogue of Life,
155,Argiallagma minutum,Argiallagma minutum,33679,33698,12.39,2,NO_ANNOT,,,Exact,0,Argiallagma minutum Selys,Argiallagma minutum,9999547,11,GBIF Backbone Taxonomy,
156,Protoneura,Protoneura,33714,33724,5.65,1,NO_ANNOT,,,Exact,0,Protoneura,Protoneura,63PJX,1,Catalogue of Life,
157,Hetcerina rudis,Hetcerina rudis,33736,33751,3.40,2,NO_ANNOT,,,Fuzzy,1,"Hetaerina rudis Calvert, 1901",Hetaerina rudis,3L6JV,1,Catalogue of Life,
158,Argia percellulata calida,Argia percellulata calida,33752,33777,15.97,3,NO_ANNOT,,,PartialExact,0,"Argia calida Hagen, 1861",Argia calida,GGMQ,1,Catalogue of Life,
159,Hetcerina tolteca,Hetcerina tolteca,33846,33863,3.18,2,NO_ANNOT,,,Fuzzy,1,"Hetaerina tolteca Calvert, 1901",Hetaerina tolteca,6M2WX,1,Catalogue of Life,
160,Argia herberti,Argia herberti,33868,33882,8.88,2,NO_ANNOT,,,Exact,0,"Argia herberti Calvert, 1901",Argia herberti,GGNY,1,Catalogue of Life,
161,Odonata,Odonata,34056,34063,2.71,1,NO_ANNOT,,,Exact,0,Odonata,Odonata,3P7,1,Catalogue of Life,
162,Odonata,Odonata,35852,35859,2.71,1,NO_ANNOT,,,Exact,0,Odonata,Odonata,3P7,1,Catalogue of Life,
163,Odonata,Odonata,36469,36476,2.71,1,NO_ANNOT,,,Exact,0,Odonata,Odonata,3P7,1,Catalogue of Life,
164,Odonata,Odonata,36741,36748,2.71,1,NO_ANNOT,,,Exact,0,Odonata,Odonata,3P7,1,Catalogue of Life,
165,Lucia,Lucia,37231,37236,4.86,1,NO_ANNOT,,,Exact,0,Lucia,Lucia,5H4W,1,Catalogue of Life,
166,Antonio,Antonio,37313,37320,3.44,1,NO_ANNOT,,,NoMatch,,,,,,,,
167,Odonata,Odonata,37982,37989,2.71,1,NO_ANNOT,,,Exact,0,Odonata,Odonata,3P7,1,Catalogue of Life,
168,Odonata,Odonata,38183,38190,2.71,1,NO_ANNOT,,,Exact,0,Odonata,Odonata,3P7,1,Catalogue of Life,
169,Diptera,Diptera,38195,38202,4.73,1,NO_ANNOT,,,Exact,0,Diptera Borkh.,Diptera,5T8Z6,1,Catalogue of Life,
170,Odonata,Odonata,38942,38949,2.71,1,NO_ANNOT,,,Exact,0,Odonata,Odonata,3P7,1,Catalogue of Life,
171,Argia tezpi,Argia tezpi,40546,40557,7.00,2,NO_ANNOT,,,Exact,0,"Argia tezpi Calvert, 1901",Argia tezpi,GGRD,1,Catalogue of Life,
172,A. pipila,A. pipila,40558,40567,5.39,2,NO_ANNOT,,,NoMatch,,,,,,,,
173,Pseudoleon superbus,Pseudoleon superbus,40568,40587,10.00,2,NO_ANNOT,,,Exact,0,"Pseudoleon superbus Hagen, 1861",Pseudoleon superbus,4NZ9Z,1,Catalogue of Life,
174,Neoneura amelia,Neoneura amelia,40608,40623,11.89,2,NO_ANNOT,,,Exact,0,"Neoneura amelia Calvert, 1903",Neoneura amelia,6S7QG,1,Catalogue of Life,
175,Protoneura remissa,Protoneura remissa,40624,40642,11.70,2,NO_ANNOT,,,Exact,0,Protoneura remissa Calvert 1903,Protoneura remissa,98011539,169,uBio NameBank,
176,Orthemis,Orthemis,40643,40651,5.27,1,NO_ANNOT,,,Exact,0,Orthemis,Orthemis,63GTC,1,Catalogue of Life,
177,Hetcerina miniata,Hetcerina miniata,40688,40705,5.37,2,NO_ANNOT,,,Fuzzy,1,"Hetaerina miniata Selys, 1879",Hetaerina miniata,3L6JJ,1,Catalogue of Life,
178,Argia gaumeri,Argia gaumeri,40706,40719,10.45,2,NO_ANNOT,,,Exact,0,"Argia gaumeri Calvert, 1907",Argia gaumeri,GGNT,1,Catalogue of Life,
179,Neoneura paya,Neoneura paya,40720,40733,8.22,2,NO_ANNOT,,,Exact,0,"Neoneura paya Calvert, 1907",Neoneura paya,6S7QC,1,Catalogue of Life,
180,Protoneura amatoria,Protoneura amatoria,40734,40753,11.69,2,NO_ANNOT,,,Exact,0,"Protoneura amatoria Calvert, 1907",Protoneura amatoria,4N6FT,1,Catalogue of Life,
181,Argia frequentula,Argia frequentula,41155,41172,10.87,2,NO_ANNOT,,,Exact,0,"Argia frequentula Calvert, 1907",Argia frequentula,GGNL,1,Catalogue of Life,
182,Telebasis,Telebasis,41173,41182,4.94,1,NO_ANNOT,,,Exact,0,Telebasis,Telebasis,63VB9,1,Catalogue of Life,
183,Telebasis salva,Telebasis salva,41240,41255,9.49,2,NO_ANNOT,,,Exact,0,"Telebasis salva Hagen, 1861",Telebasis salva,555L6,1,Catalogue of Life,
184,Argia indicatrix,Argia indicatrix,41279,41295,9.58,2,NO_ANNOT,,,Exact,0,"Argia indicatrix Calvert, 1901",Argia indicatrix,GGP9,1,Catalogue of Life,
185,Hetcerina vulnerata,Hetcerina vulnerata,41807,41826,5.73,2,NO_ANNOT,,,Fuzzy,1,"Hetaerina vulnerata Hagen in Selys, 1853",Hetaerina vulnerata,3L6KC,1,Catalogue of Life,
186,Hyponeura funcki,Hyponeura funcki,41849,41865,10.65,2,NO_ANNOT,,,Exact,0,"Hyponeura funcki Selys-Longchamps, 1854",Hyponeura funcki,9830248,11,GBIF Backbone Taxonomy,
187,Argia agrioides nahuana,Argia agrioides nahuana,41871,41894,15.04,3,NO_ANNOT,,,PartialExact,0,"Argia nahuana Calvert, 1901",Argia nahuana,GGQ9,1,Catalogue of Life,
188,Enallagma civile,Enallagma civile,41900,41916,10.07,2,NO_ANNOT,,,Exact,0,"Enallagma civile Hagen, 1861",Enallagma civile,39M54,1,Catalogue of Life,
189,Ischnura ramburi,Ischnura ramburi,41939,41955,10.67,2,NO_ANNOT,,,Exact,0,"Ischnura ramburi (Selys, 1850)",Ischnura ramburi,94284243,169,uBio NameBank,
190,I. denticollis,I. denticollis,41983,41997,7.39,2,NO_ANNOT,,,NoMatch,,,,,,,,
191,Erpetogomphus crotalinus,Erpetogomphus crotalinus,42018,42042,12.80,2,NO_ANNOT,,,Exact,0,"Erpetogomphus crotalinus Hagen in Selys, 1854",Erpetogomphus crotalinus,3B9F4,1,Catalogue of Life,
192,Cordulegaster diadema,Cordulegaster diadema,42048,42069,9.50,2,NO_ANNOT,,,Exact,0,"Cordulegaster diadema Selys, 1868",Cordulegaster diadema,YC62,1,Catalogue of Life,
193,Anax,Anax,42075,42079,3.38,1,NO_ANNOT,,,Exact,0,Anax,Anax,VDK,1,Catalogue of Life,
194,Libelhda nodisticta,Libelhda nodisticta,42113,42132,4.05,2,NO_ANNOT,,,NoMatch,,,,,,,,
195,Orthemis ferruginea,Orthemis ferruginea,42138,42157,11.95,2,NO_ANNOT,,,Exact,0,"Orthemis ferruginea Fabricius, 1775",Orthemis ferruginea,759KQ,1,Catalogue of Life,
196,Tramea,Tramea,42163,42169,4.05,1,NO_ANNOT,,,Exact,0,Tramea,Tramea,7YJ8,1,Catalogue of Life,
197,Sympetrum illotum virgulum,Sympetrum illotum virgulum,42184,42210,17.21,3,NO_ANNOT,,,Exact,0,"Sympetrum illotum virgulum Selys, 1884",Sympetrum illotum virgulum,5F6JJ,1,Catalogue of Life,
198,S. corruptum,S. corruptum,42216,42228,7.06,2,NO_ANNOT,,,NoMatch,,,,,,,,
199,Erythemis,Erythemis,42234,42243,5.44,1,NO_ANNOT,,,Exact,0,Erythemis,Erythemis,62S3V,1,Catalogue of Life,
200,Pachydiplax longipennis.,Pachydiplax longipennis,42273,42297,12.07,2,NO_ANNOT,,,Exact,0,"Pachydiplax longipennis Burmeister, 1839",Pachydiplax longipennis,4BRMX,1,Catalogue of Life,
201,Hetcerina vulnerata,Hetcerina vulnerata,42619,42638,5.73,2,NO_ANNOT,,,Fuzzy,1,"Hetaerina vulnerata Hagen in Selys, 1853",Hetaerina vulnerata,3L6KC,1,Catalogue of Life,
202,Archilestes grandis,Archilestes grandis,42659,42678,10.04,2,NO_ANNOT,,,Exact,0,"Archilestes grandis Rambur, 1842",Archilestes grandis,G94Y,1,Catalogue of Life,
203,Paraphlebia hyalina,Paraphlebia hyalina,42701,42720,10.95,2,NO_ANNOT,,,Exact,0,"Paraphlebia hyalina Brauer, 1871",Paraphlebia hyalina,4D86M,1,Catalogue of Life,
204,Hyponeura lugens,Hyponeura lugens,42725,42741,11.27,2,NO_ANNOT,,,Exact,0,"Hyponeura lugens (Hagen, 1861)",Hyponeura lugens,181189,3,ITIS,
205,H. funcki,H. funcki,42746,42755,4.83,2,NO_ANNOT,,,NoMatch,,,,,,,,
206,Argia oenea,Argia oenea,42760,42771,8.85,2,NO_ANNOT,,,Exact,0,"Argia oenea Hagen in Selys, 1865",Argia oenea,GGQD,1,Catalogue of Life,
207,A. lacrymans,A. lacrymans,42776,42788,5.21,2,NO_ANNOT,,,NoMatch,,,,,,,,
208,A. tarascana,A. tarascana,42820,42832,6.76,2,NO_ANNOT,,,NoMatch,,,,,,,,
209,A. vivida,A. vivida,42854,42863,6.04,2,NO_ANNOT,,,NoMatch,,,,,,,,
210,A. vivida plana,A. vivida plana,42868,42883,7.47,3,NO_ANNOT,,,NoMatch,,,,,,,,
211,Hesperagrion heterodoxum,Hesperagrion heterodoxum,42889,42913,9.47,2,NO_ANNOT,,,Exact,0,"Hesperagrion heterodoxum Selys, 1868",Hesperagrion heterodoxum,3L42C,1,Catalogue of Life,
212,Anisagrion lais,Anisagrion lais,42919,42934,6.01,2,NO_ANNOT,,,Exact,0,Anisagrion lais Brauer,Anisagrion lais,10639879,11,GBIF Backbone Taxonomy,
213,Telebasis salva,Telebasis salva,42940,42955,9.49,2,NO_ANNOT,,,Exact,0,"Telebasis salva Hagen, 1861",Telebasis salva,555L6,1,Catalogue of Life,
214,Ischnura denticollis,Ischnura denticollis,42961,42981,13.03,2,NO_ANNOT,,,Exact,0,"Ischnura denticollis Burmeister, 1839",Ischnura denticollis,6N9HH,1,Catalogue of Life,
215,Anomcdagrion hastatum,Anomcdagrion hastatum,42987,43008,4.39,2,NO_ANNOT,,,NoMatch,,,,,,,,
216,Erpetogomphus elaps,Erpetogomphus elaps,43014,43033,9.08,2,NO_ANNOT,,,Exact,0,"Erpetogomphus elaps Selys, 1858",Erpetogomphus elaps,3B9F8,1,Catalogue of Life,
217,E. cophias,E. cophias,43039,43049,5.02,2,NO_ANNOT,,,NoMatch,,,,,,,,
218,E. crotalinus,E. crotalinus,43055,43068,7.03,2,NO_ANNOT,,,NoMatch,,,,,,,,
219,E. sipedon,E. sipedon,43074,43084,5.02,2,NO_ANNOT,,,NoMatch,,,,,,,,
220,Cordulegaster diadema,Cordulegaster diadema,43090,43111,9.50,2,NO_ANNOT,,,Exact,0,"Cordulegaster diadema Selys, 1868",Cordulegaster diadema,YC62,1,Catalogue of Life,
221,Eshna cornigera,Eshna cornigera,43117,43132,4.23,2,NO_ANNOT,,,NoMatch,,,,,,,,
222,E.␤williamsoniana,E. williamsoniana,43157,43174,7.17,2,NO_ANNOT,,,NoMatch,,,,,,,,
223,M. luteipennis,M. luteipennis,43180,43194,7.27,2,NO_ANNOT,,,NoMatch,,,,,,,,
224,Oplonaeschna armata,Oplonaeschna armata,43200,43219,12.25,2,NO_ANNOT,,,Exact,0,"Oplonaeschna armata Hagen, 1861",Oplonaeschna armata,74S3L,1,Catalogue of Life,
225,Pseudoleon superbus,Pseudoleon superbus,43274,43293,10.00,2,NO_ANNOT,,,Exact,0,"Pseudoleon superbus Hagen, 1861",Pseudoleon superbus,4NZ9Z,1,Catalogue of Life,
226,Orthemis ferruginea,Orthemis ferruginea,43299,43318,11.95,2,NO_ANNOT,,,Exact,0,"Orthemis ferruginea Fabricius, 1775",Orthemis ferruginea,759KQ,1,Catalogue of Life,
227,Erythrodiplax connata,Erythrodiplax connata,43324,43345,12.34,2,NO_ANNOT,,,Exact,0,"Erythrodiplax connata Burmeister, 1839",Erythrodiplax connata,3BDQN,1,Catalogue of Life,
228,Breichmorhoga tepeaca,Breichmorhoga tepeaca,43377,43398,3.82,2,NO_ANNOT,,,Fuzzy,1,"Brechmorhoga tepeaca Calvert, 1908",Brechmorhoga tepeaca,N8PX,1,Catalogue of Life,
229,B. pertinax,B. pertinax,43404,43415,5.09,2,NO_ANNOT,,,NoMatch,,,,,,,,
230,Paltothemis lineatipes,Paltothemis lineatipes,43421,43443,12.14,2,NO_ANNOT,,,Exact,0,"Paltothemis lineatipes Karsch, 1890",Paltothemis lineatipes,4C7HH,1,Catalogue of Life,
231,Tramea onusta,Tramea onusta,43449,43462,9.99,2,NO_ANNOT,,,Exact,0,"Tramea onusta Hagen, 1861",Tramea onusta,57WWL,1,Catalogue of Life,
232,Perithemis domitia intensa,Perithemis domitia intensa,43468,43494,15.00,3,NO_ANNOT,,,PartialExact,0,"Perithemis intensa Kirby, 1889",Perithemis intensa,6V5KF,1,Catalogue of Life,
233,Sympetrum illotum virgulum,Sympetrum illotum virgulum,43500,43526,17.21,3,NO_ANNOT,,,Exact,0,"Sympetrum illotum virgulum Selys, 1884",Sympetrum illotum virgulum,5F6JJ,1,Catalogue of Life,
234,S. corruptum.,S. corruptum,43532,43545,7.06,2,NO_ANNOT,,,NoMatch,,,,,,,,
235,Rica.,Rica,43910,43915,1.99,1,NO_ANNOT,,,NoMatch,,,,,,,,
236,Hetcerina cruentata,Hetcerina cruentata,43923,43942,5.73,2,NO_ANNOT,,,Fuzzy,1,"Hetaerina cruentata Rambur, 1842",Hetaerina cruentata,3L6HR,1,Catalogue of Life,
237,Archilestes grandis,Archilestes grandis,43947,43966,10.04,2,NO_ANNOT,,,Exact,0,"Archilestes grandis Rambur, 1842",Archilestes grandis,G94Y,1,Catalogue of Life,
238,Argia oculata,Argia oculata,43971,43984,11.00,2,NO_ANNOT,,,Exact,0,"Argia oculata Hagen in Selys, 1865",Argia oculata,GGQC,1,Catalogue of Life,
239,A. fissa,A. fissa,43989,43997,4.92,2,NO_ANNOT,,,NoMatch,,,,,,,,
240,A. extranea,A. extranea,44002,44013,6.06,2,NO_ANNOT,,,NoMatch,,,,,,,,
241,Anisagrion allopterum,Anisagrion allopterum,44019,44040,10.44,2,NO_ANNOT,,,Exact,0,"Anisagrion allopterum Selys, 1876",Anisagrion allopterum,66PYM,1,Catalogue of Life,
242,Acanthagrion gracile,Acanthagrion gracile,44071,44091,5.27,2,NO_ANNOT,,,Exact,0,"Acanthagrion gracile Rambur, 1842",Acanthagrion gracile,8T25,1,Catalogue of Life,
243,Erpetogomphus elaps,Erpetogomphus elaps,44097,44116,9.08,2,NO_ANNOT,,,Exact,0,"Erpetogomphus elaps Selys, 1858",Erpetogomphus elaps,3B9F8,1,Catalogue of Life,
244,Lihellula saturata croceipennis,Lihellula saturata croceipennis,44146,44177,11.71,3,NO_ANNOT,,,PartialFuzzy,1,"Libellula croceipennis Selys, 1868",Libellula croceipennis,6Q92H,1,Catalogue of Life,
245,Orthemis ferruginea,Orthemis ferruginea,44183,44202,11.95,2,NO_ANNOT,,,Exact,0,"Orthemis ferruginea Fabricius, 1775",Orthemis ferruginea,759KQ,1,Catalogue of Life,
246,Erythrodiplax connata,Erythrodiplax connata,44208,44229,12.34,2,NO_ANNOT,,,Exact,0,"Erythrodiplax connata Burmeister, 1839",Erythrodiplax connata,3BDQN,1,Catalogue of Life,
247,Brechmorhoga vivax,Brechmorhoga vivax,44242,44260,8.28,2,NO_ANNOT,,,Exact,0,"Brechmorhoga vivax Calvert, 1906",Brechmorhoga vivax,N8Q2,1,Catalogue of Life,
248,B. rapax,B. rapax,44266,44274,3.61,2,NO_ANNOT,,,NoMatch,,,,,,,,
249,Paltothemis lineatipes,Paltothemis lineatipes,44280,44302,12.14,2,NO_ANNOT,,,Exact,0,"Paltothemis lineatipes Karsch, 1890",Paltothemis lineatipes,4C7HH,1,Catalogue of Life,
250,Pantala flavescens,Pantala flavescens,44308,44326,11.44,2,NO_ANNOT,,,Exact,0,"Pantala flavescens Fabricius, 1798",Pantala flavescens,4CGSL,1,Catalogue of Life,
251,Sympetrum illotum virgulum.,Sympetrum illotum virgulum,44332,44359,17.21,3,NO_ANNOT,,,Exact,0,"Sympetrum illotum virgulum Selys, 1884",Sympetrum illotum virgulum,5F6JJ,1,Catalogue of Life,
252,Odonata,Odonata,46691,46698,2.71,1,NO_ANNOT,,,Exact,0,Odonata,Odonata,3P7,1,Catalogue of Life,
253,Odonata,Odonata,47400,47407,2.71,1,NO_ANNOT,,,Exact,0,Odonata,Odonata,3P7,1,Catalogue of Life,
254,Rica,Rica,47692,47696,1.99,1,NO_ANNOT,,,NoMatch,,,,,,,,
255,Lepidoptera,Lepidoptera,48442,48453,3.82,1,NO_ANNOT,,,Exact,0,Lepidoptera,Lepidoptera,LP,1,Catalogue of Life,
256,Rhopalocera,Rhopalocera,48454,48465,5.44,1,NO_ANNOT,,,Exact,0,"Rhopalocera Agassiz, 1846",Rhopalocera,urn:lsid:irmng.org:taxname:1357527,181,IRMNG,
257,Rica.,Rica,48509,48514,1.99,1,NO_ANNOT,,,NoMatch,,,,,,,,
258,Odonata,Odonata,49205,49212,2.71,1,NO_ANNOT,,,Exact,0,Odonata,Odonata,3P7,1,Catalogue of Life,
259,Lucia,Lucia,49950,49955,4.86,1,NO_ANNOT,,,Exact,0,Lucia,Lucia,5H4W,1,Catalogue of Life,
260,Odonata,Odonata,50244,50251,2.71,1,NO_ANNOT,,,Exact,0,Odonata,Odonata,3P7,1,Catalogue of Life,
261,Argia,Argia,51071,51076,3.45,1,NO_ANNOT,,,Exact,0,Argia,Argia,32ML,1,Catalogue of Life,
262,Enallagma civile,Enallagma civile,51088,51104,10.07,2,NO_ANNOT,,,Exact,0,"Enallagma civile Hagen, 1861",Enallagma civile,39M54,1,Catalogue of Life,
263,Enallagma prccvarum,Enallagma prccvarum,51168,51187,7.25,2,NO_ANNOT,,,PartialExact,0,Enallagma (Miers) Baill.,Enallagma,7MYZD,1,Catalogue of Life,
264,E. civile.,E. civile,51235,51245,4.68,2,NO_ANNOT,,,NoMatch,,,,,,,,
265,Odonata,Odonata,52701,52708,2.71,1,NO_ANNOT,,,Exact,0,Odonata,Odonata,3P7,1,Catalogue of Life,
266,Hetcerina cruentata,Hetcerina cruentata,53547,53566,5.73,2,NO_ANNOT,,,Fuzzy,1,"Hetaerina cruentata Rambur, 1842",Hetaerina cruentata,3L6HR,1,Catalogue of Life,
267,Argia fissa,Argia fissa,53567,53578,8.70,2,NO_ANNOT,,,Exact,0,"Argia fissa Selys, 1865",Argia fissa,GGNF,1,Catalogue of Life,
268,A. extranea,A. extranea,53579,53590,6.06,2,NO_ANNOT,,,NoMatch,,,,,,,,
269,Acanthagrion gracile,Acanthagrion gracile,53591,53611,5.27,2,NO_ANNOT,,,Exact,0,"Acanthagrion gracile Rambur, 1842",Acanthagrion gracile,8T25,1,Catalogue of Life,
270,Ischnura ramhuri var.␤credula,Ischnura ramhuri var. credula,53612,53641,17.78,3,NO_ANNOT,,,Fuzzy,1,Ischnura ramburi credula,Ischnura ramburi credula,209103,168,ION,
271,Perithemis domitia iris,Perithemis domitia iris,53642,53665,11.35,3,NO_ANNOT,,,PartialExact,0,"Perithemis iris Hagen, 1861",Perithemis iris,76TKF,1,Catalogue of Life,
272,H. macropus,H. macropus,54035,54046,5.92,2,NO_ANNOT,,,NoMatch,,,,,,,,
273,Argia,Argia,54047,54052,3.45,1,NO_ANNOT,,,Exact,0,Argia,Argia,32ML,1,Catalogue of Life,
274,A. indicatrix,A. indicatrix,54059,54072,5.79,2,NO_ANNOT,,,NoMatch,,,,,,,,
275,A. oenea,A. oenea,54073,54081,5.06,2,NO_ANNOT,,,NoMatch,,,,,,,,
276,Enallagma caecum,Enallagma caecum,54082,54098,7.95,2,NO_ANNOT,,,PartialExact,0,Enallagma (Miers) Baill.,Enallagma,7MYZD,1,Catalogue of Life,
277,Telebasis salva,Telebasis salva,54114,54129,9.49,2,NO_ANNOT,,,Exact,0,"Telebasis salva Hagen, 1861",Telebasis salva,555L6,1,Catalogue of Life,
278,Uracis,Uracis,54150,54156,3.97,1,NO_ANNOT,,,Exact,0,Uracis,Uracis,852G,1,Catalogue of Life,
279,Orthemis ferruginea,Orthemis ferruginea,54164,54183,11.95,2,NO_ANNOT,,,Exact,0,"Orthemis ferruginea Fabricius, 1775",Orthemis ferruginea,759KQ,1,Catalogue of Life,
280,Erythrodiplax funerea,Erythrodiplax funerea,54193,54214,9.87,2,NO_ANNOT,,,Exact,0,"Erythrodiplax funerea Hagen, 1861",Erythrodiplax funerea,3BDR3,1,Catalogue of Life,
281,E. umbrata,E. umbrata,54215,54225,7.21,2,NO_ANNOT,,,NoMatch,,,,,,,,
282,E. ochracea,E. ochracea,54226,54237,6.18,2,NO_ANNOT,,,NoMatch,,,,,,,,
283,E. connata,E. connata,54238,54248,7.21,2,NO_ANNOT,,,NoMatch,,,,,,,,
284,Dythemis velox,Dythemis velox,54256,54270,9.22,2,NO_ANNOT,,,Exact,0,"Dythemis velox Hagen, 1861",Dythemis velox,38BCS,1,Catalogue of Life,
285,D. cannacrioides,D. cannacrioides,54271,54287,6.34,2,NO_ANNOT,,,NoMatch,,,,,,,,
286,Brechmorhoga,Brechmorhoga,54288,54300,4.33,1,NO_ANNOT,,,Exact,0,Brechmorhoga,Brechmorhoga,3CXZ,1,Catalogue of Life,
287,B. inequiunguis,B. inequiunguis,54309,54324,5.94,2,NO_ANNOT,,,NoMatch,,,,,,,,
288,Macrothemis pseudimitans,Macrothemis pseudimitans,54326,54350,11.60,2,NO_ANNOT,,,Exact,0,"Macrothemis pseudimitans Calvert, 1898",Macrothemis pseudimitans,3XBY6,1,Catalogue of Life,
289,Paltothemis lineatipes,Paltothemis lineatipes,54351,54373,12.14,2,NO_ANNOT,,,Exact,0,"Paltothemis lineatipes Karsch, 1890",Paltothemis lineatipes,4C7HH,1,Catalogue of Life,
290,Sympetrum illotum virgulum,Sympetrum illotum virgulum,54374,54400,17.21,3,NO_ANNOT,,,Exact,0,"Sympetrum illotum virgulum Selys, 1884",Sympetrum illotum virgulum,5F6JJ,1,Catalogue of Life,
291,Erythemis verhenata,Erythemis verhenata,54401,54420,8.32,2,NO_ANNOT,,,Fuzzy,1,"Erythemis verbenata Hagen, 1861",Erythemis verbenata,3BCH5,1,Catalogue of Life,
292,Lepthemis vesiculosa,Lepthemis vesiculosa,54421,54441,13.03,2,NO_ANNOT,,,Exact,0,"Lepthemis vesiculosa (Fabricius, 1775)",Lepthemis vesiculosa,193522,3,ITIS,
293,Cora marina,Cora marina,54523,54534,9.70,2,NO_ANNOT,,,Exact,0,"Cora marina Selys, 1868",Cora marina,Y98B,1,Catalogue of Life,
294,Heteragrion,Heteragrion,54535,54546,3.23,1,NO_ANNOT,,,Exact,0,Heteragrion,Heteragrion,4W75,1,Catalogue of Life,
295,Argia frequentula,Argia frequentula,54559,54576,10.87,2,NO_ANNOT,,,Exact,0,"Argia frequentula Calvert, 1907",Argia frequentula,GGNL,1,Catalogue of Life,
296,Telebasis digiticollis,Telebasis digiticollis,54577,54599,12.56,2,NO_ANNOT,,,Exact,0,"Telebasis digiticollis Calvert, 1902",Telebasis digiticollis,555K4,1,Catalogue of Life,
297,Neoneura amelia,Neoneura amelia,54600,54615,11.89,2,NO_ANNOT,,,Exact,0,"Neoneura amelia Calvert, 1903",Neoneura amelia,6S7QG,1,Catalogue of Life,
298,Erpetogomphus viperinus,Erpetogomphus viperinus,54616,54639,12.68,2,NO_ANNOT,,,Exact,0,"Erpetogomphus viperinus Selys, 1868",Erpetogomphus viperinus,3B9FM,1,Catalogue of Life,
299,Brechmorhoga pertinax,Brechmorhoga pertinax,54640,54661,9.76,2,NO_ANNOT,,,Exact,0,"Brechmorhoga pertinax Hagen, 1861",Brechmorhoga pertinax,N8PS,1,Catalogue of Life,
300,Odonata,Odonata,55118,55125,2.71,1,NO_ANNOT,,,Exact,0,Odonata,Odonata,3P7,1,Catalogue of Life,
301,Protoneura,Protoneura,55205,55215,5.65,1,NO_ANNOT,,,Exact,0,Protoneura,Protoneura,63PJX,1,Catalogue of Life,
302,Paraphlebia,Paraphlebia,55216,55227,4.16,1,NO_ANNOT,,,Exact,0,Paraphlebia,Paraphlebia,6G79,1,Catalogue of Life,
303,Argiallagma,Argiallagma,55228,55239,5.35,1,NO_ANNOT,,,Exact,0,"Argiallagma Selys, 1876",Argiallagma,urn:lsid:irmng.org:taxname:1002607,181,IRMNG,
304,Ephidatia,Ephidatia,55240,55249,5.29,1,NO_ANNOT,,,Exact,0,Ephidatia S.F. Gray,Ephidatia,urn:lsid:irmng.org:taxname:1468526,181,IRMNG,
305,Nephepeltia,Nephepeltia,55254,55265,5.58,1,NO_ANNOT,,,Exact,0,Nephepeltia,Nephepeltia,636R,1,Catalogue of Life,
306,Podagrion,Podagrion,55316,55325,2.94,1,NO_ANNOT,,,Exact,0,Podagrion,Podagrion,63NJH,1,Catalogue of Life,
307,Protoneura.,Protoneura,55330,55341,5.65,1,NO_ANNOT,,,Exact,0,Protoneura,Protoneura,63PJX,1,Catalogue of Life,
308,Pseudostigma,Pseudostigma,55472,55484,5.59,1,NO_ANNOT,,,Exact,0,Pseudostigma,Pseudostigma,73NV,1,Catalogue of Life,
309,Odonata.,Odonata,56194,56202,2.71,1,NO_ANNOT,,,Exact,0,Odonata,Odonata,3P7,1,Catalogue of Life,
310,Odonata,Odonata,56465,56472,2.71,1,NO_ANNOT,,,Exact,0,Odonata,Odonata,3P7,1,Catalogue of Life,
311,Erythrodiplax berenice,Erythrodiplax berenice,57732,57754,8.90,2,NO_ANNOT,,,Exact,0,"Erythrodiplax berenice Drury, 1773",Erythrodiplax berenice,3BDQC,1,Catalogue of Life,
312,Tramea longicauda,Tramea longicauda,57765,57782,10.12,2,NO_ANNOT,,,Exact,0,"Tramea longicauda Brauer, 1867",Tramea longicauda,57WWG,1,Catalogue of Life,
313,Libellula auripennis,Libellula auripennis,57788,57808,12.30,2,NO_ANNOT,,,Exact,0,"Libellula auripennis Burmeister, 1839",Libellula auripennis,7292M,1,Catalogue of Life,
314,Hetaerina tolteca,Hetaerina tolteca,58050,58067,9.49,2,NO_ANNOT,,,Exact,0,"Hetaerina tolteca Calvert, 1901",Hetaerina tolteca,6M2WX,1,Catalogue of Life,
315,Cora skinneri,Cora skinneri,58078,58091,10.38,2,NO_ANNOT,,,Exact,0,"Cora skinneri Calvert, 1907",Cora skinneri,Y99C,1,Catalogue of Life,
316,Lestes,Lestes,58092,58098,2.67,1,NO_ANNOT,,,Exact,0,Lestes,Lestes,62WZW,1,Catalogue of Life,
317,Argia terira herberti,Argia terira herberti,58109,58130,11.60,3,NO_ANNOT,,,PartialExact,0,"Argia herberti Calvert, 1901",Argia herberti,GGNY,1,Catalogue of Life,
318,Progomphus obscurus borealis,Progomphus obscurus borealis,58149,58177,17.12,3,NO_ANNOT,,,PartialExact,0,"Progomphus borealis McLachlan in Selys, 1873",Progomphus borealis,4MR3Z,1,Catalogue of Life,
319,Cordulegaster godmani,Cordulegaster godmani,58178,58199,10.20,2,NO_ANNOT,,,Exact,0,"Cordulegaster godmani McLachlan, 1878",Cordulegaster godmani,102034,3,ITIS,
320,Eshna dugesi,Eshna dugesi,58200,58212,2.88,2,NO_ANNOT,,,NoMatch,,,,,,,,
321,Plathemis subornata,Plathemis subornata,58213,58232,13.35,2,NO_ANNOT,,,Exact,0,"Plathemis subornata Hagen, 1861",Plathemis subornata,101810,3,ITIS,
322,Libellula comanche foliata,Libellula comanche foliata,58233,58259,11.69,3,NO_ANNOT,,,PartialExact,0,"Libellula foliata Kirby, 1889",Libellula foliata,7292F,1,Catalogue of Life,
323,Antonio,Antonio,58443,58450,3.44,1,NO_ANNOT,,,NoMatch,,,,,,,,
324,Klimatologie lite,Klimatologie lite,58494,58511,0.30,2,NO_ANNOT,,,NoMatch,,,,,,,,
325,Anax longipes,Anax longipes,58691,58704,9.51,2,NO_ANNOT,,,Exact,0,"Anax longipes Hagen, 1861",Anax longipes,DJXB,1,Catalogue of Life,
326,Erythrodiplax connata,Erythrodiplax connata,58709,58730,12.34,2,NO_ANNOT,,,Exact,0,"Erythrodiplax connata Burmeister, 1839",Erythrodiplax connata,3BDQN,1,Catalogue of Life,
327,Hetasrina rudis,Hetasrina rudis,58936,58951,3.40,2,NO_ANNOT,,,Fuzzy,1,"Hetaerina rudis Calvert, 1901",Hetaerina rudis,3L6JV,1,Catalogue of Life,
328,Anomalagrion hastatum,Anomalagrion hastatum,59039,59060,10.70,2,NO_ANNOT,,,Exact,0,"Anomalagrion hastatum (Say, 1839)",Anomalagrion hastatum,urn:lsid:marinespecies.org:taxname:1489376,9,WoRMS,
329,Ceratura capreola.,Ceratura capreola,59061,59079,12.17,2,NO_ANNOT,,,Exact,0,Ceratura capreola Hagen,Ceratura capreola,10288685,11,GBIF Backbone Taxonomy,
330,Ischnura,Ischnura,59106,59114,5.31,1,NO_ANNOT,,,Exact,0,Ischnura,Ischnura,638C6,1,Catalogue of Life,
331,Odonata,Odonata,59336,59343,2.71,1,NO_ANNOT,,,Exact,0,Odonata,Odonata,3P7,1,Catalogue of Life,
332,Argia moesta,Argia moesta,59779,59791,9.40,2,NO_ANNOT,,,Exact,0,"Argia moesta Hagen, 1861",Argia moesta,GGQ5,1,Catalogue of Life,
333,Enallagma civile,Enallagma civile,59792,59808,10.07,2,NO_ANNOT,,,Exact,0,"Enallagma civile Hagen, 1861",Enallagma civile,39M54,1,Catalogue of Life,
334,Ischnura ramhuri,Ischnura ramhuri,59809,59825,10.67,2,NO_ANNOT,,,Fuzzy,1,"Ischnura ramburi (Selys, 1850)",Ischnura ramburi,94284243,169,uBio NameBank,
335,Anax,Anax,59839,59843,3.38,1,NO_ANNOT,,,Exact,0,Anax,Anax,VDK,1,Catalogue of Life,
336,Plathemis subornata,Plathemis subornata,59852,59871,13.35,2,NO_ANNOT,,,Exact,0,"Plathemis subornata Hagen, 1861",Plathemis subornata,101810,3,ITIS,
337,Orthemis ferruginea,Orthemis ferruginea,59872,59891,11.95,2,NO_ANNOT,,,Exact,0,"Orthemis ferruginea Fabricius, 1775",Orthemis ferruginea,759KQ,1,Catalogue of Life,
338,Tramea,Tramea,59892,59898,4.05,1,NO_ANNOT,,,Exact,0,Tramea,Tramea,7YJ8,1,Catalogue of Life,
339,Pantala flarescens,Pantala flarescens,59903,59921,11.44,2,NO_ANNOT,,,Fuzzy,1,"Pantala flavescens Fabricius, 1798",Pantala flavescens,4CGSL,1,Catalogue of Life,
340,Sympetrum corruptum,Sympetrum corruptum,59922,59941,12.82,2,NO_ANNOT,,,Exact,0,"Sympetrum corruptum Hagen, 1861",Sympetrum corruptum,53P6L,1,Catalogue of Life,
341,Erythemis simplicicollis,Erythemis simplicicollis,59942,59966,13.16,2,NO_ANNOT,,,Exact,0,"Erythemis simplicicollis Say, 1839",Erythemis simplicicollis,3BCH4,1,Catalogue of Life,
342,Mecistogaster ornatus,Mecistogaster ornatus,60120,60141,11.51,2,NO_ANNOT,,,Exact,0,Mecistogaster ornatus,Mecistogaster ornatus,286612,183,Sherborn Index Animalium,
343,Argia pulla,Argia pulla,60142,60153,9.40,2,NO_ANNOT,,,Exact,0,"Argia pulla Hagen in Selys, 1865",Argia pulla,GGQN,1,Catalogue of Life,
344,Enallagma caecum,Enallagma caecum,60154,60170,7.95,2,NO_ANNOT,,,PartialExact,0,Enallagma (Miers) Baill.,Enallagma,7MYZD,1,Catalogue of Life,
345,Leptobasis vacillans,Leptobasis vacillans,60186,60206,10.65,2,NO_ANNOT,,,Exact,0,"Leptobasis vacillans Hagen in Selys, 1877",Leptobasis vacillans,3TJZT,1,Catalogue of Life,
346,Ischnura ramburi,Ischnura ramburi,60207,60223,10.67,2,NO_ANNOT,,,Exact,0,"Ischnura ramburi (Selys, 1850)",Ischnura ramburi,94284243,169,uBio NameBank,
347,Pseudoleon superbus,Pseudoleon superbus,60241,60260,10.00,2,NO_ANNOT,,,Exact,0,"Pseudoleon superbus Hagen, 1861",Pseudoleon superbus,4NZ9Z,1,Catalogue of Life,
348,Orthemis ferruginea,Orthemis ferruginea,60261,60280,11.95,2,NO_ANNOT,,,Exact,0,"Orthemis ferruginea Fabricius, 1775",Orthemis ferruginea,759KQ,1,Catalogue of Life,
349,Erythrodiplax funerea,Erythrodiplax funerea,60281,60302,9.87,2,NO_ANNOT,,,Exact,0,"Erythrodiplax funerea Hagen, 1861",Erythrodiplax funerea,3BDR3,1,Catalogue of Life,
350,Brechmorhoga postlobata,Brechmorhoga postlobata,60303,60326,12.35,2,NO_ANNOT,,,Exact,0,Brechmorhoga postlobata Calvert 1898,Brechmorhoga postlobata,gn_211807,186,MCZbase,
351,Macroiemis inacuta,Macroiemis inacuta,60327,60345,5.46,2,NO_ANNOT,,,NoMatch,,,,,,,,
352,Miathyria marcella,Miathyria marcella,60346,60364,11.80,2,NO_ANNOT,,,Exact,0,"Miathyria marcella Selys, 1857",Miathyria marcella,42LLZ,1,Catalogue of Life,
353,Tramea longicauda,Tramea longicauda,60365,60382,10.12,2,NO_ANNOT,,,Exact,0,"Tramea longicauda Brauer, 1867",Tramea longicauda,57WWG,1,Catalogue of Life,
354,T. onusta,T. onusta,60388,60397,5.61,2,NO_ANNOT,,,NoMatch,,,,,,,,
355,Pantala flavescens,Pantala flavescens,60398,60416,11.44,2,NO_ANNOT,,,Exact,0,"Pantala flavescens Fabricius, 1798",Pantala flavescens,4CGSL,1,Catalogue of Life,
356,Perithemis domitia intensa,Perithemis domitia intensa,60429,60455,15.00,3,NO_ANNOT,,,PartialExact,0,"Perithemis intensa Kirby, 1889",Perithemis intensa,6V5KF,1,Catalogue of Life,
357,Cannacria batesii,Cannacria batesii,60456,60473,11.40,2,NO_ANNOT,,,Exact,0,"Cannacria batesii Kirby, 1889",Cannacria batesii,null,163,IUCN Red List of Threatened Species,
358,Erythemis verbenata,Erythemis verbenata,60474,60493,13.35,2,NO_ANNOT,,,Exact,0,"Erythemis verbenata Hagen, 1861",Erythemis verbenata,3BCH5,1,Catalogue of Life,
359,Lepthemis vesiculosa.,Lepthemis vesiculosa,60494,60515,13.03,2,NO_ANNOT,,,Exact,0,"Lepthemis vesiculosa (Fabricius, 1775)",Lepthemis vesiculosa,193522,3,ITIS,
360,Hetwrina cruentata,Hetwrina cruentata,60658,60676,5.56,2,NO_ANNOT,,,NoMatch,,,,,,,,
361,H. macropus,H. macropus,60687,60698,5.92,2,NO_ANNOT,,,NoMatch,,,,,,,,
362,W. infecta,W. infecta,60699,60709,6.14,2,NO_ANNOT,,,NoMatch,,,,,,,,
363,Cora marina,Cora marina,60710,60721,9.70,2,NO_ANNOT,,,Exact,0,"Cora marina Selys, 1868",Cora marina,Y98B,1,Catalogue of Life,
364,Archilestes grandis,Archilestes grandis,60722,60741,10.04,2,NO_ANNOT,,,Exact,0,"Archilestes grandis Rambur, 1842",Archilestes grandis,G94Y,1,Catalogue of Life,
365,Lestes tenuatus,Lestes tenuatus,60742,60757,10.23,2,NO_ANNOT,,,Exact,0,"Lestes tenuatus Rambur, 1842",Lestes tenuatus,6PQRM,1,Catalogue of Life,
366,Meguloprepus coerulatus,Meguloprepus coerulatus,60758,60781,7.95,2,NO_ANNOT,,,Fuzzy,1,Megaloprepus coerulatus,Megaloprepus coerulatus,98584659,169,uBio NameBank,
367,Pseudostigma aberrans,Pseudostigma aberrans,60782,60803,10.97,2,NO_ANNOT,,,Exact,0,"Pseudostigma aberrans Selys, 1860",Pseudostigma aberrans,6WHV5,1,Catalogue of Life,
368,Mecistogaster ornatus,Mecistogaster ornatus,60804,60825,11.51,2,NO_ANNOT,,,Exact,0,Mecistogaster ornatus,Mecistogaster ornatus,286612,183,Sherborn Index Animalium,
369,Hcteragrion chrysops,Hcteragrion chrysops,60839,60859,1.87,2,NO_ANNOT,,,Fuzzy,1,"Heteragrion chrysops Hagen in Selys, 1862",Heteragrion chrysops,3L73Z,1,Catalogue of Life,
370,Hyponeura funcki,Hyponeura funcki,60860,60876,10.65,2,NO_ANNOT,,,Exact,0,"Hyponeura funcki Selys-Longchamps, 1854",Hyponeura funcki,9830248,11,GBIF Backbone Taxonomy,
371,Argia perceliulata translata,Argia perceliulata translata,60877,60905,12.67,3,NO_ANNOT,,,PartialExact,0,"Argia translata Hagen in Selys, 1865",Argia translata,GGRK,1,Catalogue of Life,
372,Anisagrion lais,Anisagrion lais,60966,60981,6.01,2,NO_ANNOT,,,Exact,0,Anisagrion lais Brauer,Anisagrion lais,10639879,11,GBIF Backbone Taxonomy,
373,Enallagma cop.cum,Enallagma cop�cum,60982,60999,7.06,2,NO_ANNOT,,,PartialExact,0,Enallagma (Miers) Baill.,Enallagma,7MYZD,1,Catalogue of Life,
374,Acanthagrion gracile,Acanthagrion gracile,61015,61035,5.27,2,NO_ANNOT,,,Exact,0,"Acanthagrion gracile Rambur, 1842",Acanthagrion gracile,8T25,1,Catalogue of Life,
375,Leptobasis vacillans,Leptobasis vacillans,61036,61056,10.65,2,NO_ANNOT,,,Exact,0,"Leptobasis vacillans Hagen in Selys, 1877",Leptobasis vacillans,3TJZT,1,Catalogue of Life,
376,Palsmnema paulina,Palsmnema paulina,61057,61074,6.24,2,NO_ANNOT,,,NoMatch,,,,,,,,
377,Protoneura aurantiaca,Protoneura aurantiaca,61088,61109,11.83,2,NO_ANNOT,,,Exact,0,"Protoneura aurantiaca Selys, 1886",Protoneura aurantiaca,77YFS,1,Catalogue of Life,
378,Qomphoides suasa,Qomphoides suasa,61110,61126,2.73,2,NO_ANNOT,,,Fuzzy,1,"Gomphoides suasa Selys-Longchamps, 1859",Gomphoides suasa,9885079,11,GBIF Backbone Taxonomy,
379,Erpetogomphus viperinus,Erpetogomphus viperinus,61127,61150,12.68,2,NO_ANNOT,,,Exact,0,"Erpetogomphus viperinus Selys, 1868",Erpetogomphus viperinus,3B9FM,1,Catalogue of Life,
380,Cyanogomphus ␤tumens,Cyanogomphus tumens,61165,61185,11.14,2,NO_ANNOT,,,Exact,0,Cyanogomphus tumens Calvert 1905,Cyanogomphus tumens,98013902,169,uBio NameBank,
381,Gynacantha trifida,Gynacantha trifida,61223,61241,11.87,2,NO_ANNOT,,,Exact,0,Gynacantha trifida,Gynacantha trifida,387850,183,Sherborn Index Animalium,
382,Libellula herculea,Libellula herculea,61254,61272,10.65,2,NO_ANNOT,,,Exact,0,"Libellula herculea Karsch, 1889",Libellula herculea,6PWQD,1,Catalogue of Life,
383,Pseudoleon superbus,Pseudoleon superbus,61273,61292,10.00,2,NO_ANNOT,,,Exact,0,"Pseudoleon superbus Hagen, 1861",Pseudoleon superbus,4NZ9Z,1,Catalogue of Life,
384,Tholymis citrina,Tholymis citrina,61293,61309,12.07,2,NO_ANNOT,,,Exact,0,"Tholymis citrina Hagen, 1867",Tholymis citrina,56JGB,1,Catalogue of Life,
385,Micrathyria didyma dissocians,Micrathyria didyma dissocians,61310,61339,15.59,3,NO_ANNOT,,,PartialExact,0,"Micrathyria dissocians Calvert, 1906",Micrathyria dissocians,6RG95,1,Catalogue of Life,
386,Orthemis ferruginea,Orthemis ferruginea,61353,61372,11.95,2,NO_ANNOT,,,Exact,0,"Orthemis ferruginea Fabricius, 1775",Orthemis ferruginea,759KQ,1,Catalogue of Life,
387,Cannaphila vibex,Cannaphila vibex,61383,61399,7.88,2,NO_ANNOT,,,Exact,0,"Cannaphila vibex Hagen, 1861",Cannaphila vibex,QM8J,1,Catalogue of Life,
388,Anafya guttata,Anafya guttata,61400,61414,4.11,2,NO_ANNOT,,,Fuzzy,1,"Anatya guttata Erichson, 1848",Anatya guttata,DJGY,1,Catalogue of Life,
389,Erythrodiplax funerea umbrata,Erythrodiplax funerea umbrata,61415,61444,15.50,3,NO_ANNOT,,,PartialExact,0,"Erythrodiplax umbrata Linnaeus, 1758",Erythrodiplax umbrata,3BDSJ,1,Catalogue of Life,
390,Dythemis velox,Dythemis velox,61476,61490,9.22,2,NO_ANNOT,,,Exact,0,"Dythemis velox Hagen, 1861",Dythemis velox,38BCS,1,Catalogue of Life,
391,Brechmorhoga vivax,Brechmorhoga vivax,61491,61509,8.28,2,NO_ANNOT,,,Exact,0,"Brechmorhoga vivax Calvert, 1906",Brechmorhoga vivax,N8Q2,1,Catalogue of Life,
392,Macrothemis pseudimitans,Macrothemis pseudimitans,61544,61568,11.60,2,NO_ANNOT,,,Exact,0,"Macrothemis pseudimitans Calvert, 1898",Macrothemis pseudimitans,3XBY6,1,Catalogue of Life,
393,Miathyria simplex,Miathyria simplex,61584,61601,7.31,2,NO_ANNOT,,,Exact,0,"Miathyria simplex Rambur, 1842",Miathyria simplex,42LM3,1,Catalogue of Life,
394,Tauriphila azteca,Tauriphila azteca,61602,61619,5.90,2,NO_ANNOT,,,Exact,0,"Tauriphila azteca Calvert, 1906",Tauriphila azteca,54Z9G,1,Catalogue of Life,
395,Perithemis domitia iris,Perithemis domitia iris,61620,61643,11.35,3,NO_ANNOT,,,PartialExact,0,"Perithemis iris Hagen, 1861",Perithemis iris,76TKF,1,Catalogue of Life,
396,Erythemis peruviana attala,Erythemis peruviana attala,61657,61683,16.63,3,NO_ANNOT,,,PartialExact,0,"Erythemis attala Selys, 1857",Erythemis attala,3BCGM,1,Catalogue of Life,
397,Lepthemis vesiculosa.,Lepthemis vesiculosa,61698,61719,13.03,2,NO_ANNOT,,,Exact,0,"Lepthemis vesiculosa (Fabricius, 1775)",Lepthemis vesiculosa,193522,3,ITIS,
398,Hetxvrina tricolor titia,Hetxvrina tricolor titia,61819,61843,4.37,3,NO_ANNOT,,,NoMatch,,,,,,,,
399,Hcteragrion chrysops,Hcteragrion chrysops,61856,61876,1.87,2,NO_ANNOT,,,Fuzzy,1,"Heteragrion chrysops Hagen in Selys, 1862",Heteragrion chrysops,3L73Z,1,Catalogue of Life,
400,Argia translata gaumeri,Argia translata gaumeri,61877,61900,16.28,3,NO_ANNOT,,,PartialExact,0,"Argia gaumeri Calvert, 1907",Argia gaumeri,GGNT,1,Catalogue of Life,
401,Acanthagrion aci7eTelebasis digiticollis,Acanthagrion aci�etelebasis digiticollis,61928,61968,12.53,3,NO_ANNOT,,,PartialExact,0,Acanthagrion,Acanthagrion,LYD,1,Catalogue of Life,
402,Anomalagrion hastatum,Anomalagrion hastatum,61969,61990,10.70,2,NO_ANNOT,,,Exact,0,"Anomalagrion hastatum (Say, 1839)",Anomalagrion hastatum,urn:lsid:marinespecies.org:taxname:1489376,9,WoRMS,
403,Ceratura capreola,Ceratura capreola,61991,62008,12.17,2,NO_ANNOT,,,Exact,0,Ceratura capreola Hagen,Ceratura capreola,10288685,11,GBIF Backbone Taxonomy,
404,Neoneura paya,Neoneura paya,62009,62022,8.22,2,NO_ANNOT,,,Exact,0,"Neoneura paya Calvert, 1907",Neoneura paya,6S7QC,1,Catalogue of Life,
405,Protoneura,Protoneura,62023,62033,5.65,1,NO_ANNOT,,,Exact,0,Protoneura,Protoneura,63PJX,1,Catalogue of Life,
406,Ephidatia longipes cubensis,Ephidatia longipes cubensis,62043,62070,17.08,3,NO_ANNOT,,,PartialExact,0,Ephidatia longipes Hagen,Ephidatia longipes,gn_194909,186,MCZbase,
407,Uracis imbuta,Uracis imbuta,62071,62084,9.84,2,NO_ANNOT,,,Exact,0,"Uracis imbuta Burmeister, 1839",Uracis imbuta,7DLND,1,Catalogue of Life,
408,Micrathyria debilis,Micrathyria debilis,62085,62104,12.08,2,NO_ANNOT,,,Exact,0,"Micrathyria debilis Hagen, 1861",Micrathyria debilis,42R4P,1,Catalogue of Life,
409,Nephepeltia phryne,Nephepeltia phryne,62116,62134,9.65,2,NO_ANNOT,,,Exact,0,"Nephepeltia phryne Perty, 1834",Nephepeltia phryne,46YFM,1,Catalogue of Life,
410,Anatya normalis,Anatya normalis,62135,62150,10.71,2,NO_ANNOT,,,Exact,0,"Anatya normalis Calvert, 1899",Anatya normalis,DJH2,1,Catalogue of Life,
411,Erythrodiplax umbrata ochracea,Erythrodiplax umbrata ochracea,62151,62181,16.95,3,NO_ANNOT,,,PartialExact,0,"Erythrodiplax ochracea Burmeister, 1839",Erythrodiplax ochracea,3BDS3,1,Catalogue of Life,
412,Dythemis velox,Dythemis velox,62202,62216,9.22,2,NO_ANNOT,,,Exact,0,"Dythemis velox Hagen, 1861",Dythemis velox,38BCS,1,Catalogue of Life,
413,Macrothemis hemichlora,Macrothemis hemichlora,62217,62239,12.77,2,NO_ANNOT,,,Exact,0,"Macrothemis hemichlora Burmeister, 1839",Macrothemis hemichlora,3XBXK,1,Catalogue of Life,
414,Tauriphila argo,Tauriphila argo,62240,62255,4.14,2,NO_ANNOT,,,Exact,0,"Tauriphila argo Hagen, 1869",Tauriphila argo,7BNLQ,1,Catalogue of Life,
415,Tramea insularis,Tramea insularis,62256,62272,11.29,2,NO_ANNOT,,,Exact,0,"Tramea insularis Hagen, 1861",Tramea insularis,57WWB,1,Catalogue of Life,
416,Pantala flavescens,Pantala flavescens,62273,62291,11.44,2,NO_ANNOT,,,Exact,0,"Pantala flavescens Fabricius, 1798",Pantala flavescens,4CGSL,1,Catalogue of Life,
417,Perithemis domitia iris,Perithemis domitia iris,62292,62315,11.35,3,NO_ANNOT,,,PartialExact,0,"Perithemis iris Hagen, 1861",Perithemis iris,76TKF,1,Catalogue of Life,
418,Erythemis verbenata,Erythemis verbenata,62316,62335,13.35,2,NO_ANNOT,,,Exact,0,"Erythemis verbenata Hagen, 1861",Erythemis verbenata,3BCH5,1,Catalogue of Life,
419,Lepthemis vesiculosa.,Lepthemis vesiculosa,62336,62357,13.03,2,NO_ANNOT,,,Exact,0,"Lepthemis vesiculosa (Fabricius, 1775)",Lepthemis vesiculosa,193522,3,ITIS,
420,Hetwrina cruentata capitalis,Hetwrina cruentata capitalis,62522,62550,11.14,3,NO_ANNOT,,,NoMatch,,,,,,,,
421,Amphipteryx,Amphipteryx,62561,62572,5.39,1,NO_ANNOT,,,Exact,0,Amphipteryx,Amphipteryx,62B7B,1,Catalogue of Life,
422,Cora marina,Cora marina,62622,62633,9.70,2,NO_ANNOT,,,Exact,0,"Cora marina Selys, 1868",Cora marina,Y98B,1,Catalogue of Life,
423,Archilestes grandis,Archilestes grandis,62634,62653,10.04,2,NO_ANNOT,,,Exact,0,"Archilestes grandis Rambur, 1842",Archilestes grandis,G94Y,1,Catalogue of Life,
424,Heteragrion tricellulare,Heteragrion tricellulare,62654,62678,9.02,2,NO_ANNOT,,,Exact,0,"Heteragrion tricellulare Calvert, 1901",Heteragrion tricellulare,3L754,1,Catalogue of Life,
425,Hyponeura funcki,Hyponeura funcki,62679,62695,10.65,2,NO_ANNOT,,,Exact,0,"Hyponeura funcki Selys-Longchamps, 1854",Hyponeura funcki,9830248,11,GBIF Backbone Taxonomy,
426,Acanthagrion gracile,Acanthagrion gracile,62707,62727,5.27,2,NO_ANNOT,,,Exact,0,"Acanthagrion gracile Rambur, 1842",Acanthagrion gracile,8T25,1,Catalogue of Life,
427,Telebasis salva,Telebasis salva,62728,62743,9.49,2,NO_ANNOT,,,Exact,0,"Telebasis salva Hagen, 1861",Telebasis salva,555L6,1,Catalogue of Life,
428,Anomalagrion hastatum,Anomalagrion hastatum,62744,62765,10.70,2,NO_ANNOT,,,Exact,0,"Anomalagrion hastatum (Say, 1839)",Anomalagrion hastatum,urn:lsid:marinespecies.org:taxname:1489376,9,WoRMS,
429,Progomphus pygmceus,Progomphus pygmceus,62766,62785,11.75,2,NO_ANNOT,,,Fuzzy,1,"Progomphus pygmaeus Selys, 1873",Progomphus pygmaeus,4MR58,1,Catalogue of Life,
430,Erpetogomphus viperinus,Erpetogomphus viperinus,62786,62809,12.68,2,NO_ANNOT,,,Exact,0,"Erpetogomphus viperinus Selys, 1868",Erpetogomphus viperinus,3B9FM,1,Catalogue of Life,
431,Anax amazili,Anax amazili,62820,62832,8.14,2,NO_ANNOT,,,Exact,0,"Anax amazili Burmeister, 1839",Anax amazili,DJWP,1,Catalogue of Life,
432,Gynacantha septima,Gynacantha septima,62866,62884,11.57,2,NO_ANNOT,,,Exact,0,"Gynacantha septima Selys, 1857",Gynacantha septima,10221829,11,GBIF Backbone Taxonomy,
433,Orthemis ferruginea,Orthemis ferruginea,62885,62904,11.95,2,NO_ANNOT,,,Exact,0,"Orthemis ferruginea Fabricius, 1775",Orthemis ferruginea,759KQ,1,Catalogue of Life,
434,Cannaphila vibex,Cannaphila vibex,62905,62921,7.88,2,NO_ANNOT,,,Exact,0,"Cannaphila vibex Hagen, 1861",Cannaphila vibex,QM8J,1,Catalogue of Life,
435,Erythrodiplax funerea imbrata,Erythrodiplax funerea imbrata,62922,62951,15.50,3,NO_ANNOT,,,PartialExact,0,"Erythrodiplax funerea Hagen, 1861",Erythrodiplax funerea,3BDR3,1,Catalogue of Life,
436,Dythemis velox,Dythemis velox,62971,62985,9.22,2,NO_ANNOT,,,Exact,0,"Dythemis velox Hagen, 1861",Dythemis velox,38BCS,1,Catalogue of Life,
437,Brechmorhoga pertinax rapax,Brechmorhoga pertinax rapax,62995,63022,12.18,3,NO_ANNOT,,,PartialExact,0,"Brechmorhoga rapax Calvert, 1898",Brechmorhoga rapax,N8PV,1,Catalogue of Life,
438,Macrothemis pseudimitans,Macrothemis pseudimitans,63040,63064,11.60,2,NO_ANNOT,,,Exact,0,"Macrothemis pseudimitans Calvert, 1898",Macrothemis pseudimitans,3XBY6,1,Catalogue of Life,
439,Paltothemis lineatipes,Paltothemis lineatipes,63065,63087,12.14,2,NO_ANNOT,,,Exact,0,"Paltothemis lineatipes Karsch, 1890",Paltothemis lineatipes,4C7HH,1,Catalogue of Life,
440,Tramea abdominalis,Tramea abdominalis,63088,63106,11.77,2,NO_ANNOT,,,Exact,0,"Tramea abdominalis Rambur, 1842",Tramea abdominalis,57WVS,1,Catalogue of Life,
441,Pantala flavescens,Pantala flavescens,63107,63125,11.44,2,NO_ANNOT,,,Exact,0,"Pantala flavescens Fabricius, 1798",Pantala flavescens,4CGSL,1,Catalogue of Life,
442,Lepihemis vesiculosa.,Lepihemis vesiculosa,63126,63147,6.72,2,NO_ANNOT,,,Fuzzy,1,"Lepthemis vesiculosa (Fabricius, 1775)",Lepthemis vesiculosa,193522,3,ITIS,
443,Rica,Rica,63160,63164,1.99,1,NO_ANNOT,,,NoMatch,,,,,,,,
444,Hekerina cruentata macropus,Hekerina cruentata macropus,63309,63336,9.86,3,NO_ANNOT,,,NoMatch,,,,,,,,
445,Archilestes grandis,Archilestes grandis,63361,63380,10.04,2,NO_ANNOT,,,Exact,0,"Archilestes grandis Rambur, 1842",Archilestes grandis,G94Y,1,Catalogue of Life,
446,Megaloprepus ccerulatus,Megaloprepus ccerulatus,63381,63404,9.23,2,NO_ANNOT,,,Fuzzy,1,"Megaloprepus caerulatus Drury, 1782",Megaloprepus caerulatus,3YVGZ,1,Catalogue of Life,
447,Mecistogaster modestus,Mecistogaster modestus,63405,63427,11.70,2,NO_ANNOT,,,Exact,0,Mecistogaster modestus,Mecistogaster modestus,3561615,168,ION,
448,Heteragrion chrysops,Heteragrion chrysops,63428,63448,8.17,2,NO_ANNOT,,,Exact,0,"Heteragrion chrysops Hagen in Selys, 1862",Heteragrion chrysops,3L73Z,1,Catalogue of Life,
449,Argia frequentula rogersi,Argia frequentula rogersi,63468,63493,13.93,3,NO_ANNOT,,,PartialExact,0,"Argia rogersi Calvert, 1901",Argia rogersi,6834W,1,Catalogue of Life,
450,Anisagrion allopterum,Anisagrion allopterum,63524,63545,10.44,2,NO_ANNOT,,,Exact,0,"Anisagrion allopterum Selys, 1876",Anisagrion allopterum,66PYM,1,Catalogue of Life,
451,Enallagma caecum,Enallagma caecum,63566,63582,7.95,2,NO_ANNOT,,,PartialExact,0,Enallagma (Miers) Baill.,Enallagma,7MYZD,1,Catalogue of Life,
452,Epigomplius tumefactus,Epigomplius tumefactus,63598,63620,6.80,2,NO_ANNOT,,,NoMatch,,,,,,,,
453,Anax amazili,Anax amazili,63636,63648,8.14,2,NO_ANNOT,,,Exact,0,"Anax amazili Burmeister, 1839",Anax amazili,DJWP,1,Catalogue of Life,
454,Mshna luteipennis,Mshna luteipennis,63649,63666,4.90,2,NO_ANNOT,,,NoMatch,,,,,,,,
455,Gynacantha trifida,Gynacantha trifida,63667,63685,11.87,2,NO_ANNOT,,,Exact,0,Gynacantha trifida,Gynacantha trifida,387850,183,Sherborn Index Animalium,
456,Libellula,Libellula,63686,63695,5.01,1,NO_ANNOT,,,Exact,0,Libellula,Libellula,62WS2,1,Catalogue of Life,
457,Orthemis ferruginea,Orthemis ferruginea,63705,63724,11.95,2,NO_ANNOT,,,Exact,0,"Orthemis ferruginea Fabricius, 1775",Orthemis ferruginea,759KQ,1,Catalogue of Life,
458,Cannaphila vibex,Cannaphila vibex,63725,63741,7.88,2,NO_ANNOT,,,Exact,0,"Cannaphila vibex Hagen, 1861",Cannaphila vibex,QM8J,1,Catalogue of Life,
459,Erythrodiplax funerea,Erythrodiplax funerea,63742,63763,9.87,2,NO_ANNOT,,,Exact,0,"Erythrodiplax funerea Hagen, 1861",Erythrodiplax funerea,3BDR3,1,Catalogue of Life,
460,Brechmorhoga vivax pertinax,Brechmorhoga vivax pertinax,63783,63810,11.49,3,NO_ANNOT,,,PartialExact,0,"Brechmorhoga pertinax Hagen, 1861",Brechmorhoga pertinax,N8PS,1,Catalogue of Life,
461,Pcdtothemis lineatipes,Pcdtothemis lineatipes,63821,63843,5.83,2,NO_ANNOT,,,NoMatch,,,,,,,,
462,Pantala flavescens.,Pantala flavescens,63844,63863,11.44,2,NO_ANNOT,,,Exact,0,"Pantala flavescens Fabricius, 1798",Pantala flavescens,4CGSL,1,Catalogue of Life,
463,Rica,Rica,63879,63883,1.99,1,NO_ANNOT,,,NoMatch,,,,,,,,
464,Hetaerina fuscoguttata cruentata,Hetaerina fuscoguttata cruentata,63978,64010,18.38,3,NO_ANNOT,,,PartialExact,0,"Hetaerina cruentata Rambur, 1842",Hetaerina cruentata,3L6HR,1,Catalogue of Life,
465,Mecistogaster ornatus,Mecistogaster ornatus,64024,64045,11.51,2,NO_ANNOT,,,Exact,0,Mecistogaster ornatus,Mecistogaster ornatus,286612,183,Sherborn Index Animalium,
466,Heteragrion erythrogastrum,Heteragrion erythrogastrum,64046,64072,10.85,2,NO_ANNOT,,,Exact,0,"Heteragrion erythrogastrum Selys, 1886",Heteragrion erythrogastrum,3L747,1,Catalogue of Life,
467,Perilestes fragilis,Perilestes fragilis,64073,64092,10.68,2,NO_ANNOT,,,Exact,0,"Perilestes fragilis Hagen in Selys, 1862",Perilestes fragilis,4F24V,1,Catalogue of Life,
468,Argia translata tezpi,Argia translata tezpi,64093,64114,13.78,3,NO_ANNOT,,,PartialExact,0,"Argia tezpi Calvert, 1901",Argia tezpi,GGRD,1,Catalogue of Life,
469,Acanthagrion gracile,Acanthagrion gracile,64171,64191,5.27,2,NO_ANNOT,,,Exact,0,"Acanthagrion gracile Rambur, 1842",Acanthagrion gracile,8T25,1,Catalogue of Life,
470,Ceratura capreola,Ceratura capreola,64192,64209,12.17,2,NO_ANNOT,,,Exact,0,Ceratura capreola Hagen,Ceratura capreola,10288685,11,GBIF Backbone Taxonomy,
471,Uracis imbuta,Uracis imbuta,64210,64223,9.84,2,NO_ANNOT,,,Exact,0,"Uracis imbuta Burmeister, 1839",Uracis imbuta,7DLND,1,Catalogue of Life,
472,Orthemis ferruginea,Orthemis ferruginea,64239,64258,11.95,2,NO_ANNOT,,,Exact,0,"Orthemis ferruginea Fabricius, 1775",Orthemis ferruginea,759KQ,1,Catalogue of Life,
473,Erythrodiplax funerea,Erythrodiplax funerea,64259,64280,9.87,2,NO_ANNOT,,,Exact,0,"Erythrodiplax funerea Hagen, 1861",Erythrodiplax funerea,3BDR3,1,Catalogue of Life,
474,Dythemis velox,Dythemis velox,64307,64321,9.22,2,NO_ANNOT,,,Exact,0,"Dythemis velox Hagen, 1861",Dythemis velox,38BCS,1,Catalogue of Life,
475,Brechmorhoga vivax,Brechmorhoga vivax,64322,64340,8.28,2,NO_ANNOT,,,Exact,0,"Brechmorhoga vivax Calvert, 1906",Brechmorhoga vivax,N8Q2,1,Catalogue of Life,
476,Macrothemis hemichlora.,Macrothemis hemichlora,64341,64364,12.77,2,NO_ANNOT,,,Exact,0,"Macrothemis hemichlora Burmeister, 1839",Macrothemis hemichlora,3XBXK,1,Catalogue of Life,
477,Neuroptera.,Neuroptera,64570,64581,5.31,1,NO_ANNOT,,,Exact,0,Neuroptera,Neuroptera,3ND,1,Catalogue of Life,
478,Rica,Rica,67116,67120,1.99,1,NO_ANNOT,,,NoMatch,,,,,,,,
479,Rica,Rica,67601,67605,1.99,1,NO_ANNOT,,,NoMatch,,,,,,,,
480,PIAYA,Piaya,67661,67666,3.00,1,NO_ANNOT,,,Exact,0,"Piaya Lesson, 1830",Piaya,6Q6D,1,Catalogue of Life,
481,Piaya macroura,Piaya macroura,67826,67840,9.21,2,NO_ANNOT,,,Exact,0,Piaya macroura,Piaya macroura,244583,183,Sherborn Index Animalium,
482,Piaya,Piaya,68588,68593,3.00,1,NO_ANNOT,,,Exact,0,"Piaya Lesson, 1830",Piaya,6Q6D,1,Catalogue of Life,
483,P. melanogastra,P. melanogastra,68631,68646,5.64,2,NO_ANNOT,,,NoMatch,,,,,,,,
484,P. rutilus,P. rutilus,68651,68661,6.44,2,NO_ANNOT,,,NoMatch,,,,,,,,
485,P. cayana.,P. cayana,68751,68761,6.12,2,NO_ANNOT,,,NoMatch,,,,,,,,
486,Rica.,Rica,69557,69562,1.99,1,NO_ANNOT,,,NoMatch,,,,,,,,
487,Marta,Marta,69858,69863,3.97,1,NO_ANNOT,,,Exact,0,"Marta Gervais, 1870",Marta,urn:lsid:irmng.org:taxname:1437689,181,IRMNG,
488,Piaya cayana,Piaya cayana,71181,71193,9.46,2,NO_ANNOT,,,Exact,0,"Piaya cayana (Linnaeus, 1766)",Piaya cayana,4HPN8,1,Catalogue of Life,
489,Cuculus cayenensis,Cuculus cayenensis,71338,71356,13.13,2,NO_ANNOT,,,PartialExact,0,"Cuculus Linnaeus, 1758",Cuculus,3X8N,1,Catalogue of Life,
490,Coccyzus cayanus,Coccyzus cayanus,71516,71532,8.93,2,NO_ANNOT,,,Exact,0,Coccyzus cayanus,Coccyzus cayanus,108603,183,Sherborn Index Animalium,
491,Gmelin,Gmelin,71537,71543,2.19,1,NO_ANNOT,,,NoMatch,,,,,,,,
492,Coccyzus ridibundus,Coccyzus ridibundus,71559,71578,8.91,2,NO_ANNOT,,,Exact,0,Coccyzus ridibundus,Coccyzus ridibundus,332551,183,Sherborn Index Animalium,
493,C. fulvus gula,C. fulvus gula,71882,71896,4.93,3,NO_ANNOT,,,NoMatch,,,,,,,,
494,Piaya cayana,Piaya cayana,72122,72134,9.46,2,NO_ANNOT,,,Exact,0,"Piaya cayana (Linnaeus, 1766)",Piaya cayana,4HPN8,1,Catalogue of Life,
495,P. cayana,P. cayana,72343,72352,6.12,2,NO_ANNOT,,,NoMatch,,,,,,,,
496,P. cayana,P. cayana,72866,72875,6.12,2,NO_ANNOT,,,NoMatch,,,,,,,,
497,P. cayana,P. cayana,73071,73080,6.12,2,NO_ANNOT,,,NoMatch,,,,,,,,
498,Gambel nigricrissa,Gambel nigricrissa,74281,74299,3.50,2,NO_ANNOT,,,NoMatch,,,,,,,,
499,Sclater cayana,Sclater cayana,74300,74314,1.54,2,NO_ANNOT,,,NoMatch,,,,,,,,
500,Gambel's macroura,Gambel�s macroura,74744,74761,3.75,2,NO_ANNOT,,,NoMatch,,,,,,,,
501,P. macroura,P. macroura,76089,76100,5.87,2,NO_ANNOT,,,NoMatch,,,,,,,,
502,P. cabanisi,P. cabanisi,76105,76116,5.09,2,NO_ANNOT,,,NoMatch,,,,,,,,
503,Piaya,Piaya,77072,77077,3.00,1,NO_ANNOT,,,Exact,0,"Piaya Lesson, 1830",Piaya,6Q6D,1,Catalogue of Life,
504,Cuculus vielanogaster,Cuculus vielanogaster,77100,77121,10.39,2,NO_ANNOT,,,PartialExact,0,"Cuculus Linnaeus, 1758",Cuculus,3X8N,1,Catalogue of Life,
505,Piaya brachiptera,Piaya brachiptera,77191,77208,10.35,2,NO_ANNOT,,,Fuzzy,1,Piaya brachyptera,Piaya brachyptera,93550,183,Sherborn Index Animalium,
506,Melius corallirhynchus,Melius corallirhynchus,77244,77266,5.55,2,NO_ANNOT,,,Fuzzy,1,Melias corallirhynchus,Melias corallirhynchus,127827,183,Sherborn Index Animalium,
507,Napo,Napo,77627,77631,2.08,1,NO_ANNOT,,,Exact,0,Napo,Napo,5XKQ,1,Catalogue of Life,
508,P. rutila.,P. rutila,77709,77719,5.39,2,NO_ANNOT,,,NoMatch,,,,,,,,
509,Piaya rutila,Piaya rutila,77720,77732,8.73,2,NO_ANNOT,,,Exact,0,Piaya rutila,Piaya rutila,341870,183,Sherborn Index Animalium,
510,Cuculus rutilus,Cuculus rutilus,77742,77757,12.28,2,NO_ANNOT,,,Exact,0,Cuculus rutilus,Cuculus rutilus,341835,183,Sherborn Index Animalium,
511,Coccyzus minutus,Coccyzus minutus,77811,77827,9.41,2,NO_ANNOT,,,Exact,0,Coccyzus minutus,Coccyzus minutus,259547,183,Sherborn Index Animalium,
512,Macropus caixana,Macropus caixana,77874,77890,12.46,2,NO_ANNOT,,,Exact,0,Macropus caixana,Macropus caixana,100263,183,Sherborn Index Animalium,
513,Coccycua monachus,Coccycua monachus,77927,77944,9.85,2,NO_ANNOT,,,Exact,0,Coccycua monachus,Coccycua monachus,261507,183,Sherborn Index Animalium,
514,Cuculus cayanensis minor,Cuculus cayanensis minor,78401,78425,13.96,3,NO_ANNOT,,,PartialExact,0,Cuculus minor (Gmelin 1788),Cuculus minor,372374,172,PaleoBioDB,
515,Gmelin,Gmelin,78457,78463,2.19,1,NO_ANNOT,,,NoMatch,,,,,,,,
516,Cuculus cayanus.,Cuculus cayanus,78479,78495,12.39,2,NO_ANNOT,,,Exact,0,Cuculus cayanus,Cuculus cayanus,11199,183,Sherborn Index Animalium,
517,Piaya melanogaster.,Piaya melanogaster,78578,78597,7.85,2,NO_ANNOT,,,Exact,0,"Piaya melanogaster (Vieillot, 1817)",Piaya melanogaster,4HPN9,1,Catalogue of Life,
518,Cuculus rutilus,Cuculus rutilus,78678,78693,12.28,2,NO_ANNOT,,,Exact,0,Cuculus rutilus,Cuculus rutilus,341835,183,Sherborn Index Animalium,
519,Macropus caixana.,Macropus caixana,78742,78759,12.46,2,NO_ANNOT,,,Exact,0,Macropus caixana,Macropus caixana,100263,183,Sherborn Index Animalium,
520,Piaya minuta.,Piaya minuta,79307,79320,8.87,2,NO_ANNOT,,,Exact,0,"Piaya minuta (Vieillot, 1817)",Piaya minuta,6VJ92,1,Catalogue of Life,
521,Piaya cayana.,Piaya cayana,79321,79334,9.46,2,NO_ANNOT,,,Exact,0,"Piaya cayana (Linnaeus, 1766)",Piaya cayana,4HPN8,1,Catalogue of Life,
522,P. columhiana nigricrissa,P. columhiana nigricrissa,80120,80145,6.33,3,NO_ANNOT,,,NoMatch,,,,,,,,
523,Columbiana ferruginous.,Columbiana ferruginous,80382,80405,5.42,2,NO_ANNOT,,,PartialExact,0,Columbiana,Columbiana,3SMX,1,Catalogue of Life,
524,Piaya cayana cayana,Piaya cayana cayana,80739,80758,14.45,3,NO_ANNOT,,,Exact,0,"Piaya cayana cayana (Linnaeus, 1766)",Piaya cayana cayana,7KMFR,1,Catalogue of Life,
525,Cuculus caijanus,Cuculus caijanus,80765,80781,12.59,2,NO_ANNOT,,,PartialExact,0,"Cuculus Linnaeus, 1758",Cuculus,3X8N,1,Catalogue of Life,
526,Coccyzus macrocercus,Coccyzus macrocercus,80825,80845,9.63,2,NO_ANNOT,,,Exact,0,Coccyzus macrocercus,Coccyzus macrocercus,242881,183,Sherborn Index Animalium,
527,Coccyzus cayanensis,Coccyzus cayanensis,80892,80911,5.56,2,NO_ANNOT,,,PartialExact,0,"Coccyzus Vieillot, 1816",Coccyzus,3RNG,1,Catalogue of Life,
528,Pyrrhocorax guianensis,Pyrrhocorax guianensis,80957,80979,13.04,2,NO_ANNOT,,,PartialExact,0,"Pyrrhocorax Tunstall, 1771",Pyrrhocorax,63QVH,1,Catalogue of Life,
529,Piaya cayana,Piaya cayana,81726,81738,9.46,2,NO_ANNOT,,,Exact,0,"Piaya cayana (Linnaeus, 1766)",Piaya cayana,4HPN8,1,Catalogue of Life,
530,Pyrrhocorax columbianus,Pyrrhocorax columbianus,81756,81779,13.09,2,NO_ANNOT,,,PartialExact,0,"Pyrrhocorax Tunstall, 1771",Pyrrhocorax,63QVH,1,Catalogue of Life,
531,Pyrrhocorax mesurus,Pyrrhocorax mesurus,81834,81853,12.03,2,NO_ANNOT,,,PartialExact,0,"Pyrrhocorax Tunstall, 1771",Pyrrhocorax,63QVH,1,Catalogue of Life,
532,Marta,Marta,82600,82605,3.97,1,NO_ANNOT,,,Exact,0,"Marta Gervais, 1870",Marta,urn:lsid:irmng.org:taxname:1437689,181,IRMNG,
533,Pilar,Pilar,82643,82648,1.57,1,NO_ANNOT,,,Exact,0,"Pilar Pallary, 1912",Pilar,urn:lsid:irmng.org:taxname:1441531,181,IRMNG,
534,Piaya cayana insulana,Piaya cayana insulana,82687,82708,14.87,3,NO_ANNOT,,,Exact,0,"Piaya cayana insulana Hellmayr, 1906",Piaya cayana insulana,7KMGF,1,Catalogue of Life,
535,Piaya cayana insulana,Piaya cayana insulana,82719,82740,14.87,3,NO_ANNOT,,,Exact,0,"Piaya cayana insulana Hellmayr, 1906",Piaya cayana insulana,7KMGF,1,Catalogue of Life,
536,Piaya cayana mexicana,Piaya cayana mexicana,83359,83380,11.67,3,NO_ANNOT,,,Exact,0,"Piaya cayana mexicana (Swainson, 1827)",Piaya cayana mexicana,7KMGJ,1,Catalogue of Life,
537,Cuculus mexicanus,Cuculus mexicanus,83390,83407,12.75,2,NO_ANNOT,,,Exact,0,Cuculus mexicanus,Cuculus mexicanus,256707,183,Sherborn Index Animalium,
538,Piaya oayana,Piaya oayana,84026,84038,9.46,2,NO_ANNOT,,,Fuzzy,1,"Piaya cayana (Linnaeus, 1766)",Piaya cayana,4HPN8,1,Catalogue of Life,
539,Piaya mehleri,Piaya mehleri,84056,84069,10.01,2,NO_ANNOT,,,Exact,0,Piaya mehleri,Piaya mehleri,252387,183,Sherborn Index Animalium,
540,Piaya thermophila,Piaya thermophila,84187,84204,9.79,2,NO_ANNOT,,,Exact,0,Piaya thermophila,Piaya thermophila,93788711,169,uBio NameBank,
541,Cuculus ridibundus,Cuculus ridibundus,84256,84274,12.37,2,NO_ANNOT,,,Exact,0,Cuculus ridibundus,Cuculus ridibundus,48384,183,Sherborn Index Animalium,
542,Cuculus rubicundus,Cuculus rubicundus,84320,84338,12.37,2,NO_ANNOT,,,PartialExact,0,"Cuculus Linnaeus, 1758",Cuculus,3X8N,1,Catalogue of Life,
543,Sula,Sula,85376,85380,3.50,1,NO_ANNOT,,,Exact,0,"Sula Brisson, 1760",Sula,7Q76,1,Catalogue of Life,
544,Rica,Rica,85457,85461,1.99,1,NO_ANNOT,,,NoMatch,,,,,,,,
545,Piaya cayana,Piaya cayana,85592,85604,9.46,2,SUBSP_NOV,,,Exact,0,"Piaya cayana (Linnaeus, 1766)",Piaya cayana,4HPN8,1,Catalogue of Life,
546,Fiaya,Fiaya,86403,86408,3.00,1,NO_ANNOT,,,NoMatch,,,,,,,,
547,Piaya nigricrissa,Piaya nigricrissa,86437,86454,9.84,2,NO_ANNOT,,,PartialExact,0,"Piaya Lesson, 1830",Piaya,6Q6D,1,Catalogue of Life,
548,Napo,Napo,86811,86815,2.08,1,NO_ANNOT,,,Exact,0,Napo,Napo,5XKQ,1,Catalogue of Life,
549,Piaya cayana pallescens,Piaya cayana pallescens,86888,86911,14.75,3,NO_ANNOT,,,Exact,0,"Piaya cayana pallescens (Cabanis & Heine, 1863)",Piaya cayana pallescens,7KMGC,1,Catalogue of Life,
550,Pyrrhocorax pallescens,Pyrrhocorax pallescens,86928,86950,11.97,2,NO_ANNOT,,,PartialExact,0,"Pyrrhocorax Tunstall, 1771",Pyrrhocorax,63QVH,1,Catalogue of Life,
551,Piaya cayana cabanisi,Piaya cayana cabanisi,87007,87028,12.66,3,NO_ANNOT,,,Exact,0,"Piaya cayana cabanisi Allen, 1893",Piaya cayana cabanisi,7KMG2,1,Catalogue of Life,
552,Matta,Matta,87085,87090,4.00,1,NO_ANNOT,,,Exact,0,Matta,Matta,5M34,1,Catalogue of Life,
553,Piaya cayana macroura,Piaya cayana macroura,88534,88555,13.06,3,NO_ANNOT,,,Exact,0,"Piaya cayana macroura Gambel, 1849",Piaya cayana macroura,7KMGG,1,Catalogue of Life,
554,Piaya macroura,Piaya macroura,88564,88578,9.21,2,NO_ANNOT,,,Exact,0,Piaya macroura,Piaya macroura,244583,183,Sherborn Index Animalium,
555,Piaya dree,Piaya dree,88702,88712,1.81,2,NO_ANNOT,,,PartialExact,0,"Piaya Lesson, 1830",Piaya,6Q6D,1,Catalogue of Life,
556,Piaya cayana boliviana,Piaya cayana boliviana,89250,89272,15.11,3,SUBSP_NOV,,,Exact,0,Piaya cayana boliviana,Piaya cayana boliviana,gn_16691,186,MCZbase,
557,Crustacea,Crustacea,91847,91856,4.98,1,NO_ANNOT,,,Exact,0,"Crustacea Brünnich, 1772",Crustacea,83677,3,ITIS,
558,Brachiopoda,Brachiopoda,91919,91930,3.86,1,NO_ANNOT,,,Exact,0,Brachiopoda,Brachiopoda,622CF,1,Catalogue of Life,
559,Surirella,Surirella,92734,92743,6.20,1,NO_ANNOT,,,Exact,0,"Surirella Turpin, 1828",Surirella,urn:lsid:irmng.org:taxname:1372330,181,IRMNG,
560,Cymatopleura,Cymatopleura,92852,92864,6.01,1,NO_ANNOT,,,Exact,0,"Cymatopleura W. Smith, 1851",Cymatopleura,urn:lsid:marinespecies.org:taxname:149007,9,WoRMS,
561,Cicindelinae,Cicindelinae,93313,93325,4.13,1,NO_ANNOT,,,Exact,0,"Cicindelinae Latreille, 1802",Cicindelinae,6936,2,Wikispecies,
562,Lycosidae.,Lycosidae,93459,93469,4.28,1,NO_ANNOT,,,Exact,0,Lycosidae,Lycosidae,C9K,1,Catalogue of Life,
563,Cicindelinae,Cicindelinae,96666,96678,4.13,1,NO_ANNOT,,,Exact,0,"Cicindelinae Latreille, 1802",Cicindelinae,6936,2,Wikispecies,
564,Cicindela brevicollis intermedia,Cicindela brevicollis intermedia,96696,96728,17.46,3,NO_ANNOT,,,PartialExact,0,"Cicindela (Cosmodela) intermedia Chaudoir, 1852",Cicindela intermedia,5YT5B,1,Catalogue of Life,
565,C. melancholica,C. melancholica,96734,96749,7.41,2,NO_ANNOT,,,NoMatch,,,,,,,,
566,C. nitidula,C. nitidula,96753,96764,6.50,2,NO_ANNOT,,,NoMatch,,,,,,,,
567,Eurymorpha cyanipes mouffleti,Eurymorpha cyanipes mouffleti,96790,96819,15.70,3,NO_ANNOT,,,PartialExact,0,"Eurymorpha mouffleti Fairmaire, 1856",Eurymorpha mouffleti,3D59C,1,Catalogue of Life,
568,Adansonia digitata.,Adansonia digitata,97012,97031,11.78,2,NO_ANNOT,,,Exact,0,Adansonia digitata L.,Adansonia digitata,9X63,1,Catalogue of Life,
569,Cicindela,Cicindela,97801,97810,4.89,1,NO_ANNOT,,,Exact,0,Cicindela,Cicindela,3PTT,1,Catalogue of Life,
570,C. lutaria,C. lutaria,97825,97835,5.52,2,NO_ANNOT,,,NoMatch,,,,,,,,
571,C. saraliensis,C. saraliensis,97844,97858,7.60,2,NO_ANNOT,,,NoMatch,,,,,,,,
572,C. uncivittata,C. uncivittata,97865,97879,7.99,2,NO_ANNOT,,,NoMatch,,,,,,,,
573,C. infuscata,C. infuscata,97886,97898,7.57,2,NO_ANNOT,,,NoMatch,,,,,,,,
574,C. angusticollis,C. angusticollis,97926,97942,7.32,2,NO_ANNOT,,,NoMatch,,,,,,,,
575,C. villosa,C. villosa,97948,97958,6.78,2,NO_ANNOT,,,NoMatch,,,,,,,,
576,C. flavipes,C. flavipes,97966,97977,5.79,2,NO_ANNOT,,,NoMatch,,,,,,,,
577,C. reticostata,C. reticostata,98004,98018,7.99,2,SP_NOV,,,NoMatch,,,,,,,,
578,Odontochila erythropyga,Odontochila erythropyga,98026,98049,10.46,2,NO_ANNOT,,,Exact,0,Odontochila erythropyga Putzeys,Odontochila erythropyga,2871460,168,ION,
579,Cosmema,Cosmema,98056,98063,5.34,1,NO_ANNOT,,,Exact,0,"Cosmema Boheman, 1848",Cosmema,urn:lsid:irmng.org:taxname:1395101,181,IRMNG,
580,C. marginepunctata,C. marginepunctata,98082,98100,8.56,2,NO_ANNOT,,,NoMatch,,,,,,,,
581,C. auropunctata,C. auropunctata,98109,98124,7.89,2,NO_ANNOT,,,NoMatch,,,,,,,,
582,Leguminosae,Leguminosae,98838,98849,2.96,1,NO_ANNOT,,,Exact,0,Leguminosae Juss.,Leguminosae,145101655,165,Tropicos,
583,Rosaceae,Rosaceae,98920,98928,3.54,1,NO_ANNOT,,,Exact,0,Rosaceae Juss.,Rosaceae,FTK,1,Catalogue of Life,
584,Cicindela suturalis,Cicindela suturalis,99195,99214,12.19,2,NO_ANNOT,,,Exact,0,"Cicindela suturalis Dalla Torre, 1877",Cicindela suturalis,5Z6HD,1,Catalogue of Life,
585,Ophryodera rufomarginata,Ophryodera rufomarginata,99238,99262,13.57,2,NO_ANNOT,,,Exact,0,"Ophryodera rufomarginata (Boheman, 1848)",Ophryodera rufomarginata,74QYX,1,Catalogue of Life,
586,Mantichora congoensis,Mantichora congoensis,99272,99293,13.85,2,NO_ANNOT,,,Exact,0,Mantichora congoensis,Mantichora congoensis,3960597,168,ION,
587,Cicindela angusticollis,Cicindela angusticollis,99438,99461,12.54,2,NO_ANNOT,,,Exact,0,"Cicindela angusticollis (Boheman, 1848)",Cicindela angusticollis,V8LL,1,Catalogue of Life,
588,C. uncivittata,C. uncivittata,99467,99481,7.99,2,NO_ANNOT,,,NoMatch,,,,,,,,
589,C. fiavipes,C. fiavipes,99526,99537,5.79,2,NO_ANNOT,,,NoMatch,,,,,,,,
590,C. villosa,C. villosa,99544,99554,6.78,2,NO_ANNOT,,,NoMatch,,,,,,,,
591,Cosmema auropunctata,Cosmema auropunctata,99565,99585,13.56,2,NO_ANNOT,,,PartialExact,0,"Cosmema Boheman, 1848",Cosmema,urn:lsid:irmng.org:taxname:1395101,181,IRMNG,
592,CICINDELINI.,Cicindelini,99830,99842,3.36,1,NO_ANNOT,,,Exact,0,"Cicindelini Latreille, 1802",Cicindelini,96999,2,Wikispecies,
593,Odontochilina.,Odontochilina,99843,99857,3.14,1,NO_ANNOT,,,Exact,0,Odontochilina Horn,Odontochilina,5113415,168,ION,
594,Odontochila erythropyga,Odontochila erythropyga,99861,99884,10.46,2,NO_ANNOT,,,Exact,0,Odontochila erythropyga Putzeys,Odontochila erythropyga,2871460,168,ION,
595,Lytta amethystina,Lytta amethystina,100171,100188,6.10,2,NO_ANNOT,,,PartialExact,0,Lytta,Lytta,5HX6,1,Catalogue of Life,
596,Cicindela,Cicindela,100255,100264,4.89,1,NO_ANNOT,,,Exact,0,Cicindela,Cicindela,3PTT,1,Catalogue of Life,
597,Cicindela,Cicindela,100431,100440,4.89,1,NO_ANNOT,,,Exact,0,Cicindela,Cicindela,3PTT,1,Catalogue of Life,
598,Cicindela leucopicta,Cicindela leucopicta,100638,100658,11.83,2,NO_ANNOT,,,Exact,0,"Cicindela (Ropaloteres) leucopicta Quedenfeldt, 1888",Cicindela leucopicta,V8G6,1,Catalogue of Life,
599,Cioindela nitidula,Cioindela nitidula,100668,100686,5.41,2,NO_ANNOT,,,Fuzzy,1,"Cicindela nitidula Dejean, 1825",Cicindela nitidula,V9VH,1,Catalogue of Life,
600,Landana,Landana,100747,100754,3.34,1,NO_ANNOT,,,Exact,0,"Landana Simon, 1883",Landana,urn:lsid:irmng.org:taxname:1437181,181,IRMNG,
601,Landana,Landana,101053,101060,3.34,1,NO_ANNOT,,,Exact,0,"Landana Simon, 1883",Landana,urn:lsid:irmng.org:taxname:1437181,181,IRMNG,
602,C. nitidula,C. nitidula,101127,101138,6.50,2,NO_ANNOT,,,NoMatch,,,,,,,,
603,Cioindela brevioollis clathrata,Cioindela brevioollis clathrata,101178,101209,7.30,3,NO_ANNOT,,,PartialFuzzy,1,"Cicindela clathrata Dejean, 1825",Cicindela clathrata,V8W8,1,Catalogue of Life,
604,Mossamedes.,Mossamedes,101235,101246,5.09,1,NO_ANNOT,,,Exact,0,"Mossamedes Simon, 1888",Mossamedes,urn:lsid:irmng.org:taxname:1126910,181,IRMNG,
605,Mossamedes,Mossamedes,101360,101370,5.09,1,NO_ANNOT,,,Exact,0,"Mossamedes Simon, 1888",Mossamedes,urn:lsid:irmng.org:taxname:1126910,181,IRMNG,
606,Per.␤brevicollis discoidalis,Per. brevicollis discoidalis,101430,101458,13.30,3,NO_ANNOT,,,NoMatch,,,,,,,,
607,Cioindela uncivittata,Cioindela uncivittata,101586,101607,6.90,2,NO_ANNOT,,,Fuzzy,1,"Cicindela uncivittata Quedenfeldt, 1883",Cicindela uncivittata,5YTYP,1,Catalogue of Life,
608,Cioindela obtusidentata,Cioindela obtusidentata,101846,101869,6.83,2,NO_ANNOT,,,Fuzzy,1,"Cicindela obtusidentata Putzeys, 1880",Cicindela obtusidentata,V9X3,1,Catalogue of Life,
609,Cioindela wellmani,Cioindela wellmani,101986,102004,4.83,2,NO_ANNOT,,,Fuzzy,1,"Cicindela wellmani W.Horn, 1907",Cicindela wellmani,5YTPD,1,Catalogue of Life,
610,Cioindela senegalensis,Cioindela senegalensis,102317,102339,6.41,2,NO_ANNOT,,,Fuzzy,1,"Cicindela senegalensis Dejean, 1825",Cicindela senegalensis,5Z6C8,1,Catalogue of Life,
611,Cioindela pudica,Cioindela pudica,102401,102417,5.36,2,NO_ANNOT,,,Fuzzy,1,"Cicindela (Ropaloteres) pudica Boheman, 1848",Cicindela pudica,V8GG,1,Catalogue of Life,
612,Eletica rufa,Eletica rufa,103177,103189,7.16,2,NO_ANNOT,,,Exact,0,Eletica rufa,Eletica rufa,339935,183,Sherborn Index Animalium,
613,Cicindela grandis,Cicindela grandis,103198,103215,11.26,2,NO_ANNOT,,,Exact,0,"Cicindela (Ropaloteres) grandis W.Horn, 1897",Cicindela grandis,V8G2,1,Catalogue of Life,
614,Cioindela prodotiformis,Cioindela prodotiformis,103290,103313,5.72,2,NO_ANNOT,,,Fuzzy,1,"Cicindela (Ropaloteres) prodotiformis W.Horn, 1892",Cicindela prodotiformis,5Z54P,1,Catalogue of Life,
615,Cicindela leucopicta,Cicindela leucopicta,103416,103436,11.83,2,NO_ANNOT,,,Exact,0,"Cicindela (Ropaloteres) leucopicta Quedenfeldt, 1888",Cicindela leucopicta,V8G6,1,Catalogue of Life,
616,Lunda,Lunda,103477,103482,3.67,1,NO_ANNOT,,,Exact,0,"Lunda Pallas, 1811",Lunda,62Y39,1,Catalogue of Life,
617,Cicindela interrupta,Cicindela interrupta,103576,103596,10.96,2,NO_ANNOT,,,Exact,0,"Cicindela (Hipparidium) interrupta Fabricius, 1775",Cicindela interrupta,5Z4SJ,1,Catalogue of Life,
618,Cicindela saraliensis,Cicindela saraliensis,103726,103747,12.82,2,NO_ANNOT,,,Exact,0,"Cicindela saraliensis Guérin-Méneville, 1849",Cicindela saraliensis,5YV2M,1,Catalogue of Life,
619,Pheidole punctulata,Pheidole punctulata,104221,104240,11.35,2,NO_ANNOT,,,Exact,0,"Pheidole punctulata Mayr, 1866",Pheidole punctulata,4FYJL,1,Catalogue of Life,
620,Cicindela,Cicindela,104271,104280,4.89,1,NO_ANNOT,,,Exact,0,Cicindela,Cicindela,3PTT,1,Catalogue of Life,
621,Mossamedes,Mossamedes,104325,104335,5.09,1,NO_ANNOT,,,Exact,0,"Mossamedes Simon, 1888",Mossamedes,urn:lsid:irmng.org:taxname:1126910,181,IRMNG,
622,Cicindela lugubris,Cicindela lugubris,104581,104599,11.96,2,NO_ANNOT,,,Exact,0,"Cicindela (Elliptica) lugubris Dejean, 1825",Cicindela lugubris,V8DY,1,Catalogue of Life,
623,Cicindela,Cicindela,104665,104674,4.89,1,NO_ANNOT,,,Exact,0,Cicindela,Cicindela,3PTT,1,Catalogue of Life,
624,Ophryodera rufomarginata',Ophryodera rufomarginata,104675,104700,13.57,2,NO_ANNOT,,,Exact,0,"Ophryodera rufomarginata (Boheman, 1848)",Ophryodera rufomarginata,74QYX,1,Catalogue of Life,
625,Lunda,Lunda,105065,105070,3.67,1,NO_ANNOT,,,Exact,0,"Lunda Pallas, 1811",Lunda,62Y39,1,Catalogue of Life,
626,Cicindela reticostata,Cicindela reticostata,105277,105298,13.21,2,NO_ANNOT,,,Exact,0,"Cicindela reticostata W.Horn & Wellman, 1908",Cicindela reticostata,5YV2P,1,Catalogue of Life,
627,Ophryodera rufomarginata,Ophryodera rufomarginata,106752,106776,13.57,2,NO_ANNOT,,,Exact,0,"Ophryodera rufomarginata (Boheman, 1848)",Ophryodera rufomarginata,74QYX,1,Catalogue of Life,
628,O. rufomarginata,O. rufomarginata,106910,106926,7.92,2,NO_ANNOT,,,NoMatch,,,,,,,,
629,Cicindela quadristriata,Cicindela quadristriata,108237,108260,13.14,2,NO_ANNOT,,,Exact,0,"Cicindela quadristriata W.Horn, 1897",Cicindela quadristriata,5Z722,1,Catalogue of Life,
630,Cicindela villosa,Cicindela villosa,108559,108576,12.00,2,NO_ANNOT,,,Exact,0,"Cicindela (Epitrichodes) villosa Putzeys, 1880",Cicindela villosa,5Z55C,1,Catalogue of Life,
631,Cicindela flavipes,Cicindela flavipes,108860,108878,11.01,2,NO_ANNOT,,,Exact,0,"Cicindela flavipes Linnaeus, 1760",Cicindela flavipes,5YSTR,1,Catalogue of Life,
632,Cicindela suturalis,Cicindela suturalis,109420,109439,12.19,2,NO_ANNOT,,,Exact,0,"Cicindela suturalis Dalla Torre, 1877",Cicindela suturalis,5Z6HD,1,Catalogue of Life,
633,Cicindela,Cicindela,109588,109597,4.89,1,NO_ANNOT,,,Exact,0,Cicindela,Cicindela,3PTT,1,Catalogue of Life,
634,C. mechowi vide,C. mechowi vide,109794,109809,2.39,3,NO_ANNOT,,,NoMatch,,,,,,,,
635,Cicindelidae.,Cicindelidae,109904,109917,6.42,1,NO_ANNOT,,,Exact,0,"Cicindelidae Latreille, 1802",Cicindelidae,urn:lsid:irmng.org:taxname:104263,181,IRMNG,
636,C. putzeysi.,C. putzeysi,110103,110115,5.09,2,NO_ANNOT,,,NoMatch,,,,,,,,
637,Cicindela infuscata,Cicindela infuscata,110120,110139,12.79,2,NO_ANNOT,,,Exact,0,"Cicindela infuscata Quedenfeldt, 1883",Cicindela infuscata,V9FF,1,Catalogue of Life,
638,Cicindela,Cicindela,110395,110404,4.89,1,NO_ANNOT,,,Exact,0,Cicindela,Cicindela,3PTT,1,Catalogue of Life,
639,C. putzeysi,C. putzeysi,110417,110428,5.09,2,NO_ANNOT,,,NoMatch,,,,,,,,
640,Odontochila erythropyga vide,Odontochila erythropyga vide,110514,110542,8.43,3,NO_ANNOT,,,PartialExact,0,Odontochila erythropyga Putzeys,Odontochila erythropyga,2871460,168,ION,
641,Cicindela,Cicindela,110554,110563,4.89,1,NO_ANNOT,,,Exact,0,Cicindela,Cicindela,3PTT,1,Catalogue of Life,
642,Graphipterus,Graphipterus,110899,110911,5.96,1,NO_ANNOT,,,Exact,0,Graphipterus,Graphipterus,636DM,1,Catalogue of Life,
643,Cicindela vicina,Cicindela vicina,110921,110937,11.39,2,NO_ANNOT,,,Exact,0,"Cicindela vicina Dejean, 1831",Cicindela vicina,5Z5ZQ,1,Catalogue of Life,
644,Cicindela lutaria,Cicindela lutaria,111001,111018,10.74,2,NO_ANNOT,,,Exact,0,"Cicindela lutaria Guérin-Méneville, 1849",Cicindela lutaria,V9NQ,1,Catalogue of Life,
645,Cicindela melancholica.,Cicindela melancholica,111266,111289,12.63,2,NO_ANNOT,,,Exact,0,"Cicindela melancholica Costa, 1857",Cicindela melancholica,5YSV2,1,Catalogue of Life,
646,Cicindela octoguttata,Cicindela octoguttata,111294,111315,13.21,2,NO_ANNOT,,,Exact,0,"Cicindela octoguttata Fabricius, 1787",Cicindela octoguttata,5Z6L9,1,Catalogue of Life,
647,Eurymorpha cyanipes mouffleti,Eurymorpha cyanipes mouffleti,111346,111375,15.70,3,NO_ANNOT,,,PartialExact,0,"Eurymorpha mouffleti Fairmaire, 1856",Eurymorpha mouffleti,3D59C,1,Catalogue of Life,
648,Mossamedes.,Mossamedes,111420,111431,5.09,1,NO_ANNOT,,,Exact,0,"Mossamedes Simon, 1888",Mossamedes,urn:lsid:irmng.org:taxname:1126910,181,IRMNG,
649,Dromica tricostata,Dromica tricostata,111447,111465,11.09,2,NO_ANNOT,,,Exact,0,"Dromica (Dromica) tricostata W.Horn, 1897",Dromica tricostata,37PT2,1,Catalogue of Life,
650,Dromica,Dromica,111540,111547,3.07,1,NO_ANNOT,,,Exact,0,Dromica,Dromica,48CX,1,Catalogue of Life,
651,Cosmema auropunctata,Cosmema auropunctata,111548,111568,13.56,2,NO_ANNOT,,,PartialExact,0,"Cosmema Boheman, 1848",Cosmema,urn:lsid:irmng.org:taxname:1395101,181,IRMNG,
652,Dromica,Dromica,111832,111839,3.07,1,NO_ANNOT,,,Exact,0,Dromica,Dromica,48CX,1,Catalogue of Life,
653,Cosmema marginepunctata,Cosmema marginepunctata,111840,111863,14.23,2,NO_ANNOT,,,Exact,0,"Cosmema marginepunctata W.Horn, 1908",Cosmema marginepunctata,YTKJ,1,Catalogue of Life,
654,Notes,Notes,111872,111877,2.52,1,NO_ANNOT,,,Exact,0,Notes,Notes,3950760,168,ION,
655,Dromica,Dromica,112103,112110,3.07,1,NO_ANNOT,,,Exact,0,Dromica,Dromica,48CX,1,Catalogue of Life,
656,Cosmema wellmani,Cosmema wellmani,112111,112127,11.59,2,NO_ANNOT,,,Exact,0,Cosmema wellmani,Cosmema wellmani,3650668,168,ION,
657,Notes,Notes,112136,112141,2.52,1,NO_ANNOT,,,Exact,0,Notes,Notes,3950760,168,ION,
658,Megacephalina.,Megacephalina,112390,112404,3.14,1,NO_ANNOT,,,Exact,0,"Megacephalina Laporte, 1834",Megacephalina,1137674,2,Wikispecies,
659,Megacephala regalis,Megacephala regalis,112409,112428,12.54,2,NO_ANNOT,,,Exact,0,"Megacephala regalis Boheman, 1848",Megacephala regalis,3YQWZ,1,Catalogue of Life,
660,Mantioliora congoensis,Mantioliora congoensis,112582,112604,7.67,2,NO_ANNOT,,,NoMatch,,,,,,,,
661,Cicindela,Cicindela,112799,112808,4.89,1,NO_ANNOT,,,Exact,0,Cicindela,Cicindela,3PTT,1,Catalogue of Life,
662,Cicindela nilotica,Cicindela nilotica,112967,112985,12.15,2,NO_ANNOT,,,Exact,0,"Cicindela nilotica Dejean, 1825",Cicindela nilotica,V9VC,1,Catalogue of Life,
663,C. dongalensis imperatrix,C. dongalensis imperatrix,112995,113020,11.21,3,NO_ANNOT,,,NoMatch,,,,,,,,
664,Cicindela regalis,Cicindela regalis,113064,113081,11.83,2,NO_ANNOT,,,Exact,0,"Cicindela regalis Barsevskis, 1993",Cicindela regalis,5YV37,1,Catalogue of Life,
665,Cicindela cincta,Cicindela cincta,113223,113239,11.07,2,NO_ANNOT,,,Exact,0,"Cicindela (Ropaloteres) cincta G.A.Olivier, 1790",Cicindela cincta,V8FS,1,Catalogue of Life,
