Index,Verbatim,Name,Start,End,OddsLog10,Cardinality,AnnotNomenType,WordsBefore,WordsAfter,VerifMatchType,VerifEditDistance,VerifMatchedName,VerifMatchedCanonical,VerifTaxonId,VerifDataSourceId,VerifDataSourceTitle,VerifError
0,Loma,Loma,3562,3566,3.60,1,NO_ANNOT,,,Exact,0,Loma,Loma,639PF,1,Catalogue of Life,
1,Loma,Loma,4149,4153,3.60,1,NO_ANNOT,,,Exact,0,Loma,Loma,639PF,1,Catalogue of Life,
2,Loma,Loma,4795,4799,3.60,1,NO_ANNOT,,,Exact,0,Loma,Loma,639PF,1,Catalogue of Life,
3,Rica,Rica,6637,6641,1.99,1,NO_ANNOT,,,NoMatch,,,,,,,,
4,Tinamus castaneiceps,Tinamus castaneiceps,6963,6983,11.62,2,NO_ANNOT,,,Exact,0,"Tinamus castaneiceps Salvadori, 1895",Tinamus castaneiceps,7CB79,1,Catalogue of Life,
5,Crypturus soui modestus,Crypturus soui modestus,7022,7045,13.59,3,NO_ANNOT,,,PartialExact,0,Crypturus soui (Hermann ),Crypturus soui,3785241,168,ION,
6,Odontophorus guianensis marmoratus,Odontophorus guianensis marmoratus,7439,7473,19.24,3,NO_ANNOT,,,Exact,0,Odontophorus guianensis marmoratus,Odontophorus guianensis marmoratus,3245704,168,ION,
7,Crax panamensis,Crax panamensis,7778,7793,11.25,2,NO_ANNOT,,,Exact,0,Crax panamensis,Crax panamensis,7659702,179,Open Tree of Life,
8,Penelope cristata,Penelope cristata,7828,7845,9.01,2,NO_ANNOT,,,Exact,0,Penelope cristata,Penelope cristata,15770,183,Sherborn Index Animalium,
9,Ortalis cinereiceps,Ortalis cinereiceps,7873,7892,10.68,2,NO_ANNOT,,,Exact,0,"Ortalis cinereiceps G. R. Gray, 1867",Ortalis cinereiceps,6T9GQ,1,Catalogue of Life,
10,Columba rufina pallidicrissa,Columba rufina pallidicrissa,8065,8093,13.38,3,NO_ANNOT,,,Exact,0,Columba rufina pallidicrissa,Columba rufina pallidicrissa,gn_18260,186,MCZbase,
11,Columba subvinacea subvinacea,Columba subvinacea subvinacea,8123,8152,14.30,3,NO_ANNOT,,,Exact,0,Columba subvinacea subvinacea,Columba subvinacea subvinacea,gn_1192630,170,Arctos,
12,Columba nigrirostris,Columba nigrirostris,8180,8200,10.05,2,NO_ANNOT,,,Exact,0,"Columba nigrirostris P. L. Sclater, 1860",Columba nigrirostris,XBG7,1,Catalogue of Life,
13,Columba speciosa,Columba speciosa,8234,8250,9.80,2,NO_ANNOT,,,Exact,0,"Columba speciosa J. F. Gmelin, 1789",Columba speciosa,XBGV,1,Catalogue of Life,
14,Gmelin.,Gmelin,8251,8258,2.19,1,NO_ANNOT,,,NoMatch,,,,,,,,
15,Chaemepelia ruflpennis,Chaemepelia ruflpennis,8460,8482,7.12,2,NO_ANNOT,,,PartialExact,0,"Chaemepelia Swainson, 1827",Chaemepelia,urn:lsid:irmng.org:taxname:1395061,181,IRMNG,
16,Chaemepelia minuta elaeodes,Chaemepelia minuta elaeodes,8933,8960,14.97,3,NO_ANNOT,,,PartialExact,0,Chaemepelia minuta,Chaemepelia minuta,259525,183,Sherborn Index Animalium,
17,Claravis pretiosa,Claravis pretiosa,9079,9096,10.58,2,NO_ANNOT,,,Exact,0,"Claravis pretiosa (Ferrari-Pérez, 1886)",Claravis pretiosa,VR79,1,Catalogue of Life,
18,Leptotila verreauxi verreauxi,Leptotila verreauxi verreauxi,9282,9311,13.20,3,NO_ANNOT,,,Exact,0,"Leptotila verreauxi verreauxi Bonaparte, 1855",Leptotila verreauxi verreauxi,5JBNB,1,Catalogue of Life,
19,Lsptotila cassini cassini,Lsptotila cassini cassini,9650,9675,8.10,3,NO_ANNOT,,,Fuzzy,1,"Leptotila cassini cassini (Lawrence, 1867)",Leptotila cassini cassini,5JBMD,1,Catalogue of Life,
20,Oreopeleia montana,Oreopeleia montana,10152,10170,8.47,2,NO_ANNOT,,,Exact,0,Oreopeleia montana (Linnaeus 1758),Oreopeleia montana,372363,172,PaleoBioDB,
21,Aramides cajanea,Aramides cajanea,10211,10227,10.96,2,NO_ANNOT,,,Exact,0,"Aramides cajanea (Statius Muller, 1776)",Aramides cajanea,G52D,1,Catalogue of Life,
22,Porzana,Porzana,10971,10978,3.34,1,NO_ANNOT,,,Exact,0,"Porzana Vieillot, 1816",Porzana,6V2X,1,Catalogue of Life,
23,Creciscus,Creciscus,11155,11164,6.17,1,NO_ANNOT,,,Exact,0,"Creciscus Cabanis, 1857",Creciscus,urn:lsid:irmng.org:taxname:1316289,181,IRMNG,
24,Hehornis fulica,Hehornis fulica,11950,11965,5.70,2,NO_ANNOT,,,NoMatch,,,,,,,,
25,Colymbus dominicus brachyrhynchus,Colymbus dominicus brachyrhynchus,12272,12305,15.94,3,NO_ANNOT,,,Exact,0,"Colymbus dominicus brachyrhynchus Chapman, 1899",Colymbus dominicus brachyrhynchus,5GKGK,1,Catalogue of Life,
26,Hydrochelidon nigra surinamensis,Hydrochelidon nigra surinamensis,12341,12373,15.78,3,NO_ANNOT,,,Exact,0,Hydrochelidon nigra surinamensis,Hydrochelidon nigra surinamensis,3697884,168,ION,
27,Gmelin.,Gmelin,12374,12381,2.19,1,NO_ANNOT,,,NoMatch,,,,,,,,
28,Aegialitis semipalmata,Aegialitis semipalmata,12746,12768,14.30,2,NO_ANNOT,,,Exact,0,Aegialitis semipalmata,Aegialitis semipalmata,141760986,164,BioLib.cz,
29,Aegialitis,Aegialitis,13074,13084,5.98,1,NO_ANNOT,,,Exact,0,Aegialitis R. Br.,Aegialitis,PHR,1,Catalogue of Life,
30,Oxyechus vociferus vociferus,Oxyechus vociferus vociferus,13124,13152,16.12,3,NO_ANNOT,,,Exact,0,Oxyechus vociferus vociferus Linne.,Oxyechus vociferus vociferus,gn_9562,186,MCZbase,
31,Himantopus mexicanus,Himantopus mexicanus,13230,13250,13.31,2,NO_ANNOT,,,Exact,0,"Himantopus mexicanus (Statius Muller, 1776)",Himantopus mexicanus,6LWTY,1,Catalogue of Life,
32,Numenius hudsonicus,Numenius hudsonicus,13453,13472,12.09,2,NO_ANNOT,,,Exact,0,"Numenius hudsonicus Latham, 1790",Numenius hudsonicus,1420913,2,Wikispecies,
33,Macrorhamphus griseus griseus,Macrorhamphus griseus griseus,13686,13715,16.67,3,NO_ANNOT,,,Exact,0,Macrorhamphus griseus griseus Gmel.,Macrorhamphus griseus griseus,gn_25013,186,MCZbase,
34,Gmelin.,Gmelin,13716,13723,2.19,1,NO_ANNOT,,,NoMatch,,,,,,,,
35,Tetanus melanoleucus,Tetanus melanoleucus,13739,13759,4.81,2,NO_ANNOT,,,Fuzzy,1,"Totanus melanoleucus (Gmelin, 1789)",Totanus melanoleucus,urn:lsid:marinespecies.org:taxname:1457359,9,WoRMS,
36,Gmelin.,Gmelin,13760,13767,2.19,1,NO_ANNOT,,,NoMatch,,,,,,,,
37,Totanus flavipes,Totanus flavipes,13792,13808,11.47,2,NO_ANNOT,,,Exact,0,Totanus flavipes (Gmelin 1789),Totanus flavipes,369110,172,PaleoBioDB,
38,Gmelin.,Gmelin,13809,13816,2.19,1,NO_ANNOT,,,NoMatch,,,,,,,,
39,Helodromas solitarius solitarius,Helodromas solitarius solitarius,14081,14113,16.10,3,NO_ANNOT,,,PartialExact,0,Helodromas solitarius,Helodromas solitarius,3577098,168,ION,
40,Actitis macularia,Actitis macularia,14349,14366,11.60,2,NO_ANNOT,,,Exact,0,"Actitis macularia (Linnaeus, 1766)",Actitis macularia,652TG,1,Catalogue of Life,
41,Bartramia longicauda,Bartramia longicauda,14667,14687,10.85,2,NO_ANNOT,,,Exact,0,"Bartramia longicauda (Bechstein, 1812)",Bartramia longicauda,KSTS,1,Catalogue of Life,
42,Ereunetes pusillus,Ereunetes pusillus,14838,14856,10.35,2,NO_ANNOT,,,Exact,0,"Ereunetes pusillus (Linnaeus, 1766)",Ereunetes pusillus,urn:lsid:marinespecies.org:taxname:1453495,9,WoRMS,
43,Pisohia minutilla,Pisohia minutilla,14988,15005,4.81,2,NO_ANNOT,,,Fuzzy,1,"Pisobia minutilla (Vieillot, 1819)",Pisobia minutilla,urn:lsid:marinespecies.org:taxname:1457463,9,WoRMS,
44,Tryngites subruficollis,Tryngites subruficollis,15024,15047,11.03,2,NO_ANNOT,,,Exact,0,"Tryngites subruficollis (Vieillot, 1819)",Tryngites subruficollis,59F69,1,Catalogue of Life,
45,Pisobia minutilla,Pisobia minutilla,15197,15214,10.57,2,NO_ANNOT,,,Exact,0,"Pisobia minutilla (Vieillot, 1819)",Pisobia minutilla,urn:lsid:marinespecies.org:taxname:1457463,9,WoRMS,
46,Pisobia maculata,Pisobia maculata,15431,15447,11.19,2,NO_ANNOT,,,Exact,0,Pisobia maculata Vieill.,Pisobia maculata,gn_5311,186,MCZbase,
47,Pisobia fuscicollis,Pisobia fuscicollis,15598,15617,11.17,2,NO_ANNOT,,,Exact,0,Pisobia fuscicollis Vieill.,Pisobia fuscicollis,gn_24494,186,MCZbase,
48,Gallinago delicata,Gallinago delicata,15655,15673,11.01,2,NO_ANNOT,,,Exact,0,"Gallinago delicata (Ord, 1825)",Gallinago delicata,3F6V8,1,Catalogue of Life,
49,Jacana nigra,Jacana nigra,15851,15863,7.84,2,NO_ANNOT,,,Exact,0,Jacana nigra,Jacana nigra,271135,183,Sherborn Index Animalium,
50,Gmelin.,Gmelin,15864,15871,2.19,1,NO_ANNOT,,,NoMatch,,,,,,,,
51,Jacana.,Jacana,15878,15885,3.05,1,NO_ANNOT,,,Exact,0,"Jacana Brisson, 1760",Jacana,563D,1,Catalogue of Life,
52,Jacana melanopygia,Jacana melanopygia,16334,16352,8.88,2,NO_ANNOT,,,PartialExact,0,"Jacana Brisson, 1760",Jacana,563D,1,Catalogue of Life,
53,Jacana.,Jacana,16374,16381,3.05,1,NO_ANNOT,,,Exact,0,"Jacana Brisson, 1760",Jacana,563D,1,Catalogue of Life,
54,Eurypyga major,Eurypyga major,16397,16411,5.04,2,NO_ANNOT,,,Exact,0,"Eurypyga major Hartlaub, 1844",Eurypyga major,3D6HH,1,Catalogue of Life,
55,Harpiprion cayennensis,Harpiprion cayennensis,16455,16477,11.04,2,NO_ANNOT,,,Exact,0,Harpiprion cayennensis,Harpiprion cayennensis,3481006,168,ION,
56,Gmelin.,Gmelin,16478,16485,2.19,1,NO_ANNOT,,,NoMatch,,,,,,,,
57,Mycteria americana,Mycteria americana,16516,16534,8.28,2,NO_ANNOT,,,Exact,0,"Mycteria americana Linnaeus, 1758",Mycteria americana,44ZJ8,1,Catalogue of Life,
58,Ardea herodias lessonii,Ardea herodias lessonii,16568,16591,11.77,3,NO_ANNOT,,,Fuzzy,1,Ardea herodias lessoni Wagler 1831,Ardea herodias lessoni,98378624,169,uBio NameBank,
59,Egretta candidissima,Egretta candidissima,16622,16642,11.47,2,NO_ANNOT,,,Exact,0,Egretta candidissima,Egretta candidissima,103052,183,Sherborn Index Animalium,
60,Gmelin.,Gmelin,16643,16650,2.19,1,NO_ANNOT,,,NoMatch,,,,,,,,
61,Herodias egretta,Herodias egretta,16668,16684,8.71,2,NO_ANNOT,,,Exact,0,Herodias egretta (Gmelin 1789),Herodias egretta,368957,172,PaleoBioDB,
62,Gmelin.,Gmelin,16685,16692,2.19,1,NO_ANNOT,,,NoMatch,,,,,,,,
63,Florida caerulea,Florida caerulea,16713,16729,7.84,2,NO_ANNOT,,,Exact,0,"Florida caerulea (Linnaeus, 1758)",Florida caerulea,6J9LD,1,Catalogue of Life,
64,Hydranassa tricolor,Hydranassa tricolor,17035,17054,8.02,2,NO_ANNOT,,,Exact,0,"Hydranassa tricolor (Statius Muller, 1776)",Hydranassa tricolor,3N498,1,Catalogue of Life,
65,Nycticorax nycticorax naevius,Nycticorax nycticorax naevius,17230,17259,16.06,3,NO_ANNOT,,,Exact,0,Nycticorax nycticorax naevius Bodd.,Nycticorax nycticorax naevius,gn_102993,186,MCZbase,
66,Cochlearius zeledoni,Cochlearius zeledoni,17442,17462,11.87,2,NO_ANNOT,,,Exact,0,Cochlearius zeledoni,Cochlearius zeledoni,93788686,169,uBio NameBank,
67,Pilherodius pileatus,Pilherodius pileatus,17496,17516,12.83,2,NO_ANNOT,,,Exact,0,"Pilherodius pileatus (Boddaert, 1783)",Pilherodius pileatus,4HTLP,1,Catalogue of Life,
68,Butorides striata,Butorides striata,17545,17562,12.47,2,NO_ANNOT,,,Exact,0,"Butorides striata (Linnaeus, 1758)",Butorides striata,NZ6J,1,Catalogue of Life,
69,Butorides virescens hypernotius,Butorides virescens hypernotius,17724,17755,17.02,3,NO_ANNOT,,,Fuzzy,1,Butorides virescens hypernothius,Butorides virescens hypernothius,3156008,168,ION,
70,Tigrisoma lineatum,Tigrisoma lineatum,17921,17939,12.34,2,NO_ANNOT,,,Exact,0,"Tigrisoma lineatum (Boddaert, 1783)",Tigrisoma lineatum,56W67,1,Catalogue of Life,
71,Tigrisoma cabanisi,Tigrisoma cabanisi,17969,17987,10.53,2,NO_ANNOT,,,Exact,0,Tigrisoma cabanisi,Tigrisoma cabanisi,7662760,179,Open Tree of Life,
72,Ixobrychus exilis,Ixobrychus exilis,18023,18040,11.65,2,NO_ANNOT,,,Exact,0,"Ixobrychus exilis (Gmelin, 1789)",Ixobrychus exilis,3QFV8,1,Catalogue of Life,
73,Gmelin.,Gmelin,18041,18048,2.19,1,NO_ANNOT,,,NoMatch,,,,,,,,
74,Botaurus lentiginosus,Botaurus lentiginosus,18200,18221,12.68,2,NO_ANNOT,,,Exact,0,"Botaurus lentiginosus (Rackett, 1813)",Botaurus lentiginosus,MMYJ,1,Catalogue of Life,
75,Cairina moschata,Cairina moschata,18263,18279,11.46,2,NO_ANNOT,,,Exact,0,"Cairina moschata (Linnaeus, 1758)",Cairina moschata,PBGT,1,Catalogue of Life,
76,Dendrocygna autumnalis,Dendrocygna autumnalis,18308,18330,10.32,2,NO_ANNOT,,,Exact,0,"Dendrocygna autumnalis (Linnaeus, 1758)",Dendrocygna autumnalis,34Q2Z,1,Catalogue of Life,
77,Anas platyrhynchos,Anas platyrhynchos,18369,18387,8.74,2,NO_ANNOT,,,Exact,0,"Anas platyrhynchos Linnaeus, 1758",Anas platyrhynchos,DGP6,1,Catalogue of Life,
78,Dafila acuta,Dafila acuta,18411,18423,8.79,2,NO_ANNOT,,,Exact,0,"Dafila acuta (Linnaeus, 1758)",Dafila acuta,urn:lsid:marinespecies.org:taxname:1459957,9,WoRMS,
79,Querquedula discors,Querquedula discors,18447,18466,9.27,2,NO_ANNOT,,,Exact,0,Querquedula discors (Linnaeus 1766),Querquedula discors,368712,172,PaleoBioDB,
80,Marila,Marila,18720,18726,3.45,1,NO_ANNOT,,,Exact,0,Marila Sw.,Marila,5LD6,1,Catalogue of Life,
81,Phalacrocorax vigua vigua,Phalacrocorax vigua vigua,18936,18961,13.99,3,NO_ANNOT,,,PartialExact,0,"Phalacrocorax vigua (Vieillot, 1817)",Phalacrocorax vigua,urn:lsid:marinespecies.org:taxname:1435562,9,WoRMS,
82,Sula leucogastra,Sula leucogastra,19131,19147,9.58,2,NO_ANNOT,,,Exact,0,Sula leucogastra,Sula leucogastra,230967,183,Sherborn Index Animalium,
83,Pelecanus occidentalis,Pelecanus occidentalis,19370,19392,13.38,2,NO_ANNOT,,,Exact,0,"Pelecanus occidentalis Linnaeus, 1766",Pelecanus occidentalis,6TZ8G,1,Catalogue of Life,
84,Fregata minor palmerstoni,Fregata minor palmerstoni,19432,19457,10.10,3,NO_ANNOT,,,Exact,0,"Fregata minor palmerstoni (Gmelin, 1789)",Fregata minor palmerstoni,5HDH5,1,Catalogue of Life,
85,Gmelin,Gmelin,19458,19464,2.19,1,NO_ANNOT,,,NoMatch,,,,,,,,
86,Gypagus papa,Gypagus papa,19503,19515,4.58,2,NO_ANNOT,,,Exact,0,Gypagus papa,Gypagus papa,292539,183,Sherborn Index Animalium,
87,Cathartes aura aura,Cathartes aura aura,19544,19563,3.32,3,NO_ANNOT,,,Exact,0,"Cathartes aura aura (Linnaeus, 1758)",Cathartes aura aura,5G9L4,1,Catalogue of Life,
88,Catharista urubu,Catharista urubu,19594,19610,7.53,2,NO_ANNOT,,,Exact,0,Catharista urubu,Catharista urubu,396892,183,Sherborn Index Animalium,
89,Ibycter americanus,Ibycter americanus,19650,19668,10.47,2,NO_ANNOT,,,Exact,0,"Ibycter americanus (Boddaert, 1783)",Ibycter americanus,3P8D3,1,Catalogue of Life,
90,Milvago chimachima,Milvago chimachima,19857,19875,9.68,2,NO_ANNOT,,,Exact,0,"Milvago chimachima (Vieillot, 1816)",Milvago chimachima,43DZ8,1,Catalogue of Life,
91,Circus hudsonius,Circus hudsonius,19913,19929,11.08,2,NO_ANNOT,,,Exact,0,"Circus hudsonius (Linnaeus, 1766)",Circus hudsonius,844019,2,Wikispecies,
92,Micrastur melanoleucus,Micrastur melanoleucus,20164,20186,11.47,2,NO_ANNOT,,,Exact,0,Micrastur melanoleucus,Micrastur melanoleucus,7659535,179,Open Tree of Life,
93,Micrastur mirandollei,Micrastur mirandollei,20223,20244,10.69,2,NO_ANNOT,,,Exact,0,"Micrastur mirandollei (Schlegel, 1862)",Micrastur mirandollei,73G9C,1,Catalogue of Life,
94,Micrastur guerilla interstes,Micrastur guerilla interstes,20259,20287,13.49,3,NO_ANNOT,,,PartialExact,0,Micrastur interstes,Micrastur interstes,gn_14976,186,MCZbase,
95,Geranospizias niger,Geranospizias niger,21023,21042,6.75,2,NO_ANNOT,,,PartialExact,0,"Geranospizias Sundevall, 1873",Geranospizias,urn:lsid:irmng.org:taxname:1126459,181,IRMNG,
96,Accipiter collaris,Accipiter collaris,21075,21093,9.23,2,NO_ANNOT,,,Exact,0,"Accipiter collaris P. L. Sclater, 1860",Accipiter collaris,64G76,1,Catalogue of Life,
97,Kaup.,Kaup,21094,21099,0.47,1,NO_ANNOT,,,Exact,0,Oileus (Kaup) Kaup 1869,Kaup,1105544,2,Wikispecies,
98,Accipiter bicolor,Accipiter bicolor,21123,21140,8.57,2,NO_ANNOT,,,Exact,0,"Accipiter bicolor (Vieillot, 1817)",Accipiter bicolor,64G6T,1,Catalogue of Life,
99,Accipiter velox,Accipiter velox,21172,21187,6.10,2,NO_ANNOT,,,Exact,0,Accipiter velox (Wilson 1812),Accipiter velox,369173,172,PaleoBioDB,
100,Buteo platypterus,Buteo platypterus,21219,21236,10.52,2,NO_ANNOT,,,Exact,0,"Buteo platypterus (Vieillot, 1823)",Buteo platypterus,NYVJ,1,Catalogue of Life,
101,Buteo swainsoni,Buteo swainsoni,21521,21536,9.89,2,NO_ANNOT,,,Exact,0,"Buteo swainsoni Bonaparte, 1838",Buteo swainsoni,NYVT,1,Catalogue of Life,
102,Asturina nitida,Asturina nitida,21773,21788,10.34,2,NO_ANNOT,,,Exact,0,"Asturina nitida (Latham, 1790)",Asturina nitida,J5NX,1,Catalogue of Life,
103,Rupornis magnirostris ruficauda,Rupornis magnirostris ruficauda,22668,22699,17.24,3,NO_ANNOT,,,Fuzzy,2,"Rupornis magnirostris ruficaudus (P. L. Sclater & Salvin, 1869)",Rupornis magnirostris ruficaudus,5KYJV,1,Catalogue of Life,
104,Busarellus nigricollis,Busarellus nigricollis,22874,22896,13.81,2,NO_ANNOT,,,Exact,0,"Busarellus nigricollis (Latham, 1790)",Busarellus nigricollis,5X5SN,1,Catalogue of Life,
105,Urubitinga urubitinga,Urubitinga urubitinga,22929,22950,11.38,2,NO_ANNOT,,,Exact,0,Urubitinga urubitinga,Urubitinga urubitinga,396890,183,Sherborn Index Animalium,
106,Gmelin.,Gmelin,22951,22958,2.19,1,NO_ANNOT,,,NoMatch,,,,,,,,
107,Urubitinga anthracina,Urubitinga anthracina,22980,23001,12.65,2,NO_ANNOT,,,Exact,0,Urubitinga anthracina,Urubitinga anthracina,3638713,168,ION,
108,Nitzsch.,Nitzsch,23002,23010,3.17,1,NO_ANNOT,,,NoMatch,,,,,,,,
109,Leucopternis semiplumbea,Leucopternis semiplumbea,23193,23217,11.76,2,NO_ANNOT,,,Exact,0,"Leucopternis semiplumbea Lawrence, 1861",Leucopternis semiplumbea,6Q5XL,1,Catalogue of Life,
110,Leucopternis ghiesbreghti,Leucopternis ghiesbreghti,23252,23277,10.96,2,NO_ANNOT,,,Exact,0,Leucopternis ghiesbreghti,Leucopternis ghiesbreghti,7658584,179,Open Tree of Life,
111,Morphnus guianensis,Morphnus guianensis,23671,23690,13.21,2,NO_ANNOT,,,Exact,0,"Morphnus guianensis (Daudin, 1800)",Morphnus guianensis,6S2SK,1,Catalogue of Life,
112,Thrasaetus harpyia,Thrasaetus harpyia,23725,23743,9.97,2,NO_ANNOT,,,Exact,0,Thrasaetus harpyia,Thrasaetus harpyia,3031005,168,ION,
113,Spiziastur melanoleucus,Spiziastur melanoleucus,23771,23794,11.63,2,NO_ANNOT,,,Fuzzy,1,"Spizastur melanoleucus (Vieillot, 1816)",Spizastur melanoleucus,6ZCJ4,1,Catalogue of Life,
114,Spizaetus ornatus,Spizaetus ornatus,23832,23849,12.81,2,NO_ANNOT,,,Exact,0,"Spizaetus ornatus (Daudin, 1800)",Spizaetus ornatus,4Z99Z,1,Catalogue of Life,
115,Spizaetus tjrrannus,Spizaetus tjrrannus,23885,23904,7.67,2,NO_ANNOT,,,PartialExact,0,"Spizaetus Vieillot, 1816",Spizaetus,7LG4,1,Catalogue of Life,
116,Harpagus bidentatus,Harpagus bidentatus,24043,24062,13.25,2,NO_ANNOT,,,Exact,0,"Harpagus bidentatus (Latham, 1790)",Harpagus bidentatus,6LBXL,1,Catalogue of Life,
117,Herpetotheres cachinnans,Herpetotheres cachinnans,24206,24230,10.17,2,NO_ANNOT,,,Exact,0,"Herpetotheres cachinnans (Linnaeus, 1758)",Herpetotheres cachinnans,6M3KJ,1,Catalogue of Life,
118,Elanoides forficatus,Elanoides forficatus,24261,24281,12.76,2,NO_ANNOT,,,Exact,0,"Elanoides forficatus (Linnaeus, 1758)",Elanoides forficatus,38YHZ,1,Catalogue of Life,
119,Leptodon uncinatus,Leptodon uncinatus,24317,24335,11.73,2,NO_ANNOT,,,PartialExact,0,"Leptodon Sundevall, 1836",Leptodon,5D22,1,Catalogue of Life,
120,Ictinea plumbea,Ictinea plumbea,24368,24383,9.82,2,NO_ANNOT,,,Fuzzy,1,"Ictinia plumbea (Gmelin, 1788)",Ictinia plumbea,3PBB8,1,Catalogue of Life,
121,Gmelin.,Gmelin,24384,24391,2.19,1,NO_ANNOT,,,NoMatch,,,,,,,,
122,Falco columbarius,Falco columbarius,24413,24430,10.85,2,NO_ANNOT,,,Exact,0,"Falco columbarius Linnaeus, 1758",Falco columbarius,3DTFW,1,Catalogue of Life,
123,Falco albigularis,Falco albigularis,24459,24476,11.09,2,NO_ANNOT,,,Exact,0,Falco albigularis,Falco albigularis,2123,183,Sherborn Index Animalium,
124,Cerchneis sparveria sparveria,Cerchneis sparveria sparveria,24638,24667,16.04,3,NO_ANNOT,,,Exact,0,Cerchneis sparveria sparveria,Cerchneis sparveria sparveria,54416811,12,EOL,
125,Pandion haliaetus carolinensis,Pandion haliaetus carolinensis,24789,24819,16.43,3,NO_ANNOT,,,Exact,0,"Pandion haliaetus carolinensis (Gmelin, 1788)",Pandion haliaetus carolinensis,5K5GV,1,Catalogue of Life,
126,Gmelin.,Gmelin,24820,24827,2.19,1,NO_ANNOT,,,NoMatch,,,,,,,,
127,Tyto perlata guatemalae,Tyto perlata guatemalae,24852,24875,14.51,3,NO_ANNOT,,,PartialExact,0,"Tyto Billberg, 1828",Tyto,6488W,1,Catalogue of Life,
128,Rhinoptynx clamator,Rhinoptynx clamator,25103,25122,9.85,2,NO_ANNOT,,,Exact,0,"Rhinoptynx clamator (Vieillot, 1808)",Rhinoptynx clamator,4S9RX,1,Catalogue of Life,
129,Otus choliba,Otus choliba,25157,25169,8.30,2,NO_ANNOT,,,Exact,0,"Otus choliba (Vieillot, 1817)",Otus choliba,4B8GQ,1,Catalogue of Life,
130,Otus vermiculatus,Otus vermiculatus,25206,25223,11.99,2,NO_ANNOT,,,Exact,0,"Otus vermiculatus (Ridgway, 1887)",Otus vermiculatus,4B8JX,1,Catalogue of Life,
131,Pulsatrix perspicillata perspicillata,Pulsatrix perspicillata perspicillata,25264,25301,19.63,3,NO_ANNOT,,,Exact,0,"Pulsatrix perspicillata perspicillata (Latham, 1790)",Pulsatrix perspicillata perspicillata,7L287,1,Catalogue of Life,
132,Ciccaba nigrolineata nigrolineata,Ciccaba nigrolineata nigrolineata,25331,25364,18.65,3,NO_ANNOT,,,PartialExact,0,"Ciccaba nigrolineata P. L. Sclater, 1859",Ciccaba nigrolineata,V7FT,1,Catalogue of Life,
133,Ciccaba virgata virgata,Ciccaba virgata virgata,25400,25423,17.31,3,NO_ANNOT,,,Exact,0,"Ciccaba virgata virgata (Cassin, 1849)",Ciccaba virgata virgata,7JL7G,1,Catalogue of Life,
134,Ara macao,Ara macao,25462,25471,3.90,2,NO_ANNOT,,,Exact,0,"Ara macao (Linnaeus, 1758)",Ara macao,G22D,1,Catalogue of Life,
135,Ara chloroptera,Ara chloroptera,25561,25576,7.31,2,NO_ANNOT,,,Exact,0,"Ara chloroptera G. R. Gray, 1859",Ara chloroptera,5W2FS,1,Catalogue of Life,
136,Ara ambigua,Ara ambigua,25614,25625,5.49,2,NO_ANNOT,,,Exact,0,"Ara ambigua (Bechstein, 1811)",Ara ambigua,G225,1,Catalogue of Life,
137,Ara severa,Ara severa,25658,25668,6.24,2,NO_ANNOT,,,Exact,0,"Ara severa (Linnaeus, 1758)",Ara severa,G22L,1,Catalogue of Life,
138,Eupsittula ocularis,Eupsittula ocularis,25698,25717,12.25,2,NO_ANNOT,,,PartialExact,0,"Eupsittula Bonaparte, 1853",Eupsittula,749512,2,Wikispecies,
139,Pyrilia haematotis coccinicollaris,Pyrilia haematotis coccinicollaris,25758,25792,17.30,3,NO_ANNOT,,,Exact,0,Pyrilia haematotis coccinicollaris Lawrence 1862,Pyrilia haematotis coccinicollaris,gn_8790,189,Howard & Moore Birds of the World,
140,Amazona autumnalis salvini,Amazona autumnalis salvini,25829,25855,15.18,3,NO_ANNOT,,,Exact,0,"Amazona autumnalis salvini (Salvadori, 1891)",Amazona autumnalis salvini,7J8NZ,1,Catalogue of Life,
141,Amazona ochrocephalus panamensis,Amazona ochrocephalus panamensis,25888,25920,17.17,3,NO_ANNOT,,,Fuzzy,2,"Amazona ochrocephala panamensis (Cabanis, 1874)",Amazona ochrocephala panamensis,7J8MV,1,Catalogue of Life,
142,Amazona farinosa inornata,Amazona farinosa inornata,25950,25975,16.69,3,NO_ANNOT,,,Exact,0,Amazona farinosa inornata,Amazona farinosa inornata,1077164,179,Open Tree of Life,
143,Pionus menstruus,Pionus menstruus,26378,26394,11.00,2,NO_ANNOT,,,Exact,0,"Pionus menstruus (Linnaeus, 1766)",Pionus menstruus,4J2VN,1,Catalogue of Life,
144,Brotogeris,Brotogeris,26598,26608,5.22,1,NO_ANNOT,,,Exact,0,"Brotogeris Vigors, 1825",Brotogeris,3DDQ,1,Catalogue of Life,
145,Streptoceryle torquata torquata,Streptoceryle torquata torquata,26820,26851,18.81,3,NO_ANNOT,,,PartialExact,0,Streptoceryle torquata,Streptoceryle torquata,3578232,168,ION,
146,Streptoceryle alcyon alcyon,Streptoceryle alcyon alcyon,27152,27179,12.25,3,NO_ANNOT,,,PartialExact,0,Streptoceryle alcyon,Streptoceryle alcyon,urn:lsid:marinespecies.org:taxname:1482018,9,WoRMS,
147,Chloroceryle amazona,Chloroceryle amazona,27316,27336,10.81,2,NO_ANNOT,,,Exact,0,"Chloroceryle amazona (Latham, 1790)",Chloroceryle amazona,5XW97,1,Catalogue of Life,
148,Chloroceryle americana isthmica,Chloroceryle americana isthmica,27483,27514,14.33,3,NO_ANNOT,,,Exact,0,Chloroceryle americana isthmica,Chloroceryle americana isthmica,gn_161259,186,MCZbase,
149,Chloroceryle inda,Chloroceryle inda,27714,27731,9.84,2,NO_ANNOT,,,Exact,0,"Chloroceryle inda (Linnaeus, 1766)",Chloroceryle inda,5XVX7,1,Catalogue of Life,
150,Chloroceryle aenea aenea,Chloroceryle aenea aenea,27776,27800,14.20,3,NO_ANNOT,,,Exact,0,"Chloroceryle aenea aenea (Pallas, 1764)",Chloroceryle aenea aenea,7JLSL,1,Catalogue of Life,
151,Urospatha martii semirufa,Urospatha martii semirufa,27940,27965,15.30,3,NO_ANNOT,,,Exact,0,Urospatha martii semirufa,Urospatha martii semirufa,4292719,168,ION,
152,Momotus subrufescens conexus,Momotus subrufescens conexus,28110,28138,13.87,3,NO_ANNOT,,,Exact,0,Momotus subrufescens conexus,Momotus subrufescens conexus,gn_1361373,170,Arctos,
153,Electron platyrhynchus minor,Electron platyrhynchus minor,28255,28283,6.61,3,NO_ANNOT,,,Exact,0,Electron platyrhynchus minor,Electron platyrhynchus minor,54412832,12,EOL,
154,Hylomanes momotula obscurus,Hylomanes momotula obscurus,28430,28457,14.49,3,NO_ANNOT,,,Exact,0,"Hylomanes momotula obscurus Nelson, 1911",Hylomanes momotula obscurus,5J2D3,1,Catalogue of Life,
155,Nyctibius griseus panamensis,Nyctibius griseus panamensis,28502,28530,17.62,3,NO_ANNOT,,,Exact,0,"Nyctibius griseus panamensis Ridgway, 1912",Nyctibius griseus panamensis,5JXL2,1,Catalogue of Life,
156,Nyctibius grandis,Nyctibius grandis,28637,28654,11.35,2,NO_ANNOT,,,Exact,0,"Nyctibius grandis (J. F. Gmelin, 1789)",Nyctibius grandis,485H5,1,Catalogue of Life,
157,Gmelin.,Gmelin,28655,28662,2.19,1,NO_ANNOT,,,NoMatch,,,,,,,,
158,Nyctidrotnus albicollis albicollis,Nyctidrotnus albicollis albicollis,28694,28728,13.13,3,NO_ANNOT,,,NoMatch,,,,,,,,
159,Gmelin.,Gmelin,28729,28736,2.19,1,NO_ANNOT,,,NoMatch,,,,,,,,
160,Stenopsis cayennensis albicauda,Stenopsis cayennensis albicauda,29059,29090,17.33,3,NO_ANNOT,,,PartialExact,0,"Stenopsis albicauda Lawrence, 1875",Stenopsis albicauda,5244N,1,Catalogue of Life,
161,Stenopsis.,Stenopsis,29113,29123,4.94,1,NO_ANNOT,,,Exact,0,"Stenopsis Hampson, 1913",Stenopsis,urn:lsid:irmng.org:taxname:1386819,181,IRMNG,
162,Antrostomus rufus rufus,Antrostomus rufus rufus,29129,29152,11.59,3,NO_ANNOT,,,Exact,0,"Antrostomus rufus rufus (Boddaert, 1783)",Antrostomus rufus rufus,5FP6L,1,Catalogue of Life,
163,Chordeiles virginianus virginianus,Chordeiles virginianus virginianus,29187,29221,16.91,3,NO_ANNOT,,,Exact,0,Chordeiles virginianus virginianus,Chordeiles virginianus virginianus,54417215,12,EOL,
164,Gmelin.,Gmelin,29222,29229,2.19,1,NO_ANNOT,,,NoMatch,,,,,,,,
165,Chordeiles acutipennis texensis,Chordeiles acutipennis texensis,29333,29364,16.78,3,NO_ANNOT,,,Exact,0,"Chordeiles acutipennis texensis Lawrence, 1857",Chordeiles acutipennis texensis,5GFCT,1,Catalogue of Life,
166,Chaetura cinereiventris fumosa,Chaetura cinereiventris fumosa,29449,29479,17.79,3,NO_ANNOT,,,PartialExact,0,"Chaetura fumosa Salvin, 1870",Chaetura fumosa,TF35,1,Catalogue of Life,
167,Chaetura chapmani,Chaetura chapmani,29639,29656,11.56,2,NO_ANNOT,,,Exact,0,"Chaetura chapmani Hellmayr, 1907",Chaetura chapmani,TF32,1,Catalogue of Life,
168,C. cinereicauda,C. cinereicauda,30044,30059,5.94,2,NO_ANNOT,,,NoMatch,,,,,,,,
169,C. chapmani,C. chapmani,30371,30382,5.92,2,NO_ANNOT,,,NoMatch,,,,,,,,
170,Threnetes ruckeri,Threnetes ruckeri,30662,30679,10.38,2,NO_ANNOT,,,Exact,0,"Threnetes ruckeri (Bourcier, 1847)",Threnetes ruckeri,56LPL,1,Catalogue of Life,
171,Glaucis hirsuta affinis,Glaucis hirsuta affinis,30933,30956,15.02,3,NO_ANNOT,,,Exact,0,Glaucis hirsuta affinis,Glaucis hirsuta affinis,gn_160434,186,MCZbase,
172,Phoethornis adolphi saturatus,Phoethornis adolphi saturatus,31362,31391,16.25,3,NO_ANNOT,,,Exact,0,Phoethornis adolphi saturatus,Phoethornis adolphi saturatus,3578430,168,ION,
173,Phoethornis longirostris cephalus,Phoethornis longirostris cephalus,32497,32530,17.69,3,NO_ANNOT,,,Fuzzy,1,"Phaethornis longirostris cephalus (Bourcier & Mulsant, 1848)",Phaethornis longirostris cephalus,7KK6P,1,Catalogue of Life,
174,Phaeochroa cuvieri cuvieri,Phaeochroa cuvieri cuvieri,33071,33097,16.38,3,NO_ANNOT,,,PartialExact,0,Phaeochroa cuvieri,Phaeochroa cuvieri,null,163,IUCN Red List of Threatened Species,
175,Florisuga mellivora,Florisuga mellivora,33241,33260,10.90,2,NO_ANNOT,,,Exact,0,"Florisuga mellivora (Linnaeus, 1758)",Florisuga mellivora,6J9MJ,1,Catalogue of Life,
176,Polyerata amabilis,Polyerata amabilis,33489,33507,11.87,2,NO_ANNOT,,,Exact,0,"Polyerata amabilis (Gould, 1853)",Polyerata amabilis,gn_1139,185,IOC World Bird List,
177,Lepidopyga caeruleogularis,Lepidopyga caeruleogularis,33692,33718,12.68,2,NO_ANNOT,,,Exact,0,Lepidopyga caeruleogularis,Lepidopyga caeruleogularis,98908745,169,uBio NameBank,
178,Saucerottia edwardi,Saucerottia edwardi,33966,33985,11.33,2,NO_ANNOT,,,Fuzzy,1,"Saucerottia edward (Delattre & Bourcier, 1846)",Saucerottia edward,gn_1110,185,IOC World Bird List,
179,Saucerottia niveoventer,Saucerottia niveoventer,34167,34190,10.53,2,NO_ANNOT,,,PartialExact,0,"Saucerottia Bonaparte, 1850",Saucerottia,8520,2,Wikispecies,
180,Amazilia tzacatl tzacatl,Amazilia tzacatl tzacatl,34230,34254,11.80,3,NO_ANNOT,,,Exact,0,"Amazilia tzacatl tzacatl (De la Llave, 1833)",Amazilia tzacatl tzacatl,5FJTL,1,Catalogue of Life,
181,Amazilia,Amazilia,34911,34919,4.39,1,NO_ANNOT,,,Exact,0,"Amazilia Lesson, 1843",Amazilia,TBX,1,Catalogue of Life,
182,Amizilis,Amizilis,34982,34990,4.12,1,NO_ANNOT,,,Exact,0,"Amizilis Gray, 1840",Amizilis,urn:lsid:irmng.org:taxname:1142611,181,IRMNG,
183,Amizilis,Amizilis,35371,35379,4.12,1,NO_ANNOT,,,Exact,0,"Amizilis Gray, 1840",Amizilis,urn:lsid:irmng.org:taxname:1142611,181,IRMNG,
184,A. latirostris,A. latirostris,35522,35536,7.33,2,NO_ANNOT,,,NoMatch,,,,,,,,
185,Orthorhynchus,Orthorhynchus,35610,35623,5.44,1,NO_ANNOT,,,Exact,0,Orthorhynchus,Orthorhynchus,63GW9,1,Catalogue of Life,
186,Cynanthus latirostris,Cynanthus latirostris,36292,36313,12.48,2,NO_ANNOT,,,Exact,0,"Cynanthus latirostris Swainson, 1827",Cynanthus latirostris,6C72D,1,Catalogue of Life,
187,Orthorhynchus,Orthorhynchus,36350,36363,5.44,1,NO_ANNOT,,,Exact,0,Orthorhynchus,Orthorhynchus,63GW9,1,Catalogue of Life,
188,C. latirostris,C. latirostris,36449,36463,7.33,2,NO_ANNOT,,,NoMatch,,,,,,,,
189,Amizilis,Amizilis,36484,36492,4.12,1,NO_ANNOT,,,Exact,0,"Amizilis Gray, 1840",Amizilis,urn:lsid:irmng.org:taxname:1142611,181,IRMNG,
190,Cynanthus,Cynanthus,36540,36549,4.82,1,NO_ANNOT,,,Exact,0,"Cynanthus Swainson, 1827",Cynanthus,3YJF,1,Catalogue of Life,
191,Amazilia,Amazilia,36565,36573,4.39,1,NO_ANNOT,,,Exact,0,"Amazilia Lesson, 1843",Amazilia,TBX,1,Catalogue of Life,
192,Ornismia cinnamomea,Ornismia cinnamomea,36830,36849,10.31,2,NO_ANNOT,,,Fuzzy,1,Ornismya cinnamomea,Ornismya cinnamomea,117330,183,Sherborn Index Animalium,
193,Amazilia,Amazilia,36892,36900,4.39,1,NO_ANNOT,,,Exact,0,"Amazilia Lesson, 1843",Amazilia,TBX,1,Catalogue of Life,
194,Hylocharis eliciae,Hylocharis eliciae,36914,36932,11.78,2,NO_ANNOT,,,Exact,0,"Hylocharis eliciae (Bourcier & Mulsant, 1846)",Hylocharis eliciae,3NFYN,1,Catalogue of Life,
195,Damophila panamensis,Damophila panamensis,37069,37089,11.78,2,NO_ANNOT,,,PartialExact,0,"Damophila Reichenbach, 1854",Damophila,3ZPF,1,Catalogue of Life,
196,Chlorostilbon assimilis,Chlorostilbon assimilis,37126,37149,11.05,2,NO_ANNOT,,,Exact,0,"Chlorostilbon assimilis Lawrence, 1861",Chlorostilbon assimilis,69XB7,1,Catalogue of Life,
197,Thalurania colombica colombica,Thalurania colombica colombica,37310,37340,17.40,3,NO_ANNOT,,,Exact,0,"Thalurania colombica colombica (Bourcier, 1843)",Thalurania colombica colombica,5LH7K,1,Catalogue of Life,
198,Chalybura buffoni,Chalybura buffoni,37592,37609,11.89,2,NO_ANNOT,,,Exact,0,Chalybura buffoni,Chalybura buffoni,93786999,169,uBio NameBank,
199,Anthracothorax nigricoUis nigricollis,Anthracothorax nigricouis nigricollis,37645,37682,17.94,3,NO_ANNOT,,,PartialExact,0,"Anthracothorax nigricollis (Vieillot, 1817)",Anthracothorax nigricollis,67H6R,1,Catalogue of Life,
200,Heliothryx barroti,Heliothryx barroti,37848,37866,10.49,2,NO_ANNOT,,,Exact,0,"Heliothryx barroti (Bourcier, 1843)",Heliothryx barroti,3KC8R,1,Catalogue of Life,
201,Anthoscenus longirostris longirostris,Anthoscenus longirostris longirostris,37910,37947,19.15,3,NO_ANNOT,,,PartialExact,0,"Anthoscenus Richmond, 1902",Anthoscenus,urn:lsid:irmng.org:taxname:1095437,181,IRMNG,
202,Lophornis delattrei,Lophornis delattrei,37986,38005,11.71,2,NO_ANNOT,,,Exact,0,"Lophornis delattrei (Lesson, 1839)",Lophornis delattrei,3W489,1,Catalogue of Life,
203,Popelairia conversii aequatorialis,Popelairia conversii aequatorialis,38040,38074,17.72,3,NO_ANNOT,,,PartialExact,0,"Popelairia conversii (Bourcier & Mulsant, 1846)",Popelairia conversii,6W84D,1,Catalogue of Life,
204,Curucujus massena,Curucujus massena,38138,38155,10.42,2,NO_ANNOT,,,PartialExact,0,"Curucujus Bonaparte, 1854",Curucujus,urn:lsid:irmng.org:taxname:1121638,181,IRMNG,
205,Curucujus melanurus macrourus,Curucujus melanurus macrourus,38462,38491,15.76,3,NO_ANNOT,,,PartialExact,0,Curucujus melanurus,Curucujus melanurus,4304059,168,ION,
206,Curucujus clathratus,Curucujus clathratus,38525,38545,12.12,2,NO_ANNOT,,,PartialExact,0,"Curucujus Bonaparte, 1854",Curucujus,urn:lsid:irmng.org:taxname:1121638,181,IRMNG,
207,Trogon strigilatus,Trogon strigilatus,38581,38599,9.98,2,NO_ANNOT,,,Exact,0,Trogon strigilatus,Trogon strigilatus,54223,183,Sherborn Index Animalium,
208,Chrysotrogon caligatus,Chrysotrogon caligatus,38806,38828,12.17,2,NO_ANNOT,,,PartialExact,0,"Chrysotrogon Ridgway, 1911",Chrysotrogon,urn:lsid:irmng.org:taxname:1133243,181,IRMNG,
209,Trogontxrus curucui tenellus,Trogontxrus curucui tenellus,38937,38965,8.22,3,NO_ANNOT,,,NoMatch,,,,,,,,
210,Coccyzus americanus americanus,Coccyzus americanus americanus,39169,39199,14.91,3,NO_ANNOT,,,Exact,0,"Coccyzus americanus americanus (Linnaeus, 1758)",Coccyzus americanus americanus,5GJDS,1,Catalogue of Life,
211,Piaya cayana thermophila,Piaya cayana thermophila,39266,39290,14.42,3,NO_ANNOT,,,Exact,0,"Piaya cayana thermophila P. L. Sclater, 1860",Piaya cayana thermophila,7KMF7,1,Catalogue of Life,
212,Neomorphus salvini,Neomorphus salvini,39443,39461,11.08,2,NO_ANNOT,,,Exact,0,Neomorphus salvini,Neomorphus salvini,7659459,179,Open Tree of Life,
213,Coccycua rutila panamensis,Coccycua rutila panamensis,39499,39525,15.22,3,NO_ANNOT,,,PartialExact,0,"Coccycua Lesson, 1830",Coccycua,578130,2,Wikispecies,
214,Dromococcjrx phasianellus,Dromococcjrx phasianellus,39660,39685,5.26,2,NO_ANNOT,,,NoMatch,,,,,,,,
215,Crotophaga sulcirostris,Crotophaga sulcirostris,39714,39737,11.45,2,NO_ANNOT,,,Exact,0,"Crotophaga sulcirostris Swainson, 1827",Crotophaga sulcirostris,ZRKX,1,Catalogue of Life,
216,Crotophaga ani,Crotophaga ani,39771,39785,5.62,2,NO_ANNOT,,,Exact,0,"Crotophaga ani Linnaeus, 1758",Crotophaga ani,ZRKV,1,Catalogue of Life,
217,Tapera naevia excellens,Tapera naevia excellens,40219,40242,14.64,3,NO_ANNOT,,,Exact,0,"Tapera naevia excellens (P. L. Sclater, 1858)",Tapera naevia excellens,7L5VT,1,Catalogue of Life,
218,Capito maculicoronatus maculicoronatus,Capito maculicoronatus maculicoronatus,40449,40487,16.60,3,NO_ANNOT,,,Exact,0,"Capito maculicoronatus maculicoronatus Lawrence, 1861",Capito maculicoronatus maculicoronatus,5G77G,1,Catalogue of Life,
219,Ramphastos swainsonii,Ramphastos swainsonii,40605,40626,11.06,2,NO_ANNOT,,,Exact,0,"Ramphastos swainsonii Gould, 1833",Ramphastos swainsonii,7WPRV,1,Catalogue of Life,
220,Ramphastos ambiguus,Ramphastos ambiguus,40658,40677,9.55,2,NO_ANNOT,,,Exact,0,"Ramphastos ambiguus Swainson, 1823",Ramphastos ambiguus,4RCDW,1,Catalogue of Life,
221,Ramphastos piscivorus brevicarinatus,Ramphastos piscivorus brevicarinatus,40711,40747,16.79,3,NO_ANNOT,,,PartialExact,0,Ramphastos piscivorus,Ramphastos piscivorus,43862,183,Sherborn Index Animalium,
222,Selenidera,Selenidera,41171,41181,5.31,1,NO_ANNOT,,,Exact,0,"Selenidera Gould, 1837",Selenidera,7F7Y,1,Catalogue of Life,
223,Aracari.,Aracari,41210,41218,3.87,1,NO_ANNOT,,,Exact,0,"Aracari Temminck, 1820",Aracari,urn:lsid:irmng.org:taxname:1402213,181,IRMNG,
224,Pteroglossus torquatus torquatus,Pteroglossus torquatus torquatus,41224,41256,18.07,3,NO_ANNOT,,,Exact,0,"Pteroglossus torquatus torquatus (J. F. Gmelin, 1788)",Pteroglossus torquatus torquatus,7L25J,1,Catalogue of Life,
225,Gmelin.,Gmelin,41257,41264,2.19,1,NO_ANNOT,,,NoMatch,,,,,,,,
226,Aracari.,Aracari,41274,41282,3.87,1,NO_ANNOT,,,Exact,0,"Aracari Temminck, 1820",Aracari,urn:lsid:irmng.org:taxname:1402213,181,IRMNG,
227,Jacamerops aurea,Jacamerops aurea,41680,41696,8.84,2,NO_ANNOT,,,Exact,0,Jacamerops aurea,Jacamerops aurea,5047,175,BirdLife International,
228,Notharchus tectus subtectus,Notharchus tectus subtectus,41739,41766,17.57,3,NO_ANNOT,,,Exact,0,"Notharchus tectus subtectus (P. L. Sclater, 1860)",Notharchus tectus subtectus,5JX29,1,Catalogue of Life,
229,Notharchus hyperrhynchus dysoni,Notharchus hyperrhynchus dysoni,42029,42060,15.42,3,NO_ANNOT,,,PartialExact,0,"Notharchus hyperrhynchus (P. L. Sclater, 1856)",Notharchus hyperrhynchus,7W39G,1,Catalogue of Life,
230,Notharchus pectoralis,Notharchus pectoralis,42094,42115,8.91,2,NO_ANNOT,,,Exact,0,"Notharchus pectoralis (G. R. Gray, 1846)",Notharchus pectoralis,47SH3,1,Catalogue of Life,
231,Ecchaunornis radiatus fulvidus,Ecchaunornis radiatus fulvidus,42152,42182,17.99,3,NO_ANNOT,,,PartialExact,0,"Ecchaunornis Ridgway, 1912",Ecchaunornis,urn:lsid:irmng.org:taxname:1143732,181,IRMNG,
232,Malacoptila panamensis panamensis,Malacoptila panamensis panamensis,42226,42259,18.15,3,NO_ANNOT,,,Exact,0,"Malacoptila panamensis panamensis Lafresnaye, 1847",Malacoptila panamensis panamensis,7JZTQ,1,Catalogue of Life,
233,Malacoptila.,Malacoptila,42280,42292,4.45,1,NO_ANNOT,,,Exact,0,"Malacoptila G. R. Gray, 1841",Malacoptila,639WW,1,Catalogue of Life,
234,Monasa fidelis,Monasa fidelis,42423,42437,10.99,2,NO_ANNOT,,,Exact,0,Monasa fidelis,Monasa fidelis,3509851,168,ION,
235,Monasa similis,Monasa similis,42468,42482,10.99,2,NO_ANNOT,,,Exact,0,Monasa similis Nelson 1912,Monasa similis,3509852,168,ION,
236,Nonnula frontalis,Nonnula frontalis,42517,42534,11.89,2,NO_ANNOT,,,Exact,0,"Nonnula frontalis (P. L. Sclater, 1854)",Nonnula frontalis,47PNL,1,Catalogue of Life,
237,Nonnula.,Nonnula,42551,42559,4.59,1,NO_ANNOT,,,Exact,0,"Nonnula P. L. Sclater, 1854",Nonnula,63GCT,1,Catalogue of Life,
238,Centurus subelegans wagleri,Centurus subelegans wagleri,42574,42601,15.84,3,NO_ANNOT,,,PartialExact,0,Centurus subelegans,Centurus subelegans,369760,183,Sherborn Index Animalium,
239,Melanerpes pucherani pucherani,Melanerpes pucherani pucherani,43050,43080,14.67,3,NO_ANNOT,,,Exact,0,Melanerpes pucherani pucherani,Melanerpes pucherani pucherani,gn_2890924,170,Arctos,
240,Chloronerpes callopterus,Chloronerpes callopterus,43255,43279,11.86,2,NO_ANNOT,,,Exact,0,Chloronerpes callopterus,Chloronerpes callopterus,3856192,168,ION,
241,Celeus loricatus loricatus,Celeus loricatus loricatus,43314,43340,18.21,3,NO_ANNOT,,,Exact,0,"Celeus loricatus loricatus (Reichenbach, 1854)",Celeus loricatus loricatus,7JGPV,1,Catalogue of Life,
242,Ceophloeus lineatus mesorhynchus,Ceophloeus lineatus mesorhynchus,43487,43519,17.72,3,NO_ANNOT,,,Exact,0,Ceophloeus lineatus mesorhynchus,Ceophloeus lineatus mesorhynchus,3611094,168,ION,
243,Scapaneus malherbii,Scapaneus malherbii,43683,43702,11.58,2,NO_ANNOT,,,PartialExact,0,"Scapaneus Cabanis & Heine, 1863",Scapaneus,urn:lsid:irmng.org:taxname:1439443,181,IRMNG,
244,Picuminis olivaceus panamensis,Picuminis olivaceus panamensis,43815,43845,12.09,3,NO_ANNOT,,,NoMatch,,,,,,,,
245,Cymbilaimus lineatus fasciatus,Cymbilaimus lineatus fasciatus,43987,44017,18.68,3,NO_ANNOT,,,Exact,0,"Cymbilaimus lineatus fasciatus Ridgway, 1884",Cymbilaimus lineatus fasciatus,5GRLL,1,Catalogue of Life,
246,Taraba transandeana,Taraba transandeana,44135,44154,6.22,2,NO_ANNOT,,,PartialExact,0,"Taraba Lesson, 1831",Taraba,7SQQ,1,Catalogue of Life,
247,Thamnophilus radiatus,Thamnophilus radiatus,44546,44567,14.01,2,NO_ANNOT,,,Exact,0,Thamnophilus radiatus,Thamnophilus radiatus,327628,183,Sherborn Index Animalium,
248,Erionotus punctatus atrinucha,Erionotus punctatus atrinucha,44808,44837,17.02,3,NO_ANNOT,,,PartialFuzzy,1,"Prionotus punctatus (Bloch, 1793)",Prionotus punctatus,6W8BR,1,Catalogue of Life,
249,Microrhopias boucardi virgata,Microrhopias boucardi virgata,45441,45470,17.60,3,NO_ANNOT,,,PartialExact,0,"Microrhopias P. L. Sclater, 1862",Microrhopias,5SCZ,1,Catalogue of Life,
250,Myrmotherula surinamensis,Myrmotherula surinamensis,45654,45679,13.36,2,NO_ANNOT,,,Exact,0,"Myrmotherula surinamensis (Gmelin, 1788)",Myrmotherula surinamensis,45CZZ,1,Catalogue of Life,
251,Gmelin.,Gmelin,45680,45687,2.19,1,NO_ANNOT,,,NoMatch,,,,,,,,
252,Myrmotherula pygmaea,Myrmotherula pygmaea,46144,46164,11.54,2,NO_ANNOT,,,Exact,0,Myrmotherula pygmaea (Gm. ),Myrmotherula pygmaea,3603542,168,ION,
253,Gmelin.,Gmelin,46165,46172,2.19,1,NO_ANNOT,,,NoMatch,,,,,,,,
254,Cercomacra nigricans,Cercomacra nigricans,46193,46213,9.30,2,NO_ANNOT,,,Exact,0,"Cercomacra nigricans P. L. Sclater, 1858",Cercomacra nigricans,SSVF,1,Catalogue of Life,
255,Cercomacra t3rrannina tyrannina,Cercomacra t�rrannina tyrannina,46347,46378,11.58,3,NO_ANNOT,,,PartialExact,0,"Cercomacra tyrannina (P. L. Sclater, 1855)",Cercomacra tyrannina,SSVJ,1,Catalogue of Life,
256,Myrmopagis melaena,Myrmopagis melaena,46539,46557,10.28,2,NO_ANNOT,,,PartialExact,0,"Myrmopagis Ridgway, 1909",Myrmopagis,urn:lsid:irmng.org:taxname:1127696,181,IRMNG,
257,Myrmopagis fulviventris,Myrmopagis fulviventris,46587,46610,11.71,2,NO_ANNOT,,,PartialExact,0,"Myrmopagis Ridgway, 1909",Myrmopagis,urn:lsid:irmng.org:taxname:1127696,181,IRMNG,
258,Myrmeciza boucardi panamensis,Myrmeciza boucardi panamensis,46898,46927,17.11,3,NO_ANNOT,,,PartialExact,0,Myrmeciza panamensis,Myrmeciza panamensis,3638373,168,ION,
259,Myrmeciza exsul exsul,Myrmeciza exsul exsul,47228,47249,11.85,3,NO_ANNOT,,,Exact,0,"Myrmeciza exsul exsul P. L. Sclater, 1859",Myrmeciza exsul exsul,7KCP2,1,Catalogue of Life,
260,Ramphocaenus rufiventris rufiventris.,Ramphocaenus rufiventris rufiventris,47466,47503,19.54,3,NO_ANNOT,,,Exact,0,Ramphocaenus rufiventris rufiventris,Ramphocaenus rufiventris rufiventris,7068222,179,Open Tree of Life,
261,Microbates cinereiventris semitorquatus,Microbates cinereiventris semitorquatus,47623,47662,16.92,3,NO_ANNOT,,,Exact,0,"Microbates cinereiventris semitorquatus (Lawrence, 1862)",Microbates cinereiventris semitorquatus,5JNYL,1,Catalogue of Life,
262,Gymnocichla nudiceps nudiceps,Gymnocichla nudiceps nudiceps,47752,47781,14.88,3,NO_ANNOT,,,Exact,0,"Gymnocichla nudiceps nudiceps (Cassin, 1850)",Gymnocichla nudiceps nudiceps,5HKDB,1,Catalogue of Life,
263,Hylophylax naevioides,Hylophylax naevioides,48038,48059,10.78,2,NO_ANNOT,,,Exact,0,"Hylophylax naevioides (Lafresnaye, 1847)",Hylophylax naevioides,3NGM8,1,Catalogue of Life,
264,Iris browi,Iris browi,48132,48142,2.02,2,NO_ANNOT,,,PartialExact,0,Iris,Iris,87BRF,1,Catalogue of Life,
265,Formicarius moniliger panamensis,Formicarius moniliger panamensis,48311,48343,16.63,3,NO_ANNOT,,,PartialExact,0,"Formicarius moniliger P. L. Sclater, 1857",Formicarius moniliger,6JHXT,1,Catalogue of Life,
266,Phaenostictus mcleannani mcleannani,Phaenostictus mcleannani mcleannani,48447,48482,16.90,3,NO_ANNOT,,,Exact,0,"Phaenostictus mcleannani mcleannani (Lawrence, 1860)",Phaenostictus mcleannani mcleannani,5KBN9,1,Catalogue of Life,
267,Pittasoma michleri michleri,Pittasoma michleri michleri,48521,48548,17.37,3,NO_ANNOT,,,Exact,0,"Pittasoma michleri michleri Cassin, 1860",Pittasoma michleri michleri,5KGVS,1,Catalogue of Life,
268,Hylopezus perspicillatus perspicillatus,Hylopezus perspicillatus perspicillatus,48927,48966,17.67,3,NO_ANNOT,,,Exact,0,"Hylopezus perspicillatus perspicillatus (Lawrence, 1861)",Hylopezus perspicillatus perspicillatus,7K7HF,1,Catalogue of Life,
269,Synallaxis pudica pudica,Synallaxis pudica pudica,49018,49042,17.31,3,NO_ANNOT,,,Exact,0,Synallaxis pudica pudica,Synallaxis pudica pudica,54402685,12,EOL,
270,Synallaxis.,Synallaxis,49058,49069,5.43,1,NO_ANNOT,,,Exact,0,"Synallaxis Vieillot, 1818",Synallaxis,7QZ7,1,Catalogue of Life,
271,Automolus pallidigularis pallidigularis,Automolus pallidigularis pallidigularis,49075,49114,19.28,3,NO_ANNOT,,,PartialExact,0,Automolus pallidigularis,Automolus pallidigularis,7660586,179,Open Tree of Life,
272,Automolus.,Automolus,49138,49148,5.92,1,NO_ANNOT,,,Exact,0,"Automolus Reichenbach, 1853",Automolus,36M6,1,Catalogue of Life,
273,Xenops genibarbis,Xenops genibarbis,49443,49460,9.69,2,NO_ANNOT,,,Exact,0,Xenops genibarbis,Xenops genibarbis,186570,183,Sherborn Index Animalium,
274,Xenops.,Xenops,49489,49496,3.69,1,NO_ANNOT,,,Exact,0,"Xenops Illiger, 1811",Xenops,649K5,1,Catalogue of Life,
275,Sclerurus guatemalensis,Sclerurus guatemalensis,49627,49650,13.29,2,NO_ANNOT,,,Exact,0,"Sclerurus guatemalensis (Hartlaub, 1844)",Sclerurus guatemalensis,79Y7T,1,Catalogue of Life,
276,Sclerurus.,Sclerurus,49672,49682,5.43,1,NO_ANNOT,,,Exact,0,"Sclerurus Swainson, 1827",Sclerurus,6454Y,1,Catalogue of Life,
277,Sclerurus mexicanus mezicanus,Sclerurus mexicanus mezicanus,50147,50176,18.09,3,NO_ANNOT,,,Fuzzy,1,"Sclerurus mexicanus mexicanus P. L. Sclater, 1857",Sclerurus mexicanus mexicanus,5L3WN,1,Catalogue of Life,
278,Sclerurus.,Sclerurus,50194,50204,5.43,1,NO_ANNOT,,,Exact,0,"Sclerurus Swainson, 1827",Sclerurus,6454Y,1,Catalogue of Life,
279,Glyphorhynchus cuneatus pectoralis,Glyphorhynchus cuneatus pectoralis,50210,50244,15.76,3,NO_ANNOT,,,PartialExact,0,Glyphorhynchus cuneatus,Glyphorhynchus cuneatus,136030,183,Sherborn Index Animalium,
280,Deconychura typica,Deconychura typica,50426,50444,12.55,2,NO_ANNOT,,,Exact,0,"Deconychura typica Cherrie, 1891",Deconychura typica,10760902,11,GBIF Backbone Taxonomy,
281,Dendrocincla homochroa ruficeps,Dendrocincla homochroa ruficeps,50482,50513,14.18,3,NO_ANNOT,,,Exact,0,"Dendrocincla homochroa ruficeps P. L. Sclater & Salvin, 1868",Dendrocincla homochroa ruficeps,7K29Z,1,Catalogue of Life,
282,Dendrocincla.,Dendrocincla,50547,50560,4.99,1,NO_ANNOT,,,Exact,0,"Dendrocincla G. R. Gray, 1840",Dendrocincla,42YJ,1,Catalogue of Life,
283,Dendrocincla lafresnayi ridgwayi,Dendrocincla lafresnayi ridgwayi,50566,50598,15.32,3,NO_ANNOT,,,PartialExact,0,Dendrocincla ridgwayi Oberholser 1904,Dendrocincla ridgwayi,3698114,168,ION,
284,Dendrocincla.,Dendrocincla,50617,50630,4.99,1,NO_ANNOT,,,Exact,0,"Dendrocincla G. R. Gray, 1840",Dendrocincla,42YJ,1,Catalogue of Life,
285,Dendrocolaptes sanctithomae sanctithomae,Dendrocolaptes sanctithomae sanctithomae,50801,50841,14.07,3,NO_ANNOT,,,Exact,0,"Dendrocolaptes sanctithomae sanctithomae (Lafresnaye, 1852)",Dendrocolaptes sanctithomae sanctithomae,7K27Y,1,Catalogue of Life,
286,Xiphorhynchus punctigulus,Xiphorhynchus punctigulus,50879,50904,7.96,2,NO_ANNOT,,,PartialExact,0,"Xiphorhynchus Swainson, 1827",Xiphorhynchus,89C2,1,Catalogue of Life,
287,Xiphorhynchus nanus nanus,Xiphorhynchus nanus nanus,50959,50984,15.90,3,NO_ANNOT,,,PartialExact,0,"Xiphorhynchus Swainson, 1827",Xiphorhynchus,89C2,1,Catalogue of Life,
288,Xiphorhynchus lacrimosus lacrimosus,Xiphorhynchus lacrimosus lacrimosus,51184,51219,17.99,3,NO_ANNOT,,,PartialExact,0,"Xiphorhynchus Swainson, 1827",Xiphorhynchus,89C2,1,Catalogue of Life,
289,Picolaptes lineaticeps lineaticeps,Picolaptes lineaticeps lineaticeps,51423,51457,15.02,3,NO_ANNOT,,,PartialExact,0,Picolaptes lineaticeps,Picolaptes lineaticeps,gn_8658,186,MCZbase,
290,Campylorhamphus venezuelensis,Campylorhamphus venezuelensis,51501,51530,13.48,2,NO_ANNOT,,,PartialExact,0,"Campylorhamphus W. Bertoni, 1901",Campylorhamphus,3GMV,1,Catalogue of Life,
291,Copurus leuconotus,Copurus leuconotus,51750,51768,12.85,2,NO_ANNOT,,,Exact,0,Copurus leuconotus,Copurus leuconotus,231203,183,Sherborn Index Animalium,
292,Copurus.,Copurus,51793,51801,5.01,1,NO_ANNOT,,,Exact,0,"Copurus Strickland, 1841",Copurus,urn:lsid:irmng.org:taxname:1418652,181,IRMNG,
293,Placostomus superciliaris,Placostomus superciliaris,51879,51904,13.20,2,NO_ANNOT,,,PartialExact,0,"Placostomus Ridgway, 1905",Placostomus,urn:lsid:irmng.org:taxname:1386263,181,IRMNG,
294,Craspedoprion aequinoctialis,Craspedoprion aequinoctialis,51955,51983,11.26,2,NO_ANNOT,,,PartialExact,0,"Craspedoprion Verhoeff, 1936",Craspedoprion,urn:lsid:irmng.org:taxname:1244820,181,IRMNG,
295,Rhynchocyclus marginatus,Rhynchocyclus marginatus,52182,52206,14.37,2,NO_ANNOT,,,Exact,0,Rhynchocyclus marginatus,Rhynchocyclus marginatus,7662678,179,Open Tree of Life,
296,Rhynchocyclus cinereiceps,Rhynchocyclus cinereiceps,52249,52274,13.35,2,NO_ANNOT,,,Exact,0,Rhynchocyclus cinereiceps Scl.,Rhynchocyclus cinereiceps,4202003,168,ION,
297,Rhynchocyclus flavoolivaceus,Rhynchocyclus flavoolivaceus,52312,52340,13.87,2,NO_ANNOT,,,Exact,0,Rhynchocyclus flavoolivaceus,Rhynchocyclus flavoolivaceus,3954255,168,ION,
298,Myiopagis placens accola,Myiopagis placens accola,53034,53058,14.54,3,NO_ANNOT,,,Exact,0,Myiopagis placens accola,Myiopagis placens accola,gn_10853,186,MCZbase,
299,Todirostrum cinereum finitimum,Todirostrum cinereum finitimum,53262,53292,15.60,3,NO_ANNOT,,,Exact,0,"Todirostrum cinereum finitimum Bangs, 1904",Todirostrum cinereum finitimum,5LKCJ,1,Catalogue of Life,
300,Todirostrum nigriceps,Todirostrum nigriceps,53946,53967,12.10,2,NO_ANNOT,,,Exact,0,"Todirostrum nigriceps P. L. Sclater, 1855",Todirostrum nigriceps,57B28,1,Catalogue of Life,
301,Todirostrum schistaceiceps,Todirostrum schistaceiceps,54011,54037,12.51,2,NO_ANNOT,,,Exact,0,Todirostrum schistaceiceps,Todirostrum schistaceiceps,3954259,168,ION,
302,Oncostoma cinereigulare,Oncostoma cinereigulare,54206,54229,10.93,2,NO_ANNOT,,,Exact,0,"Oncostoma cinereigulare (P. L. Sclater, 1857)",Oncostoma cinereigulare,49JMJ,1,Catalogue of Life,
303,Oncostoma olivaceum,Oncostoma olivaceum,54267,54286,11.18,2,NO_ANNOT,,,Exact,0,"Oncostoma olivaceum (Lawrence, 1862)",Oncostoma olivaceum,49JMK,1,Catalogue of Life,
304,Atalotriccus pilaris pilaris,Atalotriccus pilaris pilaris,54563,54591,18.45,3,NO_ANNOT,,,Exact,0,"Atalotriccus pilaris pilaris (Cabanis, 1847)",Atalotriccus pilaris pilaris,7JCFJ,1,Catalogue of Life,
305,Myiochanes virens,Myiochanes virens,54825,54842,9.35,2,NO_ANNOT,,,Exact,0,Myiochanes virens Linne,Myiochanes virens,gn_144790,186,MCZbase,
306,Pipromorpha oleaginea parca,Pipromorpha oleaginea parca,54859,54886,14.82,3,NO_ANNOT,,,PartialExact,0,Pipromorpha oleaginea,Pipromorpha oleaginea,93786455,169,uBio NameBank,
307,Pipromorpha.,Pipromorpha,54901,54913,5.84,1,NO_ANNOT,,,Exact,0,"Pipromorpha Bonaparte, 1854",Pipromorpha,urn:lsid:irmng.org:taxname:1350611,181,IRMNG,
308,Mionectes olivaceus olivaceus,Mionectes olivaceus olivaceus,55304,55333,15.36,3,NO_ANNOT,,,Exact,0,"Mionectes olivaceus olivaceus Lawrence, 1868",Mionectes olivaceus olivaceus,5JQ96,1,Catalogue of Life,
309,Mionectes.,Mionectes,55355,55365,3.38,1,NO_ANNOT,,,Exact,0,"Mionectes Cabanis, 1844",Mionectes,5THT,1,Catalogue of Life,
310,Leptopogon pileatus,Leptopogon pileatus,55490,55509,11.64,2,NO_ANNOT,,,Exact,0,Leptopogon pileatus,Leptopogon pileatus,7662594,179,Open Tree of Life,
311,Leptopogon.,Leptopogon,55531,55542,4.09,1,NO_ANNOT,,,Exact,0,"Leptopogon Cabanis, 1844",Leptopogon,6399G,1,Catalogue of Life,
312,Leptopogon flavovirens,Leptopogon flavovirens,55548,55570,10.94,2,NO_ANNOT,,,Exact,0,Leptopogon flavovirens,Leptopogon flavovirens,7662591,179,Open Tree of Life,
313,Leptopogon.,Leptopogon,55593,55604,4.09,1,NO_ANNOT,,,Exact,0,"Leptopogon Cabanis, 1844",Leptopogon,6399G,1,Catalogue of Life,
314,Capsiempis flaveola,Capsiempis flaveola,55610,55629,12.71,2,NO_ANNOT,,,Exact,0,"Capsiempis flaveola (Lichtenstein, 1823)",Capsiempis flaveola,QT8Y,1,Catalogue of Life,
315,Tyranniscus vilissimus parvus,Tyranniscus vilissimus parvus,55668,55697,16.37,3,NO_ANNOT,,,Exact,0,Tyranniscus vilissimus parvus,Tyranniscus vilissimus parvus,gn_2727725,170,Arctos,
316,Caiuptostoma pusillum flaviventre,Caiuptostoma pusillum flaviventre,55739,55772,10.56,3,NO_ANNOT,,,NoMatch,,,,,,,,
317,Camptostoma.,Camptostoma,55807,55819,5.40,1,NO_ANNOT,,,Exact,0,"Camptostoma P. L. Sclater, 1857",Camptostoma,3GKQ,1,Catalogue of Life,
318,Elaenia martinica subpagana,Elaenia martinica subpagana,55968,55995,16.70,3,NO_ANNOT,,,PartialExact,0,"Elaenia martinica (Linnaeus, 1766)",Elaenia martinica,38XGM,1,Catalogue of Life,
319,Elaenia.,Elaenia,56025,56033,3.62,1,NO_ANNOT,,,Exact,0,"Elaenia Sundevall, 1836",Elaenia,62QQC,1,Catalogue of Life,
320,Elaenia chiriquensis chiriquensis,Elaenia chiriquensis chiriquensis,56605,56638,17.64,3,NO_ANNOT,,,Exact,0,"Elaenia chiriquensis chiriquensis Lawrence, 1865",Elaenia chiriquensis chiriquensis,5H336,1,Catalogue of Life,
321,Elaenia.,Elaenia,56660,56668,3.62,1,NO_ANNOT,,,Exact,0,"Elaenia Sundevall, 1836",Elaenia,62QQC,1,Catalogue of Life,
322,Legatus albicollis,Legatus albicollis,56820,56838,12.45,2,NO_ANNOT,,,Exact,0,Legatus albicollis,Legatus albicollis,7662588,179,Open Tree of Life,
323,Sublegatus glaber,Sublegatus glaber,56961,56978,9.06,2,NO_ANNOT,,,Exact,0,Sublegatus glaber,Sublegatus glaber,7662684,179,Open Tree of Life,
324,Myiozetetes cayanensis cayanensis,Myiozetetes cayanensis cayanensis,57023,57056,17.37,3,NO_ANNOT,,,Exact,0,"Myiozetetes cayanensis cayanensis (Linnaeus, 1766)",Myiozetetes cayanensis cayanensis,5JSWQ,1,Catalogue of Life,
325,Myiozetetes texensis columbianus,Myiozetetes texensis columbianus,57443,57475,16.75,3,NO_ANNOT,,,PartialExact,0,Myiozetetes columbianus,Myiozetetes columbianus,7662624,179,Open Tree of Life,
326,Myiozetetes granadensis,Myiozetetes granadensis,58122,58145,11.60,2,NO_ANNOT,,,Exact,0,"Myiozetetes granadensis Lawrence, 1862",Myiozetetes granadensis,4533N,1,Catalogue of Life,
327,Pitangus lictor,Pitangus lictor,58287,58302,7.14,2,NO_ANNOT,,,Exact,0,"Pitangus lictor (Lichtenstein, 1823)",Pitangus lictor,77MN3,1,Catalogue of Life,
328,Coryphotriccus albovittatus,Coryphotriccus albovittatus,58442,58469,15.05,2,NO_ANNOT,,,Exact,0,Coryphotriccus albovittatus,Coryphotriccus albovittatus,2214097,168,ION,
329,Myiodynastes maculatus nobilis,Myiodynastes maculatus nobilis,58509,58539,16.81,3,NO_ANNOT,,,Exact,0,"Myiodynastes maculatus nobilis P. L. Sclater, 1859",Myiodynastes maculatus nobilis,5JSTF,1,Catalogue of Life,
330,Myiodynastes luteiventris,Myiodynastes luteiventris,58839,58864,11.46,2,NO_ANNOT,,,Exact,0,"Myiodynastes luteiventris P. L. Sclater, 1859",Myiodynastes luteiventris,452TH,1,Catalogue of Life,
331,Megarynchus pitangua mexicanus,Megarynchus pitangua mexicanus,58906,58936,16.25,3,NO_ANNOT,,,Exact,0,"Megarynchus pitangua mexicanus (Lafresnaye, 1851)",Megarynchus pitangua mexicanus,7KC7T,1,Catalogue of Life,
332,Onychorhynchus mexicanus fraterculus,Onychorhynchus mexicanus fraterculus,59143,59179,17.93,3,NO_ANNOT,,,Exact,0,"Onychorhynchus mexicanus fraterculus Bangs, 1902",Onychorhynchus mexicanus fraterculus,9047036,11,GBIF Backbone Taxonomy,
333,Cnipodectes subbrunneus,Cnipodectes subbrunneus,59222,59245,11.01,2,NO_ANNOT,,,Exact,0,"Cnipodectes subbrunneus (P. L. Sclater, 1860)",Cnipodectes subbrunneus,WJM7,1,Catalogue of Life,
334,Cnipodectes minor,Cnipodectes minor,59278,59295,4.97,2,NO_ANNOT,,,Exact,0,Cnipodectes minor,Cnipodectes minor,6154520,179,Open Tree of Life,
335,Terenotriccus erythrurus fulvigularis,Terenotriccus erythrurus fulvigularis,59335,59372,19.41,3,NO_ANNOT,,,Exact,0,"Terenotriccus erythrurus fulvigularis (Salvin & Godman, 1889)",Terenotriccus erythrurus fulvigularis,5LG42,1,Catalogue of Life,
336,Myiophobus fasciatus furfurosus,Myiophobus fasciatus furfurosus,59572,59603,17.70,3,NO_ANNOT,,,Exact,0,"Myiophobus fasciatus furfurosus (Thayer & Bangs, 1905)",Myiophobus fasciatus furfurosus,7KCHL,1,Catalogue of Life,
337,MyioDius barbatus atricaudus,Myiodius barbatus atricaudus,59798,59826,10.97,3,NO_ANNOT,,,PartialFuzzy,1,"Myiobius atricaudus Lawrence, 1863",Myiobius atricaudus,6S3NW,1,Catalogue of Life,
338,Myiobius.,Myiobius,59849,59858,4.81,1,NO_ANNOT,,,Exact,0,"Myiobius Darwin, 1839",Myiobius,5W9K,1,Catalogue of Life,
339,Myiobius xanthopygus sulphureipygius,Myiobius xanthopygus sulphureipygius,60543,60579,17.39,3,NO_ANNOT,,,PartialExact,0,"Myiobius sulphureipygius (P. L. Sclater, 1857)",Myiobius sulphureipygius,452QD,1,Catalogue of Life,
340,Myiobius.,Myiobius,60603,60612,4.81,1,NO_ANNOT,,,Exact,0,"Myiobius Darwin, 1839",Myiobius,5W9K,1,Catalogue of Life,
341,Empidonax flaviventris,Empidonax flaviventris,60618,60640,12.44,2,NO_ANNOT,,,Exact,0,"Empidonax flaviventris (W. M. Baird & S. F. Baird, 1843)",Empidonax flaviventris,6F776,1,Catalogue of Life,
342,Empidonax virescens,Empidonax virescens,60679,60698,11.32,2,NO_ANNOT,,,Exact,0,"Empidonax virescens (Vieillot, 1818)",Empidonax virescens,39HWP,1,Catalogue of Life,
343,Empidonax albigularis,Empidonax albigularis,60734,60755,12.55,2,NO_ANNOT,,,Exact,0,"Empidonax albigularis P. L. Sclater & Salvin, 1859",Empidonax albigularis,39HW8,1,Catalogue of Life,
344,Empidonax minimus,Empidonax minimus,60807,60824,7.65,2,NO_ANNOT,,,Exact,0,"Empidonax minimus (W. M. Baird & S. F. Baird, 1843)",Empidonax minimus,39HWK,1,Catalogue of Life,
345,Empidonax traillii traillii,Empidonax traillii traillii,60855,60882,16.30,3,NO_ANNOT,,,Exact,0,"Empidonax traillii traillii (Audubon, 1828)",Empidonax traillii traillii,5H499,1,Catalogue of Life,
346,Empidonax traillii alnorum,Empidonax traillii alnorum,60918,60944,16.56,3,NO_ANNOT,,,Exact,0,"Empidonax traillii alnorum Brewster, 1895",Empidonax traillii alnorum,10919791,11,GBIF Backbone Taxonomy,
347,Myiochanes richardsoni richardsoni,Myiochanes richardsoni richardsoni,60978,61012,15.23,3,NO_ANNOT,,,Exact,0,Myiochanes richardsoni richardsoni Sw.,Myiochanes richardsoni richardsoni,gn_155543,186,MCZbase,
348,Myiochanes virens,Myiochanes virens,61048,61065,9.35,2,NO_ANNOT,,,Exact,0,Myiochanes virens Linne,Myiochanes virens,gn_144790,186,MCZbase,
349,Myiochanes brachytarsus,Myiochanes brachytarsus,61250,61273,10.98,2,NO_ANNOT,,,PartialExact,0,"Myiochanes Cabanis & Heine, 1860",Myiochanes,urn:lsid:irmng.org:taxname:1388286,181,IRMNG,
350,Myiarchus crinitus,Myiarchus crinitus,61573,61591,11.01,2,NO_ANNOT,,,Exact,0,"Myiarchus crinitus (Linnaeus, 1758)",Myiarchus crinitus,452NL,1,Catalogue of Life,
351,Gmelin.,Gmelin,61592,61599,2.19,1,NO_ANNOT,,,NoMatch,,,,,,,,
352,Myiarchus ferox panamensis,Myiarchus ferox panamensis,61630,61656,13.48,3,NO_ANNOT,,,Exact,0,Myiarchus ferox panamensis Lawrence 1860,Myiarchus ferox panamensis,99984089,169,uBio NameBank,
353,Myiarchus nigriceps,Myiarchus nigriceps,61838,61857,9.84,2,NO_ANNOT,,,Exact,0,Myiarchus nigriceps,Myiarchus nigriceps,7662611,179,Open Tree of Life,
354,Tyrannus dominicensis dominicensis,Tyrannus dominicensis dominicensis,61997,62031,19.61,3,NO_ANNOT,,,Exact,0,"Tyrannus dominicensis dominicensis (Gmelin, 1788)",Tyrannus dominicensis dominicensis,5LP9N,1,Catalogue of Life,
355,Tyrannus tyrannus,Tyrannus tyrannus,62114,62131,12.67,2,NO_ANNOT,,,Exact,0,"Tyrannus tyrannus (Linnaeus, 1758)",Tyrannus tyrannus,59Z2R,1,Catalogue of Life,
356,Tyrannus melancholicus satrapa,Tyrannus melancholicus satrapa,62227,62257,16.56,3,NO_ANNOT,,,Exact,0,"Tyrannus melancholicus satrapa (Cabanis & Heine, 1859)",Tyrannus melancholicus satrapa,5LP9V,1,Catalogue of Life,
357,Muscivora tyrannus,Muscivora tyrannus,62655,62673,13.15,2,NO_ANNOT,,,Exact,0,"Muscivora tyrannus (Linnaeus, 1766)",Muscivora tyrannus,6RQPD,1,Catalogue of Life,
358,Pipra mentalis ignifera,Pipra mentalis ignifera,62822,62845,14.77,3,NO_ANNOT,,,Exact,0,"Pipra mentalis ignifera Bangs, 1901",Pipra mentalis ignifera,5KGJ8,1,Catalogue of Life,
359,Pipra velutina,Pipra velutina,62989,63003,9.82,2,NO_ANNOT,,,Exact,0,Pipra velutina Berlepsch 1883,Pipra velutina,4035955,168,ION,
360,Chiroprion lanceolata,Chiroprion lanceolata,63144,63165,11.12,2,NO_ANNOT,,,PartialExact,0,"Chiroprion Bonaparte, 1854",Chiroprion,urn:lsid:irmng.org:taxname:1340817,181,IRMNG,
361,Laniocera rufescens,Laniocera rufescens,63201,63220,11.58,2,NO_ANNOT,,,Exact,0,"Laniocera rufescens (P. L. Sclater, 1858)",Laniocera rufescens,3S78Q,1,Catalogue of Life,
362,Manacus vitellinus,Manacus vitellinus,63251,63269,13.11,2,NO_ANNOT,,,Exact,0,"Manacus vitellinus (Gould, 1843)",Manacus vitellinus,734XN,1,Catalogue of Life,
363,Tityra semifasciata costaricensis,Tityra semifasciata costaricensis,64043,64076,18.59,3,NO_ANNOT,,,Exact,0,"Tityra semifasciata costaricensis Ridgway, 1906",Tityra semifasciata costaricensis,7KTGB,1,Catalogue of Life,
364,Tityra.,Tityra,64098,64105,4.23,1,NO_ANNOT,,,Exact,0,"Tityra Vieillot, 1816",Tityra,7XBF,1,Catalogue of Life,
365,Erator albitorques,Erator albitorques,64314,64332,8.57,2,NO_ANNOT,,,PartialExact,0,"Erator Kaup, 1852",Erator,urn:lsid:irmng.org:taxname:1188471,181,IRMNG,
366,Erator.,Erator,64350,64357,3.34,1,NO_ANNOT,,,Exact,0,"Erator Kaup, 1852",Erator,urn:lsid:irmng.org:taxname:1188471,181,IRMNG,
367,Platypsaris homochrous,Platypsaris homochrous,64363,64385,10.03,2,NO_ANNOT,,,PartialExact,0,"Platypsaris P. L. Sclater, 1857",Platypsaris,6S2B,1,Catalogue of Life,
368,Pachyrhamphus polychropterus cinereiventris,Pachyrhamphus polychropterus cinereiventris,64419,64462,18.53,3,NO_ANNOT,,,PartialExact,0,Pachyrhamphus cinereiventris,Pachyrhamphus cinereiventris,3926961,168,ION,
369,Pachyrhamphus dorsalis,Pachyrhamphus dorsalis,64948,64970,12.58,2,NO_ANNOT,,,Fuzzy,1,Pachyramphus dorsalis,Pachyramphus dorsalis,7662659,179,Open Tree of Life,
370,Pachyrhamphus cinereus,Pachyrhamphus cinereus,65000,65022,12.20,2,NO_ANNOT,,,PartialExact,0,"Pachyrhamphus Strickland, 1841",Pachyrhamphus,urn:lsid:irmng.org:taxname:1420403,181,IRMNG,
371,Pachjrrhamphus cinnamomeus,Pachjrrhamphus cinnamomeus,65137,65163,6.70,2,NO_ANNOT,,,NoMatch,,,,,,,,
372,Microtriccus brunneicapillus,Microtriccus brunneicapillus,65328,65356,14.82,2,NO_ANNOT,,,PartialExact,0,"Microtriccus Ridgway, 1905",Microtriccus,urn:lsid:irmng.org:taxname:1416178,181,IRMNG,
373,Tyrannulus elatus reguloides,Tyrannulus elatus reguloides,65396,65424,17.83,3,NO_ANNOT,,,PartialExact,0,Tyrannulus reguloides Ridgway 1888,Tyrannulus reguloides,3954270,168,ION,
374,Elainopsis gaimardii macilvainii,Elainopsis gaimardii macilvainii,65539,65571,17.46,3,NO_ANNOT,,,PartialExact,0,"Elainopsis Ridgway, 1905",Elainopsis,urn:lsid:irmng.org:taxname:1396318,181,IRMNG,
375,Cotingidae,Cotingidae,65823,65833,4.45,1,NO_ANNOT,,,Exact,0,Cotingidae,Cotingidae,8MB,1,Catalogue of Life,
376,Tyrannidae.,Tyrannidae,65892,65903,4.45,1,NO_ANNOT,,,Exact,0,Tyrannidae,Tyrannidae,HMW,1,Catalogue of Life,
377,Lipaugus holerythrus holerythrus,Lipaugus holerythrus holerythrus,65909,65941,17.64,3,NO_ANNOT,,,PartialExact,0,Lipaugus holerythrus,Lipaugus holerythrus,3765490,168,ION,
378,Lipaugus.,Lipaugus,65969,65978,5.41,1,NO_ANNOT,,,Exact,0,"Lipaugus Boie, 1828",Lipaugus,5F99,1,Catalogue of Life,
379,Lathria unirufa clara,Lathria unirufa clara,65984,66005,9.19,3,NO_ANNOT,,,PartialExact,0,"Lathria Swainson, 1837",Lathria,urn:lsid:irmng.org:taxname:1359044,181,IRMNG,
380,Lathria.,Lathria,66022,66030,4.43,1,NO_ANNOT,,,Exact,0,"Lathria Swainson, 1837",Lathria,urn:lsid:irmng.org:taxname:1359044,181,IRMNG,
381,Sirystes albogriseus,Sirystes albogriseus,66037,66057,10.55,2,NO_ANNOT,,,Exact,0,"Sirystes albogriseus (Lawrence, 1863)",Sirystes albogriseus,gn_5586,185,IOC World Bird List,
382,Sirystes.,Sirystes,66075,66084,3.21,1,NO_ANNOT,,,Exact,0,"Sirystes Cabanis & Heine, 1859",Sirystes,7HTQ,1,Catalogue of Life,
383,Attila citreopygus citreopygus,Attila citreopygus citreopygus,66090,66120,8.69,3,NO_ANNOT,,,PartialFuzzy,1,Attila citreopygius,Attila citreopygius,3765488,168,ION,
384,Cotinga nattererii,Cotinga nattererii,66298,66316,9.83,2,NO_ANNOT,,,Exact,0,"Cotinga nattererii (Boissonneau, 1840)",Cotinga nattererii,YXPN,1,Catalogue of Life,
385,Querula purpurata,Querula purpurata,66353,66370,12.49,2,NO_ANNOT,,,Exact,0,"Querula purpurata (Statius Muller, 1776)",Querula purpurata,4R6HM,1,Catalogue of Life,
386,Riparia riparia,Riparia riparia,66548,66563,10.28,2,NO_ANNOT,,,Exact,0,"Riparia riparia (Linnaeus, 1758)",Riparia riparia,4T4PL,1,Catalogue of Life,
387,Iridoprocne albilineata,Iridoprocne albilineata,66654,66677,12.20,2,NO_ANNOT,,,PartialExact,0,"Iridoprocne Coues, 1878",Iridoprocne,5526,1,Catalogue of Life,
388,Pygochelidon cyanoleuca,Pygochelidon cyanoleuca,66899,66922,10.97,2,NO_ANNOT,,,Exact,0,"Pygochelidon cyanoleuca (Vieillot, 1817)",Pygochelidon cyanoleuca,4QP4C,1,Catalogue of Life,
389,Neochelidon tibialis,Neochelidon tibialis,67177,67197,11.61,2,NO_ANNOT,,,Exact,0,"Neochelidon tibialis (Cassin, 1853)",Neochelidon tibialis,46CRP,1,Catalogue of Life,
390,Hirundo erythrogaster,Hirundo erythrogaster,67233,67254,8.15,2,NO_ANNOT,,,Exact,0,Hirundo erythrogaster,Hirundo erythrogaster,19740,183,Sherborn Index Animalium,
391,Iridoprocne albilineata.,Iridoprocne albilineata,67490,67514,12.20,2,NO_ANNOT,,,PartialExact,0,"Iridoprocne Coues, 1878",Iridoprocne,5526,1,Catalogue of Life,
392,Progne chalybea chalybea,Progne chalybea chalybea,67520,67544,11.73,3,NO_ANNOT,,,Exact,0,"Progne chalybea chalybea (Gmelin, 1789)",Progne chalybea chalybea,7KP5Q,1,Catalogue of Life,
393,Gmelin.,Gmelin,67545,67552,2.19,1,NO_ANNOT,,,NoMatch,,,,,,,,
394,Petrochelidon lunifrons tachina,Petrochelidon lunifrons tachina,67791,67822,14.22,3,NO_ANNOT,,,Exact,0,Petrochelidon lunifrons tachina,Petrochelidon lunifrons tachina,3723956,168,ION,
395,Stelgidopteryx serripennis,Stelgidopteryx serripennis,67863,67889,13.54,2,NO_ANNOT,,,Exact,0,"Stelgidopteryx serripennis (Audubon, 1838)",Stelgidopteryx serripennis,4ZQ3T,1,Catalogue of Life,
396,S. ridgwayi.,S. ridgwayi,68139,68151,5.82,2,NO_ANNOT,,,NoMatch,,,,,,,,
397,Stelgidopteryx ruficollis uropygialis,Stelgidopteryx ruficollis uropygialis,68231,68268,19.26,3,NO_ANNOT,,,Exact,0,"Stelgidopteryx ruficollis uropygialis (Lawrence, 1863)",Stelgidopteryx ruficollis uropygialis,7L3CZ,1,Catalogue of Life,
398,Polioptila superciliaris superciliaris,Polioptila superciliaris superciliaris,68493,68531,17.40,3,NO_ANNOT,,,PartialExact,0,"Polioptila P. L. Sclater, 1855",Polioptila,6TTH,1,Catalogue of Life,
399,Heleodytes albobrunneus,Heleodytes albobrunneus,68695,68718,10.79,2,NO_ANNOT,,,PartialExact,0,"Heleodytes Cabanis, 1851",Heleodytes,urn:lsid:irmng.org:taxname:1124619,181,IRMNG,
400,Thryophilus modestus elutus,Thryophilus modestus elutus,68759,68786,18.61,3,NO_ANNOT,,,Exact,0,Thryophilus modestus elutus,Thryophilus modestus elutus,gn_9342,186,MCZbase,
401,Thryophilus rufalbus castanonotus,Thryophilus rufalbus castanonotus,68968,69001,17.84,3,NO_ANNOT,,,Exact,0,"Thryophilus rufalbus castanonotus Ridgway, 1888",Thryophilus rufalbus castanonotus,7L5BY,1,Catalogue of Life,
402,Thryophilus galbraithii galbraithii,Thryophilus galbraithii galbraithii,69037,69072,18.41,3,NO_ANNOT,,,PartialExact,0,"Thryophilus S. F. Baird, 1864",Thryophilus,7WDT,1,Catalogue of Life,
403,Thryophilus castaneus castaneus,Thryophilus castaneus castaneus,69233,69264,18.19,3,NO_ANNOT,,,PartialExact,0,Thryophilus castaneus,Thryophilus castaneus,3289653,168,ION,
404,Thryothorus ludovicianus,Thryothorus ludovicianus,69507,69531,13.29,2,NO_ANNOT,,,Exact,0,"Thryothorus ludovicianus (Latham, 1790)",Thryothorus ludovicianus,56N7Q,1,Catalogue of Life,
405,Troglodytes musculus inquietus,Troglodytes musculus inquietus,69850,69880,16.14,3,NO_ANNOT,,,PartialExact,0,Troglodytes inquietus,Troglodytes inquietus,7660079,179,Open Tree of Life,
406,Henicorhina prostheleuca pittieri,Henicorhina prostheleuca pittieri,70663,70696,15.96,3,NO_ANNOT,,,PartialExact,0,Henicorhina pittieri Cherrie 1894,Henicorhina pittieri,3880965,168,ION,
407,Leucolepis lawrencii,Leucolepis lawrencii,70793,70813,11.27,2,NO_ANNOT,,,PartialExact,0,Leucolepis,Leucolepis,62WNK,1,Catalogue of Life,
408,Pheugopedius hyperythrus,Pheugopedius hyperythrus,71319,71343,12.90,2,NO_ANNOT,,,PartialExact,0,"Pheugopedius Cabanis, 1850",Pheugopedius,63MTK,1,Catalogue of Life,
409,Pheugopedius fasciatoventris albigularis,Pheugopedius fasciatoventris albigularis,71388,71428,19.33,3,NO_ANNOT,,,Exact,0,"Pheugopedius fasciatoventris albigularis (P. L. Sclater, 1855)",Pheugopedius fasciatoventris albigularis,5KCST,1,Catalogue of Life,
410,Microcerculus luscinia,Microcerculus luscinia,71601,71623,12.48,2,NO_ANNOT,,,Exact,0,Microcerculus luscinia,Microcerculus luscinia,7660059,179,Open Tree of Life,
411,Dumetella carolinensis,Dumetella carolinensis,71669,71691,14.03,2,NO_ANNOT,,,Exact,0,"Dumetella carolinensis (Linnaeus, 1766)",Dumetella carolinensis,382DF,1,Catalogue of Life,
412,Planesticus grayi casius,Planesticus grayi casius,71724,71748,16.27,3,NO_ANNOT,,,PartialExact,0,Planesticus casius,Planesticus casius,54408116,12,EOL,
413,P. migratorius,P. migratorius,71956,71970,7.09,2,NO_ANNOT,,,NoMatch,,,,,,,,
414,Planesticus obsoletus,Planesticus obsoletus,72553,72574,14.18,2,NO_ANNOT,,,PartialExact,0,"Planesticus Bonaparte, 1854",Planesticus,urn:lsid:irmng.org:taxname:1255359,181,IRMNG,
415,Hylocichla ustulata swainsonii,Hylocichla ustulata swainsonii,72610,72640,17.68,3,NO_ANNOT,,,Fuzzy,1,Hylocichla ustulata swainsoni Tschudi.,Hylocichla ustulata swainsoni,gn_84455,186,MCZbase,
416,Hylocichla fuscescens fuscescens,Hylocichla fuscescens fuscescens,72675,72707,16.30,3,NO_ANNOT,,,Exact,0,Hylocichla fuscescens fuscescens Steph.,Hylocichla fuscescens fuscescens,gn_87250,186,MCZbase,
417,Vireosylva flavoviridis flavoviridis,Vireosylva flavoviridis flavoviridis,72741,72777,16.58,3,NO_ANNOT,,,PartialExact,0,"Vireosylva Bonaparte, 1836",Vireosylva,urn:lsid:irmng.org:taxname:1180951,181,IRMNG,
418,Chira,Chira,72817,72822,3.92,1,NO_ANNOT,,,Exact,0,Chira,Chira,62LVZ,1,Catalogue of Life,
419,Vireosylva olivacea,Vireosylva olivacea,72879,72898,11.44,2,NO_ANNOT,,,Exact,0,Vireosylva olivacea,Vireosylva olivacea,283683,183,Sherborn Index Animalium,
420,Lanivireo flavifrons,Lanivireo flavifrons,72929,72949,8.13,2,NO_ANNOT,,,Exact,0,Lanivireo flavifrons Vieill.,Lanivireo flavifrons,gn_12171,186,MCZbase,
421,Pachysylvia viridiflava,Pachysylvia viridiflava,72987,73010,11.14,2,NO_ANNOT,,,PartialExact,0,"Pachysylvia Bonaparte, 1850",Pachysylvia,859046,2,Wikispecies,
422,Pachysylvia.,Pachysylvia,73033,73045,4.77,1,NO_ANNOT,,,Exact,0,"Pachysylvia Bonaparte, 1850",Pachysylvia,859046,2,Wikispecies,
423,Pachysylvia aurantiifrons aurantiifrons,Pachysylvia aurantiifrons aurantiifrons,73151,73190,12.25,3,NO_ANNOT,,,Exact,0,Pachysylvia aurantiifrons aurantiifrons,Pachysylvia aurantiifrons aurantiifrons,gn_17120,187,Clements' Birds of the World,
424,Pachysylvia.,Pachysylvia,73212,73224,4.77,1,NO_ANNOT,,,Exact,0,"Pachysylvia Bonaparte, 1850",Pachysylvia,859046,2,Wikispecies,
425,Pachysylvia decurtata,Pachysylvia decurtata,73302,73323,12.67,2,NO_ANNOT,,,Exact,0,"Pachysylvia decurtata (Bonaparte, 1838)",Pachysylvia decurtata,26654,2,Wikispecies,
426,Pachysylvia.,Pachysylvia,73346,73358,4.77,1,NO_ANNOT,,,Exact,0,"Pachysylvia Bonaparte, 1850",Pachysylvia,859046,2,Wikispecies,
427,Vireolanius pulchellus viridiceps,Vireolanius pulchellus viridiceps,73479,73512,17.00,3,NO_ANNOT,,,Exact,0,"Vireolanius pulchellus viridiceps Ridgway, 1903",Vireolanius pulchellus viridiceps,5LRZT,1,Catalogue of Life,
428,Bombycilla cedrorum.,Bombycilla cedrorum,73548,73568,12.05,2,NO_ANNOT,,,Exact,0,"Bombycilla cedrorum Vieillot, 1808",Bombycilla cedrorum,MFZ9,1,Catalogue of Life,
429,Anthus parvus,Anthus parvus,73599,73612,9.66,2,NO_ANNOT,,,Exact,0,Anthus parvus,Anthus parvus,7661348,179,Open Tree of Life,
430,Mniotilta varia,Mniotilta varia,73654,73669,5.83,2,NO_ANNOT,,,Exact,0,"Mniotilta varia (Linnaeus, 1766)",Mniotilta varia,43SRL,1,Catalogue of Life,
431,Protonotaria citrea,Protonotaria citrea,73736,73755,10.17,2,NO_ANNOT,,,Exact,0,"Protonotaria citrea (Boddaert, 1783)",Protonotaria citrea,4N6GN,1,Catalogue of Life,
432,Vermivora chrysoptera,Vermivora chrysoptera,73849,73870,13.41,2,NO_ANNOT,,,Exact,0,"Vermivora chrysoptera (Linnaeus, 1766)",Vermivora chrysoptera,5B476,1,Catalogue of Life,
433,Vermivora peregrina,Vermivora peregrina,73908,73927,13.21,2,NO_ANNOT,,,Exact,0,"Vermivora peregrina (A. Wilson, 1811)",Vermivora peregrina,7G24Y,1,Catalogue of Life,
434,Dendroica magnolia,Dendroica magnolia,73960,73978,7.05,2,NO_ANNOT,,,Exact,0,"Dendroica magnolia (A. Wilson, 1811)",Dendroica magnolia,6CJF3,1,Catalogue of Life,
435,Dendroica coronata,Dendroica coronata,74011,74029,11.23,2,NO_ANNOT,,,Exact,0,"Dendroica coronata (Linnaeus, 1766)",Dendroica coronata,6CJDJ,1,Catalogue of Life,
436,Dendroica virens,Dendroica virens,74061,74077,9.28,2,NO_ANNOT,,,Exact,0,"Dendroica virens (J. F. Gmelin, 1789)",Dendroica virens,34QB6,1,Catalogue of Life,
437,Gmelin.,Gmelin,74078,74085,2.19,1,NO_ANNOT,,,NoMatch,,,,,,,,
438,Dendroica cerulea,Dendroica cerulea,74120,74137,8.94,2,NO_ANNOT,,,Exact,0,"Dendroica cerulea (A. Wilson, 1810)",Dendroica cerulea,6CJDG,1,Catalogue of Life,
439,Dendroica fusca,Dendroica fusca,74169,74184,8.55,2,NO_ANNOT,,,Exact,0,"Dendroica fusca (Statius Müller, 1776)",Dendroica fusca,6CJFG,1,Catalogue of Life,
440,Dendroica pensylvanica,Dendroica pensylvanica,74220,74242,11.24,2,NO_ANNOT,,,Exact,0,"Dendroica pensylvanica (Linnaeus, 1766)",Dendroica pensylvanica,6CJF8,1,Catalogue of Life,
441,Dendroica castanea,Dendroica castanea,74387,74405,9.89,2,NO_ANNOT,,,Exact,0,"Dendroica castanea (A. Wilson, 1810)",Dendroica castanea,6CJDV,1,Catalogue of Life,
442,Dendroica aestiva aestiva,Dendroica aestiva aestiva,74545,74570,12.88,3,NO_ANNOT,,,Exact,0,Dendroica aestiva aestiva Gmel.,Dendroica aestiva aestiva,gn_180230,186,MCZbase,
443,Gmelin.,Gmelin,74571,74578,2.19,1,NO_ANNOT,,,NoMatch,,,,,,,,
444,Dendroica erithachorides,Dendroica erithachorides,74705,74729,10.22,2,NO_ANNOT,,,Exact,0,"Dendroica erithachorides S. F. Baird, 1858",Dendroica erithachorides,6CJFC,1,Catalogue of Life,
445,Oporornis formosus,Oporornis formosus,74922,74940,12.34,2,NO_ANNOT,,,Exact,0,"Oporornis formosus (A. Wilson, 1811)",Oporornis formosus,7546F,1,Catalogue of Life,
446,Oporornis,Oporornis,75002,75011,5.40,1,NO_ANNOT,,,Exact,0,"Oporornis S. F. Baird, 1858",Oporornis,698R,1,Catalogue of Life,
447,Oporornis tolmiei,Oporornis tolmiei,75127,75144,11.00,2,NO_ANNOT,,,Exact,0,"Oporornis tolmiei (J. K. Townsend, 1839)",Oporornis tolmiei,6T46D,1,Catalogue of Life,
448,Seiuru.s aurocapillus,Seiuru�s aurocapillus,75183,75204,4.90,2,NO_ANNOT,,,Fuzzy,1,"Seiurus aurocapillus (Linnaeus, 1766)",Seiurus aurocapillus,4WB6F,1,Catalogue of Life,
449,Seiurus motacilla,Seiurus motacilla,75261,75278,10.76,2,NO_ANNOT,,,Exact,0,"Seiurus motacilla (Vieillot, 1809)",Seiurus motacilla,4WB6H,1,Catalogue of Life,
450,Seiurus noveboracensis noveboracensis,Seiurus noveboracensis noveboracensis,75318,75355,17.86,3,NO_ANNOT,,,Exact,0,"Seiurus noveboracensis noveboracensis (J. F. Gmelin, 1789)",Seiurus noveboracensis noveboracensis,5L4Y3,1,Catalogue of Life,
451,Gmelin.,Gmelin,75356,75363,2.19,1,NO_ANNOT,,,NoMatch,,,,,,,,
452,Wilsonia canadensis,Wilsonia canadensis,75464,75483,11.49,2,NO_ANNOT,,,Exact,0,"Wilsonia canadensis (Linnaeus, 1766)",Wilsonia canadensis,5BZSQ,1,Catalogue of Life,
453,Wilsonia citrina,Wilsonia citrina,75541,75557,10.66,2,NO_ANNOT,,,Exact,0,"Wilsonia citrina (Boddaert, 1783)",Wilsonia citrina,5BZSR,1,Catalogue of Life,
454,Setophaga ruticilla,Setophaga ruticilla,75589,75608,10.84,2,NO_ANNOT,,,Exact,0,"Setophaga ruticilla (Linnaeus, 1758)",Setophaga ruticilla,4X3CB,1,Catalogue of Life,
455,Basileuterus rufifrons mesochrysus,Basileuterus rufifrons mesochrysus,75724,75758,15.89,3,NO_ANNOT,,,Exact,0,"Basileuterus rufifrons mesochrysus P. L. Sclater, 1860",Basileuterus rufifrons mesochrysus,5FWZB,1,Catalogue of Life,
456,Basileuterus semicervinus veraguensis,Basileuterus semicervinus veraguensis,75919,75956,14.75,3,NO_ANNOT,,,PartialExact,0,Basileuterus veraguensis,Basileuterus veraguensis,4008524,168,ION,
457,Zamelodia ludoviciana,Zamelodia ludoviciana,76426,76447,11.60,2,NO_ANNOT,,,Exact,0,Zamelodia ludoviciana,Zamelodia ludoviciana,3480972,168,ION,
458,Cyanocompsa concreta cyanescens,Cyanocompsa concreta cyanescens,76486,76517,16.12,3,NO_ANNOT,,,Exact,0,Cyanocompsa concreta cyanescens,Cyanocompsa concreta cyanescens,3837859,168,ION,
459,Oryzoborus funereus,Oryzoborus funereus,76910,76929,12.36,2,NO_ANNOT,,,Exact,0,"Oryzoborus funereus P. L. Sclater, 1860",Oryzoborus funereus,74ZGL,1,Catalogue of Life,
460,Sporophila aurita,Sporophila aurita,77023,77040,10.12,2,NO_ANNOT,,,Exact,0,"Sporophila aurita (Bonaparte, 1851)",Sporophila aurita,4ZD3C,1,Catalogue of Life,
461,Sporophila grisea schistacea,Sporophila grisea schistacea,77714,77742,14.88,3,NO_ANNOT,,,PartialExact,0,"Sporophila schistacea (Lawrence, 1862)",Sporophila schistacea,6ZD5F,1,Catalogue of Life,
462,Sporophila minuta minuta,Sporophila minuta minuta,77782,77806,14.33,3,NO_ANNOT,,,Exact,0,"Sporophila minuta minuta (Linnaeus, 1758)",Sporophila minuta minuta,5L9TY,1,Catalogue of Life,
463,Sporophila gutturalis,Sporophila gutturalis,77840,77861,11.74,2,NO_ANNOT,,,Fuzzy,1,Sporophila gutteralis,Sporophila gutteralis,7662401,179,Open Tree of Life,
464,Tiaris olivacea pusilla,Tiaris olivacea pusilla,77906,77929,15.70,3,NO_ANNOT,,,Exact,0,Tiaris olivacea pusilla,Tiaris olivacea pusilla,gn_22518,186,MCZbase,
465,Volatinia jacarini splendens,Volatinia jacarini splendens,78089,78117,15.46,3,NO_ANNOT,,,Fuzzy,1,"Volatinia jacarina splendens (Vieillot, 1817)",Volatinia jacarina splendens,5LS6V,1,Catalogue of Life,
466,Sporophila aurita.,Sporophila aurita,78320,78338,10.12,2,NO_ANNOT,,,Exact,0,"Sporophila aurita (Bonaparte, 1851)",Sporophila aurita,4ZD3C,1,Catalogue of Life,
467,Amaurospiza concolor,Amaurospiza concolor,78612,78632,11.98,2,NO_ANNOT,,,Exact,0,"Amaurospiza concolor Cabanis, 1861",Amaurospiza concolor,CKB3,1,Catalogue of Life,
468,Pitylus grossus,Pitylus grossus,78667,78682,12.25,2,NO_ANNOT,,,Exact,0,"Pitylus grossus (Linnaeus, 1766)",Pitylus grossus,4JCJ8,1,Catalogue of Life,
469,Caryothraustes poliogaster scapularis,Caryothraustes poliogaster scapularis,78829,78866,14.60,3,NO_ANNOT,,,Exact,0,"Caryothraustes poliogaster scapularis (Ridgway, 1888)",Caryothraustes poliogaster scapularis,5G92V,1,Catalogue of Life,
470,Saltator magnoides intermedius,Saltator magnoides intermedius,78905,78935,15.86,3,NO_ANNOT,,,PartialExact,0,Saltator intermedius,Saltator intermedius,7662421,179,Open Tree of Life,
471,Saltator.,Saltator,78966,78975,3.88,1,NO_ANNOT,,,Exact,0,"Saltator Vieillot, 1816",Saltator,7BYV,1,Catalogue of Life,
472,Saltator atriceps lacertosus,Saltator atriceps lacertosus,79428,79456,15.44,3,NO_ANNOT,,,Exact,0,"Saltator atriceps lacertosus Bangs, 1900",Saltator atriceps lacertosus,5KZJG,1,Catalogue of Life,
473,Saltator.,Saltator,79483,79492,3.88,1,NO_ANNOT,,,Exact,0,"Saltator Vieillot, 1816",Saltator,7BYV,1,Catalogue of Life,
474,Saltator albicollis isthmicus,Saltator albicollis isthmicus,79958,79987,16.55,3,NO_ANNOT,,,Exact,0,Saltator albicollis isthmicus,Saltator albicollis isthmicus,gn_28902,186,MCZbase,
475,Saltator.,Saltator,80013,80022,3.88,1,NO_ANNOT,,,Exact,0,"Saltator Vieillot, 1816",Saltator,7BYV,1,Catalogue of Life,
476,Astragalinus psaltria croceus,Astragalinus psaltria croceus,80139,80168,17.00,3,NO_ANNOT,,,PartialExact,0,Astragalinus psaltria,Astragalinus psaltria,gn_966538,170,Arctos,
477,Spiza americana,Spiza americana,80208,80223,7.83,2,NO_ANNOT,,,Exact,0,"Spiza americana (J. F. Gmelin, 1789)",Spiza americana,4Z99P,1,Catalogue of Life,
478,Gmelin.,Gmelin,80224,80231,2.19,1,NO_ANNOT,,,NoMatch,,,,,,,,
479,Arremonops conirostris conirostris,Arremonops conirostris conirostris,80457,80491,17.83,3,NO_ANNOT,,,Exact,0,"Arremonops conirostris conirostris (Bonaparte, 1850)",Arremonops conirostris conirostris,7JBLB,1,Catalogue of Life,
480,Arremon aurantiirostris,Arremon aurantiirostris,81070,81093,12.40,2,NO_ANNOT,,,Exact,0,"Arremon aurantiirostris Lafresnaye, 1847",Arremon aurantiirostris,67SVV,1,Catalogue of Life,
481,Coereba mexicana,Coereba mexicana,81236,81252,7.48,2,NO_ANNOT,,,Exact,0,Coereba mexicana,Coereba mexicana,7662337,179,Open Tree of Life,
482,Dacnis cayana ultramarina,Dacnis cayana ultramarina,81405,81430,16.85,3,NO_ANNOT,,,Exact,0,"Dacnis cayana ultramarina Lawrence, 1864",Dacnis cayana ultramarina,7JP3Y,1,Catalogue of Life,
483,Dacnis.,Dacnis,81453,81460,4.69,1,NO_ANNOT,,,Exact,0,"Dacnis Cuvier, 1816",Dacnis,3Z8Q,1,Catalogue of Life,
484,Cyanerpes cyaneus,Cyanerpes cyaneus,81664,81681,10.51,2,NO_ANNOT,,,Exact,0,"Cyanerpes cyaneus (Linnaeus, 1766)",Cyanerpes cyaneus,6C4PH,1,Catalogue of Life,
485,Cyanerpes lucidus,Cyanerpes lucidus,81850,81867,10.34,2,NO_ANNOT,,,Exact,0,"Cyanerpes lucidus (P. L. Sclater & Salvin, 1859)",Cyanerpes lucidus,32NFF,1,Catalogue of Life,
486,Chlorophanes spiza guatemalensis,Chlorophanes spiza guatemalensis,81915,81947,14.61,3,NO_ANNOT,,,Exact,0,"Chlorophanes spiza guatemalensis P. L. Sclater, 1861",Chlorophanes spiza guatemalensis,7JLGL,1,Catalogue of Life,
487,Tanagra crassirostris,Tanagra crassirostris,82079,82100,5.28,2,NO_ANNOT,,,PartialExact,0,"Tanagra Linnaeus, 1764",Tanagra,urn:lsid:irmng.org:taxname:1294441,181,IRMNG,
488,Euphonia.,Euphonia,82122,82131,3.87,1,NO_ANNOT,,,Exact,0,"Euphonia Desmarest, 1806",Euphonia,635G4,1,Catalogue of Life,
489,Tanagra fulvicrissa,Tanagra fulvicrissa,82456,82475,4.53,2,NO_ANNOT,,,PartialExact,0,"Tanagra Linnaeus, 1764",Tanagra,urn:lsid:irmng.org:taxname:1294441,181,IRMNG,
490,Euphonia.,Euphonia,82499,82508,3.87,1,NO_ANNOT,,,Exact,0,"Euphonia Desmarest, 1806",Euphonia,635G4,1,Catalogue of Life,
491,Tanagra luteicapilla,Tanagra luteicapilla,82514,82534,5.13,2,NO_ANNOT,,,PartialExact,0,"Tanagra Linnaeus, 1764",Tanagra,urn:lsid:irmng.org:taxname:1294441,181,IRMNG,
492,Euphonia.,Euphonia,82558,82567,3.87,1,NO_ANNOT,,,Exact,0,"Euphonia Desmarest, 1806",Euphonia,635G4,1,Catalogue of Life,
493,Tanagra minuta humilis,Tanagra minuta humilis,82574,82596,12.84,3,NO_ANNOT,,,PartialExact,0,Tanagra minuta (Cab. ),Tanagra minuta,3620979,168,ION,
494,Euphonia.,Euphonia,82619,82628,3.87,1,NO_ANNOT,,,Exact,0,"Euphonia Desmarest, 1806",Euphonia,635G4,1,Catalogue of Life,
495,Tangara larvata fanny,Tangara larvata fanny,82634,82655,10.18,3,NO_ANNOT,,,Exact,0,"Tangara larvata fanny (Lafresnaye, 1847)",Tangara larvata fanny,7L65D,1,Catalogue of Life,
496,Tangara inornata,Tangara inornata,82833,82849,11.15,2,NO_ANNOT,,,Exact,0,"Tangara inornata (Gould, 1855)",Tangara inornata,54P5N,1,Catalogue of Life,
497,Tangara gyroloides,Tangara gyroloides,83021,83039,9.84,2,NO_ANNOT,,,Exact,0,Tangara gyroloides,Tangara gyroloides,3625530,168,ION,
498,Tangara lavinia,Tangara lavinia,83084,83099,9.16,2,NO_ANNOT,,,Exact,0,"Tangara lavinia (Cassin, 1858)",Tangara lavinia,54P5S,1,Catalogue of Life,
499,Thraupis cana cana,Thraupis cana cana,83132,83150,8.00,3,NO_ANNOT,,,PartialExact,0,Thraupis cana,Thraupis cana,103705,183,Sherborn Index Animalium,
500,Thraupis palmarum melanoptera,Thraupis palmarum melanoptera,83376,83405,17.96,3,NO_ANNOT,,,Exact,0,"Thraupis palmarum melanoptera (P. L. Sclater, 1857)",Thraupis palmarum melanoptera,5LJ7G,1,Catalogue of Life,
501,Ramphocelus luciani,Ramphocelus luciani,83554,83573,12.26,2,NO_ANNOT,,,Exact,0,Ramphocelus luciani,Ramphocelus luciani,gn_30681,186,MCZbase,
502,Ramphocelus icteronotus,Ramphocelus icteronotus,83613,83636,14.35,2,NO_ANNOT,,,Exact,0,"Ramphocelus icteronotus Bonaparte, 1838",Ramphocelus icteronotus,7936N,1,Catalogue of Life,
503,Ramphocelus dimidiatus isthmicus,Ramphocelus dimidiatus isthmicus,84297,84329,19.30,3,NO_ANNOT,,,Exact,0,"Ramphocelus dimidiatus isthmicus Ridgway, 1901",Ramphocelus dimidiatus isthmicus,7KQ2N,1,Catalogue of Life,
504,Piranga rubra rubra,Piranga rubra rubra,85054,85073,13.75,3,NO_ANNOT,,,Exact,0,"Piranga rubra rubra (Linnaeus, 1758)",Piranga rubra rubra,5KGMP,1,Catalogue of Life,
505,Piranga erythromelas,Piranga erythromelas,85105,85125,10.23,2,NO_ANNOT,,,Exact,0,Piranga erythromelas Viellot.,Piranga erythromelas,gn_90409,186,MCZbase,
506,Phoenicothraupis fuscicauda,Phoenicothraupis fuscicauda,85158,85185,12.89,2,NO_ANNOT,,,PartialExact,0,"Phoenicothraupis Cabanis, 1851",Phoenicothraupis,urn:lsid:irmng.org:taxname:1252142,181,IRMNG,
507,Heterospingus rubrifrons,Heterospingus rubrifrons,85875,85899,10.75,2,NO_ANNOT,,,Exact,0,"Heterospingus rubrifrons (Lawrence, 1865)",Heterospingus rubrifrons,6M64N,1,Catalogue of Life,
508,Tachyphonus rufus,Tachyphonus rufus,85935,85952,9.60,2,NO_ANNOT,,,Exact,0,"Tachyphonus rufus (Boddaert, 1783)",Tachyphonus rufus,54CXK,1,Catalogue of Life,
509,Agelaius phoeniceus.,Agelaius phoeniceus,86256,86276,11.85,2,NO_ANNOT,,,Exact,0,"Agelaius phoeniceus (Linnaeus, 1766)",Agelaius phoeniceus,5TQD6,1,Catalogue of Life,
510,Tachyphonus luctuosus,Tachyphonus luctuosus,86282,86303,13.15,2,NO_ANNOT,,,Exact,0,"Tachyphonus luctuosus d'Orbigny & Lafresnaye, 1837",Tachyphonus luctuosus,54CXF,1,Catalogue of Life,
511,Tachyphonus delatrii,Tachyphonus delatrii,86479,86499,12.17,2,NO_ANNOT,,,Exact,0,"Tachyphonus delatrii Lafresnaye, 1847",Tachyphonus delatrii,54CXD,1,Catalogue of Life,
512,Eucometis cristata,Eucometis cristata,86539,86557,13.55,2,NO_ANNOT,,,PartialExact,0,"Eucometis P. L. Sclater, 1856",Eucometis,62TBS,1,Catalogue of Life,
513,Mitrospingus cassini,Mitrospingus cassini,87011,87031,12.21,2,NO_ANNOT,,,Exact,0,Mitrospingus cassini (Lawr. ),Mitrospingus cassini,3837880,168,ION,
514,Rhodinocichla rosea eximia,Rhodinocichla rosea eximia,87065,87091,13.11,3,NO_ANNOT,,,Exact,0,"Rhodinocichla rosea eximia Ridgway, 1902",Rhodinocichla rosea eximia,7L2SC,1,Catalogue of Life,
515,Zarhynchus wagleri wagleri,Zarhynchus wagleri wagleri,87720,87746,16.91,3,NO_ANNOT,,,PartialExact,0,"Zarhynchus wagleri (G. R. Gray, 1845)",Zarhynchus wagleri,7GCVL,1,Catalogue of Life,
516,Gymnostinops montezuma,Gymnostinops montezuma,87779,87801,7.39,2,NO_ANNOT,,,Exact,0,"Gymnostinops montezuma (Lesson, 1830)",Gymnostinops montezuma,3HV57,1,Catalogue of Life,
517,Cacicus microrhynchus,Cacicus microrhynchus,87837,87858,12.70,2,NO_ANNOT,,,Exact,0,"Cacicus microrhynchus (Sclater & Salvin, 1864)",Cacicus microrhynchus,12909,175,BirdLife International,
518,Cacicus vitellinus,Cacicus vitellinus,87905,87923,13.11,2,NO_ANNOT,,,Exact,0,"Cacicus vitellinus Lawrence, 1864",Cacicus vitellinus,10916896,11,GBIF Backbone Taxonomy,
519,Cassidix orizivora violea,Cassidix orizivora violea,88223,88248,13.91,3,NO_ANNOT,,,Fuzzy,1,Cassidix oryzivora violea,Cassidix oryzivora violea,gn_16603,186,MCZbase,
520,Dolichonyx oryzivorus,Dolichonyx oryzivorus,88387,88408,11.71,2,NO_ANNOT,,,Exact,0,"Dolichonyx oryzivorus (Linnaeus, 1758)",Dolichonyx oryzivorus,375NS,1,Catalogue of Life,
521,Amblycercus holosericeus,Amblycercus holosericeus,88434,88458,13.70,2,NO_ANNOT,,,Exact,0,"Amblycercus holosericeus (Deppe, 1830)",Amblycercus holosericeus,CLJC,1,Catalogue of Life,
522,Leistes militaris,Leistes militaris,88631,88648,10.20,2,NO_ANNOT,,,Exact,0,"Leistes militaris (Linnaeus, 1758)",Leistes militaris,11244,2,Wikispecies,
523,Icterus spurius,Icterus spurius,88687,88702,10.28,2,NO_ANNOT,,,Exact,0,"Icterus spurius (Linnaeus, 1766)",Icterus spurius,6N5X4,1,Catalogue of Life,
524,Icterus galbula,Icterus galbula,88734,88749,10.28,2,NO_ANNOT,,,Exact,0,"Icterus galbula (Linnaeus, 1758)",Icterus galbula,6N5WV,1,Catalogue of Life,
525,Icterus giraudii,Icterus giraudii,88783,88799,10.17,2,NO_ANNOT,,,Exact,0,Icterus giraudii Cassin 1847,Icterus giraudii,4937571,168,ION,
526,Icterus mesomelas salvinii,Icterus mesomelas salvinii,88830,88856,13.77,3,NO_ANNOT,,,Exact,0,"Icterus mesomelas salvinii Cassin, 1867",Icterus mesomelas salvinii,5J43R,1,Catalogue of Life,
527,Megaquiscalus major macrourus,Megaquiscalus major macrourus,89111,89140,11.97,3,NO_ANNOT,,,PartialExact,0,Megaquiscalus major (Viellot 1819),Megaquiscalus major,289719,172,PaleoBioDB,
528,Cyanocorax affinis zeledoni,Cyanocorax affinis zeledoni,89185,89212,16.03,3,NO_ANNOT,,,Exact,0,"Cyanocorax affinis zeledoni Ridgway, 1899",Cyanocorax affinis zeledoni,5GQYG,1,Catalogue of Life,
529,ORTHOPTERA,Orthoptera,89422,89432,5.31,1,NO_ANNOT,,,Exact,0,Orthoptera,Orthoptera,62294,1,Catalogue of Life,
530,ORTHOPTERA,Orthoptera,89459,89469,5.31,1,NO_ANNOT,,,Exact,0,Orthoptera,Orthoptera,62294,1,Catalogue of Life,
531,Sonorella wolcottiana,Sonorella wolcottiana,89712,89733,13.72,2,NO_ANNOT,,,Exact,0,"Sonorella wolcottiana Bartsch, 1904",Sonorella wolcottiana,7T6VF,1,Catalogue of Life,
532,Mollusca,Mollusca,90014,90022,4.51,1,NO_ANNOT,,,Exact,0,Mollusca,Mollusca,M2L,1,Catalogue of Life,
