Index,Verbatim,Name,Start,End,OddsLog10,Cardinality,AnnotNomenType,WordsBefore,WordsAfter,VerifMatchType,VerifEditDistance,VerifMatchedName,VerifMatchedCanonical,VerifTaxonId,VerifDataSourceId,VerifDataSourceTitle,VerifError
0,MOLLUSCA,Mollusca,0,8,4.51,1,NO_ANNOT,,,Exact,0,Mollusca,Mollusca,M2L,1,Catalogue of Life,
1,Abies arizonica,Abies arizonica,506,521,8.68,2,NO_ANNOT,,,Exact,0,Abies arizonica Merriam,Abies arizonica,63Z6P,1,Catalogue of Life,
2,Pseudotsuga mucronata,Pseudotsuga mucronata,537,558,12.18,2,NO_ANNOT,,,Exact,0,Pseudotsuga mucronata (Raf.) Sudw. ex Holz.,Pseudotsuga mucronata,6WHCN,1,Catalogue of Life,
3,Cupressus arizonica,Cupressus arizonica,567,586,11.74,2,NO_ANNOT,,,Exact,0,Cupressus arizonica Greene,Cupressus arizonica,32FVX,1,Catalogue of Life,
4,Sonorella,Sonorella,1230,1239,6.20,1,NO_ANNOT,,,Exact,0,"Sonorella Pilsbry, 1900",Sonorella,7PH3Y,1,Catalogue of Life,
5,Sabino creeks,Sabino creeks,1987,2000,0.56,2,NO_ANNOT,,,NoMatch,,,,,,,,
6,Sonorella,Sonorella,3733,3742,6.20,1,NO_ANNOT,,,Exact,0,"Sonorella Pilsbry, 1900",Sonorella,7PH3Y,1,Catalogue of Life,
7,Ashmunella,Ashmunella,3781,3791,6.37,1,NO_ANNOT,,,Exact,0,"Ashmunella Pilsbry & Cockerell, 1899",Ashmunella,7NPTV,1,Catalogue of Life,
8,Oreohelix,Oreohelix,3795,3804,4.83,1,NO_ANNOT,,,Exact,0,"Oreohelix Pilsbry, 1904",Oreohelix,7PBC4,1,Catalogue of Life,
9,Sonorella slides,Sonorella slides,5852,5868,11.88,2,NO_ANNOT,,,PartialExact,0,"Sonorella Pilsbry, 1900",Sonorella,7PH3Y,1,Catalogue of Life,
10,Sonorella.,Sonorella,6667,6677,6.20,1,NO_ANNOT,,,Exact,0,"Sonorella Pilsbry, 1900",Sonorella,7PH3Y,1,Catalogue of Life,
11,Sonorella,Sonorella,7275,7284,6.20,1,NO_ANNOT,,,Exact,0,"Sonorella Pilsbry, 1900",Sonorella,7PH3Y,1,Catalogue of Life,
12,Sonorella,Sonorella,7637,7646,6.20,1,NO_ANNOT,,,Exact,0,"Sonorella Pilsbry, 1900",Sonorella,7PH3Y,1,Catalogue of Life,
13,Oreohelix,Oreohelix,7736,7745,4.83,1,NO_ANNOT,,,Exact,0,"Oreohelix Pilsbry, 1904",Oreohelix,7PBC4,1,Catalogue of Life,
14,Sonorella odorata,Sonorella odorata,8746,8763,13.75,2,SP_NOV,,,Exact,0,"Sonorella odorata Pilsbry & Ferriss, 1919",Sonorella odorata,7T6TC,1,Catalogue of Life,
15,Isabella color,Isabella color,8930,8944,2.67,2,NO_ANNOT,,,PartialExact,0,"Isabella Schlacher-Hoenlinger, Pisera & Hooper, 2005",Isabella,84QR8,1,Catalogue of Life,
16,S. odorata.,S. odorata,9775,9786,7.21,2,NO_ANNOT,,,NoMatch,,,,,,,,
17,Solidago odora.,Solidago odora,11982,11997,7.48,2,NO_ANNOT,,,Exact,0,Solidago odora Aiton,Solidago odora,6Z59B,1,Catalogue of Life,
18,S. clappi,S. clappi,12416,12425,4.13,2,NO_ANNOT,,,NoMatch,,,,,,,,
19,S. ferrissi,S. ferrissi,12454,12465,5.31,2,NO_ANNOT,,,NoMatch,,,,,,,,
20,S. clappi.,S. clappi,12553,12563,4.13,2,NO_ANNOT,,,NoMatch,,,,,,,,
21,Sonorella odorata marmoris,Sonorella odorata marmoris,13535,13561,18.77,3,SUBSP_NOV,,,Exact,0,"Sonorella odorata marmoris Pilsbry & Ferriss, 1919",Sonorella odorata marmoris,7V33B,1,Catalogue of Life,
22,S. odorata opaque,S. odorata opaque,13625,13642,6.80,3,NO_ANNOT,,,NoMatch,,,,,,,,
23,S. odorata,S. odorata,13771,13781,7.21,2,NO_ANNOT,,,NoMatch,,,,,,,,
24,S. odorata,S. odorata,14286,14296,7.21,2,NO_ANNOT,,,NoMatch,,,,,,,,
25,Sonorella.,Sonorella,14390,14400,6.20,1,NO_ANNOT,,,Exact,0,"Sonorella Pilsbry, 1900",Sonorella,7PH3Y,1,Catalogue of Life,
26,SonoreUa marmorarius,Sonoreua marmorarius,14529,14549,4.53,2,NO_ANNOT,,,NoMatch,,,,,,,,
27,S.␤odorata.,S. odorata,14615,14626,7.21,2,NO_ANNOT,,,NoMatch,,,,,,,,
28,SonoreUa sabinoensis,Sonoreua sabinoensis,14758,14778,5.04,2,SP_NOV,,,NoMatch,,,,,,,,
29,S. marmorarius.,S. marmorarius,16075,16090,7.09,2,NO_ANNOT,,,NoMatch,,,,,,,,
30,S. marmorarius.,S. marmorarius,17448,17463,7.09,2,NO_ANNOT,,,NoMatch,,,,,,,,
31,Sonorella sabinoensis,Sonorella sabinoensis,17472,17493,14.13,2,NO_ANNOT,,,Exact,0,"Sonorella sabinoensis Pilsbry & Ferriss, 1919",Sonorella sabinoensis,7T6TV,1,Catalogue of Life,
32,Sonorella sabinoensis occidentalis,Sonorella sabinoensis occidentalis,18137,18171,19.98,3,SUBSP_NOV,,,Exact,0,"Sonorella sabinoensis occidentalis Pilsbry & Ferriss, 1919",Sonorella sabinoensis occidentalis,7V33G,1,Catalogue of Life,
33,S. sabinoensis.,S. sabinoensis,18244,18259,7.60,2,NO_ANNOT,,,NoMatch,,,,,,,,
34,S. sabinoensis,S. sabinoensis,18379,18393,7.60,2,NO_ANNOT,,,NoMatch,,,,,,,,
35,Pusa,Pusa,20457,20461,3.38,1,NO_ANNOT,,,Exact,0,"Pusa Scopoli, 1771",Pusa,75KG,1,Catalogue of Life,
36,Sonorella sabinoensis buehmanensis,Sonorella sabinoensis buehmanensis,21297,21331,20.32,3,SUBSP_NOV,,,Exact,0,"Sonorella sabinoensis buehmanensis Pilsbry & Ferriss, 1919",Sonorella sabinoensis buehmanensis,7V33C,1,Catalogue of Life,
37,Sonorella,Sonorella,22065,22074,6.20,1,NO_ANNOT,,,Exact,0,"Sonorella Pilsbry, 1900",Sonorella,7PH3Y,1,Catalogue of Life,
38,S. sabinoensis.,S. sabinoensis,22568,22583,7.60,2,NO_ANNOT,,,NoMatch,,,,,,,,
39,Sonorella hestema,Sonorella hestema,23072,23089,11.56,2,SP_NOV,,,PartialExact,0,"Sonorella Pilsbry, 1900",Sonorella,7PH3Y,1,Catalogue of Life,
40,S. rinconensis,S. rinconensis,23361,23375,7.60,2,NO_ANNOT,,,NoMatch,,,,,,,,
41,S. sabinoensis.,S. sabinoensis,23467,23482,7.60,2,NO_ANNOT,,,NoMatch,,,,,,,,
42,S. hachitana.,S. hachitana,23750,23763,6.76,2,NO_ANNOT,,,NoMatch,,,,,,,,
43,Sonorella.,Sonorella,24079,24089,6.20,1,NO_ANNOT,,,Exact,0,"Sonorella Pilsbry, 1900",Sonorella,7PH3Y,1,Catalogue of Life,
44,Sonorella,Sonorella,24248,24257,6.20,1,NO_ANNOT,,,Exact,0,"Sonorella Pilsbry, 1900",Sonorella,7PH3Y,1,Catalogue of Life,
45,Sonorella marmorarius,Sonorella marmorarius,24404,24425,13.62,2,SP_NOV,,,Exact,0,"Sonorella marmorarius Pilsbry & Ferriss, 1919",Sonorella marmorarius,7T6SX,1,Catalogue of Life,
46,Sonorella,Sonorella,25711,25720,6.20,1,NO_ANNOT,,,Exact,0,"Sonorella Pilsbry, 1900",Sonorella,7PH3Y,1,Catalogue of Life,
47,S. hachitana,S. hachitana,26715,26727,6.76,2,NO_ANNOT,,,NoMatch,,,,,,,,
48,S. compar,S. compar,26737,26746,4.13,2,NO_ANNOT,,,NoMatch,,,,,,,,
49,S. compar,S. compar,26829,26838,4.13,2,NO_ANNOT,,,NoMatch,,,,,,,,
50,Sonorella marmorarius limifontis,Sonorella marmorarius limifontis,27444,27476,18.41,3,SUBSP_NOV,,,Exact,0,"Sonorella marmorarius limifontis Pilsbry & Ferriss, 1919",Sonorella marmorarius limifontis,7V339,1,Catalogue of Life,
51,Sonorella ashmuni,Sonorella ashmuni,28118,28135,11.65,2,NO_ANNOT,,,Exact,0,"Sonorella ashmuni Bartsch, 1904",Sonorella ashmuni,7T6R9,1,Catalogue of Life,
52,S. ashmuni,S. ashmuni,28198,28208,5.12,2,NO_ANNOT,,,NoMatch,,,,,,,,
53,S. ashmuni,S. ashmuni,28249,28259,5.12,2,NO_ANNOT,,,NoMatch,,,,,,,,
54,S. marmorarius,S. marmorarius,28574,28588,7.09,2,NO_ANNOT,,,NoMatch,,,,,,,,
55,Sonorella,Sonorella,29150,29159,6.20,1,NO_ANNOT,,,Exact,0,"Sonorella Pilsbry, 1900",Sonorella,7PH3Y,1,Catalogue of Life,
56,Cupj'essiis arisonica,Cupj�essiis arisonica,29321,29342,5.72,2,NO_ANNOT,,,NoMatch,,,,,,,,
57,Sonorella marmorarius imula,Sonorella marmorarius imula,29382,29409,17.29,3,SUBSP_NOV,,,Exact,0,"Sonorella marmorarius imula Pilsbry & Ferriss, 1919",Sonorella marmorarius imula,7V338,1,Catalogue of Life,
58,Sonorella galiurensis,Sonorella galiurensis,30720,30741,14.13,2,SP_NOV,,,Exact,0,"Sonorella galiurensis Pilsbry & Ferriss, 1919",Sonorella galiurensis,7T6SF,1,Catalogue of Life,
59,Sonorella galiurensis,Sonorella galiurensis,31507,31528,14.13,2,NO_ANNOT,,,Exact,0,"Sonorella galiurensis Pilsbry & Ferriss, 1919",Sonorella galiurensis,7T6SF,1,Catalogue of Life,
60,S. marmorarius.,S. marmorarius,32925,32940,7.09,2,NO_ANNOT,,,NoMatch,,,,,,,,
61,Sonorella tortillita,Sonorella tortillita,33218,33238,12.75,2,SP_NOV,,,Exact,0,"Sonorella tortillita Pilsbry & Ferriss, 1919",Sonorella tortillita,7T6V4,1,Catalogue of Life,
62,S. santaritana,S. santaritana,34889,34903,7.18,2,NO_ANNOT,,,NoMatch,,,,,,,,
63,S. tortillita,S. tortillita,34922,34935,6.21,2,NO_ANNOT,,,NoMatch,,,,,,,,
64,S. tortillita.,S. tortillita,35086,35100,6.21,2,NO_ANNOT,,,NoMatch,,,,,,,,
65,B. sahinoensis occidentalis,B. sahinoensis occidentalis,35131,35158,8.42,3,NO_ANNOT,,,NoMatch,,,,,,,,
66,Sonorella rinconensis,Sonorella rinconensis,35651,35672,14.13,2,NO_ANNOT,,,Exact,0,"Sonorella rinconensis Pilsbry & Ferriss, 1910",Sonorella rinconensis,7T6TQ,1,Catalogue of Life,
67,Sonorclla rinconensis,Sonorclla rinconensis,35686,35707,7.82,2,NO_ANNOT,,,Fuzzy,1,"Sonorella rinconensis Pilsbry & Ferriss, 1910",Sonorella rinconensis,7T6TQ,1,Catalogue of Life,
68,Thysanophora hornii,Thysanophora hornii,36013,36032,13.14,2,NO_ANNOT,,,Exact,0,"Thysanophora hornii (Gabb, 1866)",Thysanophora hornii,7TCNL,1,Catalogue of Life,
69,Thysanophora,Thysanophora,36283,36295,6.59,1,NO_ANNOT,,,Exact,0,"Thysanophora Strebel & Pfeffer, 1879",Thysanophora,7PJHX,1,Catalogue of Life,
70,Gonyodiscus cronkhitei,Gonyodiscus cronkhitei,36411,36433,12.38,2,NO_ANNOT,,,Fuzzy,1,Goniodiscus cronkhitei Pils,Goniodiscus cronkhitei,gn_53997,186,MCZbase,
71,Radiodiscus millecostatus,Radiodiscus millecostatus,36783,36808,14.53,2,NO_ANNOT,,,Exact,0,"Radiodiscus millecostatus Pilsbry & Ferriss, 1906",Radiodiscus millecostatus,883RD,1,Catalogue of Life,
72,Helicodiscus arizonensis,Helicodiscus arizonensis,37052,37076,14.62,2,NO_ANNOT,,,Exact,0,Helicodiscus arizonensis,Helicodiscus arizonensis,3677150,168,ION,
73,Punctum californicum,Punctum californicum,37368,37388,11.82,2,NO_ANNOT,,,Exact,0,"Punctum californicum Pilsbry, 1898",Punctum californicum,4QHS5,1,Catalogue of Life,
74,Vitrina alaskana,Vitrina alaskana,37469,37485,10.65,2,NO_ANNOT,,,Exact,0,"Vitrina alaskana Dall, 1905",Vitrina alaskana,7TM49,1,Catalogue of Life,
75,Polita indentata umbilicata,Polita indentata umbilicata,37596,37623,18.26,3,NO_ANNOT,,,PartialExact,0,"Polita Held, 1837",Polita,urn:lsid:irmng.org:taxname:1239593,181,IRMNG,
76,Striatura milium meridionalis,Striatura milium meridionalis,37917,37946,14.12,3,NO_ANNOT,,,Exact,0,Striatura milium meridionalis Morse,Striatura milium meridionalis,gn_98784,186,MCZbase,
77,Zonitoides arborea,Zonitoides arborea,38162,38180,10.17,2,NO_ANNOT,,,Exact,0,Zonitoides arborea Say,Zonitoides arborea,gn_238684,186,MCZbase,
78,Zonitoides minuscula alachuana,Zonitoides minuscula alachuana,38408,38438,17.75,3,NO_ANNOT,,,PartialExact,0,Zonitoides (Pseudohyalina) minuscula Binney,Zonitoides minuscula,gn_20953,186,MCZbase,
79,Zonitoides singleyana,Zonitoides singleyana,38541,38562,12.30,2,NO_ANNOT,,,Fuzzy,2,Zonitoides singleyanus Pils,Zonitoides singleyanus,gn_57354,186,MCZbase,
80,Euconulus fulvus,Euconulus fulvus,38588,38604,11.47,2,NO_ANNOT,,,Exact,0,"Euconulus fulvus (O. F. Müller, 1774)",Euconulus fulvus,3BXGX,1,Catalogue of Life,
81,Vallonia cyclophorella,Vallonia cyclophorella,38858,38880,11.33,2,NO_ANNOT,,,Exact,0,"Vallonia cyclophorella Sterki, 1892",Vallonia cyclophorella,7TKNY,1,Catalogue of Life,
82,Vallonia perspectiva,Vallonia perspectiva,39020,39040,10.10,2,NO_ANNOT,,,Exact,0,"Vallonia perspectiva Sterki, 1893",Vallonia perspectiva,7FDN7,1,Catalogue of Life,
83,Pupoides marginata,Pupoides marginata,39201,39219,12.66,2,NO_ANNOT,,,Exact,0,Pupoides marginata Say,Pupoides marginata,gn_156808,186,MCZbase,
84,Pupilla hebes,Pupilla hebes,39309,39322,10.03,2,NO_ANNOT,,,Exact,0,"Pupilla hebes (Ancey, 1881)",Pupilla hebes,4QJPR,1,Catalogue of Life,
85,Pupilla hebes nefas,Pupilla hebes nefas,39647,39666,12.46,3,NO_ANNOT,,,Exact,0,"Pupilla hebes f. nefas Pilsbry & Ferriss, 1910",Pupilla hebes nefas,7VBC5,1,Catalogue of Life,
86,Pupilla hebes form nefas,Pupilla hebes form nefas,39680,39704,15.27,3,NO_ANNOT,,,Exact,0,"Pupilla hebes f. nefas Pilsbry & Ferriss, 1910",Pupilla hebes nefas,7VBC5,1,Catalogue of Life,
87,P. hebes,P. hebes,40385,40393,3.92,2,NO_ANNOT,,,NoMatch,,,,,,,,
88,Chaenaxis intuscostata,Chaenaxis intuscostata,41072,41094,13.48,2,NO_ANNOT,,,Exact,0,Chaenaxis intuscostata Clapp.,Chaenaxis intuscostata,gn_134117,186,MCZbase,
89,Gastrocopta ashmuni,Gastrocopta ashmuni,41211,41230,10.50,2,NO_ANNOT,,,Exact,0,"Gastrocopta ashmuni (Sterki, 1898)",Gastrocopta ashmuni,3FDBX,1,Catalogue of Life,
90,Gastrocopta cochisensis,Gastrocopta cochisensis,41357,41380,12.98,2,NO_ANNOT,,,Exact,0,"Gastrocopta cochisensis (Pilsbry & Ferriss, 1910)",Gastrocopta cochisensis,3FDC8,1,Catalogue of Life,
91,B. quadridens.,B. quadridens,41531,41545,6.21,2,NO_ANNOT,,,NoMatch,,,,,,,,
92,Gastrocopta dalliana,Gastrocopta dalliana,41546,41566,11.98,2,NO_ANNOT,,,Exact,0,"Gastrocopta dalliana (Sterki, 1898)",Gastrocopta dalliana,3FDCF,1,Catalogue of Life,
93,Gastrocopta pellucida hordeacella,Gastrocopta pellucida hordeacella,41643,41676,17.63,3,NO_ANNOT,,,Exact,0,"Gastrocopta pellucida hordeacella (Pilsbry, 1890)",Gastrocopta pellucida hordeacella,7H4QY,1,Catalogue of Life,
94,Gastrocopta bilamellata,Gastrocopta bilamellata,41785,41808,13.38,2,NO_ANNOT,,,Exact,0,Gastrocopta bilamellata Sterki and Clapp.,Gastrocopta bilamellata,gn_121823,186,MCZbase,
95,Gastrocopta quadridens,Gastrocopta quadridens,41840,41862,11.60,2,NO_ANNOT,,,Exact,0,"Gastrocopta quadridens Pilsbry, 1916",Gastrocopta quadridens,7RDL6,1,Catalogue of Life,
96,Gastrocopta,Gastrocopta,42099,42110,5.05,1,NO_ANNOT,,,Exact,0,"Gastrocopta Wollaston, 1878",Gastrocopta,7P37P,1,Catalogue of Life,
97,Cochlicopa lubrica,Cochlicopa lubrica,42630,42648,12.00,2,NO_ANNOT,,,Exact,0,"Cochlicopa lubrica (O. F. Müller, 1774)",Cochlicopa lubrica,WN3Z,1,Catalogue of Life,
98,Vertigo modesta insculpta,Vertigo modesta insculpta,42794,42819,12.21,3,NO_ANNOT,,,Exact,0,"Vertigo modesta insculpta Pilsbry, 1919",Vertigo modesta insculpta,7V45L,1,Catalogue of Life,
99,T.␤modesta,T. modesta,42850,42860,5.90,2,NO_ANNOT,,,NoMatch,,,,,,,,
100,V. modesta,V. modesta,43398,43408,5.90,2,NO_ANNOT,,,NoMatch,,,,,,,,
101,V. modesta,V. modesta,43620,43630,5.90,2,NO_ANNOT,,,NoMatch,,,,,,,,
102,Vertigo coloradensis inserta,Vertigo coloradensis inserta,44045,44073,13.89,3,NO_ANNOT,,,Exact,0,"Vertigo coloradensis inserta Pilsbry, 1919",Vertigo coloradensis inserta,7V44R,1,Catalogue of Life,
103,Columbiana utahensis,Columbiana utahensis,44842,44862,11.43,2,NO_ANNOT,,,PartialExact,0,Columbiana,Columbiana,3SMX,1,Catalogue of Life,
104,V. coloradensis,V. coloradensis,44888,44903,7.49,2,NO_ANNOT,,,NoMatch,,,,,,,,
105,V. coloradensis.,V. coloradensis,45071,45087,7.49,2,NO_ANNOT,,,NoMatch,,,,,,,,
106,Gundlachia californica,Gundlachia californica,45096,45118,12.43,2,NO_ANNOT,,,Exact,0,"Gundlachia californica Rowell, 1863",Gundlachia californica,3HM6T,1,Catalogue of Life,
107,Plantinus wrighti.,Plantinus wrighti,45224,45242,3.81,2,NO_ANNOT,,,NoMatch,,,,,,,,
108,Gundlachia,Gundlachia,45272,45282,4.59,1,NO_ANNOT,,,Exact,0,"Gundlachia L. Pfeiffer, 1849",Gundlachia,7P4M9,1,Catalogue of Life,
109,A. parallelus,A. parallelus,45604,45617,6.91,2,NO_ANNOT,,,NoMatch,,,,,,,,
110,A. rivularis,A. rivularis,45670,45682,6.90,2,NO_ANNOT,,,NoMatch,,,,,,,,
111,Ferrissia,Ferrissia,45768,45777,4.06,1,NO_ANNOT,,,Exact,0,"Ferrissia B. Walker, 1903",Ferrissia,7P2FD,1,Catalogue of Life,
112,Gundlachia,Gundlachia,45814,45824,4.59,1,NO_ANNOT,,,Exact,0,"Gundlachia L. Pfeiffer, 1849",Gundlachia,7P4M9,1,Catalogue of Life,
113,G. callfornica.,G. callfornica,45872,45887,7.52,2,NO_ANNOT,,,NoMatch,,,,,,,,
114,Physa virgata,Physa virgata,45896,45909,11.37,2,NO_ANNOT,,,Exact,0,"Physa virgata Gould, 1855",Physa virgata,7SPY7,1,Catalogue of Life,
115,Rock slides,Rock slides,46606,46617,,2,NO_ANNOT,,,NoMatch,,,,,,,,
116,Physa,Physa,46832,46837,3.83,1,NO_ANNOT,,,Exact,0,"Physa Draparnaud, 1801",Physa,7PCJZ,1,Catalogue of Life,
117,Gundlachia,Gundlachia,46842,46852,4.59,1,NO_ANNOT,,,Exact,0,"Gundlachia L. Pfeiffer, 1849",Gundlachia,7P4M9,1,Catalogue of Life,
118,Thysanophora hornii,Thysanophora hornii,49144,49163,13.14,2,NO_ANNOT,,,Exact,0,"Thysanophora hornii (Gabb, 1866)",Thysanophora hornii,7TCNL,1,Catalogue of Life,
119,Gundlachia,Gundlachia,49305,49315,4.59,1,NO_ANNOT,,,Exact,0,"Gundlachia L. Pfeiffer, 1849",Gundlachia,7P4M9,1,Catalogue of Life,
120,Physa.,Physa,49320,49326,3.83,1,NO_ANNOT,,,Exact,0,"Physa Draparnaud, 1801",Physa,7PCJZ,1,Catalogue of Life,
121,Other slides,Other slides,50213,50225,,2,NO_ANNOT,,,NoMatch,,,,,,,,
122,Ashmunella mogoUoneiisis,Ashmunella mogouoneiisis,51685,51709,9.20,2,NO_ANNOT,,,PartialExact,0,"Ashmunella Pilsbry & Cockerell, 1899",Ashmunella,7NPTV,1,Catalogue of Life,
123,Oreohelix,Oreohelix,52789,52798,4.83,1,NO_ANNOT,,,Exact,0,"Oreohelix Pilsbry, 1904",Oreohelix,7PBC4,1,Catalogue of Life,
124,Ashmunella mogollonensis,Ashmunella mogollonensis,52909,52933,14.23,2,NO_ANNOT,,,Exact,0,"Ashmunella mogollonensis Pilsbry, 1905",Ashmunella mogollonensis,7Q8GF,1,Catalogue of Life,
125,Oreohelix cooperi,Oreohelix cooperi,52956,52973,11.83,2,NO_ANNOT,,,Exact,0,Oreohelix cooperi,Oreohelix cooperi,urn:lsid:marinespecies.org:taxname:1366425,9,WoRMS,
126,Oreohelix,Oreohelix,53338,53347,4.83,1,NO_ANNOT,,,Exact,0,"Oreohelix Pilsbry, 1904",Oreohelix,7PBC4,1,Catalogue of Life,
127,Ashmunella,Ashmunella,53685,53695,6.37,1,NO_ANNOT,,,Exact,0,"Ashmunella Pilsbry & Cockerell, 1899",Ashmunella,7NPTV,1,Catalogue of Life,
128,Sonorella,Sonorella,53696,53705,6.20,1,NO_ANNOT,,,Exact,0,"Sonorella Pilsbry, 1900",Sonorella,7PH3Y,1,Catalogue of Life,
129,Oreohelix,Oreohelix,53710,53719,4.83,1,NO_ANNOT,,,Exact,0,"Oreohelix Pilsbry, 1904",Oreohelix,7PBC4,1,Catalogue of Life,
130,Oreohelix,Oreohelix,55541,55550,4.83,1,NO_ANNOT,,,Exact,0,"Oreohelix Pilsbry, 1904",Oreohelix,7PBC4,1,Catalogue of Life,
131,Ashmunella mogellonensis,Ashmunella mogellonensis,56124,56148,9.20,2,NO_ANNOT,,,Fuzzy,1,"Ashmunella mogollonensis Pilsbry, 1905",Ashmunella mogollonensis,7Q8GF,1,Catalogue of Life,
132,Oreohelix cooperi,Oreohelix cooperi,56153,56170,11.83,2,NO_ANNOT,,,Exact,0,Oreohelix cooperi,Oreohelix cooperi,urn:lsid:marinespecies.org:taxname:1366425,9,WoRMS,
133,Oreohelix barhata,Oreohelix barhata,56280,56297,12.37,2,NO_ANNOT,,,Fuzzy,1,"Oreohelix barbata Pilsbry, 1905",Oreohelix barbata,7SK56,1,Catalogue of Life,
134,Sonorella,Sonorella,56478,56487,6.20,1,NO_ANNOT,,,Exact,0,"Sonorella Pilsbry, 1900",Sonorella,7PH3Y,1,Catalogue of Life,
135,Oreohelix barbata,Oreohelix barbata,56674,56691,12.37,2,NO_ANNOT,,,Exact,0,"Oreohelix barbata Pilsbry, 1905",Oreohelix barbata,7SK56,1,Catalogue of Life,
136,Sonorella,Sonorella,56710,56719,6.20,1,NO_ANNOT,,,Exact,0,"Sonorella Pilsbry, 1900",Sonorella,7PH3Y,1,Catalogue of Life,
137,Holospira.,Holospira,56734,56744,4.78,1,NO_ANNOT,,,Exact,0,"Holospira E. von Martens, 1860",Holospira,7P5DZ,1,Catalogue of Life,
138,Sonorella,Sonorella,56762,56771,6.20,1,NO_ANNOT,,,Exact,0,"Sonorella Pilsbry, 1900",Sonorella,7PH3Y,1,Catalogue of Life,
139,Oreohelix barbata,Oreohelix barbata,57289,57306,12.37,2,NO_ANNOT,,,Exact,0,"Oreohelix barbata Pilsbry, 1905",Oreohelix barbata,7SK56,1,Catalogue of Life,
140,ThysanopJiora hornii,Thysanopjiora hornii,58219,58239,6.93,2,NO_ANNOT,,,NoMatch,,,,,,,,
141,Succinea avara,Succinea avara,58240,58254,9.74,2,NO_ANNOT,,,Exact,0,"Succinea avara Say, 1824",Succinea avara,urn:lsid:marinespecies.org:taxname:1289102,9,WoRMS,
142,Zonitoides,Zonitoides,58265,58275,5.09,1,NO_ANNOT,,,Exact,0,"Zonitoides Lehmann, 1862",Zonitoides,7PLG4,1,Catalogue of Life,
143,Sonorella binneyi,Sonorella binneyi,58407,58424,12.35,2,NO_ANNOT,,,Exact,0,"Sonorella binneyi Pilsbry & Ferriss, 1910",Sonorella binneyi,7T6RL,1,Catalogue of Life,
144,Ashmunella chiricahuana,Ashmunella chiricahuana,58425,58448,13.79,2,NO_ANNOT,,,Exact,0,"Ashmunella chiricahuana (Dall, 1896)",Ashmunella chiricahuana,7Q8FC,1,Catalogue of Life,
145,Orohelix barbata,Orohelix barbata,58453,58469,12.20,2,NO_ANNOT,,,Fuzzy,1,"Oreohelix barbata Pilsbry, 1905",Oreohelix barbata,7SK56,1,Catalogue of Life,
146,S. binneyi franciscana,S. binneyi franciscana,58513,58535,11.81,3,NO_ANNOT,,,NoMatch,,,,,,,,
147,A. mogollonensis,A. mogollonensis,58536,58552,7.52,2,NO_ANNOT,,,NoMatch,,,,,,,,
148,Sonorella grahamensis,Sonorella grahamensis,58997,59018,14.13,2,SP_NOV,,,Exact,0,"Sonorella grahamensis Pilsbry & Ferriss, 1919",Sonorella grahamensis,7T6SG,1,Catalogue of Life,
149,S. grahamensis,S. grahamensis,59943,59957,7.60,2,NO_ANNOT,,,NoMatch,,,,,,,,
150,Oreohelix,Oreohelix,60458,60467,4.83,1,NO_ANNOT,,,Exact,0,"Oreohelix Pilsbry, 1904",Oreohelix,7PBC4,1,Catalogue of Life,
151,Vitrina alashana,Vitrina alashana,60468,60484,10.65,2,NO_ANNOT,,,Fuzzy,1,"Vitrina alaskana Dall, 1905",Vitrina alaskana,7TM49,1,Catalogue of Life,
152,S. grahamensis,S. grahamensis,60725,60739,7.60,2,NO_ANNOT,,,NoMatch,,,,,,,,
153,Micrarionta praesidii,Micrarionta praesidii,60891,60912,10.61,2,SP_NOV,,,Exact,0,"Micrarionta praesidii Pilsbry & Ferriss, 1919",Micrarionta praesidii,7S5BX,1,Catalogue of Life,
154,Micrarionta hutsoni,Micrarionta hutsoni,62147,62166,10.32,2,NO_ANNOT,,,Exact,0,Micrarionta hutsoni,Micrarionta hutsoni,urn:lsid:marinespecies.org:taxname:1366495,9,WoRMS,
155,Micrarionta,Micrarionta,62321,62332,3.92,1,NO_ANNOT,,,Exact,0,"Micrarionta Ancey, 1880",Micrarionta,7P8TW,1,Catalogue of Life,
156,H. strigosa,H. strigosa,62502,62513,6.97,2,NO_ANNOT,,,NoMatch,,,,,,,,
157,Helix hornii,Helix hornii,62770,62782,9.15,2,NO_ANNOT,,,Exact,0,"Helix hornii Gabb, 1866",Helix hornii,7RLMT,1,Catalogue of Life,
158,Thysanophora hornii.,Thysanophora hornii,62789,62809,13.14,2,NO_ANNOT,,,Exact,0,"Thysanophora hornii (Gabb, 1866)",Thysanophora hornii,7TCNL,1,Catalogue of Life,
159,H. strigosa,H. strigosa,62810,62821,6.97,2,NO_ANNOT,,,NoMatch,,,,,,,,
160,Sonorella,Sonorella,62877,62886,6.20,1,NO_ANNOT,,,Exact,0,"Sonorella Pilsbry, 1900",Sonorella,7PH3Y,1,Catalogue of Life,
161,H. minuscula,H. minuscula,62899,62911,6.66,2,NO_ANNOT,,,NoMatch,,,,,,,,
162,Zonitoides minuscula alachuana.'.,Zonitoides minuscula alachuana,62912,62945,17.75,3,NO_ANNOT,,,PartialExact,0,Zonitoides (Pseudohyalina) minuscula Binney,Zonitoides minuscula,gn_20953,186,MCZbase,
163,Modicella arizonensis,Modicella arizonensis,62951,62972,14.13,2,NO_ANNOT,,,PartialExact,0,Modicella,Modicella,63C8N,1,Catalogue of Life,
164,Pupoides marginaia,Pupoides marginaia,62980,62998,10.47,2,NO_ANNOT,,,PartialExact,0,"Pupoides L. Pfeiffer, 1854",Pupoides,7PF9Q,1,Catalogue of Life,
165,Pupa hordacea,Pupa hordacea,63005,63018,7.62,2,NO_ANNOT,,,Exact,0,"Pupa hordacea Gabb, 1866",Pupa hordacea,7SWK3,1,Catalogue of Life,
166,Pupoides hordacea.,Pupoides hordacea,63024,63042,11.27,2,NO_ANNOT,,,PartialExact,0,"Pupoides L. Pfeiffer, 1854",Pupoides,7PF9Q,1,Catalogue of Life,
167,Sonorella,Sonorella,63330,63339,6.20,1,NO_ANNOT,,,Exact,0,"Sonorella Pilsbry, 1900",Sonorella,7PH3Y,1,Catalogue of Life,
168,S. hachitana,S. hachitana,63366,63378,6.76,2,NO_ANNOT,,,NoMatch,,,,,,,,
169,Zonitoides,Zonitoides,63500,63510,5.09,1,NO_ANNOT,,,Exact,0,"Zonitoides Lehmann, 1862",Zonitoides,7PLG4,1,Catalogue of Life,
170,Pupa hordacea,Pupa hordacea,63691,63704,7.62,2,NO_ANNOT,,,Exact,0,"Pupa hordacea Gabb, 1866",Pupa hordacea,7SWK3,1,Catalogue of Life,
171,M. praesidii,M. praesidii,63960,63972,6.36,2,NO_ANNOT,,,NoMatch,,,,,,,,
172,Sonorella rooseveltiana,Sonorella rooseveltiana,64105,64128,13.65,2,NO_ANNOT,,,Exact,0,"Sonorella rooseveltiana S. S. Berry, 1917",Sonorella rooseveltiana,7T6TR,1,Catalogue of Life,
173,S. rooseveltiana,S. rooseveltiana,64398,64414,7.11,2,NO_ANNOT,,,NoMatch,,,,,,,,
174,Sonorella dslicata,Sonorella dslicata,64571,64589,8.91,2,SP_NOV,,,Fuzzy,1,"Sonorella delicata Pilsbry & Ferriss, 1919",Sonorella delicata,7T6S3,1,Catalogue of Life,
175,S. bowiensis,S. bowiensis,65887,65899,7.17,2,NO_ANNOT,,,NoMatch,,,,,,,,
176,S. hachitana,S. hachitana,66173,66185,6.76,2,NO_ANNOT,,,NoMatch,,,,,,,,
177,S. walkeri,S. walkeri,66396,66406,6.67,2,NO_ANNOT,,,NoMatch,,,,,,,,
178,S. odorata,S. odorata,66498,66508,7.21,2,NO_ANNOT,,,NoMatch,,,,,,,,
179,Sonorella caerulifluminis,Sonorella caerulifluminis,66533,66558,14.38,2,SP_NOV,,,Exact,0,"Sonorella caerulifluminis Pilsbry & Ferriss, 1919",Sonorella caerulifluminis,7T6RQ,1,Catalogue of Life,
180,Isabella color,Isabella color,66709,66723,2.67,2,NO_ANNOT,,,PartialExact,0,"Isabella Schlacher-Hoenlinger, Pisera & Hooper, 2005",Isabella,84QR8,1,Catalogue of Life,
181,S. hachitana,S. hachitana,67128,67140,6.76,2,NO_ANNOT,,,NoMatch,,,,,,,,
182,S. hachitana,S. hachitana,67969,67981,6.76,2,NO_ANNOT,,,NoMatch,,,,,,,,
183,Sonorella cu'rulijluminis.,Sonorella cu�rulijluminis,68210,68236,8.90,2,NO_ANNOT,,,PartialExact,0,"Sonorella Pilsbry, 1900",Sonorella,7PH3Y,1,Catalogue of Life,
184,S. hachitana.,S. hachitana,68586,68599,6.76,2,NO_ANNOT,,,NoMatch,,,,,,,,
185,Sonorella binneyi franciscana,Sonorella binneyi franciscana,69848,69877,18.34,3,SUBSP_NOV,,,Exact,0,"Sonorella binneyi franciscana Pilsbry & Ferriss, 1919",Sonorella binneyi franciscana,7V32V,1,Catalogue of Life,
186,Ashmunella pilsbryana,Ashmunella pilsbryana,72155,72176,13.58,2,NO_ANNOT,,,Exact,0,"Ashmunella pilsbryana Ferriss, 1914",Ashmunella pilsbryana,7Q8GK,1,Catalogue of Life,
187,Ashmunella pilshryana,Ashmunella pilshryana,72242,72263,8.55,2,NO_ANNOT,,,Fuzzy,1,"Ashmunella pilsbryana Ferriss, 1914",Ashmunella pilsbryana,7Q8GK,1,Catalogue of Life,
188,Ashmunella mogollonensis,Ashmunella mogollonensis,72468,72492,14.23,2,NO_ANNOT,,,Exact,0,"Ashmunella mogollonensis Pilsbry, 1905",Ashmunella mogollonensis,7Q8GF,1,Catalogue of Life,
189,Ashmunella chiricahuana mogollonensis,Ashmunella chiricahuana mogollonensis,72500,72537,19.93,3,NO_ANNOT,,,Exact,0,"Ashmunella chiricahuana mogollonensis Pilsbry, 1905",Ashmunella chiricahuana mogollonensis,7TQN3,1,Catalogue of Life,
190,Ashmunella moooUonensis,Ashmunella mooouonensis,72603,72626,9.17,2,NO_ANNOT,,,PartialExact,0,"Ashmunella Pilsbry & Cockerell, 1899",Ashmunella,7NPTV,1,Catalogue of Life,
191,Ashmunella,Ashmunella,74635,74645,6.37,1,NO_ANNOT,,,Exact,0,"Ashmunella Pilsbry & Cockerell, 1899",Ashmunella,7NPTV,1,Catalogue of Life,
192,Ashmunella tetrodon,Ashmunella tetrodon,74722,74741,11.92,2,NO_ANNOT,,,Exact,0,"Ashmunella tetrodon Pilsbry & Ferriss, 1915",Ashmunella tetrodon,7Q8GV,1,Catalogue of Life,
193,Ashmunella tetrodon mutator,Ashmunella tetrodon mutator,74766,74793,15.20,3,NO_ANNOT,,,Exact,0,"Ashmunella tetrodon mutator Pilsbry & Ferriss, 1915",Ashmunella tetrodon mutator,7TQNX,1,Catalogue of Life,
194,Ashmunella tetrodon inermis,Ashmunella tetrodon inermis,74817,74844,16.63,3,NO_ANNOT,,,Exact,0,"Ashmunella tetrodon inermis Pilsbry & Ferriss, 1915",Ashmunella tetrodon inermis,7TQNW,1,Catalogue of Life,
195,Ashmunella danielsi,Ashmunella danielsi,74869,74888,11.62,2,NO_ANNOT,,,Exact,0,"Ashmunella danielsi Pilsbry & Ferriss, 1915",Ashmunella danielsi,7Q8FF,1,Catalogue of Life,
196,Ashmunella danielsi dispar,Ashmunella danielsi dispar,74922,74948,14.80,3,NO_ANNOT,,,Exact,0,"Ashmunella danielsi dispar Pilsbry & Ferriss, 1915",Ashmunella danielsi dispar,7TQN6,1,Catalogue of Life,
197,Oreohelix cooperi,Oreohelix cooperi,74987,75004,11.83,2,NO_ANNOT,,,Exact,0,Oreohelix cooperi,Oreohelix cooperi,urn:lsid:marinespecies.org:taxname:1366425,9,WoRMS,
198,Orcohelix cooperi albino,Orcohelix cooperi albino,77299,77323,5.11,3,NO_ANNOT,,,PartialFuzzy,1,Oreohelix cooperi,Oreohelix cooperi,urn:lsid:marinespecies.org:taxname:1366425,9,WoRMS,
199,Range cooperi,Range cooperi,77957,77970,1.03,2,NO_ANNOT,,,NoMatch,,,,,,,,
200,Oreohelix cooperi.,Oreohelix cooperi,78041,78059,11.83,2,NO_ANNOT,,,Exact,0,Oreohelix cooperi,Oreohelix cooperi,urn:lsid:marinespecies.org:taxname:1366425,9,WoRMS,
201,OreohcUx strigosa meridionalis,Oreohcux strigosa meridionalis,79618,79648,10.26,3,NO_ANNOT,,,NoMatch,,,,,,,,
202,Oreohelix strigosa meridionalis,Oreohelix strigosa meridionalis,80394,80425,17.98,3,SUBSP_NOV,,,Exact,0,"Oreohelix strigosa meridionalis Pilsbry & Ferriss, 1919",Oreohelix strigosa meridionalis,7TYSQ,1,Catalogue of Life,
203,Oreohelix barbata,Oreohelix barbata,81819,81836,12.37,2,NO_ANNOT,,,Exact,0,"Oreohelix barbata Pilsbry, 1905",Oreohelix barbata,7SK56,1,Catalogue of Life,
204,Creek barbala,Creek barbala,82769,82782,0.59,2,NO_ANNOT,,,NoMatch,,,,,,,,
205,Thysanophora hornii,Thysanophora hornii,83569,83588,13.14,2,NO_ANNOT,,,Exact,0,"Thysanophora hornii (Gabb, 1866)",Thysanophora hornii,7TCNL,1,Catalogue of Life,
206,Thysanophora,Thysanophora,83801,83813,6.59,1,NO_ANNOT,,,Exact,0,"Thysanophora Strebel & Pfeffer, 1879",Thysanophora,7PJHX,1,Catalogue of Life,
207,Gonyodiscus cronkhitei,Gonyodiscus cronkhitei,84059,84081,12.38,2,NO_ANNOT,,,Fuzzy,1,Goniodiscus cronkhitei Pils,Goniodiscus cronkhitei,gn_53997,186,MCZbase,
208,Radiodiscus millecostatus,Radiodiscus millecostatus,84338,84363,14.53,2,NO_ANNOT,,,Exact,0,"Radiodiscus millecostatus Pilsbry & Ferriss, 1906",Radiodiscus millecostatus,883RD,1,Catalogue of Life,
209,Helicodiscus arizonensis,Helicodiscus arizonensis,84598,84622,14.62,2,NO_ANNOT,,,Exact,0,Helicodiscus arizonensis,Helicodiscus arizonensis,3677150,168,ION,
210,Punctum conspectum,Punctum conspectum,84733,84751,11.98,2,NO_ANNOT,,,Exact,0,"Punctum conspectum (Bland, 1865)",Punctum conspectum,7SW82,1,Catalogue of Life,
211,Punctum pygmaeum,Punctum pygmaeum,85114,85130,10.38,2,NO_ANNOT,,,Exact,0,"Punctum pygmaeum (Draparnaud, 1801)",Punctum pygmaeum,4QHSP,1,Catalogue of Life,
212,Polita hammonis electrina,Polita hammonis electrina,85278,85303,16.58,3,NO_ANNOT,,,PartialExact,0,Polita hammonis Strom,Polita hammonis,gn_57751,186,MCZbase,
213,Polita indentata umbilicata,Polita indentata umbilicata,85388,85415,18.26,3,NO_ANNOT,,,PartialExact,0,"Polita Held, 1837",Polita,urn:lsid:irmng.org:taxname:1239593,181,IRMNG,
214,P. conspectum,P. conspectum,85674,85687,7.18,2,NO_ANNOT,,,NoMatch,,,,,,,,
215,Punctum conspectum alleni.,Punctum conspectum alleni,85758,85784,14.76,3,NO_ANNOT,,,Exact,0,"Punctum conspectum alleni Pilsbry in Pilsbry & Ferriss, 1919",Punctum conspectum alleni,7V274,1,Catalogue of Life,
216,P. conspectum,P. conspectum,85866,85879,7.18,2,NO_ANNOT,,,NoMatch,,,,,,,,
217,Striatura milium meridionalis,Striatura milium meridionalis,86094,86123,14.12,3,NO_ANNOT,,,Exact,0,Striatura milium meridionalis Morse,Striatura milium meridionalis,gn_98784,186,MCZbase,
218,Zonitoides arborea,Zonitoides arborea,86305,86323,10.17,2,NO_ANNOT,,,Exact,0,Zonitoides arborea Say,Zonitoides arborea,gn_238684,186,MCZbase,
219,Zonitoides minuscula alachuana,Zonitoides minuscula alachuana,86536,86566,17.75,3,NO_ANNOT,,,PartialExact,0,Zonitoides (Pseudohyalina) minuscula Binney,Zonitoides minuscula,gn_20953,186,MCZbase,
220,Zonitoides singleyana,Zonitoides singleyana,86722,86743,12.30,2,NO_ANNOT,,,Fuzzy,2,Zonitoides singleyanus Pils,Zonitoides singleyanus,gn_57354,186,MCZbase,
221,Euconulus fulvus,Euconulus fulvus,86836,86852,11.47,2,NO_ANNOT,,,Exact,0,"Euconulus fulvus (O. F. Müller, 1774)",Euconulus fulvus,3BXGX,1,Catalogue of Life,
222,Vitrina alaskana,Vitrina alaskana,87074,87090,10.65,2,NO_ANNOT,,,Exact,0,"Vitrina alaskana Dall, 1905",Vitrina alaskana,7TM49,1,Catalogue of Life,
223,Vallonia perspectiva,Vallonia perspectiva,87259,87279,10.10,2,NO_ANNOT,,,Exact,0,"Vallonia perspectiva Sterki, 1893",Vallonia perspectiva,7FDN7,1,Catalogue of Life,
224,Vallonia cyclophorella,Vallonia cyclophorella,87526,87548,11.33,2,NO_ANNOT,,,Exact,0,"Vallonia cyclophorella Sterki, 1892",Vallonia cyclophorella,7TKNY,1,Catalogue of Life,
225,Cochlicopa lubrica,Cochlicopa lubrica,87678,87696,12.00,2,NO_ANNOT,,,Exact,0,"Cochlicopa lubrica (O. F. Müller, 1774)",Cochlicopa lubrica,WN3Z,1,Catalogue of Life,
226,Pupiila blandi pithodes,Pupiila blandi pithodes,87879,87902,6.64,3,NO_ANNOT,,,Fuzzy,1,"Pupilla blandi pithodes Pilsbry & Ferriss, 1917",Pupilla blandi pithodes,7V27S,1,Catalogue of Life,
227,Pupiila hebes,Pupiila hebes,88477,88490,1.68,2,NO_ANNOT,,,Fuzzy,1,"Pupilla hebes (Ancey, 1881)",Pupilla hebes,4QJPR,1,Catalogue of Life,
228,Gastrocopta ashmuni,Gastrocopta ashmuni,88624,88643,10.50,2,NO_ANNOT,,,Exact,0,"Gastrocopta ashmuni (Sterki, 1898)",Gastrocopta ashmuni,3FDBX,1,Catalogue of Life,
229,Gastrocopta dalliana,Gastrocopta dalliana,88795,88815,11.98,2,NO_ANNOT,,,Exact,0,"Gastrocopta dalliana (Sterki, 1898)",Gastrocopta dalliana,3FDCF,1,Catalogue of Life,
230,Gastrocopta quadridens,Gastrocopta quadridens,88931,88953,11.60,2,NO_ANNOT,,,Exact,0,"Gastrocopta quadridens Pilsbry, 1916",Gastrocopta quadridens,7RDL6,1,Catalogue of Life,
231,Gastrocopta pilsbryana,Gastrocopta pilsbryana,89035,89057,12.26,2,NO_ANNOT,,,Exact,0,"Gastrocopta pilsbryana (Sterki, 1890)",Gastrocopta pilsbryana,3FDDZ,1,Catalogue of Life,
232,Vertigo ovata,Vertigo ovata,89417,89430,8.94,2,NO_ANNOT,,,Exact,0,"Vertigo ovata Say, 1822",Vertigo ovata,5B9BT,1,Catalogue of Life,
233,Vertigo concinnula,Vertigo concinnula,89522,89540,9.31,2,NO_ANNOT,,,Exact,0,"Vertigo concinnula Cockerell, 1897",Vertigo concinnula,7TLJF,1,Catalogue of Life,
234,Vertigo coloradensis arizonensis,Vertigo coloradensis arizonensis,89652,89684,16.21,3,NO_ANNOT,,,Exact,0,"Vertigo coloradensis var. arizonensis Pilsbry & Vanatta, 1900",Vertigo coloradensis arizonensis,7V9YV,1,Catalogue of Life,
235,Vertigo modesta,Vertigo modesta,89884,89899,8.42,2,NO_ANNOT,,,Exact,0,"Vertigo modesta (Say, 1824)",Vertigo modesta,887RM,1,Catalogue of Life,
236,Columella alticola,Columella alticola,90022,90040,11.69,2,NO_ANNOT,,,Exact,0,Columella alticola Jng.,Columella alticola,gn_113253,186,MCZbase,
237,Succinea avara,Succinea avara,90116,90130,9.74,2,NO_ANNOT,,,Exact,0,"Succinea avara Say, 1824",Succinea avara,urn:lsid:marinespecies.org:taxname:1289102,9,WoRMS,
238,Physa virgata,Physa virgata,90246,90259,11.37,2,NO_ANNOT,,,Exact,0,"Physa virgata Gould, 1855",Physa virgata,7SPY7,1,Catalogue of Life,
239,Physa,Physa,90304,90309,3.83,1,NO_ANNOT,,,Exact,0,"Physa Draparnaud, 1801",Physa,7PCJZ,1,Catalogue of Life,
240,Anodonta dejecta,Anodonta dejecta,90466,90482,6.43,2,NO_ANNOT,,,Exact,0,"Anodonta dejecta Lewis, 1875",Anodonta dejecta,5V678,1,Catalogue of Life,
241,Physa,Physa,90826,90831,3.83,1,NO_ANNOT,,,Exact,0,"Physa Draparnaud, 1801",Physa,7PCJZ,1,Catalogue of Life,
242,Physa,Physa,90886,90891,3.83,1,NO_ANNOT,,,Exact,0,"Physa Draparnaud, 1801",Physa,7PCJZ,1,Catalogue of Life,
243,Rock slides,Rock slides,91451,91462,,2,NO_ANNOT,,,NoMatch,,,,,,,,
244,Physa,Physa,91604,91609,3.83,1,NO_ANNOT,,,Exact,0,"Physa Draparnaud, 1801",Physa,7PCJZ,1,Catalogue of Life,
245,Physa.,Physa,92077,92083,3.83,1,NO_ANNOT,,,Exact,0,"Physa Draparnaud, 1801",Physa,7PCJZ,1,Catalogue of Life,
246,Sonorella odorata,Sonorella odorata,95220,95237,13.75,2,SP_NOV,,,Exact,0,"Sonorella odorata Pilsbry & Ferriss, 1919",Sonorella odorata,7T6TC,1,Catalogue of Life,
247,Sonorella odorata,Sonorella odorata,95328,95345,13.75,2,SP_NOV,,,Exact,0,"Sonorella odorata Pilsbry & Ferriss, 1919",Sonorella odorata,7T6TC,1,Catalogue of Life,
248,Sonorella odorata,Sonorella odorata,95402,95419,13.75,2,SP_NOV,,,Exact,0,"Sonorella odorata Pilsbry & Ferriss, 1919",Sonorella odorata,7T6TC,1,Catalogue of Life,
249,Sonorella marmorarius limifontis,Sonorella marmorarius limifontis,95509,95541,18.41,3,SUBSP_NOV,,,Exact,0,"Sonorella marmorarius limifontis Pilsbry & Ferriss, 1919",Sonorella marmorarius limifontis,7V339,1,Catalogue of Life,
250,Sonorella odorata marmoris,Sonorella odorata marmoris,95626,95652,18.77,3,SUBSP_NOV,,,Exact,0,"Sonorella odorata marmoris Pilsbry & Ferriss, 1919",Sonorella odorata marmoris,7V33B,1,Catalogue of Life,
251,Sonorella marmorarius imula,Sonorella marmorarius imula,95758,95785,17.29,3,SUBSP_NOV,,,Exact,0,"Sonorella marmorarius imula Pilsbry & Ferriss, 1919",Sonorella marmorarius imula,7V338,1,Catalogue of Life,
252,Sonorella mormorarius,Sonorella mormorarius,95918,95939,8.59,2,SUBSP_NOV,,,Fuzzy,1,"Sonorella marmorarius Pilsbry & Ferriss, 1919",Sonorella marmorarius,7T6SX,1,Catalogue of Life,
253,Sonorella marmorarius,Sonorella marmorarius,96017,96038,13.62,2,SP_NOV,,,Exact,0,"Sonorella marmorarius Pilsbry & Ferriss, 1919",Sonorella marmorarius,7T6SX,1,Catalogue of Life,
254,Sonorella sabinoensis,Sonorella sabinoensis,96117,96138,14.13,2,SP_NOV,,,Exact,0,"Sonorella sabinoensis Pilsbry & Ferriss, 1919",Sonorella sabinoensis,7T6TV,1,Catalogue of Life,
255,Sonorella sabinoensis,Sonorella sabinoensis,96222,96243,14.13,2,SP_NOV,,,Exact,0,"Sonorella sabinoensis Pilsbry & Ferriss, 1919",Sonorella sabinoensis,7T6TV,1,Catalogue of Life,
256,Sonorella sabinoensis,Sonorella sabinoensis,96316,96337,14.13,2,SP_NOV,,,Exact,0,"Sonorella sabinoensis Pilsbry & Ferriss, 1919",Sonorella sabinoensis,7T6TV,1,Catalogue of Life,
257,Sonorella sabinoensis,Sonorella sabinoensis,96386,96407,14.13,2,SP_NOV,,,Exact,0,"Sonorella sabinoensis Pilsbry & Ferriss, 1919",Sonorella sabinoensis,7T6TV,1,Catalogue of Life,
258,Sonorella sabinoensis,Sonorella sabinoensis,96506,96527,14.13,2,SP_NOV,,,Exact,0,"Sonorella sabinoensis Pilsbry & Ferriss, 1919",Sonorella sabinoensis,7T6TV,1,Catalogue of Life,
259,Sonorella hesterna,Sonorella hesterna,96623,96641,11.45,2,SP_NOV,,,Exact,0,"Sonorella hesterna Pilsbry & Ferriss, 1919",Sonorella hesterna,7T6SJ,1,Catalogue of Life,
260,Sonorella sabinoensis occidentalis,Sonorella sabinoensis occidentalis,96752,96786,19.98,3,SUBSP_NOV,,,Exact,0,"Sonorella sabinoensis occidentalis Pilsbry & Ferriss, 1919",Sonorella sabinoensis occidentalis,7V33G,1,Catalogue of Life,
261,Sonorella sabinoensis buehmanensis,Sonorella sabinoensis buehmanensis,96870,96904,20.32,3,SUBSP_NOV,,,Exact,0,"Sonorella sabinoensis buehmanensis Pilsbry & Ferriss, 1919",Sonorella sabinoensis buehmanensis,7V33C,1,Catalogue of Life,
262,Sonorella sabinoensis buehmanensis,Sonorella sabinoensis buehmanensis,96997,97031,20.32,3,SP_NOV,,,Exact,0,"Sonorella sabinoensis buehmanensis Pilsbry & Ferriss, 1919",Sonorella sabinoensis buehmanensis,7V33C,1,Catalogue of Life,
263,Sonorella tortillita,Sonorella tortillita,97096,97116,12.75,2,SP_NOV,,,Exact,0,"Sonorella tortillita Pilsbry & Ferriss, 1919",Sonorella tortillita,7T6V4,1,Catalogue of Life,
264,Sonorella galiurensis,Sonorella galiurensis,97209,97230,14.13,2,SP_NOV,,,Exact,0,"Sonorella galiurensis Pilsbry & Ferriss, 1919",Sonorella galiurensis,7T6SF,1,Catalogue of Life,
265,Sonorella galiurensis,Sonorella galiurensis,97394,97415,14.13,2,SP_NOV,,,Exact,0,"Sonorella galiurensis Pilsbry & Ferriss, 1919",Sonorella galiurensis,7T6SF,1,Catalogue of Life,
266,Sonorella ccerulifluminis,Sonorella ccerulifluminis,97485,97510,9.35,2,SP_NOV,,,Fuzzy,1,"Sonorella caerulifluminis Pilsbry & Ferriss, 1919",Sonorella caerulifluminis,7T6RQ,1,Catalogue of Life,
267,Sonorella coendifluminis,Sonorella coendifluminis,97615,97639,8.77,2,SP_NOV,,,PartialExact,0,"Sonorella Pilsbry, 1900",Sonorella,7PH3Y,1,Catalogue of Life,
268,Sonorella coerulifluminis,Sonorella coerulifluminis,97716,97741,14.38,2,SP_NOV,,,Exact,0,Sonorella coerulifluminis,Sonorella coerulifluminis,3629523,168,ION,
269,Sonorella binneyi franciscana,Sonorella binneyi franciscana,97812,97841,18.34,3,SUBSP_NOV,,,Exact,0,"Sonorella binneyi franciscana Pilsbry & Ferriss, 1919",Sonorella binneyi franciscana,7V32V,1,Catalogue of Life,
270,Sonorella delicata,Sonorella delicata,97952,97970,13.94,2,SP_NOV,,,Exact,0,"Sonorella delicata Pilsbry & Ferriss, 1919",Sonorella delicata,7T6S3,1,Catalogue of Life,
271,Sonorella grahamensis,Sonorella grahamensis,98008,98029,14.13,2,SP_NOV,,,Exact,0,"Sonorella grahamensis Pilsbry & Ferriss, 1919",Sonorella grahamensis,7T6SG,1,Catalogue of Life,
272,Micrarionta,Micrarionta,98067,98078,3.92,1,SP_NOV,,,Exact,0,"Micrarionta Ancey, 1880",Micrarionta,7P8TW,1,Catalogue of Life,
273,Sonorella rooseveltiana,Sonorella rooseveltiana,98125,98148,13.65,2,NO_ANNOT,,,Exact,0,"Sonorella rooseveltiana S. S. Berry, 1917",Sonorella rooseveltiana,7T6TR,1,Catalogue of Life,
274,Oreohelix cooperi,Oreohelix cooperi,98229,98246,11.83,2,NO_ANNOT,,,Exact,0,Oreohelix cooperi,Oreohelix cooperi,urn:lsid:marinespecies.org:taxname:1366425,9,WoRMS,
275,O. cooperi.,O. cooperi,98584,98595,6.67,2,NO_ANNOT,,,NoMatch,,,,,,,,
276,O. cooperi.,O. cooperi,98648,98659,6.67,2,NO_ANNOT,,,NoMatch,,,,,,,,
277,Oreohelix strigosa meridionalis,Oreohelix strigosa meridionalis,99043,99074,17.98,3,SUBSP_NOV,,,Exact,0,"Oreohelix strigosa meridionalis Pilsbry & Ferriss, 1919",Oreohelix strigosa meridionalis,7TYSQ,1,Catalogue of Life,
278,ABRON,Abron,100402,100407,3.62,1,NO_ANNOT,,,Exact,0,"Abron Gistel, 1848",Abron,urn:lsid:irmng.org:taxname:1092708,181,IRMNG,
279,Platystoma,Platystoma,100429,100439,5.28,1,NO_ANNOT,,,Exact,0,Platystoma,Platystoma,6S5R,1,Catalogue of Life,
280,DAPALIS,Dapalis,100449,100456,3.87,1,NO_ANNOT,,,Exact,0,"Dapalis Gistl, 1848",Dapalis,urn:lsid:irmng.org:taxname:1293024,181,IRMNG,
281,Smerdis,Smerdis,100472,100479,3.57,1,NO_ANNOT,,,Exact,0,"Smerdis Leach, 1816",Smerdis,urn:lsid:irmng.org:taxname:1180983,181,IRMNG,
282,ENIXE,Enixe,100492,100497,2.73,1,NO_ANNOT,,,Exact,0,"Enixe Gistel, 1848",Enixe,urn:lsid:irmng.org:taxname:1234545,181,IRMNG,
283,Drepane,Drepane,100513,100520,2.20,1,NO_ANNOT,,,Exact,0,Drepane,Drepane,487N,1,Catalogue of Life,
284,Harpochirus,Harpochirus,100557,100568,5.72,1,NO_ANNOT,,,Exact,0,"Harpochirus Cantor, 1850",Harpochirus,urn:lsid:irmng.org:taxname:1037088,181,IRMNG,
285,HYPODYTES,Hypodytes,100582,100591,3.38,1,NO_ANNOT,,,Exact,0,"Hypodytes Gistel, 1848",Hypodytes,urn:lsid:irmng.org:taxname:1359150,181,IRMNG,
286,Apistus,Apistus,100620,100627,5.03,1,NO_ANNOT,,,Exact,0,Apistus,Apistus,YPC,1,Catalogue of Life,
287,Apistes,Apistes,100631,100638,2.96,1,NO_ANNOT,,,Exact,0,"Apistes Seyrig, 1927",Apistes,urn:lsid:irmng.org:taxname:1364335,181,IRMNG,
288,Aspistes,Aspistes,100742,100750,3.21,1,NO_ANNOT,,,Exact,0,Aspistes,Aspistes,346M,1,Catalogue of Life,
289,Apistus longispinis,Apistus longispinis,100791,100810,12.64,2,NO_ANNOT,,,Exact,0,"Apistus longispinis Cuvier, 1829",Apistus longispinis,67NNS,1,Catalogue of Life,
290,Paracentropogon,Paracentropogon,100860,100875,4.72,1,NO_ANNOT,,,Exact,0,Paracentropogon,Paracentropogon,6DW4,1,Catalogue of Life,
291,Hypodytes,Hypodytes,100895,100904,3.38,1,NO_ANNOT,,,Exact,0,"Hypodytes Gistel, 1848",Hypodytes,urn:lsid:irmng.org:taxname:1359150,181,IRMNG,
292,NOTACMON,Notacmon,100932,100940,4.41,1,NO_ANNOT,,,Exact,0,"Notacmon Gistl, 1848",Notacmon,urn:lsid:irmng.org:taxname:1127691,181,IRMNG,
293,Eurynotus,Eurynotus,100956,100965,5.45,1,NO_ANNOT,,,Exact,0,"Eurynotus Kirby, 1819",Eurynotus,urn:lsid:irmng.org:taxname:1319158,181,IRMNG,
294,ODONUS,Odonus,100978,100984,5.05,1,NO_ANNOT,,,Exact,0,Odonus,Odonus,673P,1,Catalogue of Life,
295,Xenodon,Xenodon,101022,101029,3.76,1,NO_ANNOT,,,Exact,0,"Xenodon Schlegel, 1837: 92 (Fide Duméril & Bibron, 1854)",Xenodon,87LCR,1,Catalogue of Life,
296,Erythrodon,Erythrodon,101072,101082,4.35,1,NO_ANNOT,,,Exact,0,"Erythrodon Rüppell, 1852",Erythrodon,urn:lsid:irmng.org:taxname:1407120,181,IRMNG,
297,Pyrodon,Pyrodon,101096,101103,3.76,1,NO_ANNOT,,,Exact,0,"Pyrodon Zhai, 1978",Pyrodon,urn:lsid:irmng.org:taxname:1393825,181,IRMNG,
298,Kaup,Kaup,101104,101108,0.47,1,NO_ANNOT,,,Exact,0,Oileus (Kaup) Kaup 1869,Kaup,1105544,2,Wikispecies,
299,Zenodon,Zenodon,101181,101188,3.76,1,NO_ANNOT,,,Exact,0,"Zenodon Swainson, 1839",Zenodon,urn:lsid:irmng.org:taxname:1400473,181,IRMNG,
300,Zenodon,Zenodon,101338,101345,3.76,1,NO_ANNOT,,,Exact,0,"Zenodon Swainson, 1839",Zenodon,urn:lsid:irmng.org:taxname:1400473,181,IRMNG,
301,Xenodon,Xenodon,101366,101373,3.76,1,NO_ANNOT,,,Exact,0,"Xenodon Schlegel, 1837: 92 (Fide Duméril & Bibron, 1854)",Xenodon,87LCR,1,Catalogue of Life,
302,Erythrodon.,Erythrodon,101385,101396,4.35,1,NO_ANNOT,,,Exact,0,"Erythrodon Rüppell, 1852",Erythrodon,urn:lsid:irmng.org:taxname:1407120,181,IRMNG,
303,Zenodon versus,Zenodon versus,101413,101427,6.73,2,NO_ANNOT,,,PartialExact,0,"Zenodon Swainson, 1839",Zenodon,urn:lsid:irmng.org:taxname:1400473,181,IRMNG,
304,Odonus may,Odonus may,101428,101438,3.29,2,NO_ANNOT,,,PartialExact,0,Odonus,Odonus,673P,1,Catalogue of Life,
305,PIRENE,Pirene,101467,101473,3.23,1,NO_ANNOT,,,Exact,0,"Pirene Haliday, 1833",Pirene,urn:lsid:irmng.org:taxname:1110348,181,IRMNG,
306,Dascyllus,Dascyllus,101547,101556,5.92,1,NO_ANNOT,,,Exact,0,Dascyllus,Dascyllus,3ZX7,1,Catalogue of Life,
307,Dascillus.,Dascillus,101584,101594,5.92,1,NO_ANNOT,,,Exact,0,Dascillus,Dascillus,84MRD,1,Catalogue of Life,
308,Microps,Microps,101619,101626,3.99,1,NO_ANNOT,,,Exact,0,"Microps Wagler, 1828",Microps,63B6S,1,Catalogue of Life,
309,PROSCINETES,Proscinetes,101639,101650,3.67,1,NO_ANNOT,,,Exact,0,"Proscinetes Gistl, 1848",Proscinetes,urn:lsid:irmng.org:taxname:1428870,181,IRMNG,
310,Microdon,Microdon,101665,101673,4.01,1,NO_ANNOT,,,Exact,0,Microdon Choisy,Microdon,5RS5,1,Catalogue of Life,
311,Polypsephis,Polypsephis,101702,101713,3.36,1,NO_ANNOT,,,Exact,0,"Polypsephis Hay, 1899",Polypsephis,urn:lsid:irmng.org:taxname:1328315,181,IRMNG,
312,Microdon.,Microdon,101745,101754,4.01,1,NO_ANNOT,,,Exact,0,Microdon Choisy,Microdon,5RS5,1,Catalogue of Life,
313,SECUTOR,Secutor,101755,101762,3.63,1,NO_ANNOT,,,Exact,0,Secutor,Secutor,7F37,1,Catalogue of Life,
314,Secutor,Secutor,101799,101806,3.63,1,NO_ANNOT,,,Exact,0,Secutor,Secutor,7F37,1,Catalogue of Life,
315,Equula,Equula,101850,101856,4.29,1,NO_ANNOT,,,Exact,0,"Equula Cuvier, 1815",Equula,249231,2,Wikispecies,
316,Equula insidiator.,Equula insidiator,101890,101908,10.27,2,NO_ANNOT,,,Exact,0,"Equula insidiator (Bloch, 1787)",Equula insidiator,6FYLC,1,Catalogue of Life,
317,Equula,Equula,101917,101923,4.29,1,NO_ANNOT,,,Exact,0,"Equula Cuvier, 1815",Equula,249231,2,Wikispecies,
318,E. insidiator,E. insidiator,101924,101937,5.64,2,NO_ANNOT,,,NoMatch,,,,,,,,
319,Secutor,Secutor,101945,101952,3.63,1,NO_ANNOT,,,Exact,0,Secutor,Secutor,7F37,1,Catalogue of Life,
320,Centrogaster equula,Centrogaster equula,101956,101975,10.41,2,NO_ANNOT,,,Exact,0,Centrogaster equula,Centrogaster equula,19468,183,Sherborn Index Animalium,
321,Gmelin,Gmelin,101976,101982,2.19,1,NO_ANNOT,,,NoMatch,,,,,,,,
322,Equula,Equula,102011,102017,4.29,1,NO_ANNOT,,,Exact,0,"Equula Cuvier, 1815",Equula,249231,2,Wikispecies,
323,Leiognathus,Leiognathus,102045,102056,5.11,1,NO_ANNOT,,,Exact,0,Leiognathus,Leiognathus,5BWS,1,Catalogue of Life,
324,Secutor,Secutor,102062,102069,3.63,1,NO_ANNOT,,,Exact,0,Secutor,Secutor,7F37,1,Catalogue of Life,
325,Leiognathus,Leiognathus,102111,102122,5.11,1,NO_ANNOT,,,Exact,0,Leiognathus,Leiognathus,5BWS,1,Catalogue of Life,
326,Scomber edentulus,Scomber edentulus,102123,102140,9.22,2,NO_ANNOT,,,Exact,0,"Scomber edentulus Bloch, 1795",Scomber edentulus,4VTSD,1,Catalogue of Life,
327,STREPHON,Strephon,102171,102179,4.77,1,NO_ANNOT,,,Exact,0,"Strephon Goldfuss, 1820",Strephon,urn:lsid:irmng.org:taxname:1328811,181,IRMNG,
328,Brontes,Brontes,102189,102196,2.96,1,NO_ANNOT,,,Exact,0,"Brontes Goldfuss, 1839",Brontes,urn:lsid:irmng.org:taxname:1407799,181,IRMNG,
329,STROTES,Strotes,102233,102240,2.96,1,NO_ANNOT,,,Exact,0,"Strotes Gistl, 1848",Strotes,urn:lsid:irmng.org:taxname:1448005,181,IRMNG,
330,Platysomus,Platysomus,102250,102260,5.49,1,NO_ANNOT,,,Exact,0,"Platysomus Agassiz, 1833",Platysomus,urn:lsid:irmng.org:taxname:1319005,181,IRMNG,
331,ANALITHIS,Analithis,102456,102465,3.07,1,NO_ANNOT,,,Exact,0,"Analithis Gistel, 1848",Analithis,urn:lsid:irmng.org:taxname:1144035,181,IRMNG,
332,Platyrhina,Platyrhina,102491,102501,4.30,1,NO_ANNOT,,,Exact,0,Platyrhina,Platyrhina,6S35,1,Catalogue of Life,
333,Platyrhinus.,Platyrhinus,102533,102545,6.05,1,NO_ANNOT,,,Exact,0,Platyrhinus,Platyrhinus,6S37,1,Catalogue of Life,
334,Discobatus.,Discobatus,102589,102600,5.62,1,NO_ANNOT,,,Exact,0,"Discobatus Garman, 1881",Discobatus,urn:lsid:irmng.org:taxname:1308402,181,IRMNG,
335,ALAZON,Alazon,102601,102607,2.29,1,NO_ANNOT,,,Exact,0,"Alazon Gistel, 1848",Alazon,urn:lsid:irmng.org:taxname:1145017,181,IRMNG,
336,Poecilia,Poecilia,102633,102641,4.39,1,NO_ANNOT,,,Exact,0,Poecilia,Poecilia,6TGT,1,Catalogue of Life,
337,ENGLOTTOGASTER,Englottogaster,102678,102692,4.36,1,NO_ANNOT,,,Exact,0,"Englottogaster Gistel, 1848",Englottogaster,urn:lsid:irmng.org:taxname:1179514,181,IRMNG,
338,Oreinus,Oreinus,102710,102717,5.34,1,NO_ANNOT,,,Exact,0,"Oreinus McClelland, 1838",Oreinus,urn:lsid:irmng.org:taxname:1364090,181,IRMNG,
339,Oreina.,Oreina,102732,102739,3.42,1,NO_ANNOT,,,Exact,0,"Oreina Chevrolat, 1837",Oreina,urn:lsid:irmng.org:taxname:1459858,181,IRMNG,
340,Oreinus,Oreinus,102754,102761,5.34,1,NO_ANNOT,,,Exact,0,"Oreinus McClelland, 1838",Oreinus,urn:lsid:irmng.org:taxname:1364090,181,IRMNG,
341,Eugnathus,Eugnathus,102809,102818,4.82,1,NO_ANNOT,,,Exact,0,Eugnathus,Eugnathus,4FN6,1,Catalogue of Life,
342,Eugnatha.,Eugnatha,102854,102863,4.87,1,NO_ANNOT,,,Exact,0,"Eugnatha Attems, 1898",Eugnatha,7ZFKH,1,Catalogue of Life,
343,MYRMILLO,Myrmillo,102864,102872,4.29,1,NO_ANNOT,,,Exact,0,"Myrmillo Gistel, 1848",Myrmillo,urn:lsid:irmng.org:taxname:1016536,181,IRMNG,
344,Mustelus,Mustelus,102889,102897,5.75,1,NO_ANNOT,,,Exact,0,Mustelus,Mustelus,63CQ9,1,Catalogue of Life,
345,Mustela,Mustela,102927,102934,4.47,1,NO_ANNOT,,,Exact,0,"Mustela Linnaeus, 1758",Mustela,5VXQ,1,Catalogue of Life,
346,Pleuracromylon,Pleuracromylon,102958,102972,5.10,1,NO_ANNOT,,,Exact,0,"Pleuracromylon Gill, 1864",Pleuracromylon,urn:lsid:irmng.org:taxname:1116964,181,IRMNG,
347,PEDITES,Pedites,102979,102986,2.96,1,NO_ANNOT,,,Exact,0,"Pedites Gistel, 1848",Pedites,urn:lsid:irmng.org:taxname:1417030,181,IRMNG,
348,Macropodus,Macropodus,103004,103014,5.13,1,NO_ANNOT,,,Exact,0,Macropodus,Macropodus,5JL2,1,Catalogue of Life,
349,Macropus.,Macropus,103061,103070,5.73,1,NO_ANNOT,,,Exact,0,"Macropus Shaw, 1790",Macropus,639VN,1,Catalogue of Life,
350,PRENES,Prenes,103100,103106,2.68,1,NO_ANNOT,,,Exact,0,"Prenes Scudder, 1872",Prenes,urn:lsid:irmng.org:taxname:1401378,181,IRMNG,
351,Scatophagus,Scatophagus,103118,103129,5.87,1,NO_ANNOT,,,Exact,0,Scatophagus,Scatophagus,7D7J,1,Catalogue of Life,
352,Scatophaga.,Scatophaga,103149,103160,5.26,1,NO_ANNOT,,,Exact,0,Scatophaga,Scatophaga,8FP9Z,1,Catalogue of Life,
353,Cacodoxus,Cacodoxus,103206,103215,4.68,1,NO_ANNOT,,,Exact,0,"Cacodoxus Cantor, 1849",Cacodoxus,urn:lsid:irmng.org:taxname:1100582,181,IRMNG,
354,RHADAMISTA,Rhadamista,103222,103232,3.98,1,NO_ANNOT,,,Exact,0,"Rhadamista Gistl, 1848",Rhadamista,urn:lsid:irmng.org:taxname:1166910,181,IRMNG,
355,Ctenodus,Ctenodus,103263,103271,4.79,1,NO_ANNOT,,,Exact,0,"Ctenodus Kützing, 1843",Ctenodus,3WZL,1,Catalogue of Life,
356,Ctenodon.,Ctenodon,103303,103312,4.01,1,NO_ANNOT,,,Exact,0,"Ctenodon Wagler, 1830",Ctenodon,urn:lsid:irmng.org:taxname:1375442,181,IRMNG,
357,AGOREION,Agoreion,103313,103321,2.77,1,NO_ANNOT,,,Exact,0,"Agoreion Gistl, 1848",Agoreion,urn:lsid:irmng.org:taxname:1192570,181,IRMNG,
358,Acanthoderma spinosum,Acanthoderma spinosum,103343,103364,12.32,2,NO_ANNOT,,,Exact,0,Acanthoderma spinosum (Agassiz 1842),Acanthoderma spinosum,419428,172,PaleoBioDB,
359,Sclerodermus,Sclerodermus,103470,103482,5.85,1,NO_ANNOT,,,Exact,0,"Sclerodermus Latreille, 1809",Sclerodermus,urn:lsid:irmng.org:taxname:1450229,181,IRMNG,
360,Acanthoderma,Acanthoderma,103599,103611,5.53,1,NO_ANNOT,,,Exact,0,Acanthoderma,Acanthoderma,M6J,1,Catalogue of Life,
361,Acanthoderma,Acanthoderma,103653,103665,5.53,1,NO_ANNOT,,,Exact,0,Acanthoderma,Acanthoderma,M6J,1,Catalogue of Life,
362,Agoreion may,Agoreion may,103701,103713,1.00,2,NO_ANNOT,,,PartialExact,0,"Agoreion Gistl, 1848",Agoreion,urn:lsid:irmng.org:taxname:1192570,181,IRMNG,
363,Acanthoderma.,Acanthoderma,103752,103765,5.53,1,NO_ANNOT,,,Exact,0,Acanthoderma,Acanthoderma,M6J,1,Catalogue of Life,
364,SCROPHA,Scropha,103766,103773,5.13,1,NO_ANNOT,,,Exact,0,"Scropha Gistl, 1848",Scropha,urn:lsid:irmng.org:taxname:1130822,181,IRMNG,
365,Ceratodon.,Ceratodon,103836,103846,4.18,1,NO_ANNOT,,,Exact,0,"Ceratodon Brünnich, 1772",Ceratodon,3KSP,1,Catalogue of Life,
366,CARCHARIAS,Carcharias,104037,104047,5.67,1,NO_ANNOT,,,Exact,0,Carcharias,Carcharias,3HC6,1,Catalogue of Life,
367,Acanthias,Acanthias,104060,104069,5.50,1,NO_ANNOT,,,Exact,0,"Acanthias Bonaparte, 1838",Acanthias,urn:lsid:irmng.org:taxname:1464126,181,IRMNG,
368,Acanthia.,Acanthia,104100,104109,4.25,1,NO_ANNOT,,,Exact,0,"Acanthia Fabricius, 1775",Acanthia,7NMK2,1,Catalogue of Life,
369,Acanthias,Acanthias,104114,104123,5.50,1,NO_ANNOT,,,Exact,0,"Acanthias Bonaparte, 1838",Acanthias,urn:lsid:irmng.org:taxname:1464126,181,IRMNG,
370,Squalus,Squalus,104140,104147,5.50,1,NO_ANNOT,,,Exact,0,Squalus,Squalus,7LQB,1,Catalogue of Life,
371,Carcharias,Carcharias,104178,104188,5.67,1,NO_ANNOT,,,Exact,0,Carcharias,Carcharias,3HC6,1,Catalogue of Life,
372,PELONECTES,Pelonectes,104211,104221,3.55,1,NO_ANNOT,,,Exact,0,"Pelonectes Fitzinger, 1843",Pelonectes,6KD4,1,Catalogue of Life,
373,Acanthodes,Acanthodes,104234,104244,5.09,1,NO_ANNOT,,,Exact,0,"Acanthodes Baly, 1864",Acanthodes,M6L,1,Catalogue of Life,
374,Acanthoessus,Acanthoessus,104328,104340,4.84,1,NO_ANNOT,,,Exact,0,"Acanthoessus Agassiz, 1832",Acanthoessus,urn:lsid:irmng.org:taxname:1287830,181,IRMNG,
375,GREMILLA,Gremilla,104345,104353,6.03,1,NO_ANNOT,,,Exact,0,"Gremilla Gistel, 1848",Gremilla,urn:lsid:irmng.org:taxname:1396996,181,IRMNG,
376,Acerina,Acerina,104366,104373,3.72,1,NO_ANNOT,,,Exact,0,"Acerina Rafinesque, 1814",Acerina,urn:lsid:irmng.org:taxname:1232349,181,IRMNG,
377,Acerina,Acerina,104385,104392,3.72,1,NO_ANNOT,,,Exact,0,"Acerina Rafinesque, 1814",Acerina,urn:lsid:irmng.org:taxname:1232349,181,IRMNG,
378,Cernua,Cernua,104406,104412,3.57,1,NO_ANNOT,,,Exact,0,Lilium subsect. Cernua (Vrishcz) Baranova,Cernua,926973-1,167,IPNI,
379,ADIAPNEUSTES,Adiapneustes,104461,104473,3.91,1,NO_ANNOT,,,Exact,0,"Adiapneustes Gistl, 1848",Adiapneustes,urn:lsid:irmng.org:taxname:1219187,181,IRMNG,
380,Acrodus,Acrodus,104497,104504,4.54,1,NO_ANNOT,,,Exact,0,"Acrodus Agassiz in Alberti, 1834",Acrodus,urn:lsid:irmng.org:taxname:1443335,181,IRMNG,
381,Acrodon,Acrodon,104549,104556,3.76,1,NO_ANNOT,,,Exact,0,Acrodon N. E. Br.,Acrodon,627RX,1,Catalogue of Life,
382,HISTIODROMUS,Histiodromus,104569,104581,5.85,1,NO_ANNOT,,,Exact,0,"Histiodromus Gistel, 1848",Histiodromus,urn:lsid:irmng.org:taxname:1124786,181,IRMNG,
383,Anastomus,Anastomus,104594,104603,5.32,1,NO_ANNOT,,,Exact,0,"Anastomus Bonnaterre, 1791",Anastomus,V9Y,1,Catalogue of Life,
384,Anastomus,Anastomus,104669,104678,5.32,1,NO_ANNOT,,,Exact,0,"Anastomus Bonnaterre, 1791",Anastomus,V9Y,1,Catalogue of Life,
385,NOMALUS,Nomalus,104693,104700,5.50,1,NO_ANNOT,,,Exact,0,"Nomalus Dahl, 1823",Nomalus,urn:lsid:irmng.org:taxname:1394001,181,IRMNG,
386,Ancylodon,Ancylodon,104713,104722,4.18,1,NO_ANNOT,,,Exact,0,"Ancylodon Illiger, 1811",Ancylodon,urn:lsid:marinespecies.org:taxname:383372,9,WoRMS,
387,Macrodon,Macrodon,104762,104770,4.01,1,NO_ANNOT,,,Exact,0,Macrodon,Macrodon,5JDF,1,Catalogue of Life,
388,CERDO,Cerdo,104784,104789,2.73,1,NO_ANNOT,,,Exact,0,"Cerdo Gistel, 1848",Cerdo,urn:lsid:irmng.org:taxname:1170624,181,IRMNG,
389,Asellus,Asellus,104846,104853,5.50,1,NO_ANNOT,,,Exact,0,"Asellus Geoffroy, 1762",Asellus,7NPTT,1,Catalogue of Life,
390,Callarias,Callarias,104879,104888,5.50,1,NO_ANNOT,,,Exact,0,"Callarias Klein, 1777",Callarias,urn:lsid:irmng.org:taxname:1464586,181,IRMNG,
391,Gadus.,Gadus,104889,104895,4.11,1,NO_ANNOT,,,Exact,0,Gadus,Gadus,4LN9,1,Catalogue of Life,
392,Cerdo may,Cerdo may,104957,104966,0.97,2,NO_ANNOT,,,PartialExact,0,"Cerdo Gistel, 1848",Cerdo,urn:lsid:irmng.org:taxname:1170624,181,IRMNG,
393,Gadus,Gadus,104995,105000,4.11,1,NO_ANNOT,,,Exact,0,Gadus,Gadus,4LN9,1,Catalogue of Life,
394,SCROFARIA,Scrofaria,105004,105013,4.85,1,NO_ANNOT,,,Exact,0,"Scrofaria Gistel, 1848",Scrofaria,urn:lsid:irmng.org:taxname:1377087,181,IRMNG,
395,Ausonia,Ausonia,105048,105055,3.62,1,NO_ANNOT,,,Exact,0,"Ausonia Risso, 1827",Ausonia,urn:lsid:marinespecies.org:taxname:296095,9,WoRMS,
396,Luvarus,Luvarus,105082,105089,5.01,1,NO_ANNOT,,,Exact,0,Luvarus,Luvarus,5HFJ,1,Catalogue of Life,
397,GLISCUS,Gliscus,105095,105102,5.75,1,NO_ANNOT,,,Exact,0,"Gliscus Gistl, 1848",Gliscus,urn:lsid:irmng.org:taxname:1166178,181,IRMNG,
398,Blochius,Blochius,105126,105134,4.81,1,NO_ANNOT,,,Exact,0,"Blochius Volta, c. 1800",Blochius,urn:lsid:irmng.org:taxname:1053745,181,IRMNG,
399,THALASSOKLEPHTES,Thalassoklephtes,105275,105291,4.51,1,NO_ANNOT,,,Exact,0,"Thalassoklephtes Gistl, 1848",Thalassoklephtes,urn:lsid:irmng.org:taxname:1132468,181,IRMNG,
400,Caninoa,Caninoa,105317,105324,3.27,1,NO_ANNOT,,,Exact,0,"Caninoa Nardo, 1841",Caninoa,urn:lsid:irmng.org:taxname:1431096,181,IRMNG,
401,CAPELLARIA,Capellaria,105489,105499,5.02,1,NO_ANNOT,,,Exact,0,"Capellaria Gistel, 1848",Capellaria,urn:lsid:irmng.org:taxname:1330308,181,IRMNG,
402,Chrysophrys,Chrysophrys,105614,105625,5.48,1,NO_ANNOT,,,Exact,0,"Chrysophrys Quoy & Gaimard, 1824",Chrysophrys,102093,2,Wikispecies,
403,Chrysophrys her,Chrysophrys her,105647,105662,3.71,2,NO_ANNOT,,,PartialExact,0,"Chrysophrys Quoy & Gaimard, 1824",Chrysophrys,102093,2,Wikispecies,
404,Sparus.,Sparus,105687,105694,4.72,1,NO_ANNOT,,,Exact,0,Sparus,Sparus,7K22,1,Catalogue of Life,
405,ECHEMYTHES,Echemythes,105695,105705,4.66,1,NO_ANNOT,,,Exact,0,"Echemythes Gistel, 1848",Echemythes,urn:lsid:irmng.org:taxname:1452594,181,IRMNG,
406,Chrysotosus,Chrysotosus,105744,105755,4.60,1,NO_ANNOT,,,Exact,0,"Chrysotosus Lacepède, 1802",Chrysotosus,urn:lsid:irmng.org:taxname:1403738,181,IRMNG,
407,Lampris.,Lampris,105780,105788,4.64,1,NO_ANNOT,,,Exact,0,Lampris,Lampris,639GP,1,Catalogue of Life,
408,RONCHIFEX,Ronchifex,105789,105798,3.58,1,NO_ANNOT,,,Exact,0,"Ronchifex Gistel, 1848",Ronchifex,613070,3,ITIS,
409,Cossyphus,Cossyphus,105824,105833,4.82,1,NO_ANNOT,,,Exact,0,"Cossyphus Olivier, 1791",Cossyphus,urn:lsid:irmng.org:taxname:1259091,181,IRMNG,
410,Bodianus,Bodianus,105855,105863,5.59,1,NO_ANNOT,,,Exact,0,Bodianus,Bodianus,62HFQ,1,Catalogue of Life,
411,Harpe,Harpe,105874,105879,2.73,1,NO_ANNOT,,,Exact,0,"Harpe Merrem in Ersch & Gruber, 1818",Harpe,urn:lsid:irmng.org:taxname:1276814,181,IRMNG,
412,PODAGER,Podager,105926,105933,2.72,1,NO_ANNOT,,,Exact,0,"Podager Wagler, 1832",Podager,63NJC,1,Catalogue of Life,
413,Gerres,Gerres,105957,105963,3.18,1,NO_ANNOT,,,Exact,0,Gerres,Gerres,4N7X,1,Catalogue of Life,
414,Gerris,Gerris,105985,105991,4.34,1,NO_ANNOT,,,Exact,0,"Gerris Fabricius, 1794",Gerris,4N84,1,Catalogue of Life,
415,Podager,Podager,106029,106036,2.72,1,NO_ANNOT,,,Exact,0,"Podager Wagler, 1832",Podager,63NJC,1,Catalogue of Life,
416,Gerres.,Gerres,106085,106092,3.18,1,NO_ANNOT,,,Exact,0,Gerres,Gerres,4N7X,1,Catalogue of Life,
417,Gerres,Gerres,106132,106138,3.18,1,NO_ANNOT,,,Exact,0,Gerres,Gerres,4N7X,1,Catalogue of Life,
418,Gerres,Gerres,106156,106162,3.18,1,NO_ANNOT,,,Exact,0,Gerres,Gerres,4N7X,1,Catalogue of Life,
419,Gerris,Gerris,106167,106173,4.34,1,NO_ANNOT,,,Exact,0,"Gerris Fabricius, 1794",Gerris,4N84,1,Catalogue of Life,
420,SYNERGUS,Synergus,106206,106214,5.41,1,NO_ANNOT,,,Exact,0,Synergus,Synergus,87KVK,1,Catalogue of Life,
421,Megalurus,Megalurus,106238,106247,5.43,1,NO_ANNOT,,,Exact,0,"Megalurus Horsfield, 1821",Megalurus,5MVT,1,Catalogue of Life,
422,Synergus,Synergus,106287,106295,5.41,1,NO_ANNOT,,,Exact,0,Synergus,Synergus,87KVK,1,Catalogue of Life,
423,Urocles,Urocles,106384,106391,2.91,1,NO_ANNOT,,,Exact,0,"Urocles Jordan, 1919",Urocles,urn:lsid:irmng.org:taxname:1444245,181,IRMNG,
424,Megalurus,Megalurus,106424,106433,5.43,1,NO_ANNOT,,,Exact,0,"Megalurus Horsfield, 1821",Megalurus,5MVT,1,Catalogue of Life,
425,Synergus,Synergus,106438,106446,5.41,1,NO_ANNOT,,,Exact,0,Synergus,Synergus,87KVK,1,Catalogue of Life,
426,Megalurus lepidotus,Megalurus lepidotus,106462,106481,13.15,2,NO_ANNOT,,,Exact,0,Megalurus lepidotus (Agassiz 1833),Megalurus lepidotus,149793,172,PaleoBioDB,
427,ELLOPS,Ellops,106486,106492,3.69,1,NO_ANNOT,,,Exact,0,"Ellops Gistel, 1848",Ellops,urn:lsid:irmng.org:taxname:1163970,181,IRMNG,
428,Helops,Helops,106516,106522,3.69,1,NO_ANNOT,,,Exact,0,"Helops Fabricius, 1775",Helops,110523,2,Wikispecies,
429,APECHES,Apeches,106579,106586,4.07,1,NO_ANNOT,,,Exact,0,"Apeches Gistel, 1848",Apeches,urn:lsid:irmng.org:taxname:1172623,181,IRMNG,
430,Johnius,Johnius,106610,106617,4.56,1,NO_ANNOT,,,Exact,0,Johnius,Johnius,56PW,1,Catalogue of Life,
431,NEANIS,Neanis,106641,106647,4.69,1,NO_ANNOT,,,Exact,0,"Neanis Brodkorb, 1965",Neanis,urn:lsid:irmng.org:taxname:1420658,181,IRMNG,
432,Julis,Julis,106671,106676,3.43,1,NO_ANNOT,,,Exact,0,"Julis Cuvier, 1814",Julis,urn:lsid:marinespecies.org:taxname:206452,9,WoRMS,
433,Julus,Julus,106711,106716,5.07,1,NO_ANNOT,,,Exact,0,"Julus Linnaeus, 1758",Julus,7P7L5,1,Catalogue of Life,
434,EXOLES,Exoles,106775,106781,2.62,1,NO_ANNOT,,,Exact,0,"Exoles Gistel, 1848",Exoles,urn:lsid:irmng.org:taxname:1026928,181,IRMNG,
435,APEPTON,Apepton,106851,106858,2.76,1,NO_ANNOT,,,Exact,0,"Apepton Gistel, 1848",Apepton,urn:lsid:irmng.org:taxname:1181064,181,IRMNG,
436,Gouania,Gouania,106882,106889,3.62,1,NO_ANNOT,,,Exact,0,Gouania Jacq.,Gouania,4QGM,1,Catalogue of Life,
437,ANEPISTOMON,Anepistomon,106913,106924,4.87,1,NO_ANNOT,,,Exact,0,"Anepistomon Gistel, 1848",Anepistomon,urn:lsid:irmng.org:taxname:1106805,181,IRMNG,
438,Ophisurus,Ophisurus,107009,107018,5.43,1,NO_ANNOT,,,Exact,0,Ophisurus,Ophisurus,63FMD,1,Catalogue of Life,
439,SPANIUS,Spanius,107038,107045,4.56,1,NO_ANNOT,,,Exact,0,"Spanius Gistel, 1848",Spanius,urn:lsid:irmng.org:taxname:1426162,181,IRMNG,
440,Leptosoma,Leptosoma,107090,107099,5.11,1,NO_ANNOT,,,Exact,0,"Leptosoma Desmarest, 1823",Leptosoma,urn:lsid:irmng.org:taxname:1149585,181,IRMNG,
441,Monochirus,Monochirus,107144,107154,5.60,1,NO_ANNOT,,,Exact,0,Monochirus,Monochirus,63BHR,1,Catalogue of Life,
442,MAINA,Maina,107161,107166,3.28,1,NO_ANNOT,,,Exact,0,"Maina Hodgson, 1837",Maina,urn:lsid:irmng.org:taxname:1403354,181,IRMNG,
443,Lethrinus,Lethrinus,107190,107199,5.76,1,NO_ANNOT,,,Exact,0,Lethrinus,Lethrinus,5DPS,1,Catalogue of Life,
444,Lethrus,Lethrus,107234,107241,5.01,1,NO_ANNOT,,,Exact,0,"Lethrus Scopoli, 1777",Lethrus,638ZB,1,Catalogue of Life,
445,MASSARIA,Massaria,107272,107280,4.68,1,NO_ANNOT,,,Exact,0,Massaria,Massaria,5LSZ,1,Catalogue of Life,
446,Liparis,Liparis,107304,107311,4.64,1,NO_ANNOT,,,Exact,0,Liparis,Liparis,87BRH,1,Catalogue of Life,
447,ORODINUS,Orodinus,107361,107369,5.59,1,NO_ANNOT,,,Exact,0,"Orodinus Dahl, 1823",Orodinus,urn:lsid:irmng.org:taxname:1412565,181,IRMNG,
448,Lophotes,Lophotes,107393,107401,3.21,1,NO_ANNOT,,,Exact,0,"Lophotes Cuvier & Valenciennes, 1835",Lophotes,urn:lsid:irmng.org:taxname:1286979,181,IRMNG,
449,Macquaria,Macquaria,107466,107475,4.85,1,NO_ANNOT,,,Exact,0,Macquaria,Macquaria,5J6M,1,Catalogue of Life,
450,ARNION,Arnion,107549,107555,2.23,1,NO_ANNOT,,,Exact,0,"Arnion Gistel, 1848",Arnion,urn:lsid:irmng.org:taxname:1277343,181,IRMNG,
451,Mugil,Mugil,107591,107596,3.43,1,NO_ANNOT,,,Exact,0,Mugil,Mugil,5VL8,1,Catalogue of Life,
452,PLECTROSTOMA,Plectrostoma,107600,107612,5.63,1,NO_ANNOT,,,Exact,0,"Plectrostoma Gistel, 1848",Plectrostoma,urn:lsid:irmng.org:taxname:1449360,181,IRMNG,
453,EUPORISTA,Euporista,107706,107715,3.82,1,NO_ANNOT,,,Exact,0,"Euporista Gistel, 1848",Euporista,1007694,3,ITIS,
454,Plagusia,Plagusia,107735,107743,3.89,1,NO_ANNOT,,,Exact,0,"Plagusia Latreille, 1804",Plagusia,7PSGX,1,Catalogue of Life,
455,Symphurus,Symphurus,107792,107801,5.43,1,NO_ANNOT,,,Exact,0,Symphurus,Symphurus,6464B,1,Catalogue of Life,
456,DEPORTATOR,Deportator,107807,107817,4.22,1,NO_ANNOT,,,Exact,0,"Deportator Gistel, 1848",Deportator,urn:lsid:irmng.org:taxname:1170924,181,IRMNG,
457,Plotosus,Plotosus,107840,107848,4.14,1,NO_ANNOT,,,Exact,0,Plotosus,Plotosus,6T49,1,Catalogue of Life,
458,Plotosus,Plotosus,107885,107893,4.14,1,NO_ANNOT,,,Exact,0,Plotosus,Plotosus,6T49,1,Catalogue of Life,
459,Plotus,Plotus,107897,107903,4.74,1,NO_ANNOT,,,Exact,0,"Plotus Steven or Fischer Waldheim, 1829",Plotus,urn:lsid:irmng.org:taxname:1300893,181,IRMNG,
460,DEMIURGA,Demiurga,107907,107915,4.11,1,NO_ANNOT,,,Exact,0,"Demiurga Gistel, 1848",Demiurga,urn:lsid:irmng.org:taxname:1122854,181,IRMNG,
461,Rhina,Rhina,107938,107943,3.28,1,NO_ANNOT,,,Exact,0,Rhina,Rhina,84T7N,1,Catalogue of Life,
462,Rhina,Rhina,107984,107989,3.28,1,NO_ANNOT,,,Exact,0,Rhina,Rhina,84T7N,1,Catalogue of Life,
463,Rhina,Rhina,108026,108031,3.28,1,NO_ANNOT,,,Exact,0,Rhina,Rhina,84T7N,1,Catalogue of Life,
464,Rhina,Rhina,108087,108092,3.28,1,NO_ANNOT,,,Exact,0,Rhina,Rhina,84T7N,1,Catalogue of Life,
465,Squatina,Squatina,108142,108150,3.96,1,NO_ANNOT,,,Exact,0,Squatina,Squatina,7LRS,1,Catalogue of Life,
466,Rhina,Rhina,108286,108291,3.28,1,NO_ANNOT,,,Exact,0,Rhina,Rhina,84T7N,1,Catalogue of Life,
467,Squatina,Squatina,108304,108312,3.96,1,NO_ANNOT,,,Exact,0,Squatina,Squatina,7LRS,1,Catalogue of Life,
468,Demiurga,Demiurga,108322,108330,4.11,1,NO_ANNOT,,,Exact,0,"Demiurga Gistel, 1848",Demiurga,urn:lsid:irmng.org:taxname:1122854,181,IRMNG,
469,Rhina,Rhina,108398,108403,3.28,1,NO_ANNOT,,,Exact,0,Rhina,Rhina,84T7N,1,Catalogue of Life,
470,CREOTROCTES,Creotroctes,108415,108426,3.67,1,NO_ANNOT,,,Exact,0,"Creotroctes Gistel, 1848",Creotroctes,urn:lsid:irmng.org:taxname:1170611,181,IRMNG,
471,Pelamys,Pelamys,108449,108456,4.82,1,NO_ANNOT,,,Exact,0,"Pelamys Jourdan in Fitzinger, 1867",Pelamys,urn:lsid:irmng.org:taxname:1303141,181,IRMNG,
472,Palamita,Palamita,108483,108491,4.72,1,NO_ANNOT,,,Exact,0,"Palamita Bonaparte, 1831",Palamita,urn:lsid:marinespecies.org:taxname:297342,9,WoRMS,
473,Sarda,Sarda,108575,108580,3.43,1,NO_ANNOT,,,Exact,0,Sarda,Sarda,7CHJ,1,Catalogue of Life,
474,Sarda,Sarda,108597,108602,3.43,1,NO_ANNOT,,,Exact,0,Sarda,Sarda,7CHJ,1,Catalogue of Life,
475,Ocyurus,Ocyurus,108618,108625,5.01,1,NO_ANNOT,,,Exact,0,Ocyurus,Ocyurus,66S9,1,Catalogue of Life,
476,Palamita,Palamita,108643,108651,4.72,1,NO_ANNOT,,,Exact,0,"Palamita Bonaparte, 1831",Palamita,urn:lsid:marinespecies.org:taxname:297342,9,WoRMS,
477,DENIUS,Denius,108664,108670,4.27,1,NO_ANNOT,,,Exact,0,"Denius Gistel, 1848",Denius,urn:lsid:irmng.org:taxname:1464575,181,IRMNG,
478,Sargus,Sargus,108693,108699,4.87,1,NO_ANNOT,,,Exact,0,Sargus,Sargus,7CJP,1,Catalogue of Life,
479,Diplodus,Diplodus,108740,108748,4.79,1,NO_ANNOT,,,Exact,0,Diplodus,Diplodus,4697,1,Catalogue of Life,
480,BORBORODES,Borborodes,108754,108764,5.09,1,NO_ANNOT,,,Exact,0,"Borborodes Gistel, 1848",Borborodes,urn:lsid:irmng.org:taxname:1157786,181,IRMNG,
481,Scymnus,Scymnus,108787,108794,5.34,1,NO_ANNOT,,,Exact,0,Scymnus,Scymnus,644Z6,1,Catalogue of Life,
482,Scymnorhinus,Scymnorhinus,108853,108865,6.29,1,NO_ANNOT,,,Exact,0,"Scymnorhinus Broom, 1914",Scymnorhinus,urn:lsid:irmng.org:taxname:1294295,181,IRMNG,
483,PEROPTERA,Peroptera,108895,108904,5.15,1,NO_ANNOT,,,Exact,0,"Peroptera Gistl, 1848",Peroptera,urn:lsid:irmng.org:taxname:1407042,181,IRMNG,
484,Perioptera,Perioptera,108928,108938,5.31,1,NO_ANNOT,,,Exact,0,"Perioptera Gistel, 1848",Perioptera,urn:lsid:irmng.org:taxname:1449904,181,IRMNG,
485,ORTHOCOLUS,Orthocolus,108981,108991,6.09,1,NO_ANNOT,,,Exact,0,"Orthocolus Gistel, 1848",Orthocolus,urn:lsid:irmng.org:taxname:1328653,181,IRMNG,
486,Thymallus,Thymallus,109015,109024,5.92,1,NO_ANNOT,,,Exact,0,Thymallus,Thymallus,7WHT,1,Catalogue of Life,
487,Thymalus,Thymalus,109057,109065,5.75,1,NO_ANNOT,,,Exact,0,"Thymalus Latreille, 1802",Thymalus,urn:lsid:irmng.org:taxname:1303757,181,IRMNG,
488,Latreille,Latreille,109066,109075,1.11,1,NO_ANNOT,,,Exact,0,"Temnochilidae (Latreille) Léveillé, 1839",Latreille,141469801,164,BioLib.cz,
489,Thymallus,Thymallus,109174,109183,5.92,1,NO_ANNOT,,,Exact,0,Thymallus,Thymallus,7WHT,1,Catalogue of Life,
490,Choregon,Choregon,109184,109192,3.75,1,NO_ANNOT,,,Exact,0,"Choregon Minding, 1832",Choregon,urn:lsid:irmng.org:taxname:1122781,181,IRMNG,
491,Orthocolus.,Orthocolus,109218,109229,6.09,1,NO_ANNOT,,,Exact,0,"Orthocolus Gistel, 1848",Orthocolus,urn:lsid:irmng.org:taxname:1328653,181,IRMNG,
492,Toxotes,Toxotes,109277,109284,2.96,1,NO_ANNOT,,,Exact,0,Toxotes,Toxotes,7Y6D,1,Catalogue of Life,
493,Toxotus,Toxotus,109329,109336,5.03,1,NO_ANNOT,,,Exact,0,"Toxotus Zetterstedt, 1828",Toxotus,urn:lsid:irmng.org:taxname:1364654,181,IRMNG,
494,APHOBUS,Aphobus,109343,109350,4.06,1,NO_ANNOT,,,Exact,0,"Aphobus Gistel, 1848",Aphobus,urn:lsid:irmng.org:taxname:1409971,181,IRMNG,
495,Trachidermus,Trachidermus,109374,109386,5.85,1,NO_ANNOT,,,Exact,0,Trachidermus,Trachidermus,7Y9J,1,Catalogue of Life,
496,Trachyderma.,Trachyderma,109409,109421,5.29,1,NO_ANNOT,,,Exact,0,Trachyderma,Trachyderma,7YBG,1,Catalogue of Life,
497,Centridermichthys,Centridermichthys,109426,109443,6.29,1,NO_ANNOT,,,Exact,0,"Centridermichthys Richardson, 1845",Centridermichthys,urn:lsid:marinespecies.org:taxname:296276,9,WoRMS,
498,Aphobus.,Aphobus,109497,109505,4.06,1,NO_ANNOT,,,Exact,0,"Aphobus Gistel, 1848",Aphobus,urn:lsid:irmng.org:taxname:1409971,181,IRMNG,
499,Trichodon,Trichodon,109542,109551,4.18,1,NO_ANNOT,,,Exact,0,Trichodon,Trichodon,84VDX,1,Catalogue of Life,
500,Trichoda,Trichoda,109586,109594,5.02,1,NO_ANNOT,,,Exact,0,Trichoda,Trichoda,647QF,1,Catalogue of Life,
501,Trichodes,Trichodes,109599,109608,4.93,1,NO_ANNOT,,,Exact,0,Trichodes,Trichodes,6483K,1,Catalogue of Life,
502,Trichodon,Trichodon,109632,109641,4.18,1,NO_ANNOT,,,Exact,0,Trichodon,Trichodon,84VDX,1,Catalogue of Life,
503,LITHULCUS,Lithulcus,109656,109665,6.17,1,NO_ANNOT,,,Exact,0,"Lithulcus Gistel, 1848",Lithulcus,urn:lsid:irmng.org:taxname:1127162,181,IRMNG,
504,Trichopodus,Trichopodus,109689,109700,5.25,1,NO_ANNOT,,,Exact,0,Trichopodus,Trichopodus,7ZKF,1,Catalogue of Life,
505,Trichopus,Trichopus,109701,109710,5.90,1,NO_ANNOT,,,Exact,0,Trichopus,Trichopus,7ZLJ,1,Catalogue of Life,
506,Osphromenus,Osphromenus,109795,109806,6.05,1,NO_ANNOT,,,Exact,0,"Osphromenus Günther, 1861",Osphromenus,urn:lsid:irmng.org:taxname:1464332,181,IRMNG,
507,Chrysophrys,Chrysophrys,109872,109883,5.48,1,NO_ANNOT,,,Exact,0,"Chrysophrys Quoy & Gaimard, 1824",Chrysophrys,102093,2,Wikispecies,
508,Spams,Spams,109911,109916,1.75,1,NO_ANNOT,,,NoMatch,,,,,,,,
509,Plagusia lactea,Plagusia lactea,109955,109970,9.47,2,NO_ANNOT,,,Exact,0,"Plagusia lactea Bonaparte, 1833",Plagusia lactea,4JHWC,1,Catalogue of Life,
510,ATTILUS,Attilus,110005,110012,5.50,1,NO_ANNOT,,,Exact,0,"Attilus Gistel, 1848",Attilus,urn:lsid:marinespecies.org:taxname:397755,9,WoRMS,
511,MELANTHA,Melantha,110076,110084,4.87,1,NO_ANNOT,,,Exact,0,"Melantha Gistel, 1848",Melantha,urn:lsid:irmng.org:taxname:1446781,181,IRMNG,
512,Corvina,Corvina,110114,110121,3.72,1,NO_ANNOT,,,Exact,0,Corvina Steud.,Corvina,12471-1,167,IPNI,
513,AORIA,Aoria,110473,110478,3.99,1,NO_ANNOT,,,Exact,0,Aoria,Aoria,XZ7,1,Catalogue of Life,
514,Bagrus lamarrii,Bagrus lamarrii,110492,110507,10.84,2,NO_ANNOT,,,Exact,0,"Bagrus lamarrii Valenciennes, 1840",Bagrus lamarrii,68BBM,1,Catalogue of Life,
515,Macrones,Macrones,110536,110544,3.22,1,NO_ANNOT,,,Exact,0,Macrones,Macrones,5JH7,1,Catalogue of Life,
516,Macrones,Macrones,110568,110576,3.22,1,NO_ANNOT,,,Exact,0,Macrones,Macrones,5JH7,1,Catalogue of Life,
517,Coleoptera.,Coleoptera,110600,110611,3.70,1,NO_ANNOT,,,Exact,0,Coleoptera,Coleoptera,C2L,1,Catalogue of Life,
518,AZURELLA,Azurella,110612,110620,6.03,1,NO_ANNOT,,,Exact,0,Cicerbita sect. Azurella Sennikov,Azurella,998895-1,167,IPNI,
519,Pomacentrus bairdi,Pomacentrus bairdi,110634,110652,11.19,2,NO_ANNOT,,,Fuzzy,1,"Pomacentrus bairdii Gill, 1862",Pomacentrus bairdii,4LQBK,1,Catalogue of Life,
520,Microspathodon bairdi,Microspathodon bairdi,110658,110679,10.49,2,NO_ANNOT,,,Fuzzy,1,"Microspathodon bairdii (Gill, 1862)",Microspathodon bairdii,436MQ,1,Catalogue of Life,
521,Microspathodon,Microspathodon,110709,110723,5.02,1,NO_ANNOT,,,Exact,0,Microspathodon,Microspathodon,5SFC,1,Catalogue of Life,
522,Azurella bairdi,Azurella bairdi,110925,110940,11.50,2,NO_ANNOT,,,PartialExact,0,Cicerbita sect. Azurella Sennikov,Azurella,998895-1,167,IPNI,
523,Microspathodon dorsalis,Microspathodon dorsalis,110964,110987,12.16,2,NO_ANNOT,,,Exact,0,"Microspathodon dorsalis (Gill, 1862)",Microspathodon dorsalis,6RJNN,1,Catalogue of Life,
524,M. chrysurus,M. chrysurus,111030,111042,6.63,2,NO_ANNOT,,,NoMatch,,,,,,,,
525,Stegastes,Stegastes,111100,111109,3.38,1,NO_ANNOT,,,Exact,0,Stegastes,Stegastes,63TX2,1,Catalogue of Life,
526,Microspathodon,Microspathodon,111164,111178,5.02,1,NO_ANNOT,,,Exact,0,Microspathodon,Microspathodon,5SFC,1,Catalogue of Life,
527,COTYLICHTHYS,Cotylichthys,111257,111269,5.85,1,NO_ANNOT,,,Exact,0,"Cotylichthys Jordan, 1919",Cotylichthys,urn:lsid:irmng.org:taxname:1185132,181,IRMNG,
528,Cotylis,Cotylis,111327,111334,3.87,1,NO_ANNOT,,,Exact,0,"Cotylis Stannii Müller & Troschel, 1849",Cotylis,141414695,155,FishBase,
529,Cotylis nudus,Cotylis nudus,111426,111439,9.46,2,NO_ANNOT,,,PartialExact,0,"Cotylis Stannii Müller & Troschel, 1849",Cotylis,141414695,155,FishBase,
530,Lepadogaster nudus,Lepadogaster nudus,111449,111467,9.64,2,NO_ANNOT,,,Exact,0,Lepadogaster nudus,Lepadogaster nudus,276881,183,Sherborn Index Animalium,
531,Gobiesox gyrinus,Gobiesox gyrinus,111480,111496,10.30,2,NO_ANNOT,,,Exact,0,"Gobiesox gyrinus Valenciennes, 1841",Gobiesox gyrinus,3GP5L,1,Catalogue of Life,
532,Cyclotperus nudus,Cyclotperus nudus,111523,111540,5.00,2,NO_ANNOT,,,NoMatch,,,,,,,,
533,T. nudus  gyrinus,T. nudus gyrinus,111587,111604,10.27,3,NO_ANNOT,,,NoMatch,,,,,,,,
534,Gobiesox,Gobiesox,111621,111629,3.41,1,NO_ANNOT,,,Exact,0,Gobiesox,Gobiesox,4PPX,1,Catalogue of Life,
535,Lacepede fimbriata,Lacepede fimbriata,111630,111648,4.81,2,NO_ANNOT,,,NoMatch,,,,,,,,
536,EPERLANIO,Eperlanio,111689,111698,3.86,1,NO_ANNOT,,,Exact,0,"Eperlanio Jordan, 1919",Eperlanio,urn:lsid:irmng.org:taxname:1251524,181,IRMNG,
537,Osmerus albatrossis,Osmerus albatrossis,111712,111731,12.94,2,NO_ANNOT,,,Exact,0,"Osmerus albatrossis Jordan & Gilbert, 1898",Osmerus albatrossis,74ZTH,1,Catalogue of Life,
538,Osmerus,Osmerus,111807,111814,5.01,1,NO_ANNOT,,,Exact,0,Osmerus,Osmerus,63GNQ,1,Catalogue of Life,
539,Osmerus,Osmerus,111891,111898,5.01,1,NO_ANNOT,,,Exact,0,Osmerus,Osmerus,63GNQ,1,Catalogue of Life,
540,Spirinchus,Spirinchus,111923,111933,4.99,1,NO_ANNOT,,,Exact,0,Spirinchus,Spirinchus,7LBG,1,Catalogue of Life,
541,Eperlanus,Eperlanus,112002,112011,5.76,1,NO_ANNOT,,,Exact,0,"Eperlanus Yarrell, 1836",Eperlanus,urn:lsid:irmng.org:taxname:1123436,181,IRMNG,
542,Osmerus eperlanus,Osmerus eperlanus,112049,112066,12.26,2,NO_ANNOT,,,Exact,0,"Osmerus eperlanus (Linnaeus, 1758)",Osmerus eperlanus,6SZTL,1,Catalogue of Life,
543,Osmerus.,Osmerus,112111,112119,5.01,1,NO_ANNOT,,,Exact,0,Osmerus,Osmerus,63GNQ,1,Catalogue of Life,
544,Eperlanio,Eperlanio,112120,112129,3.86,1,NO_ANNOT,,,Exact,0,"Eperlanio Jordan, 1919",Eperlanio,urn:lsid:irmng.org:taxname:1251524,181,IRMNG,
545,ERYTHROCLES,Erythrocles,112152,112163,3.62,1,NO_ANNOT,,,Exact,0,Erythrocles,Erythrocles,633RC,1,Catalogue of Life,
546,Erythrichthys schlegeli,Erythrichthys schlegeli,112177,112200,12.01,2,NO_ANNOT,,,Fuzzy,1,"Erythrichthys schlegelii Günther, 1859",Erythrichthys schlegelii,3BCWY,1,Catalogue of Life,
547,Erythrichthys,Erythrichthys,112235,112248,5.94,1,NO_ANNOT,,,Exact,0,"Erythrichthys Temminck & Schlegel, 1845",Erythrichthys,urn:lsid:marinespecies.org:taxname:296590,9,WoRMS,
548,Temminck,Temminck,112249,112257,3.41,1,NO_ANNOT,,,Exact,0,Temminck,Temminck,100304206,169,uBio NameBank,
549,Erythrichthys,Erythrichthys,112283,112296,5.94,1,NO_ANNOT,,,Exact,0,"Erythrichthys Temminck & Schlegel, 1845",Erythrichthys,urn:lsid:marinespecies.org:taxname:296590,9,WoRMS,
550,Salmo erythrinus,Salmo erythrinus,112328,112344,10.97,2,NO_ANNOT,,,Exact,0,"Salmo erythrinus Georgi, 1775",Salmo erythrinus,6XD7P,1,Catalogue of Life,
551,Erythrinus,Erythrinus,112375,112385,5.93,1,NO_ANNOT,,,Exact,0,Erythrinus,Erythrinus,62S49,1,Catalogue of Life,
552,Erythrocles,Erythrocles,112402,112413,3.62,1,NO_ANNOT,,,Exact,0,Erythrocles,Erythrocles,633RC,1,Catalogue of Life,
553,Emmelichthys,Emmelichthys,112460,112472,5.85,1,NO_ANNOT,,,Exact,0,Emmelichthys,Emmelichthys,4B9X,1,Catalogue of Life,
554,Boxaodon,Boxaodon,112484,112492,4.01,1,NO_ANNOT,,,Exact,0,"Boxaodon Guichenot, 1848",Boxaodon,urn:lsid:irmng.org:taxname:1103669,181,IRMNG,
555,Dipterygonotus,Dipterygonotus,112516,112530,6.29,1,NO_ANNOT,,,Exact,0,Dipterygonotus,Dipterygonotus,46J7,1,Catalogue of Life,
556,Plagiogeneion,Plagiogeneion,112543,112556,3.55,1,NO_ANNOT,,,Exact,0,Plagiogeneion,Plagiogeneion,6R8Y,1,Catalogue of Life,
557,EXTRARIUS,Extrarius,112650,112659,4.98,1,NO_ANNOT,,,Exact,0,"Extrarius Jordan, 1919",Extrarius,urn:lsid:irmng.org:taxname:1207819,181,IRMNG,
558,Hyhopsis tetranemus,Hyhopsis tetranemus,112673,112692,5.19,2,NO_ANNOT,,,Fuzzy,1,"Hybopsis tetranemus Gilbert, 1886",Hybopsis tetranemus,3MYJL,1,Catalogue of Life,
559,Macrhybopsis,Macrhybopsis,112849,112861,5.47,1,NO_ANNOT,,,Exact,0,Macrhybopsis,Macrhybopsis,5J88,1,Catalogue of Life,
560,Gobio gelidus,Gobio gelidus,112872,112885,9.82,2,NO_ANNOT,,,Exact,0,"Gobio gelidus Girard, 1856",Gobio gelidus,3GP8F,1,Catalogue of Life,
561,IRILLION,Irillion,112971,112979,2.77,1,NO_ANNOT,,,Exact,0,"Irillion Jordan, 1919",Irillion,urn:lsid:irmng.org:taxname:1221699,181,IRMNG,
562,Coregonus oregonius,Coregonus oregonius,112993,113012,12.76,2,NO_ANNOT,,,Exact,0,"Coregonus oregonius Jordan & Snyder, 1909",Coregonus oregonius,6B3PC,1,Catalogue of Life,
563,Coregonus,Coregonus,113079,113088,5.76,1,NO_ANNOT,,,Exact,0,Coregonus,Coregonus,62MKZ,1,Catalogue of Life,
564,Irillion,Irillion,113246,113254,2.77,1,NO_ANNOT,,,Exact,0,"Irillion Jordan, 1919",Irillion,urn:lsid:irmng.org:taxname:1221699,181,IRMNG,
565,Porichthys plectrodon,Porichthys plectrodon,113339,113360,11.32,2,NO_ANNOT,,,Exact,0,"Porichthys plectrodon Jordan & Gilbert, 1882",Porichthys plectrodon,6VW9N,1,Catalogue of Life,
566,Batrachus porosissimus,Batrachus porosissimus,113378,113400,11.76,2,NO_ANNOT,,,Exact,0,"Batrachus porosissimus Cuvier, 1829",Batrachus porosissimus,KZTM,1,Catalogue of Life,
567,Porichthys,Porichthys,113444,113454,5.49,1,NO_ANNOT,,,Exact,0,Porichthys,Porichthys,63Q9C,1,Catalogue of Life,
568,Porichthys there,Porichthys there,113616,113632,3.81,2,NO_ANNOT,,,PartialExact,0,Porichthys,Porichthys,63Q9C,1,Catalogue of Life,
569,OSHIMIA,Oshimia,113828,113835,4.36,1,NO_ANNOT,,,Exact,0,"Oshimia Jordan, 1919",Oshimia,urn:lsid:irmng.org:taxname:1191890,181,IRMNG,
570,Micracanthus marchei,Micracanthus marchei,113849,113869,10.40,2,NO_ANNOT,,,Exact,0,Micracanthus marchei Sauvage 1879,Micracanthus marchei,141077966,151,Catalog of Fishes,
571,Micracanthus,Micracanthus,113901,113913,5.35,1,NO_ANNOT,,,Exact,0,"Micracanthus Sauvage, 1879",Micracanthus,urn:lsid:irmng.org:taxname:1128879,181,IRMNG,
572,Microcanthus,Microcanthus,113942,113954,5.35,1,NO_ANNOT,,,Exact,0,Microcanthus,Microcanthus,5RJT,1,Catalogue of Life,
573,RHEOCLES,Rheocles,114173,114181,3.16,1,NO_ANNOT,,,Exact,0,Rheocles,Rheocles,78HP,1,Catalogue of Life,
574,Eleotris,Eleotris,114202,114210,4.89,1,NO_ANNOT,,,Exact,0,Eleotris,Eleotris,62QFZ,1,Catalogue of Life,
575,SYLETOR,Syletor,114449,114456,3.63,1,NO_ANNOT,,,Exact,0,Syletor,Syletor,7QPC,1,Catalogue of Life,
576,Pisoodonophis cruentifer,Pisoodonophis cruentifer,114470,114494,9.41,2,NO_ANNOT,,,Exact,0,"Pisoodonophis cruentifer Goode & Bean, 1896",Pisoodonophis cruentifer,77MJH,1,Catalogue of Life,
577,Pisoodonophis.,Pisoodonophis,114588,114602,3.68,1,NO_ANNOT,,,Exact,0,"Pisoodonophis Kaup, 1860",Pisoodonophis,urn:lsid:irmng.org:taxname:1035258,181,IRMNG,
578,UNAGIUS,Unagius,114860,114867,4.56,1,NO_ANNOT,,,Exact,0,"Unagius Jordan, 1919",Unagius,urn:lsid:irmng.org:taxname:1132360,181,IRMNG,
579,Cryptophthahnus rohustus,Cryptophthahnus rohustus,114881,114905,7.82,2,NO_ANNOT,,,NoMatch,,,,,,,,
580,Cryptophthalmus,Cryptophthalmus,114928,114943,6.13,1,NO_ANNOT,,,Exact,0,"Cryptophthalmus Rafinesque, 1814",Cryptophthalmus,urn:lsid:irmng.org:taxname:1263740,181,IRMNG,
581,Crustacea,Crustacea,114962,114971,4.98,1,NO_ANNOT,,,Exact,0,"Crustacea Brünnich, 1772",Crustacea,83677,3,ITIS,
582,Unagius may,Unagius may,115019,115030,2.80,2,NO_ANNOT,,,PartialExact,0,"Unagius Jordan, 1919",Unagius,urn:lsid:irmng.org:taxname:1132360,181,IRMNG,
583,UROCLES,Urocles,115090,115097,2.91,1,NO_ANNOT,,,Exact,0,"Urocles Jordan, 1919",Urocles,urn:lsid:irmng.org:taxname:1444245,181,IRMNG,
584,Megalurus lepidotus,Megalurus lepidotus,115111,115130,13.15,2,NO_ANNOT,,,Exact,0,Megalurus lepidotus (Agassiz 1833),Megalurus lepidotus,149793,172,PaleoBioDB,
585,Megalurus,Megalurus,115184,115193,5.43,1,NO_ANNOT,,,Exact,0,"Megalurus Horsfield, 1821",Megalurus,5MVT,1,Catalogue of Life,
586,Synergus,Synergus,115251,115259,5.41,1,NO_ANNOT,,,Exact,0,Synergus,Synergus,87KVK,1,Catalogue of Life,
587,Hymenoptera,Hymenoptera,115287,115298,5.44,1,NO_ANNOT,,,Exact,0,Hymenoptera,Hymenoptera,HYM,1,Catalogue of Life,
588,VERATER,Verater,115332,115339,3.11,1,NO_ANNOT,,,Exact,0,"Verater Jordan, 1919",Verater,urn:lsid:irmng.org:taxname:1170482,181,IRMNG,
589,Oligopus ater,Oligopus ater,115353,115366,8.45,2,NO_ANNOT,,,Exact,0,"Oligopus ater Risso, 1810",Oligopus ater,496W4,1,Catalogue of Life,
590,Pteridium atrum,Pteridium atrum,115374,115389,11.34,2,NO_ANNOT,,,Exact,0,Pteridium atrum Risso,Pteridium atrum,3977277,168,ION,
591,Pteridium,Pteridium,115421,115430,5.28,1,NO_ANNOT,,,Exact,0,Pteridium Gled. ex Scop.,Pteridium,74L6,1,Catalogue of Life,
592,Pteridium,Pteridium,115453,115462,5.28,1,NO_ANNOT,,,Exact,0,Pteridium Gled. ex Scop.,Pteridium,74L6,1,Catalogue of Life,
593,Pteraclis,Pteraclis,115502,115511,4.29,1,NO_ANNOT,,,Exact,0,Pteraclis,Pteraclis,642SL,1,Catalogue of Life,
594,PNICTES,Pnictes,115574,115581,2.96,1,NO_ANNOT,,,Exact,0,Pnictes,Pnictes,6T87,1,Catalogue of Life,
595,Achiropsis asphyxiatus,Achiropsis asphyxiatus,115595,115617,13.25,2,NO_ANNOT,,,Exact,0,"Achiropsis asphyxiatus Jordan, 1889",Achiropsis asphyxiatus,97WQ,1,Catalogue of Life,
596,Achiropsis,Achiropsis,115694,115704,5.11,1,NO_ANNOT,,,Exact,0,"Achiropsis Steindachner, 1876",Achiropsis,urn:lsid:irmng.org:taxname:1390909,181,IRMNG,
597,ERREX,Errex,115819,115824,4.72,1,NO_ANNOT,,,Exact,0,"Errex Jordan, 1919",Errex,urn:lsid:irmng.org:taxname:1013479,181,IRMNG,
598,Glyptocephalus zachirus,Glyptocephalus zachirus,115838,115861,13.57,2,NO_ANNOT,,,Exact,0,"Glyptocephalus zachirus Lockington, 1879",Glyptocephalus zachirus,3GHMT,1,Catalogue of Life,
599,Glyptocephalus,Glyptocephalus,115967,115981,6.76,1,NO_ANNOT,,,Exact,0,Glyptocephalus,Glyptocephalus,4PFF,1,Catalogue of Life,
600,AINIA,Ainia,116117,116122,3.18,1,NO_ANNOT,,,Exact,0,"Ainia Lelesus, 1974",Ainia,urn:lsid:irmng.org:taxname:1345300,181,IRMNG,
601,Callopterus agassizi,Callopterus agassizi,116136,116156,10.27,2,NO_ANNOT,,,Exact,0,"Callopterus agassizi Thiollière, 1858",Callopterus agassizi,9037706,11,GBIF Backbone Taxonomy,
602,Callopterus,Callopterus,116198,116209,5.72,1,NO_ANNOT,,,Exact,0,"Callopterus Thiollière, 1858",Callopterus,urn:lsid:irmng.org:taxname:1392353,181,IRMNG,
603,Callopterus,Callopterus,116241,116252,5.72,1,NO_ANNOT,,,Exact,0,"Callopterus Thiollière, 1858",Callopterus,urn:lsid:irmng.org:taxname:1392353,181,IRMNG,
604,RAIAMAS,Raiamas,116364,116371,2.91,1,NO_ANNOT,,,Exact,0,Raiamas,Raiamas,63QH8,1,Catalogue of Life,
605,Cyprinus bola,Cyprinus bola,116385,116398,7.31,2,NO_ANNOT,,,Exact,0,"Cyprinus bola Hamilton, 1822",Cyprinus bola,33HR2,1,Catalogue of Life,
606,Raiamas bola,Raiamas bola,116487,116499,4.63,2,NO_ANNOT,,,Exact,0,"Raiamas bola (Hamilton, 1822)",Raiamas bola,6WRKY,1,Catalogue of Life,
607,TARSISTES,Tarsistes,116550,116559,3.38,1,NO_ANNOT,,,Exact,0,Tarsistes,Tarsistes,7SV4,1,Catalogue of Life,
608,Polyodon,Polyodon,116765,116773,4.01,1,NO_ANNOT,,,Exact,0,Polyodon,Polyodon,63N8S,1,Catalogue of Life,
609,Tarsistes philippii,Tarsistes philippii,116853,116872,9.19,2,NO_ANNOT,,,Exact,0,"Tarsistes philippii Jordan, 1919",Tarsistes philippii,54XZ3,1,Catalogue of Life,
610,Pleurolepis pellucidus,Pleurolepis pellucidus,116983,117005,12.85,2,NO_ANNOT,,,Exact,0,"Pleurolepis pellucidus Putnam, 1863",Pleurolepis pellucidus,4KBPY,1,Catalogue of Life,
611,Pleurolepis,Pleurolepis,117032,117043,5.98,1,NO_ANNOT,,,Exact,0,"Pleurolepis Quenstedt, 1852",Pleurolepis,urn:lsid:irmng.org:taxname:1360020,181,IRMNG,
612,Ammocrypta,Ammocrypta,117135,117145,4.93,1,NO_ANNOT,,,Exact,0,Ammocrypta,Ammocrypta,TWJ,1,Catalogue of Life,
613,Vigil pellucidus,Vigil pellucidus,117150,117166,4.82,2,NO_ANNOT,,,PartialExact,0,"Vigil Jordan, 1919",Vigil,urn:lsid:irmng.org:taxname:1152048,181,IRMNG,
614,Ammocrypta beani,Ammocrypta beani,117180,117196,10.18,2,NO_ANNOT,,,Exact,0,"Ammocrypta beani Jordan, 1877",Ammocrypta beani,CTHN,1,Catalogue of Life,
615,ORQUETA,Orqueta,117419,117426,4.77,1,NO_ANNOT,,,Exact,0,"Orqueta Jordan, 1919",Orqueta,urn:lsid:irmng.org:taxname:1170202,181,IRMNG,
616,Micropteryx polycentrus,Micropteryx polycentrus,117440,117463,12.78,2,NO_ANNOT,,,Exact,0,"Micropteryx polycentrus Kner, 1868",Micropteryx polycentrus,8733952,11,GBIF Backbone Taxonomy,
617,Micropus,Micropus,117479,117487,5.73,1,NO_ANNOT,,,Exact,0,Micropus L.,Micropus,63B76,1,Catalogue of Life,
618,Orqueta,Orqueta,117566,117573,4.77,1,NO_ANNOT,,,Exact,0,"Orqueta Jordan, 1919",Orqueta,urn:lsid:irmng.org:taxname:1170202,181,IRMNG,
619,Chloroscombrus,Chloroscombrus,117587,117601,6.27,1,NO_ANNOT,,,Exact,0,Chloroscombrus,Chloroscombrus,3NS5,1,Catalogue of Life,
620,Orqueta,Orqueta,117667,117674,4.77,1,NO_ANNOT,,,Exact,0,"Orqueta Jordan, 1919",Orqueta,urn:lsid:irmng.org:taxname:1170202,181,IRMNG,
621,Chloroscombrus orqueta,Chloroscombrus orqueta,117703,117725,12.32,2,NO_ANNOT,,,Exact,0,"Chloroscombrus orqueta Jordan & Gilbert, 1883",Chloroscombrus orqueta,5Y8YW,1,Catalogue of Life,
622,Diplomas,Diplomas,123983,123991,1.55,1,NO_ANNOT,,,Exact,0,Diplomas Diplaceros,Diplomas,3143875,168,ION,
623,Antonio,Antonio,126999,127006,3.44,1,NO_ANNOT,,,NoMatch,,,,,,,,
624,Passeres,Passeres,133826,133834,3.73,1,NO_ANNOT,,,Exact,0,Passeres Linnaeus 1758,Passeres,89232209,132,ZooBank,
625,Tanagridae,Tanagridae,133877,133887,4.45,1,NO_ANNOT,,,Exact,0,"Tanagridae Vigors, 1825",Tanagridae,urn:lsid:irmng.org:taxname:115417,181,IRMNG,
626,Mollusca,Mollusca,135952,135960,4.51,1,NO_ANNOT,,,Exact,0,Mollusca,Mollusca,M2L,1,Catalogue of Life,
627,Insects.,Insects,137323,137331,0.51,1,NO_ANNOT,,,Exact,0,Insects,Insects,3747023,168,ION,
628,Orthoptera,Orthoptera,137518,137528,5.31,1,NO_ANNOT,,,Exact,0,Orthoptera,Orthoptera,62294,1,Catalogue of Life,
629,Meloidae,Meloidae,137793,137801,4.11,1,NO_ANNOT,,,Exact,0,Meloidae,Meloidae,624LC,1,Catalogue of Life,
630,Coleoptera,Coleoptera,137825,137835,3.70,1,NO_ANNOT,,,Exact,0,Coleoptera,Coleoptera,C2L,1,Catalogue of Life,
631,Diptera,Diptera,137886,137893,4.73,1,NO_ANNOT,,,Exact,0,Diptera Borkh.,Diptera,5T8Z6,1,Catalogue of Life,
632,Lepidoptera.,Lepidoptera,137945,137957,3.82,1,NO_ANNOT,,,Exact,0,Lepidoptera,Lepidoptera,LP,1,Catalogue of Life,
633,Hemiptera,Hemiptera,138113,138122,5.15,1,NO_ANNOT,,,Exact,0,Hemiptera,Hemiptera,HP,1,Catalogue of Life,
634,Hymenoptera,Hymenoptera,138235,138246,5.44,1,NO_ANNOT,,,Exact,0,Hymenoptera,Hymenoptera,HYM,1,Catalogue of Life,
635,Andrena,Andrena,138274,138281,5.06,1,NO_ANNOT,,,Exact,0,"Andrena Fabricius, 1775",Andrena,62BS5,1,Catalogue of Life,
636,Orthoptera,Orthoptera,138326,138336,5.31,1,NO_ANNOT,,,Exact,0,Orthoptera,Orthoptera,62294,1,Catalogue of Life,
637,LeConte,Leconte,147929,147936,3.57,1,NO_ANNOT,,,Exact,0,Hypaetha (Leconte ),Leconte,4247785,168,ION,
638,Mollusca,Mollusca,148045,148053,4.51,1,NO_ANNOT,,,Exact,0,Mollusca,Mollusca,M2L,1,Catalogue of Life,
