Index,Verbatim,Name,Start,End,OddsLog10,Cardinality,AnnotNomenType,WordsBefore,WordsAfter,VerifMatchType,VerifEditDistance,VerifMatchedName,VerifMatchedCanonical,VerifTaxonId,VerifDataSourceId,VerifDataSourceTitle,VerifError
0,Abies,Abies,27,32,1.25,1,NO_ANNOT,,,Exact,0,Abies,Abies,627WF,1,Catalogue of Life,
1,Abudefduf,Abudefduf,46,55,3.58,1,NO_ANNOT,,,Exact,0,Abudefduf,Abudefduf,LSZ,1,Catalogue of Life,
2,Acalypha,Acalypha,60,68,5.38,1,NO_ANNOT,,,Exact,0,Acalypha,Acalypha,LX2,1,Catalogue of Life,
3,Acer,Acer,126,130,2.96,1,NO_ANNOT,,,Exact,0,Acer L.,Acer,MLD,1,Catalogue of Life,
4,Achillea,Achillea,151,159,5.03,1,NO_ANNOT,,,Exact,0,Achillea L.,Achillea,MRG,1,Catalogue of Life,
5,Actinella,Actinella,183,192,6.20,1,NO_ANNOT,,,Exact,0,"Actinella R. T. Lowe, 1852",Actinella,7NMTN,1,Catalogue of Life,
6,Actinocyclus,Actinocyclus,196,208,6.45,1,NO_ANNOT,,,Exact,0,"Actinocyclus Ehrenberg, 1831",Actinocyclus,7NMTT,1,Catalogue of Life,
7,Actinoptychus,Actinoptychus,219,232,5.44,1,NO_ANNOT,,,Exact,0,Actinoptychus Ehrenberg,Actinoptychus,2618,3,ITIS,
8,Actitis,Actitis,247,254,5.39,1,NO_ANNOT,,,Exact,0,"Actitis Illiger, 1811",Actitis,NT5,1,Catalogue of Life,
9,Adiantum,Adiantum,262,270,4.72,1,NO_ANNOT,,,Exact,0,Adiantum L.,Adiantum,P9F,1,Catalogue of Life,
10,Agelaius,Agelaius,328,336,4.81,1,NO_ANNOT,,,Exact,0,"Agelaius Vieillot, 1816",Agelaius,QNC,1,Catalogue of Life,
11,Agropyron,Agropyron,363,372,4.48,1,NO_ANNOT,,,Exact,0,Agropyron,Agropyron,QZZ,1,Catalogue of Life,
12,Aira,Aira,380,384,3.28,1,NO_ANNOT,,,Exact,0,Aira,Aira,R7G,1,Catalogue of Life,
13,Alactaga,Alactaga,401,409,4.93,1,NO_ANNOT,,,Exact,0,"Alactaga F. Cuvier, 1838",Alactaga,RCH,1,Catalogue of Life,
14,Allionia,Allionia,456,464,3.87,1,NO_ANNOT,,,Exact,0,Allionia L.,Allionia,S5M,1,Catalogue of Life,
15,Alnus,Alnus,482,487,4.91,1,NO_ANNOT,,,Exact,0,Alnus,Alnus,SQX,1,Catalogue of Life,
16,Anchura,Anchura,491,498,5.06,1,NO_ANNOT,,,Exact,0,"Anchura Conrad, 1860",Anchura,7NYX9,1,Catalogue of Life,
17,Amaryllidaceae,Amaryllidaceae,507,521,4.55,1,NO_ANNOT,,,Exact,0,Amaryllidaceae,Amaryllidaceae,694,1,Catalogue of Life,
18,Ameiva,Ameiva,526,532,3.27,1,NO_ANNOT,,,Exact,0,"Ameiva Reinhardt & Lütken, 1863",Ameiva,87D7Y,1,Catalogue of Life,
19,Amellus,Amellus,561,568,5.50,1,NO_ANNOT,,,Exact,0,Amellus L.,Amellus,TNQ,1,Catalogue of Life,
20,Ammodramus,Ammodramus,572,582,5.49,1,NO_ANNOT,,,Exact,0,"Ammodramus Swainson, 1827",Ammodramus,TWW,1,Catalogue of Life,
21,Amorpha,Amorpha,623,630,5.13,1,NO_ANNOT,,,Exact,0,Amorpha,Amorpha,84JM9,1,Catalogue of Life,
22,Amphicosmia,Amphicosmia,664,675,5.07,1,NO_ANNOT,,,Exact,0,"Amphicosmia Pilsbry & Vanatta, 1898",Amphicosmia,7NYVV,1,Catalogue of Life,
23,Amphiprora,Amphiprora,689,699,6.23,1,NO_ANNOT,,,Exact,0,Amphiprora Ehrenberg,Amphiprora,4674,3,ITIS,
24,Amphispiza,Amphispiza,747,757,5.25,1,NO_ANNOT,,,Exact,0,"Amphispiza Coues, 1874",Amphispiza,62B8K,1,Catalogue of Life,
25,Ampullaria,Ampullaria,762,772,5.02,1,NO_ANNOT,,,Exact,0,Ampullaria,Ampullaria,62CD3,1,Catalogue of Life,
26,Anachis,Anachis,795,802,2.65,1,NO_ANNOT,,,Exact,0,"Anachis H. Adams & A. Adams, 1853",Anachis,7NNYL,1,Catalogue of Life,
27,Anadenulus,Anadenulus,807,817,6.09,1,NO_ANNOT,,,Exact,0,"Anadenulus Cockerell, 1890",Anadenulus,7NNYS,1,Catalogue of Life,
28,Anadenus,Anadenus,834,842,5.59,1,NO_ANNOT,,,Exact,0,"Anadenus Heynemann, 1863",Anadenus,87DG4,1,Catalogue of Life,
29,Anagallis,Anagallis,847,856,4.29,1,NO_ANNOT,,,Exact,0,Anagallis L.,Anagallis,5T5P8,1,Catalogue of Life,
30,Anaphalantus,Anaphalantus,861,873,5.97,1,NO_ANNOT,,,Exact,0,Anaphalantus,Anaphalantus,V4Y,1,Catalogue of Life,
31,Anastoma,Anastoma,878,886,4.94,1,NO_ANNOT,,,Exact,0,"Anastoma Cristofori & Jan, 1832",Anastoma,urn:lsid:irmng.org:taxname:1387493,181,IRMNG,
32,Anax,Anax,904,908,3.38,1,NO_ANNOT,,,Exact,0,Anax,Anax,VDK,1,Catalogue of Life,
33,Anisolepis,Anisolepis,961,971,5.86,1,NO_ANNOT,,,Exact,0,Anisolepis Steetz,Anisolepis,7MXDX,1,Catalogue of Life,
34,Anisospira,Anisospira,980,990,4.95,1,NO_ANNOT,,,Exact,0,"Anisospira Strebel & Pfeffer, 1880",Anisospira,7NPZB,1,Catalogue of Life,
35,Anoma,Anoma,995,1000,4.25,1,NO_ANNOT,,,Exact,0,"Anoma Albers, 1850",Anoma,7NYZP,1,Catalogue of Life,
36,Anomia,Anomia,1005,1011,4.07,1,NO_ANNOT,,,Exact,0,"Anomia Linnaeus, 1758",Anomia,7NP6N,1,Catalogue of Life,
37,Anona,Anona,1016,1021,3.17,1,NO_ANNOT,,,Exact,0,Anona Mill.,Anona,145254794,165,Tropicos,
38,Anthericum,Anthericum,1040,1050,5.87,1,NO_ANNOT,,,Exact,0,Anthericum,Anthericum,XBW,1,Catalogue of Life,
39,Anthomyia,Anthomyia,1055,1064,5.41,1,NO_ANNOT,,,Exact,0,Anthomyia,Anthomyia,62DCY,1,Catalogue of Life,
40,Antrostomus,Antrostomus,1112,1123,5.62,1,NO_ANNOT,,,Exact,0,"Antrostomus Bonaparte, 1838",Antrostomus,XV3,1,Catalogue of Life,
41,Aphallarion,Aphallarion,1127,1138,3.23,1,NO_ANNOT,,,Exact,0,"Aphallarion Pilsbry & Vanatta, 1896",Aphallarion,urn:lsid:irmng.org:taxname:1213403,181,IRMNG,
42,Aphelocoma,Aphelocoma,1163,1173,5.28,1,NO_ANNOT,,,Exact,0,"Aphelocoma Cabanis, 1851",Aphelocoma,YDD,1,Catalogue of Life,
43,Aplopappus,Aplopappus,1178,1188,6.06,1,NO_ANNOT,,,Exact,0,Aplopappus Cass.,Aplopappus,30372805-2,167,IPNI,
44,Aplysia,Aplysia,1215,1222,3.64,1,NO_ANNOT,,,Exact,0,"Aplysia Linnaeus, 1767",Aplysia,7NPDX,1,Catalogue of Life,
45,Apoica,Apoica,1227,1233,2.78,1,NO_ANNOT,,,Exact,0,Apoica,Apoica,YY2,1,Catalogue of Life,
46,Apoma,Apoma,1238,1243,4.25,1,NO_ANNOT,,,Exact,0,"Apoma H. Beck, 1837",Apoma,7NZ3X,1,Catalogue of Life,
47,Aramus,Aramus,1293,1299,4.61,1,NO_ANNOT,,,Exact,0,"Aramus Vieillot, 1816",Aramus,ZQH,1,Catalogue of Life,
48,Arangia,Arangia,1304,1311,3.89,1,NO_ANNOT,,,Exact,0,"Arangia Pilsbry & Vanatta, 1898",Arangia,7NQST,1,Catalogue of Life,
49,Arctomys,Arctomys,1352,1360,5.07,1,NO_ANNOT,,,Exact,0,"Arctomys Ord, 1815",Arctomys,32CX,1,Catalogue of Life,
50,Arctonetta,Arctonetta,1369,1379,5.03,1,NO_ANNOT,,,Exact,0,"Arctonetta G. R. Gray, 1856",Arctonetta,32D2,1,Catalogue of Life,
51,Ardea,Ardea,1412,1417,4.63,1,NO_ANNOT,,,Exact,0,"Ardea Linnaeus, 1758",Ardea,32FH,1,Catalogue of Life,
52,Arenaria,Arenaria,1425,1433,4.68,1,NO_ANNOT,,,Exact,0,Arenaria L.,Arenaria,4GD,1,Catalogue of Life,
53,Argemone,Argemone,1442,1450,3.39,1,NO_ANNOT,,,Exact,0,Argemone L.,Argemone,32LD,1,Catalogue of Life,
54,Ariolimax,Ariolimax,1485,1494,3.58,1,NO_ANNOT,,,Exact,0,"Ariolimax Mörch, 1859",Ariolimax,7NPPJ,1,Catalogue of Life,
55,Arion,Arion,1525,1530,2.08,1,NO_ANNOT,,,Exact,0,"Arion A. Férussac, 1819",Arion,7NPPK,1,Catalogue of Life,
56,Arvicola,Arvicola,1601,1609,5.51,1,NO_ANNOT,,,Exact,0,"Arvicola Lacépède, 1799",Arvicola,33J7,1,Catalogue of Life,
57,Asaphis,Asaphis,1614,1621,2.65,1,NO_ANNOT,,,Exact,0,"Asaphis Modeer, 1793",Asaphis,87DGW,1,Catalogue of Life,
58,Asclepiadaceae,Asclepiadaceae,1659,1673,4.55,1,NO_ANNOT,,,Exact,0,Asclepiadaceae R.Br.,Asclepiadaceae,6SB,1,Catalogue of Life,
59,Asilidae,Asilidae,1706,1714,4.11,1,NO_ANNOT,,,Exact,0,Asilidae,Asilidae,89PQ4,1,Catalogue of Life,
60,Atherina,Atherina,1791,1799,3.96,1,NO_ANNOT,,,Exact,0,Atherina,Atherina,34YW,1,Catalogue of Life,
61,Atriplex,Atriplex,1820,1828,5.02,1,NO_ANNOT,,,Exact,0,Atriplex L.,Atriplex,35CY,1,Catalogue of Life,
62,Aulacodiscus,Aulacodiscus,1845,1857,6.69,1,NO_ANNOT,,,Exact,0,"Aulacodiscus C.G. Ehrenberg, 1844",Aulacodiscus,urn:lsid:marinespecies.org:taxname:149279,9,WoRMS,
63,Auliscus,Auliscus,1862,1870,6.00,1,NO_ANNOT,,,Exact,0,"Auliscus C.G. Ehrenberg, 1843",Auliscus,urn:lsid:marinespecies.org:taxname:149281,9,WoRMS,
64,Aurinia,Aurinia,1875,1882,3.62,1,NO_ANNOT,,,Exact,0,Aurinia,Aurinia,62DKX,1,Catalogue of Life,
65,Bacillaria,Bacillaria,1901,1911,5.02,1,NO_ANNOT,,,Exact,0,Bacillaria Gmelin,Bacillaria,5300,3,ITIS,
66,Balanus,Balanus,1916,1923,5.34,1,NO_ANNOT,,,Exact,0,Balanus,Balanus,37JS,1,Catalogue of Life,
67,Balsamorrhiza,Balsamorrhiza,1928,1941,5.70,1,NO_ANNOT,,,Exact,0,Balsamorrhiza,Balsamorrhiza,50183166-1,167,IPNI,
68,Bartramia,Bartramia,1955,1964,4.78,1,NO_ANNOT,,,Exact,0,"Bartramia Lesson, 1831",Bartramia,3899,1,Catalogue of Life,
69,Bartsia,Bartsia,1968,1975,3.64,1,NO_ANNOT,,,Exact,0,Bartsia L.,Bartsia,389H,1,Catalogue of Life,
70,Bazzania,Bazzania,1982,1990,3.87,1,NO_ANNOT,,,Exact,0,Bazzania,Bazzania,62F3D,1,Catalogue of Life,
71,Berberis,Berberis,2020,2028,4.89,1,NO_ANNOT,,,Exact,0,Berberis L.,Berberis,39LV,1,Catalogue of Life,
72,Berendtia,Berendtia,2032,2041,5.29,1,NO_ANNOT,,,Exact,0,"Berendtia Crosse & P. Fischer, 1869",Berendtia,7NT3H,1,Catalogue of Life,
73,Betula,Betula,2050,2056,4.29,1,NO_ANNOT,,,Exact,0,Betula,Betula,62GLV,1,Catalogue of Life,
74,Bidens,Bidens,2092,2098,3.77,1,NO_ANNOT,,,Exact,0,Bidens L.,Bidens,62GF8,1,Catalogue of Life,
75,Bigelowia,Bigelowia,2103,2112,4.83,1,NO_ANNOT,,,Exact,0,Bigelowia DC.,Bigelowia,62G75,1,Catalogue of Life,
76,Bignoniaceae,Bignoniaceae,2128,2140,4.24,1,NO_ANNOT,,,Exact,0,Bignoniaceae Juss.,Bignoniaceae,77P,1,Catalogue of Life,
77,Binneya,Binneya,2145,2152,4.52,1,NO_ANNOT,,,Exact,0,"Binneya J.G. Cooper, 1863",Binneya,7NQRM,1,Catalogue of Life,
78,Blennius,Blennius,2219,2227,4.81,1,NO_ANNOT,,,Exact,0,Blennius,Blennius,62HJL,1,Catalogue of Life,
79,Boidae,Boidae,2246,2252,3.57,1,NO_ANNOT,,,Exact,0,Boidae,Boidae,79Q,1,Catalogue of Life,
80,Bombycidae,Bombycidae,2261,2271,6.06,1,NO_ANNOT,,,Exact,0,Bombycidae,Bombycidae,622GK,1,Catalogue of Life,
81,Bombylius,Bombylius,2276,2285,4.98,1,NO_ANNOT,,,Exact,0,Bombylius,Bombylius,3BC8,1,Catalogue of Life,
82,Bonasa,Bonasa,2290,2296,4.05,1,NO_ANNOT,,,Exact,0,"Bonasa Stephens, 1819",Bonasa,3BCY,1,Catalogue of Life,
83,Borus,Borus,2317,2322,4.57,1,NO_ANNOT,,,Exact,0,"Borus Albers, 1850",Borus,urn:lsid:irmng.org:taxname:1401197,181,IRMNG,
84,Bouteloua,Bouteloua,2327,2336,3.98,1,NO_ANNOT,,,Exact,0,Bouteloua,Bouteloua,3C3Z,1,Catalogue of Life,
85,Brachypodisca,Brachypodisca,2401,2414,5.30,1,NO_ANNOT,,,Exact,0,"Brachypodisca Agassiz, 1846",Brachypodisca,urn:lsid:irmng.org:taxname:1229294,181,IRMNG,
86,Brachypodium,Brachypodium,2419,2431,5.81,1,NO_ANNOT,,,Exact,0,Brachypodium,Brachypodium,62GPZ,1,Catalogue of Life,
87,Branta,Branta,2450,2456,2.91,1,NO_ANNOT,,,Exact,0,"Branta Scopoli, 1769",Branta,62H39,1,Catalogue of Life,
88,Brebissonia,Brebissonia,2461,2472,4.33,1,NO_ANNOT,,,Exact,0,Brebissonia Spach,Brebissonia,5T6VK,1,Catalogue of Life,
89,Brodiaea,Brodiaea,2477,2485,5.52,1,NO_ANNOT,,,Exact,0,Brodiaea,Brodiaea,62H3P,1,Catalogue of Life,
90,Buccinidae,Buccinidae,2503,2513,4.45,1,NO_ANNOT,,,Exact,0,"Buccinidae Rafinesque, 1815",Buccinidae,7NG6S,1,Catalogue of Life,
91,Buliminus,Buliminus,2531,2540,5.76,1,NO_ANNOT,,,Exact,0,"Buliminus H. Beck, 1837",Buliminus,87FF5,1,Catalogue of Life,
92,Bulimus,Bulimus,2545,2552,4.91,1,NO_ANNOT,,,Exact,0,"Bulimus Bruguière, 1789",Bulimus,urn:lsid:marinespecies.org:taxname:549410,9,WoRMS,
93,Buteo,Buteo,2572,2577,3.13,1,NO_ANNOT,,,Exact,0,"Buteo Lacepede, 1799",Buteo,62HVC,1,Catalogue of Life,
94,Cactaceae,Cactaceae,2585,2594,3.71,1,NO_ANNOT,,,Exact,0,Cactaceae Juss.,Cactaceae,7HS,1,Catalogue of Life,
95,Cadulus,Cadulus,2612,2619,5.50,1,NO_ANNOT,,,Exact,0,"Cadulus Philippi, 1844",Cadulus,7NRFS,1,Catalogue of Life,
96,Caesalpinia,Caesalpinia,2652,2663,4.33,1,NO_ANNOT,,,Exact,0,Caesalpinia,Caesalpinia,62JKB,1,Catalogue of Life,
97,Calandrinia,Calandrinia,2679,2690,4.33,1,NO_ANNOT,,,Exact,0,Calandrinia Kunth,Calandrinia,62J7C,1,Catalogue of Life,
98,Calcarius,Calcarius,2695,2704,4.98,1,NO_ANNOT,,,Exact,0,"Calcarius Bechstein, 1802",Calcarius,3F36,1,Catalogue of Life,
99,Calligonum,Calligonum,2709,2719,5.13,1,NO_ANNOT,,,Exact,0,Calligonum L.,Calligonum,62KP8,1,Catalogue of Life,
100,Callipepla,Callipepla,2723,2733,4.75,1,NO_ANNOT,,,Exact,0,"Callipepla Wagler, 1832",Callipepla,3FHD,1,Catalogue of Life,
101,Callista,Callista,2748,2756,3.65,1,NO_ANNOT,,,Exact,0,"Callista Poli, 1791",Callista,7NRLC,1,Catalogue of Life,
102,Callistochiton,Callistochiton,2761,2775,4.02,1,NO_ANNOT,,,Exact,0,"Callistochiton Carpenter [in Dall] , 1879",Callistochiton,7NRLD,1,Catalogue of Life,
103,Callospermophilus,Callospermophilus,2806,2823,6.89,1,NO_ANNOT,,,Exact,0,"Callospermophilus Merriam, 1897",Callospermophilus,62KPF,1,Catalogue of Life,
104,Calochortus,Calochortus,2833,2844,5.74,1,NO_ANNOT,,,Exact,0,Calochortus,Calochortus,3FSL,1,Catalogue of Life,
105,Calophanes,Calophanes,2860,2870,3.56,1,NO_ANNOT,,,Exact,0,Calophanes D.Don,Calophanes,5T74L,1,Catalogue of Life,
106,Calypte,Calypte,2890,2897,3.57,1,NO_ANNOT,,,Exact,0,"Calypte Gould, 1856",Calypte,3G6C,1,Catalogue of Life,
107,Campylodiscus,Campylodiscus,2919,2932,6.78,1,NO_ANNOT,,,Exact,0,"Campylodiscus Ehrenberg ex Kützing, 1844",Campylodiscus,urn:lsid:irmng.org:taxname:1072047,181,IRMNG,
108,Cantua,Cantua,2965,2971,2.87,1,NO_ANNOT,,,Exact,0,Cantua Juss. ex Lam.,Cantua,3GX9,1,Catalogue of Life,
109,Capsa,Capsa,2975,2980,3.43,1,NO_ANNOT,,,Exact,0,"Capsa Bruguière, 1797",Capsa,1469040,2,Wikispecies,
110,Capreolus,Capreolus,2987,2996,5.92,1,NO_ANNOT,,,Exact,0,"Capreolus Gray, 1821",Capreolus,3H5R,1,Catalogue of Life,
111,Caprifolium,Caprifolium,3020,3031,5.57,1,NO_ANNOT,,,Exact,0,Caprifolium Mill.,Caprifolium,5T79H,1,Catalogue of Life,
112,Capsula,Capsula,3035,3042,4.59,1,NO_ANNOT,,,Exact,0,"Capsula Bussau, 1993",Capsula,87DV2,1,Catalogue of Life,
113,Caracolus,Caracolus,3046,3055,5.92,1,NO_ANNOT,,,Exact,0,"Caracolus Montfort, 1810",Caracolus,7NRVB,1,Catalogue of Life,
114,Cardiospermum,Cardiospermum,3075,3088,6.00,1,NO_ANNOT,,,Exact,0,Cardiospermum L.,Cardiospermum,3HFG,1,Catalogue of Life,
115,Caricea,Caricea,3110,3117,4.57,1,NO_ANNOT,,,Exact,0,Caricea,Caricea,3HJM,1,Catalogue of Life,
116,Caricella,Caricella,3122,3131,6.20,1,NO_ANNOT,,,Exact,0,"Caricella Conrad, 1835",Caricella,7NZVN,1,Catalogue of Life,
117,Casta,Casta,3220,3225,2.96,1,NO_ANNOT,,,Exact,0,"Casta Albers, 1850",Casta,urn:lsid:irmng.org:taxname:1403261,181,IRMNG,
118,Castilleja,Castilleja,3230,3240,4.93,1,NO_ANNOT,,,Exact,0,Castilleja L. fil.,Castilleja,3J6L,1,Catalogue of Life,
119,Cathartes,Cathartes,3249,3258,3.38,1,NO_ANNOT,,,Exact,0,"Cathartes Illiger, 1811",Cathartes,3JFX,1,Catalogue of Life,
120,Ceanothus,Ceanothus,3271,3280,4.82,1,NO_ANNOT,,,Exact,0,Ceanothus L.,Ceanothus,62KF2,1,Catalogue of Life,
121,Centrolabrus,Centrolabrus,3315,3327,5.96,1,NO_ANNOT,,,Exact,0,Centrolabrus,Centrolabrus,62K79,1,Catalogue of Life,
122,Centropyx,Centropyx,3350,3359,3.58,1,NO_ANNOT,,,Exact,0,"Centropyx Peters, 1869",Centropyx,8FWH9,1,Catalogue of Life,
123,Cepolis,Cepolis,3386,3393,3.87,1,NO_ANNOT,,,Exact,0,"Cepolis Montfort, 1810",Cepolis,7NZXH,1,Catalogue of Life,
124,Cepphus,Cepphus,3397,3404,4.40,1,NO_ANNOT,,,Exact,0,"Cepphus Pallas, 1769",Cepphus,3KKN,1,Catalogue of Life,
125,Cerastium,Cerastium,3409,3418,5.28,1,NO_ANNOT,,,Exact,0,Cerastium L.,Cerastium,3KNW,1,Catalogue of Life,
126,Cerataulus,Cerataulus,3436,3446,6.09,1,NO_ANNOT,,,Exact,0,Cerataulus Ehrenberg,Cerataulus,2709,3,ITIS,
127,Cercosaura,Cercosaura,3455,3465,5.65,1,NO_ANNOT,,,Exact,0,Cercosaura,Cercosaura,3L2M,1,Catalogue of Life,
128,Cereopsis,Cereopsis,3470,3479,4.94,1,NO_ANNOT,,,Exact,0,"Cereopsis Latham, 1802",Cereopsis,3L3S,1,Catalogue of Life,
129,Cerion,Cerion,3508,3514,2.23,1,NO_ANNOT,,,Exact,0,"Cerion Röding, 1798",Cerion,7NSCC,1,Catalogue of Life,
130,Certhia,Certhia,3526,3533,4.00,1,NO_ANNOT,,,Exact,0,"Certhia Linnaeus, 1758",Certhia,3L8X,1,Catalogue of Life,
131,Ceryle,Ceryle,3538,3544,3.97,1,NO_ANNOT,,,Exact,0,"Ceryle Boie, 1828",Ceryle,62JZB,1,Catalogue of Life,
132,Charterginus,Charterginus,3597,3609,6.29,1,NO_ANNOT,,,Exact,0,Charterginus,Charterginus,3MC3,1,Catalogue of Life,
133,Chartergus,Chartergus,3622,3632,5.75,1,NO_ANNOT,,,Exact,0,Chartergus,Chartergus,3MC4,1,Catalogue of Life,
134,Cheilanthes,Cheilanthes,3641,3652,4.78,1,NO_ANNOT,,,Exact,0,Cheilanthes Sw.,Cheilanthes,3MGN,1,Catalogue of Life,
135,Chelidon,Chelidon,3657,3665,4.01,1,NO_ANNOT,,,Exact,0,"Chelidon Forster, 1817",Chelidon,urn:lsid:irmng.org:taxname:1326795,181,IRMNG,
136,Chenopodium,Chenopodium,3697,3708,5.57,1,NO_ANNOT,,,Exact,0,Chenopodium L.,Chenopodium,3MS5,1,Catalogue of Life,
137,Chilonatalus,Chilonatalus,3713,3725,6.45,1,NO_ANNOT,,,Exact,0,"Chilonatalus Miller, 1898",Chilonatalus,3N45,1,Catalogue of Life,
138,Chilonycteris,Chilonycteris,3730,3743,5.67,1,NO_ANNOT,,,Exact,0,Chilonycteris,Chilonycteris,7Q7CS,1,Catalogue of Life,
139,Chione,Chione,3748,3754,2.85,1,NO_ANNOT,,,Exact,0,"Chione Megerle von Mühlfeld, 1811",Chione,7NSMV,1,Catalogue of Life,
140,Choeronycteris,Choeronycteris,3759,3773,5.90,1,NO_ANNOT,,,Exact,0,"Choeronycteris Tschudi, 1844",Choeronycteris,3NVC,1,Catalogue of Life,
141,Chondestes,Chondestes,3778,3788,3.55,1,NO_ANNOT,,,Exact,0,"Chondestes Swainson, 1827",Chondestes,3NX8,1,Catalogue of Life,
142,Chordeiles,Chordeiles,3793,3803,3.50,1,NO_ANNOT,,,Exact,0,"Chordeiles Swainson, 1832",Chordeiles,3P3H,1,Catalogue of Life,
143,Chromis,Chromis,3819,3826,5.03,1,NO_ANNOT,,,Exact,0,Chromis,Chromis,3PB2,1,Catalogue of Life,
144,Chrysocoma,Chrysocoma,3831,3841,5.28,1,NO_ANNOT,,,Exact,0,Chrysocoma L.,Chrysocoma,3PGQ,1,Catalogue of Life,
145,Chrysops,Chrysops,3845,3853,4.23,1,NO_ANNOT,,,Exact,0,Chrysops,Chrysops,3PLD,1,Catalogue of Life,
146,Cinulia,Cinulia,3858,3865,4.14,1,NO_ANNOT,,,Exact,0,"Cinulia Gray, 1840",Cinulia,urn:lsid:irmng.org:taxname:1383869,181,IRMNG,
147,Circinaria,Circinaria,3870,3880,5.02,1,NO_ANNOT,,,Exact,0,Circinaria,Circinaria,3Q3T,1,Catalogue of Life,
148,Cissus,Cissus,3899,3905,3.60,1,NO_ANNOT,,,Exact,0,Cissus L.,Cissus,62LDS,1,Catalogue of Life,
149,Clangula,Clangula,3913,3921,4.84,1,NO_ANNOT,,,Exact,0,"Clangula Leach, 1819",Clangula,3QG6,1,Catalogue of Life,
150,Clausilia,Clausilia,3941,3950,4.56,1,NO_ANNOT,,,Exact,0,"Clausilia Draparnaud, 1805",Clausilia,7NZRK,1,Catalogue of Life,
151,Clupanodon,Clupanodon,4053,4063,4.35,1,NO_ANNOT,,,Exact,0,Clupanodon,Clupanodon,3R8F,1,Catalogue of Life,
152,Cnemiornis,Cnemiornis,4082,4092,5.57,1,NO_ANNOT,,,Exact,0,"Cnemiornis Owen, 1865",Cnemiornis,urn:lsid:irmng.org:taxname:1057584,181,IRMNG,
153,Cochlodinella,Cochlodinella,4168,4181,6.82,1,NO_ANNOT,,,Exact,0,"Cochlodinella Pilsbry & Vanatta, 1898",Cochlodinella,7NT83,1,Catalogue of Life,
154,Coelocentrum,Coelocentrum,4208,4220,5.95,1,NO_ANNOT,,,Exact,0,"Coelocentrum Crosse & P. Fischer, 1872",Coelocentrum,7P248,1,Catalogue of Life,
155,Coelostemma,Coelostemma,4225,4236,5.70,1,NO_ANNOT,,,Exact,0,"Coelostemma Dall, 1895",Coelostemma,7NT8X,1,Catalogue of Life,
156,Colaptes,Colaptes,4241,4249,3.21,1,NO_ANNOT,,,Exact,0,"Colaptes Vigors, 1825",Colaptes,62MT5,1,Catalogue of Life,
157,Colletes,Colletes,4268,4276,3.21,1,NO_ANNOT,,,Exact,0,"Colletes Latreille, 1802",Colletes,3SBT,1,Catalogue of Life,
158,Collomia,Collomia,4295,4303,4.61,1,NO_ANNOT,,,Exact,0,Collomia Nutt.,Collomia,3SDH,1,Catalogue of Life,
159,Columbella,Columbella,4330,4340,6.37,1,NO_ANNOT,,,Exact,0,"Columbella Lamarck, 1799",Columbella,7NTCV,1,Catalogue of Life,
160,Colymbus,Colymbus,4366,4374,4.31,1,NO_ANNOT,,,Exact,0,Colymbus Podiceps Linnaeus 1758,Colymbus,89232060,132,ZooBank,
161,Commelina,Commelina,4375,4384,4.13,1,NO_ANNOT,,,Exact,0,Commelina,Commelina,3SSF,1,Catalogue of Life,
162,Compsomyia,Compsomyia,4455,4465,5.58,1,NO_ANNOT,,,Exact,0,Compsomyia,Compsomyia,89PXQ,1,Catalogue of Life,
163,Compsothlypis,Compsothlypis,4466,4479,6.31,1,NO_ANNOT,,,Exact,0,"Compsothlypis Cabanis, 1851",Compsothlypis,urn:lsid:irmng.org:taxname:1167999,181,IRMNG,
164,Conopholis,Conopholis,4494,4504,4.46,1,NO_ANNOT,,,Exact,0,Conopholis Wallr.,Conopholis,3TDR,1,Catalogue of Life,
165,Contopus,Contopus,4505,4513,5.73,1,NO_ANNOT,,,Exact,0,"Contopus Cabanis, 1855",Contopus,3TJF,1,Catalogue of Life,
166,Corbula,Corbula,4532,4539,4.59,1,NO_ANNOT,,,Exact,0,"Corbula Bruguière, 1797",Corbula,87F85,1,Catalogue of Life,
167,Cordulegaster,Cordulegaster,4544,4557,4.14,1,NO_ANNOT,,,Exact,0,Cordulegaster,Cordulegaster,62ML3,1,Catalogue of Life,
168,Corrigiola,Corrigiola,4597,4607,5.85,1,NO_ANNOT,,,Exact,0,Corrigiola L.,Corrigiola,62MH8,1,Catalogue of Life,
169,Coscinodiscus,Coscinodiscus,4629,4642,6.78,1,NO_ANNOT,,,Exact,0,Coscinodiscus Ehrenberg,Coscinodiscus,2546,3,ITIS,
170,Cosmina,Cosmina,4652,4659,3.72,1,NO_ANNOT,,,Exact,0,Cosmina,Cosmina,62NPP,1,Catalogue of Life,
171,Craspedodiscus,Craspedodiscus,4667,4681,7.01,1,NO_ANNOT,,,Exact,0,Craspedodiscus Ehrenberg,Craspedodiscus,590858,3,ITIS,
172,Crassatella,Crassatella,4682,4693,6.49,1,NO_ANNOT,,,Exact,0,"Crassatella Lamarck, 1799",Crassatella,7NTQH,1,Catalogue of Life,
173,Crepidula,Crepidula,4720,4729,5.01,1,NO_ANNOT,,,Exact,0,"Crepidula Lamarck, 1799",Crepidula,7NTS3,1,Catalogue of Life,
174,418419435Crex,Crex,4732,4745,4.07,1,NO_ANNOT,,,Exact,0,"Crex Bechstein, 1803",Crex,3VRZ,1,Catalogue of Life,
175,Cristaria,Cristaria,4746,4755,4.85,1,NO_ANNOT,,,Exact,0,Cristaria Cav.,Cristaria,4JB,1,Catalogue of Life,
176,Crocodilurus,Crocodilurus,4769,4781,5.96,1,NO_ANNOT,,,Exact,0,Crocodilurus,Crocodilurus,3W3C,1,Catalogue of Life,
177,Crocothemis,Crocothemis,4782,4793,5.74,1,NO_ANNOT,,,Exact,0,Crocothemis,Crocothemis,3W3P,1,Catalogue of Life,
178,Crotalaria,Crotalaria,4794,4804,5.02,1,NO_ANNOT,,,Exact,0,Crotalaria,Crotalaria,3W7T,1,Catalogue of Life,
179,Crymophilus,Crymophilus,4805,4816,6.21,1,NO_ANNOT,,,Exact,0,"Crymophilus Vieillot, 1816",Crymophilus,urn:lsid:irmng.org:taxname:1374659,181,IRMNG,
180,Cryptochiton,Cryptochiton,4817,4829,3.70,1,NO_ANNOT,,,Exact,0,"Cryptochiton Middendorff, 1847",Cryptochiton,7NTVX,1,Catalogue of Life,
181,Crusea,Crusea,4841,4847,4.05,1,NO_ANNOT,,,Exact,0,Crusea,Crusea,3WB4,1,Catalogue of Life,
182,Cultellus,Cultellus,4878,4887,5.92,1,NO_ANNOT,,,Exact,0,"Cultellus Schumacher, 1817",Cultellus,7NTZH,1,Catalogue of Life,
183,Cuphea,Cuphea,4891,4897,4.35,1,NO_ANNOT,,,Exact,0,Cuphea P. Browne,Cuphea,62Q24,1,Catalogue of Life,
184,Cyanocitta,Cyanocitta,4921,4931,5.03,1,NO_ANNOT,,,Exact,0,"Cyanocitta Strickland, 1845",Cyanocitta,3XNL,1,Catalogue of Life,
185,Cyanoplax,Cyanoplax,4935,4944,4.18,1,NO_ANNOT,,,Exact,0,"Cyanoplax Pilsbry, 1892",Cyanoplax,7NV2T,1,Catalogue of Life,
186,Cyclorrhynchus,Cyclorrhynchus,4953,4967,5.66,1,NO_ANNOT,,,Exact,0,"Cyclorrhynchus Kaup, 1829",Cyclorrhynchus,3Y3P,1,Catalogue of Life,
187,Cylindrella,Cylindrella,4968,4979,6.49,1,NO_ANNOT,,,Exact,0,"Cylindrella L. Pfeiffer, 1840",Cylindrella,7P2NV,1,Catalogue of Life,
188,Cymbiola,Cymbiola,5198,5206,5.51,1,NO_ANNOT,,,Exact,0,"Cymbiola Swainson, 1831",Cymbiola,7P2PJ,1,Catalogue of Life,
189,Cymopterus,Cymopterus,5211,5221,5.60,1,NO_ANNOT,,,Exact,0,Cymopterus Raf.,Cymopterus,3YHZ,1,Catalogue of Life,
190,Cynopterus,Cynopterus,5234,5244,5.60,1,NO_ANNOT,,,Exact,0,"Cynopterus F. Cuvier, 1824",Cynopterus,3YL6,1,Catalogue of Life,
191,Cyperus,Cyperus,5271,5278,5.01,1,NO_ANNOT,,,Exact,0,Cyperus,Cyperus,3YM7,1,Catalogue of Life,
192,Cyrena,Cyrena,5303,5309,4.76,1,NO_ANNOT,,,Exact,0,"Cyrena Lamarck, 1818",Cyrena,urn:lsid:irmng.org:taxname:1326429,181,IRMNG,
193,Dasyatis,Dasyatis,5371,5379,5.64,1,NO_ANNOT,,,Exact,0,Dasyatis,Dasyatis,3ZY5,1,Catalogue of Life,
194,Dasyphora,Dasyphora,5384,5393,6.06,1,NO_ANNOT,,,Exact,0,Dasyphora,Dasyphora,423W,1,Catalogue of Life,
195,Dendragapus,Dendragapus,5421,5432,6.19,1,NO_ANNOT,,,Exact,0,"Dendragapus Elliot, 1864",Dendragapus,42WZ,1,Catalogue of Life,
196,Dendroica,Dendroica,5462,5471,3.49,1,NO_ANNOT,,,Exact,0,"Dendroica G. R. Gray, 1842",Dendroica,4324,1,Catalogue of Life,
197,Dendropanax,Dendropanax,5479,5490,5.18,1,NO_ANNOT,,,Exact,0,Dendropanax,Dendropanax,433L,1,Catalogue of Life,
198,Dentaria,Dentaria,5509,5517,4.68,1,NO_ANNOT,,,Exact,0,Dentaria L.,Dentaria,12503-1,167,IPNI,
199,Diastodon,Diastodon,5525,5534,4.18,1,NO_ANNOT,,,Exact,0,"Diastodon Bowdich, 1825",Diastodon,613069,3,ITIS,
200,Diatoma,Diatoma,5539,5546,4.69,1,NO_ANNOT,,,Exact,0,Diatoma Lour.,Diatoma,5T8S2,1,Catalogue of Life,
201,Diomedea,Diomedea,5567,5575,5.32,1,NO_ANNOT,,,Exact,0,"Diomedea Linnaeus, 1758",Diomedea,45WV,1,Catalogue of Life,
202,Diopsis,Diopsis,5610,5617,4.52,1,NO_ANNOT,,,Exact,0,"Diopsis Diesing, 1862",Diopsis,87FLT,1,Catalogue of Life,
203,Diotis,Diotis,5654,5660,5.10,1,NO_ANNOT,,,Exact,0,Diotis Schreb.,Diotis,5T8WM,1,Catalogue of Life,
204,Diplacodes,Diplacodes,5664,5674,5.09,1,NO_ANNOT,,,Exact,0,Diplacodes,Diplacodes,464Y,1,Catalogue of Life,
205,Diplodonta,Diplodonta,5679,5689,3.79,1,NO_ANNOT,,,Exact,0,"Diplodonta Bronn, 1831",Diplodonta,7NWZN,1,Catalogue of Life,
206,Diplodus,Diplodus,5693,5701,4.79,1,NO_ANNOT,,,Exact,0,Diplodus,Diplodus,4697,1,Catalogue of Life,
207,Diploglossus,Diploglossus,5706,5718,4.84,1,NO_ANNOT,,,Exact,0,"Diploglossus Duméril & Bibron, 1839",Diploglossus,87FM6,1,Catalogue of Life,
208,Divaricella,Divaricella,5748,5759,6.49,1,NO_ANNOT,,,Exact,0,"Divaricella Martens, 1880",Divaricella,7NX8Z,1,Catalogue of Life,
209,Dodecatheon,Dodecatheon,5764,5775,4.27,1,NO_ANNOT,,,Exact,0,Dodecatheon L.,Dodecatheon,47BQ,1,Catalogue of Life,
210,Dolichonyx,Dolichonyx,5801,5811,4.63,1,NO_ANNOT,,,Exact,0,"Dolichonyx Swainson, 1827",Dolichonyx,47HR,1,Catalogue of Life,
211,Donia,Donia,5815,5820,3.18,1,NO_ANNOT,,,Exact,0,Donia R.Br.,Donia,5T94R,1,Catalogue of Life,
212,Dosinia,Dosinia,5827,5834,3.62,1,NO_ANNOT,,,Exact,0,"Dosinia Scopoli, 1777",Dosinia,7NXGY,1,Catalogue of Life,
213,Drymaria,Drymaria,5843,5851,4.68,1,NO_ANNOT,,,Exact,0,Drymaria Willd. ex Schult.,Drymaria,48G7,1,Catalogue of Life,
214,Dryobates,Dryobates,5856,5865,3.38,1,NO_ANNOT,,,Exact,0,"Dryobates F. Boie, 1826",Dryobates,7NXMX,1,Catalogue of Life,
215,Duranta,Duranta,5873,5880,3.21,1,NO_ANNOT,,,Exact,0,Duranta,Duranta,48TL,1,Catalogue of Life,
216,Ectopistes,Ectopistes,5885,5895,3.55,1,NO_ANNOT,,,Exact,0,"Ectopistes Swainson, 1827",Ectopistes,49YT,1,Catalogue of Life,
217,Egregia,Egregia,5899,5906,3.89,1,NO_ANNOT,,,Exact,0,"Egregia J.E. Areschoug, 1876",Egregia,7NY77,1,Catalogue of Life,
218,Eichornia,Eichornia,5922,5931,4.04,1,NO_ANNOT,,,Exact,0,Eichornia A.Rich.,Eichornia,32624-1,167,IPNI,
219,Elachiptera,Elachiptera,5936,5947,5.44,1,NO_ANNOT,,,Exact,0,Elachiptera,Elachiptera,632QV,1,Catalogue of Life,
220,Elaphroptera,Elaphroptera,6089,6101,5.67,1,NO_ANNOT,,,Exact,0,"Elaphroptera Guérin-Méneville, 1838",Elaphroptera,urn:lsid:irmng.org:taxname:1255851,181,IRMNG,
221,Emballonura,Emballonura,6102,6113,5.77,1,NO_ANNOT,,,Exact,0,"Emballonura Temminck, 1838",Emballonura,4B5X,1,Catalogue of Life,
222,Empidonax,Empidonax,6114,6123,4.89,1,NO_ANNOT,,,Exact,0,"Empidonax Cabanis, 1855",Empidonax,4BC4,1,Catalogue of Life,
223,Enyalius,Enyalius,6137,6145,4.81,1,NO_ANNOT,,,Exact,0,Enyalius,Enyalius,4C9K,1,Catalogue of Life,
224,Eopsephaea,Eopsephaea,6146,6156,5.86,1,NO_ANNOT,,,Exact,0,"Eopsephaea P. Fischer, 1883",Eopsephaea,7P3HL,1,Catalogue of Life,
225,Epidendrum,Epidendrum,6182,6192,5.59,1,NO_ANNOT,,,Exact,0,Epidendrum,Epidendrum,4D2Z,1,Catalogue of Life,
226,Epinephelus,Epinephelus,6205,6216,6.21,1,NO_ANNOT,,,Exact,0,Epinephelus,Epinephelus,4D84,1,Catalogue of Life,
227,Epirobia,Epirobia,6237,6245,3.70,1,NO_ANNOT,,,Exact,0,"Epirobia Strebel & Pfeffer, 1880",Epirobia,7P3K7,1,Catalogue of Life,
228,Eriocaulon,Eriocaulon,6299,6309,4.43,1,NO_ANNOT,,,Exact,0,Eriocaulon,Eriocaulon,633MG,1,Catalogue of Life,
229,Erodium,Erodium,6337,6344,4.86,1,NO_ANNOT,,,Exact,0,Erodium L'Hér.,Erodium,62RQR,1,Catalogue of Life,
230,Eryngium,Eryngium,6345,6353,5.11,1,NO_ANNOT,,,Exact,0,Eryngium L.,Eryngium,62RRS,1,Catalogue of Life,
231,Erysimum,Erysimum,6367,6375,5.21,1,NO_ANNOT,,,Exact,0,Erysimum,Erysimum,63445,1,Catalogue of Life,
232,Esochara,Esochara,6401,6409,3.65,1,NO_ANNOT,,,Exact,0,"Esochara Pilsbry & Vanatta, 1898",Esochara,7P3LP,1,Catalogue of Life,
233,Esox,Esox,6421,6425,2.08,1,NO_ANNOT,,,Exact,0,Esox,Esox,62RD5,1,Catalogue of Life,
234,Ethalia,Ethalia,6430,6437,4.14,1,NO_ANNOT,,,Exact,0,"Ethalia H. Adams & A. Adams, 1854",Ethalia,7P3M5,1,Catalogue of Life,
235,Eucalodium,Eucalodium,6442,6452,5.45,1,NO_ANNOT,,,Exact,0,"Eucalodium Crosse & P. Fischer, 1868",Eucalodium,7P3MZ,1,Catalogue of Life,
236,Eulima,Eulima,6486,6492,3.57,1,NO_ANNOT,,,Exact,0,"Eulima Risso, 1826",Eulima,87FYK,1,Catalogue of Life,
237,Eulota,Eulota,6497,6503,2.96,1,NO_ANNOT,,,Exact,0,Eulota,Eulota,7P3PJ,1,Catalogue of Life,
238,Eunotia,Eunotia,6520,6527,4.87,1,NO_ANNOT,,,Exact,0,"Eunotia C.G. Ehrenberg, 1837",Eunotia,urn:lsid:marinespecies.org:taxname:149402,9,WoRMS,
239,Eupagurus,Eupagurus,6540,6549,5.43,1,NO_ANNOT,,,Exact,0,"Eupagurus Thompsoni Filhol, 1885",Eupagurus,urn:lsid:marinespecies.org:taxname:412204,9,WoRMS,
240,Euplectella,Euplectella,6634,6645,6.49,1,NO_ANNOT,,,Exact,0,"Euplectella Owen, 1841",Euplectella,84NL9,1,Catalogue of Life,
241,Eupleura,Eupleura,6650,6658,5.31,1,NO_ANNOT,,,Exact,0,"Eupleura H. Adams & A. Adams, 1853",Eupleura,7NZML,1,Catalogue of Life,
242,Eupodiscus,Eupodiscus,6663,6673,6.34,1,NO_ANNOT,,,Exact,0,Eupodiscus Bailey,Eupodiscus,2650,3,ITIS,
243,Eurycarenus,Eurycarenus,6678,6689,6.05,1,NO_ANNOT,,,Exact,0,Eurycarenus,Eurycarenus,4GPX,1,Catalogue of Life,
244,Eutamias,Eutamias,6694,6702,5.33,1,NO_ANNOT,,,Exact,0,"Eutamias Trouessart, 1880",Eutamias,4H9S,1,Catalogue of Life,
245,Evotomys,Evotomys,6800,6808,5.07,1,NO_ANNOT,,,Exact,0,"Evotomys Coues, 1874",Evotomys,62SY6,1,Catalogue of Life,
246,Exogyra,Exogyra,6809,6816,4.52,1,NO_ANNOT,,,Exact,0,"Exogyra Say, 1820",Exogyra,8FYRG,1,Catalogue of Life,
247,Exoprosopa,Exoprosopa,6817,6827,4.93,1,NO_ANNOT,,,Exact,0,Exoprosopa,Exoprosopa,4HZ8,1,Catalogue of Life,
248,Falco,Falco,6841,6846,3.43,1,NO_ANNOT,,,Exact,0,"Falco Linnaeus, 1758",Falco,62SZ6,1,Catalogue of Life,
249,Farrea,Farrea,6851,6857,3.76,1,NO_ANNOT,,,Exact,0,"Farrea Bowerbank, 1862",Farrea,84NNX,1,Catalogue of Life,
250,Festuca,Festuca,6862,6869,4.84,1,NO_ANNOT,,,Exact,0,Festuca,Festuca,4JWK,1,Catalogue of Life,
251,Flammulina,Flammulina,6900,6910,4.30,1,NO_ANNOT,,,Exact,0,"Flammulina E. von Martens, 1873",Flammulina,7P3ZD,1,Catalogue of Life,
252,Fragaria,Fragaria,6915,6923,4.68,1,NO_ANNOT,,,Exact,0,Fragaria L.,Fragaria,4KYG,1,Catalogue of Life,
253,Fragilaria,Fragilaria,6924,6934,5.02,1,NO_ANNOT,,,Exact,0,Fragilaria Lyngbye,Fragilaria,2932,3,ITIS,
254,Frasera,Frasera,6935,6942,4.73,1,NO_ANNOT,,,Exact,0,Frasera Walter,Frasera,4L26,1,Catalogue of Life,
255,Fratercula,Fratercula,6945,6955,5.17,1,NO_ANNOT,,,Exact,0,"Fratercula Brisson, 1760",Fratercula,62T2G,1,Catalogue of Life,
256,Fritillaria,Fritillaria,6956,6967,5.14,1,NO_ANNOT,,,Exact,0,"Fritillaria Fol, 1872",Fritillaria,7NF2D,1,Catalogue of Life,
257,Fulgur,Fulgur,6978,6984,2.87,1,NO_ANNOT,,,Exact,0,"Fulgur Montfort, 1810",Fulgur,urn:lsid:irmng.org:taxname:1247350,181,IRMNG,
258,Fulica,Fulica,6991,6997,2.78,1,NO_ANNOT,,,Exact,0,"Fulica Linnaeus, 1758",Fulica,4LC2,1,Catalogue of Life,
259,Fulmarus,Fulmarus,7000,7008,5.26,1,NO_ANNOT,,,Exact,0,"Fulmarus Stephens, 1826",Fulmarus,4LCC,1,Catalogue of Life,
260,Galeoscoptes,Galeoscoptes,7041,7053,3.91,1,NO_ANNOT,,,Exact,0,"Galeoscoptes Cabanis, 1851",Galeoscoptes,urn:lsid:irmng.org:taxname:1237254,181,IRMNG,
261,Gallinula,Gallinula,7054,7063,5.01,1,NO_ANNOT,,,Exact,0,"Gallinula Brisson, 1760",Gallinula,4LXW,1,Catalogue of Life,
262,Garrya,Garrya,7064,7070,3.97,1,NO_ANNOT,,,Exact,0,Garrya,Garrya,4M9X,1,Catalogue of Life,
263,Gazella,Gazella,7084,7091,5.79,1,NO_ANNOT,,,Exact,0,"Gazella Blainville, 1816",Gazella,4MJB,1,Catalogue of Life,
264,Geococcyx,Geococcyx,7138,7147,3.98,1,NO_ANNOT,,,Exact,0,"Geococcyx Wagler, 1831",Geococcyx,4MW9,1,Catalogue of Life,
265,Geomalacus,Geomalacus,7148,7158,6.34,1,NO_ANNOT,,,Exact,0,"Geomalacus Allman, 1843",Geomalacus,7P48R,1,Catalogue of Life,
266,Geoscala,Geoscala,7159,7167,5.13,1,NO_ANNOT,,,Exact,0,"Geoscala Pilsbry & Vanatta, 1898",Geoscala,7P492,1,Catalogue of Life,
267,Gerardia,Gerardia,7200,7208,3.92,1,NO_ANNOT,,,Exact,0,Gerardia St.-Lag.,Gerardia,7MZ2Y,1,Catalogue of Life,
268,Gerrhonotus,Gerrhonotus,7209,7220,5.74,1,NO_ANNOT,,,Exact,0,"Gerrhonotus Peters, 1876: 297 (Fide Smith & Taylor, 1950)",Gerrhonotus,87G5X,1,Catalogue of Life,
269,Gilia,Gilia,7228,7233,3.70,1,NO_ANNOT,,,Exact,0,"Gilia Pugh & Pages, 1995",Gilia,7NF2J,1,Catalogue of Life,
270,Glabaris,Glabaris,7234,7242,4.89,1,NO_ANNOT,,,Exact,0,"Glabaris Gray, 1847",Glabaris,urn:lsid:irmng.org:taxname:1386076,181,IRMNG,
271,Glossina,Glossina,7253,7261,3.96,1,NO_ANNOT,,,Exact,0,Glossina,Glossina,4P8M,1,Catalogue of Life,
272,Glyptostoma,Glyptostoma,7289,7300,5.40,1,NO_ANNOT,,,Exact,0,"Glyptostoma Bland & W.G. Binney, 1873",Glyptostoma,7P3XS,1,Catalogue of Life,
273,Gnaphalium,Gnaphalium,7303,7313,5.45,1,NO_ANNOT,,,Exact,0,Gnaphalium L.,Gnaphalium,4PJ3,1,Catalogue of Life,
274,Gobius,Gobius,7629,7635,4.27,1,NO_ANNOT,,,Exact,0,Gobius,Gobius,4PQL,1,Catalogue of Life,
275,Gongylostoma,Gongylostoma,7669,7681,5.63,1,NO_ANNOT,,,Exact,0,"Gongylostoma Albers, 1850",Gongylostoma,87G8M,1,Catalogue of Life,
276,Goniothecium,Goniothecium,7712,7724,5.81,1,NO_ANNOT,,,Exact,0,"Goniothecium C.G. Ehrenberg, 1843",Goniothecium,urn:lsid:marinespecies.org:taxname:601660,9,WoRMS,
277,Gratiola,Gratiola,7788,7796,5.51,1,NO_ANNOT,,,Exact,0,Gratiola L.,Gratiola,4QXP,1,Catalogue of Life,
278,Guiraca,Guiraca,7822,7829,3.87,1,NO_ANNOT,,,Exact,0,"Guiraca Swainson, 1827",Guiraca,4RHV,1,Catalogue of Life,
279,Gutierrezia,Gutierrezia,7830,7841,5.45,1,NO_ANNOT,,,Exact,0,Gutierrezia Lag.,Gutierrezia,4RMM,1,Catalogue of Life,
280,Habenaria,Habenaria,7842,7851,4.85,1,NO_ANNOT,,,Exact,0,Habenaria,Habenaria,4S7T,1,Catalogue of Life,
281,Habia,Habia,7856,7861,3.01,1,NO_ANNOT,,,Exact,0,"Habia Blyth, 1840",Habia,4S85,1,Catalogue of Life,
282,Habropoda,Habropoda,7868,7877,5.19,1,NO_ANNOT,,,Exact,0,"Habropoda Smith, 1854",Habropoda,4S9X,1,Catalogue of Life,
283,Halenia,Halenia,7892,7899,3.62,1,NO_ANNOT,,,Exact,0,"Halenia Conil, 1980",Halenia,7NF2M,1,Catalogue of Life,
284,Halia,Halia,7904,7909,3.70,1,NO_ANNOT,,,Exact,0,Halia St.-Lag.,Halia,7MZWX,1,Catalogue of Life,
285,Halictus,Halictus,7931,7939,5.28,1,NO_ANNOT,,,Exact,0,"Halictus Latreille, 1804",Halictus,4SQY,1,Catalogue of Life,
286,Helicarion,Helicarion,7970,7980,3.11,1,NO_ANNOT,,,Exact,0,"Helicarion Férussac, 1821",Helicarion,7P4WW,1,Catalogue of Life,
287,Helminthoglypta,Helminthoglypta,8026,8041,5.57,1,NO_ANNOT,,,Exact,0,"Helminthoglypta Ancey, 1887",Helminthoglypta,7P4YP,1,Catalogue of Life,
288,Helonias,Helonias,8058,8066,5.33,1,NO_ANNOT,,,Exact,0,Helonias,Helonias,62VG2,1,Catalogue of Life,
289,Hemicnemis,Hemicnemis,8071,8081,5.61,1,NO_ANNOT,,,Exact,0,"Hemicnemis Müller & Troschel, 1840",Hemicnemis,urn:lsid:irmng.org:taxname:1336693,181,IRMNG,
290,Hemidactylus,Hemidactylus,8084,8096,6.45,1,NO_ANNOT,,,Exact,0,"Hemidactylus Duméril, 1851",Hemidactylus,87GDF,1,Catalogue of Life,
291,Hemphillia,Hemphillia,8097,8107,4.73,1,NO_ANNOT,,,Exact,0,"Hemphillia Bland & W. G. Binney, 1872",Hemphillia,7P52T,1,Catalogue of Life,
292,Hesperarion,Hesperarion,8138,8149,3.23,1,NO_ANNOT,,,Exact,0,"Hesperarion Simroth, 1891",Hesperarion,7P54B,1,Catalogue of Life,
293,Hesperornis,Hesperornis,8192,8203,5.69,1,NO_ANNOT,,,Exact,0,"Hesperornis Marsh, 1872",Hesperornis,urn:lsid:irmng.org:taxname:1331731,181,IRMNG,
294,Heterodactylus,Heterodactylus,8227,8241,6.76,1,NO_ANNOT,,,Exact,0,Heterodactylus,Heterodactylus,62V4J,1,Catalogue of Life,
295,Heteroglypta,Heteroglypta,8267,8279,5.29,1,NO_ANNOT,,,Exact,0,"Heteroglypta Martens, 1880",Heteroglypta,7P55B,1,Catalogue of Life,
296,Heterospermum,Heterospermum,8285,8298,6.00,1,NO_ANNOT,,,Exact,0,Heterospermum Willd.,Heterospermum,145306959,165,Tropicos,
297,Heterotheca,Heterotheca,8497,8508,5.23,1,NO_ANNOT,,,Exact,0,"Heterotheca Grell, 1988",Heterotheca,87BR8,1,Catalogue of Life,
298,Hippobosca,Hippobosca,8513,8523,4.85,1,NO_ANNOT,,,Exact,0,Hippobosca,Hippobosca,6376V,1,Catalogue of Life,
299,Hipposideros,Hipposideros,8564,8576,5.62,1,NO_ANNOT,,,Exact,0,"Hipposideros Gray, 1831",Hipposideros,4XGJ,1,Catalogue of Life,
300,Holospira,Holospira,8581,8590,4.78,1,NO_ANNOT,,,Exact,0,"Holospira E. von Martens, 1860",Holospira,7P5DZ,1,Catalogue of Life,
301,Hoplistomera,Hoplistomera,8612,8624,5.67,1,NO_ANNOT,,,Exact,0,"Hoplistomera Macquart, 1839",Hoplistomera,urn:lsid:irmng.org:taxname:1209013,181,IRMNG,
302,Hoplocercus,Hoplocercus,8629,8640,6.46,1,NO_ANNOT,,,Exact,0,Hoplocercus,Hoplocercus,4YLN,1,Catalogue of Life,
303,Hordeum,Hordeum,8645,8652,3.48,1,NO_ANNOT,,,Exact,0,Hordeum,Hordeum,4YRT,1,Catalogue of Life,
304,Hyalodendron,Hyalodendron,8679,8691,5.00,1,NO_ANNOT,,,Exact,0,Hyalodendron,Hyalodendron,636LM,1,Catalogue of Life,
305,Hyalodiscus,Hyalodiscus,8704,8715,6.46,1,NO_ANNOT,,,Exact,0,"Hyalodiscus Hertwig & Lesser, 1874",Hyalodiscus,827485,2,Wikispecies,
306,Hyalonema,Hyalonema,8720,8729,5.75,1,NO_ANNOT,,,Exact,0,"Hyalonema Gray, 1832",Hyalonema,84P72,1,Catalogue of Life,
307,Hydraspis,Hydraspis,8734,8743,5.69,1,NO_ANNOT,,,Exact,0,"Hydraspis Bell, 1828",Hydraspis,urn:lsid:irmng.org:taxname:1263816,181,IRMNG,
308,Hydrophyllum,Hydrophyllum,8774,8786,6.39,1,NO_ANNOT,,,Exact,0,Hydrophyllum L.,Hydrophyllum,636MZ,1,Catalogue of Life,
309,Hypodis,Hypodis,8823,8830,3.57,1,NO_ANNOT,,,Exact,0,"Hypodis Rafinesque, 1810",Hypodis,urn:lsid:irmng.org:taxname:1422066,181,IRMNG,
310,Idia,Idia,8856,8860,2.58,1,NO_ANNOT,,,Exact,0,Idia,Idia,87GJM,1,Catalogue of Life,
311,Inliaculus,Inliaculus,8963,8973,6.09,1,NO_ANNOT,,,Exact,0,"Inliaculus Schaufuss, 1869",Inliaculus,urn:lsid:irmng.org:taxname:1233426,181,IRMNG,
312,Ionornis,Ionornis,8978,8986,5.23,1,NO_ANNOT,,,Exact,0,"Ionornis Reichenbach, 1852",Ionornis,urn:lsid:marinespecies.org:taxname:1476328,9,WoRMS,
313,Isarcha,Isarcha,9042,9049,4.29,1,NO_ANNOT,,,Exact,0,"Isarcha Gistl, 1848",Isarcha,urn:lsid:irmng.org:taxname:1252343,181,IRMNG,
314,Ischnochiton,Ischnochiton,9053,9065,3.70,1,NO_ANNOT,,,Exact,0,"Ischnochiton Gray, 1847",Ischnochiton,7P5XK,1,Catalogue of Life,
315,Ischnura,Ischnura,9106,9114,5.31,1,NO_ANNOT,,,Exact,0,Ischnura,Ischnura,638C6,1,Catalogue of Life,
316,Katharina,Katharina,9170,9179,4.13,1,NO_ANNOT,,,Exact,0,"Katharina Gray, 1847",Katharina,7P6FD,1,Catalogue of Life,
317,Kerivoula,Kerivoula,9186,9195,5.01,1,NO_ANNOT,,,Exact,0,"Kerivoula Gray, 1842",Kerivoula,62W8L,1,Catalogue of Life,
318,Koeleria,Koeleria,9208,9216,4.68,1,NO_ANNOT,,,Exact,0,Koeleria,Koeleria,58NL,1,Catalogue of Life,
319,Labiata,Labiata,9262,9269,4.32,1,NO_ANNOT,,,Exact,0,"Labiata Fenaux, 1993",Labiata,844FL,1,Catalogue of Life,
320,Labrisomus,Labrisomus,9301,9311,5.49,1,NO_ANNOT,,,Exact,0,Labrisomus,Labrisomus,59PL,1,Catalogue of Life,
321,Lagopus,Lagopus,9316,9323,5.48,1,NO_ANNOT,,,Exact,0,"Lagopus Brisson, 1760",Lagopus,63836,1,Catalogue of Life,
322,Lamourouxia,Lamourouxia,9361,9372,5.35,1,NO_ANNOT,,,Exact,0,Lamourouxia Kunth,Lamourouxia,62W3Y,1,Catalogue of Life,
323,Laphria,Laphria,9392,9399,4.43,1,NO_ANNOT,,,Exact,0,Laphria,Laphria,87GQX,1,Catalogue of Life,
324,Larus,Larus,9408,9413,4.57,1,NO_ANNOT,,,Exact,0,"Larus Linnaeus, 1758",Larus,62XFH,1,Catalogue of Life,
325,Laxenecera,Laxenecera,9418,9428,5.31,1,NO_ANNOT,,,Exact,0,Laxenecera,Laxenecera,5BK3,1,Catalogue of Life,
326,Legumen,Legumen,9440,9447,3.09,1,NO_ANNOT,,,Exact,0,"Legumen Conrad, 1858",Legumen,urn:lsid:irmng.org:taxname:1068628,181,IRMNG,
327,Leguminaria,Leguminaria,9450,9461,5.14,1,NO_ANNOT,,,Exact,0,Leguminaria Bureau,Leguminaria,145210634,165,Tropicos,
328,Leia,Leia,9494,9498,3.56,1,NO_ANNOT,,,Exact,0,Leia,Leia,62X7X,1,Catalogue of Life,
329,Leipomeles,Leipomeles,9504,9514,3.50,1,NO_ANNOT,,,Exact,0,Leipomeles,Leipomeles,5BZQ,1,Catalogue of Life,
330,Lepidopleurus,Lepidopleurus,9531,9544,6.05,1,NO_ANNOT,,,Exact,0,"Lepidopleurus Risso, 1826",Lepidopleurus,7P775,1,Catalogue of Life,
331,Lepidopus,Lepidopus,9559,9568,5.90,1,NO_ANNOT,,,Exact,0,Lepidopus,Lepidopus,84PM2,1,Catalogue of Life,
332,Leptarionta,Leptarionta,9573,9584,3.92,1,NO_ANNOT,,,Exact,0,"Leptarionta Crosse & P. Fischer, 1872",Leptarionta,7P77R,1,Catalogue of Life,
333,Leptocephalus,Leptocephalus,9601,9614,6.54,1,NO_ANNOT,,,Exact,0,Leptocephalus,Leptocephalus,87GV2,1,Catalogue of Life,
334,Leptocnemis,Leptocnemis,9615,9626,5.74,1,NO_ANNOT,,,Exact,0,"Leptocnemis Dombrow, 2001",Leptocnemis,5CXM,1,Catalogue of Life,
335,Leptosolen,Leptosolen,9627,9637,3.00,1,NO_ANNOT,,,Exact,0,"Leptosolen Conrad, 1865",Leptosolen,urn:lsid:irmng.org:taxname:1346275,181,IRMNG,
336,Lestes,Lestes,9648,9654,2.67,1,NO_ANNOT,,,Exact,0,Lestes,Lestes,62WZW,1,Catalogue of Life,
337,Liatris,Liatris,9693,9700,4.64,1,NO_ANNOT,,,Exact,0,Liatris Gaertn. ex Schreb.,Liatris,62X3K,1,Catalogue of Life,
338,Lichonycteris,Lichonycteris,9734,9747,5.67,1,NO_ANNOT,,,Exact,0,"Lichonycteris Thomas, 1895",Lichonycteris,63952,1,Catalogue of Life,
339,Lilium,Lilium,9764,9770,4.57,1,NO_ANNOT,,,Exact,0,Lilium,Lilium,6395W,1,Catalogue of Life,
340,Liomesus,Liomesus,9809,9817,4.14,1,NO_ANNOT,,,Exact,0,"Liomesus Stimpson, 1865",Liomesus,7P7M6,1,Catalogue of Life,
341,Lithospermum,Lithospermum,9834,9846,5.91,1,NO_ANNOT,,,Exact,0,Lithospermum L.,Lithospermum,5FPB,1,Catalogue of Life,
342,Littorina,Littorina,9847,9856,4.13,1,NO_ANNOT,,,Exact,0,"Littorina Férussac, 1822",Littorina,7P7RD,1,Catalogue of Life,
343,Logan iaceae,Logan iaceae,9894,9906,,2,NO_ANNOT,,,NoMatch,,,,,,,,
344,Lomaria,Lomaria,9914,9921,4.43,1,NO_ANNOT,,,Exact,0,Lomaria Willd.,Lomaria,5G9K,1,Catalogue of Life,
345,Lonicera,Lonicera,9922,9930,4.98,1,NO_ANNOT,,,Exact,0,Lonicera L.,Lonicera,5GFJ,1,Catalogue of Life,
346,Lucilia,Lucilia,10198,10205,4.14,1,NO_ANNOT,,,Exact,0,Lucilia Cass.,Lucilia,5H5P,1,Catalogue of Life,
347,Lunda,Lunda,10221,10226,3.67,1,NO_ANNOT,,,Exact,0,"Lunda Pallas, 1811",Lunda,62Y39,1,Catalogue of Life,
348,Lunatia,Lunatia,10229,10236,4.87,1,NO_ANNOT,,,Exact,0,Lunatia,Lunatia,7P7Z6,1,Catalogue of Life,
349,Lycodontis,Lycodontis,10260,10270,5.98,1,NO_ANNOT,,,Exact,0,"Lycodontis McClelland, 1844",Lycodontis,urn:lsid:irmng.org:taxname:1014939,181,IRMNG,
350,Lysinoe,Lysinoe,10278,10285,3.87,1,NO_ANNOT,,,Exact,0,"Lysinoe H. Adams & A. Adams, 1855",Lysinoe,7P84R,1,Catalogue of Life,
351,Mabuia,Mabuia,10308,10314,3.97,1,NO_ANNOT,,,Exact,0,"Mabuia Mocquard, 1905: 286 (Fide Brygoo 1985: 92)",Mabuia,8FZ46,1,Catalogue of Life,
352,Maceo,Maceo,10318,10323,2.73,1,NO_ANNOT,,,Exact,0,"Maceo Pilsbry & Vanatta, 1898",Maceo,85FZJ,1,Catalogue of Life,
353,Macha,Macha,10326,10331,3.85,1,NO_ANNOT,,,Exact,0,"Macha Oken, 1835",Macha,urn:lsid:irmng.org:taxname:1429776,181,IRMNG,
354,Macoma,Macoma,10354,10360,4.40,1,NO_ANNOT,,,Exact,0,"Macoma Leach, 1819",Macoma,7P85J,1,Catalogue of Life,
355,Macroceramus,Macroceramus,10361,10373,5.85,1,NO_ANNOT,,,Exact,0,"Macroceramus Guilding, 1828",Macroceramus,7P865,1,Catalogue of Life,
356,Macrodontes,Macrodontes,10382,10393,3.67,1,NO_ANNOT,,,Exact,0,"Macrodontes Swainson, 1840",Macrodontes,urn:lsid:irmng.org:taxname:1397954,181,IRMNG,
357,Macrorhamphosus,Macrorhamphosus,10425,10440,5.11,1,NO_ANNOT,,,Exact,0,"Macrorhamphosus Agassiz, 1845",Macrorhamphosus,urn:lsid:irmng.org:taxname:1058585,181,IRMNG,
358,Mactra,Mactra,10445,10451,4.19,1,NO_ANNOT,,,Exact,0,"Mactra Linnaeus, 1767",Mactra,7P87V,1,Catalogue of Life,
359,Malvaceae,Malvaceae,10452,10461,3.71,1,NO_ANNOT,,,Exact,0,Malvaceae Juss.,Malvaceae,CDB,1,Catalogue of Life,
360,Malvastrum,Malvastrum,10487,10497,5.59,1,NO_ANNOT,,,Exact,0,Malvastrum A. Gray,Malvastrum,5KQG,1,Catalogue of Life,
361,Malvaviscus,Malvaviscus,10498,10509,6.46,1,NO_ANNOT,,,Exact,0,Malvaviscus Fabr.,Malvaviscus,5KQH,1,Catalogue of Life,
362,Mammillaria,Mammillaria,10510,10521,5.14,1,NO_ANNOT,,,Exact,0,Mammillaria Haw.,Mammillaria,5KS4,1,Catalogue of Life,
363,Marsilia,Marsilia,10546,10554,4.39,1,NO_ANNOT,,,Exact,0,Marsilia L.,Marsilia,145660012,165,Tropicos,
364,Matricaria,Matricaria,10568,10578,5.02,1,NO_ANNOT,,,Exact,0,Matricaria L.,Matricaria,5M23,1,Catalogue of Life,
365,Megachile,Megachile,10598,10607,2.79,1,NO_ANNOT,,,Exact,0,"Megachile Latreille, 1802",Megachile,5MM4,1,Catalogue of Life,
366,Megaderma,Megaderma,10610,10619,5.00,1,NO_ANNOT,,,Exact,0,"Megaderma É. Geoffroy Saint-Hilaire, 1810",Megaderma,5MNC,1,Catalogue of Life,
367,Megascops,Megascops,10620,10629,4.40,1,NO_ANNOT,,,Exact,0,"Megascops Kaup, 1848",Megascops,5N2J,1,Catalogue of Life,
368,Megaspira,Megaspira,10630,10639,4.78,1,NO_ANNOT,,,Exact,0,"Megaspira I. Lea in Jay, 1836",Megaspira,7P8M5,1,Catalogue of Life,
369,Megatrigon,Megatrigon,10642,10652,4.09,1,NO_ANNOT,,,Exact,0,"Megatrigon Johnson, 1898",Megatrigon,urn:lsid:irmng.org:taxname:1295218,181,IRMNG,
370,Melanerpes,Melanerpes,10653,10663,4.11,1,NO_ANNOT,,,Exact,0,"Melanerpes Swainson, 1832",Melanerpes,5NDF,1,Catalogue of Life,
371,Melosira,Melosira,10682,10690,4.61,1,NO_ANNOT,,,Exact,0,"Melosira C.Agardh, 1824",Melosira,848780,2,Wikispecies,
372,Mentha,Mentha,10701,10707,4.33,1,NO_ANNOT,,,Exact,0,Mentha,Mentha,5P5P,1,Catalogue of Life,
373,Menziesia,Menziesia,10710,10719,4.06,1,NO_ANNOT,,,Exact,0,"Menziesia Gibson, 1976",Menziesia,7NF3L,1,Catalogue of Life,
374,Merula,Merula,10730,10736,4.29,1,NO_ANNOT,,,Exact,0,"Merula Möhring, 1758",Merula,urn:lsid:irmng.org:taxname:1366066,181,IRMNG,
375,Metastoma,Metastoma,10749,10758,5.11,1,NO_ANNOT,,,Exact,0,"Metastoma Strebel & Pfeffer, 1879",Metastoma,7P8SQ,1,Catalogue of Life,
376,Nucula,Nucula,10990,10996,4.29,1,NO_ANNOT,,,Exact,0,"Nucula Lamarck, 1799",Nucula,87GWF,1,Catalogue of Life,
377,Micronycteris,Micronycteris,11040,11053,5.67,1,NO_ANNOT,,,Exact,0,"Micronycteris Gray, 1866",Micronycteris,5S4Y,1,Catalogue of Life,
378,328Nuttallina,Nuttallina,11060,11073,4.30,1,NO_ANNOT,,,Exact,0,"Nuttallina Dall, 1871",Nuttallina,7PB2P,1,Catalogue of Life,
379,Microseris,Microseris,11090,11100,5.22,1,NO_ANNOT,,,Exact,0,Microseris D. Don,Microseris,63B88,1,Catalogue of Life,
380,Microstylis,Microstylis,11139,11150,4.58,1,NO_ANNOT,,,Exact,0,Microstylis (Nutt.) Eaton,Microstylis,86480-3,167,IPNI,
381,Nitzschia,Nitzschia,11159,11168,4.42,1,NO_ANNOT,,,Exact,0,"Nitzschia Baer, 1826",Nitzschia,7PMJL,1,Catalogue of Life,
382,Microtus,Microtus,11182,11190,5.28,1,NO_ANNOT,,,Exact,0,"Microtus Schrank, 1798",Microtus,5SL9,1,Catalogue of Life,
383,Middendorffia,Middendorffia,11231,11244,5.38,1,NO_ANNOT,,,Exact,0,"Middendorffia Fischer, 1885",Middendorffia,urn:lsid:irmng.org:taxname:1052156,181,IRMNG,
384,Nyctaginaceae,Nyctaginaceae,11256,11269,4.33,1,NO_ANNOT,,,Exact,0,Nyctaginaceae Juss.,Nyctaginaceae,DG4,1,Catalogue of Life,
385,Milla,Milla,11280,11285,5.35,1,NO_ANNOT,,,Exact,0,Milla Vand.,Milla,5TCXN,1,Catalogue of Life,
386,Nycticeius,Nycticeius,11304,11314,5.15,1,NO_ANNOT,,,Exact,0,"Nycticeius Rafinesque, 1819",Nycticeius,65ZN,1,Catalogue of Life,
387,Nycticorax,Nycticorax,11349,11359,5.30,1,NO_ANNOT,,,Exact,0,"Nycticorax T. Forster, 1817",Nycticorax,65ZQ,1,Catalogue of Life,
388,Mimulus,Mimulus,11367,11374,5.50,1,NO_ANNOT,,,Exact,0,Mimulus L.,Mimulus,5T9B,1,Catalogue of Life,
389,Nymphaea,Nymphaea,11392,11400,5.52,1,NO_ANNOT,,,Exact,0,Nymphaea L.,Nymphaea,63GBF,1,Catalogue of Life,
390,Mimus,Mimus,11417,11422,4.47,1,NO_ANNOT,,,Exact,0,"Mimus F. Boie, 1826",Mimus,63BQT,1,Catalogue of Life,
391,Mirabilis,Mirabilis,11461,11470,4.29,1,NO_ANNOT,,,Exact,0,Mirabilis L.,Mirabilis,5TK9,1,Catalogue of Life,
392,Oceanodroma,Oceanodroma,11479,11490,5.40,1,NO_ANNOT,,,Exact,0,"Oceanodroma Reichenbach, 1853",Oceanodroma,66DS,1,Catalogue of Life,
393,Mischocyttarus,Mischocyttarus,11501,11515,6.27,1,NO_ANNOT,,,Exact,0,Mischocyttarus,Mischocyttarus,5TQM,1,Catalogue of Life,
394,Ochromyia,Ochromyia,11524,11533,5.41,1,NO_ANNOT,,,Exact,0,Ochromyia,Ochromyia,8FPMH,1,Catalogue of Life,
395,Mniotilta,Mniotilta,11546,11555,4.28,1,NO_ANNOT,,,Exact,0,"Mniotilta Vieillot, 1816",Mniotilta,63C7H,1,Catalogue of Life,
396,Odontostomus,Odontostomus,11567,11579,5.85,1,NO_ANNOT,,,Exact,0,"Odontostomus H. Beck, 1837",Odontostomus,7PB55,1,Catalogue of Life,
397,Molothrus,Molothrus,11593,11602,5.43,1,NO_ANNOT,,,Exact,0,"Molothrus Swainson, 1832",Molothrus,63BL6,1,Catalogue of Life,
398,Monadenia,Monadenia,11634,11643,4.04,1,NO_ANNOT,,,Exact,0,"Monadenia Pilsbry, 1895",Monadenia,7P96F,1,Catalogue of Life,
399,Montia,Montia,11663,11669,4.58,1,NO_ANNOT,,,Exact,0,Montia L.,Montia,63CZH,1,Catalogue of Life,
400,Oidemia,Oidemia,11687,11694,4.36,1,NO_ANNOT,,,Exact,0,"Oidemia Fleming, 1822",Oidemia,urn:lsid:irmng.org:taxname:1397962,181,IRMNG,
401,Mopalia,Mopalia,11707,11714,4.14,1,NO_ANNOT,,,Exact,0,"Mopalia Gray, 1847",Mopalia,7P98Z,1,Catalogue of Life,
402,Oligostylus,Oligostylus,11733,11744,6.21,1,NO_ANNOT,,,Exact,0,"Oligostylus Dall, 1895",Oligostylus,urn:lsid:irmng.org:taxname:1357504,181,IRMNG,
403,Olivella,Olivella,11774,11782,6.03,1,NO_ANNOT,,,Exact,0,"Olivella Swainson, 1831",Olivella,7PB77,1,Catalogue of Life,
404,Morellia.,Morellia,11795,11804,4.39,1,NO_ANNOT,,,Exact,0,Morellia,Morellia,87HNM,1,Catalogue of Life,
405,Olor,Olor,11821,11825,2.08,1,NO_ANNOT,,,Exact,0,"Olor Wagler, 1832",Olor,63FXB,1,Catalogue of Life,
406,Mulinia,Mulinia,11888,11895,3.62,1,NO_ANNOT,,,Exact,0,"Mulinia Gray, 1837",Mulinia,7P9BN,1,Catalogue of Life,
407,Onychomys,Onychomys,11909,11918,5.24,1,NO_ANNOT,,,Exact,0,"Onychomys Baird, 1857",Onychomys,68G8,1,Catalogue of Life,
408,Mullus,Mullus,11971,11977,5.21,1,NO_ANNOT,,,Exact,0,Mullus,Mullus,5VMV,1,Catalogue of Life,
409,Ophiogomphus,Ophiogomphus,11989,12001,5.35,1,NO_ANNOT,,,Exact,0,Ophiogomphus,Ophiogomphus,68T6,1,Catalogue of Life,
410,Oreortyx,Oreortyx,12080,12088,3.81,1,NO_ANNOT,,,Exact,0,"Oreortyx S. F. Baird, 1858",Oreortyx,69ND,1,Catalogue of Life,
411,Ornithomyia,Ornithomyia,12118,12129,5.70,1,NO_ANNOT,,,Exact,0,Ornithomyia,Ornithomyia,89SV3,1,Catalogue of Life,
412,Muscidae,Muscidae,12185,12193,5.73,1,NO_ANNOT,,,Exact,0,Muscidae,Muscidae,CZP,1,Catalogue of Life,
413,Orobanchaceae,Orobanchaceae,12206,12219,4.33,1,NO_ANNOT,,,Exact,0,Orobanchaceae Vent.,Orobanchaceae,DQG,1,Catalogue of Life,
414,Oroscoptes,Oroscoptes,12249,12259,3.55,1,NO_ANNOT,,,Exact,0,"Oroscoptes Baird, 1858",Oroscoptes,urn:lsid:irmng.org:taxname:1180760,181,IRMNG,
415,Mustelus,Mustelus,12264,12272,5.75,1,NO_ANNOT,,,Exact,0,Mustelus,Mustelus,63CQ9,1,Catalogue of Life,
416,Orthetrum,Orthetrum,12285,12294,5.42,1,NO_ANNOT,,,Exact,0,Orthetrum,Orthetrum,63GTB,1,Catalogue of Life,
417,Mychostoma,Mychostoma,12313,12323,5.28,1,NO_ANNOT,,,Exact,0,"Mychostoma Albers, 1850",Mychostoma,7P9DN,1,Catalogue of Life,
418,Orthomesus,Orthomesus,12386,12396,4.48,1,NO_ANNOT,,,Exact,0,"Orthomesus Pilsbry, 1888",Orthomesus,7PBD6,1,Catalogue of Life,
419,Myodes,Myodes,12405,12411,4.21,1,NO_ANNOT,,,Exact,0,"Myodes Pallas, 1811",Myodes,63CSH,1,Catalogue of Life,
420,Oryzomys,Oryzomys,12424,12432,5.07,1,NO_ANNOT,,,Exact,0,"Oryzomys Baird, 1857",Oryzomys,63GKJ,1,Catalogue of Life,
421,Myospila,Myospila,12449,12457,3.99,1,NO_ANNOT,,,Exact,0,Myospila,Myospila,5WG4,1,Catalogue of Life,
422,Ostrea,Ostrea,12474,12480,3.76,1,NO_ANNOT,,,Exact,0,"Ostrea Linnaeus, 1758",Ostrea,7PBDT,1,Catalogue of Life,
423,Myotis,Myotis,12498,12504,5.10,1,NO_ANNOT,,,Exact,0,"Myotis Kaup, 1829",Myotis,5WGF,1,Catalogue of Life,
424,Otocoris,Otocoris,12564,12572,4.89,1,NO_ANNOT,,,Exact,0,"Otocoris Bonaparte, 1838",Otocoris,urn:lsid:irmng.org:taxname:1357843,181,IRMNG,
425,Nassa,Nassa,12582,12587,3.88,1,NO_ANNOT,,,Exact,0,"Nassa Röding, 1798",Nassa,7P9JK,1,Catalogue of Life,
426,Natalus,Natalus,12670,12677,5.50,1,NO_ANNOT,,,Exact,0,"Natalus Gray, 1838",Natalus,5XT7,1,Catalogue of Life,
427,Oxytropis,Oxytropis,12696,12705,5.69,1,NO_ANNOT,,,Exact,0,Oxytropis,Oxytropis,6BJN,1,Catalogue of Life,
428,Navicula,Navicula,12719,12727,4.84,1,NO_ANNOT,,,Exact,0,Navicula Bory,Navicula,5XXG,1,Catalogue of Life,
429,Pachystima,Pachystima,12744,12754,4.45,1,NO_ANNOT,,,Exact,0,Pachystima Endl.,Pachystima,145371247,165,Tropicos,
430,Nectarina,Nectarina,12766,12775,4.13,1,NO_ANNOT,,,Exact,0,"Nectarina Shuckard in Swainson & Shuckard, 1840",Nectarina,urn:lsid:irmng.org:taxname:1405211,181,IRMNG,
431,Pagellus,Pagellus,12789,12797,5.75,1,NO_ANNOT,,,Exact,0,Pagellus,Pagellus,6C9H,1,Catalogue of Life,
432,Nectouxia,Nectouxia,12806,12815,5.06,1,NO_ANNOT,,,Exact,0,Nectouxia Kunth,Nectouxia,5Y7Z,1,Catalogue of Life,
433,Pagrus,Pagrus,12832,12838,4.72,1,NO_ANNOT,,,Exact,0,Pagrus,Pagrus,63JMB,1,Catalogue of Life,
434,Nephrolepis,Nephrolepis,12852,12863,5.98,1,NO_ANNOT,,,Exact,0,Nephrolepis Schott,Nephrolepis,6382,1,Catalogue of Life,
435,Palaelodus,Palaelodus,12870,12880,5.13,1,NO_ANNOT,,,Exact,0,"Palaelodus Milne-Edwards, 1863",Palaelodus,urn:lsid:irmng.org:taxname:1432170,181,IRMNG,
436,Nerita,Nerita,12889,12895,4.17,1,NO_ANNOT,,,Exact,0,"Nerita Linnaeus, 1758",Nerita,7P9RC,1,Catalogue of Life,
437,Palamedea,Palamedea,12906,12915,5.49,1,NO_ANNOT,,,Exact,0,"Palamedea Linnaeus, 1766",Palamedea,urn:lsid:irmng.org:taxname:1299821,181,IRMNG,
438,Neritopsis,Neritopsis,12930,12940,5.11,1,NO_ANNOT,,,Exact,0,"Neritopsis Grateloup, 1832",Neritopsis,7P9RV,1,Catalogue of Life,
439,Neusticurus,Neusticurus,12970,12981,5.72,1,NO_ANNOT,,,Exact,0,Neusticurus,Neusticurus,63T8,1,Catalogue of Life,
440,Pangonia,Pangonia,12988,12996,3.87,1,NO_ANNOT,,,Exact,0,Pangonia,Pangonia,89QZ9,1,Catalogue of Life,
441,Nucifraga,Nucifraga,13010,13019,5.10,1,NO_ANNOT,,,Exact,0,"Nucifraga Brisson, 1760",Nucifraga,65SH,1,Catalogue of Life,
442,Pantala,Pantala,13028,13035,4.89,1,NO_ANNOT,,,Exact,0,Pantala,Pantala,6DB7,1,Catalogue of Life,
443,Pantodactylus,Pantodactylus,13060,13073,6.54,1,NO_ANNOT,,,Exact,0,"Pantodactylus Duméril & Bibron, 1839",Pantodactylus,8G2B6,1,Catalogue of Life,
444,Papuina,Papuina,13089,13096,3.72,1,NO_ANNOT,,,Exact,0,"Papuina E. von Martens, 1860",Papuina,7PBPT,1,Catalogue of Life,
445,Paracompsomyia,Paracompsomyia,13101,13115,6.25,1,NO_ANNOT,,,Exact,0,"Paracompsomyia Hough, 1898",Paracompsomyia,urn:lsid:irmng.org:taxname:1299219,181,IRMNG,
446,Parochromyia,Parochromyia,13116,13128,5.94,1,NO_ANNOT,,,Exact,0,"Parochromyia Hough, 1898",Parochromyia,urn:lsid:irmng.org:taxname:1017794,181,IRMNG,
447,Parus,Parus,13129,13134,4.57,1,NO_ANNOT,,,Exact,0,"Parus Linnaeus, 1758",Parus,6J9Z,1,Catalogue of Life,
448,Passerella,Passerella,13150,13160,6.37,1,NO_ANNOT,,,Exact,0,"Passerella Swainson, 1837",Passerella,6JG2,1,Catalogue of Life,
449,Passeres,Passeres,13163,13171,3.73,1,NO_ANNOT,,,Exact,0,Passeres Linnaeus 1758,Passeres,89232209,132,ZooBank,
450,Passerina,Passerina,13176,13185,4.13,1,NO_ANNOT,,,Exact,0,Passerina L.,Passerina,6JG4,1,Catalogue of Life,
451,Paulicea,Paulicea,13188,13196,4.81,1,NO_ANNOT,,,Exact,0,"Paulicea Ihering, 1898",Paulicea,urn:lsid:irmng.org:taxname:1405104,181,IRMNG,
452,Pectis,Pectis,13208,13214,5.10,1,NO_ANNOT,,,Exact,0,Pectis L.,Pectis,6JX7,1,Catalogue of Life,
453,Pectunculus,Pectunculus,13219,13230,6.21,1,NO_ANNOT,,,Exact,0,"Pectunculus da Costa, 1778",Pectunculus,urn:lsid:marinespecies.org:taxname:151601,9,WoRMS,
454,Peperomia,Peperomia,13320,13329,4.78,1,NO_ANNOT,,,Exact,0,Peperomia Ruiz & Pav.,Peperomia,6KXF,1,Catalogue of Life,
455,Pepsis,Pepsis,13332,13338,4.23,1,NO_ANNOT,,,Exact,0,Pepsis,Pepsis,63L9B,1,Catalogue of Life,
456,Pernettya,Pernettya,13343,13352,4.28,1,NO_ANNOT,,,Exact,0,Pernettya Gaudich.-Beaupré,Pernettya,6LNK,1,Catalogue of Life,
457,Perrieria,Perrieria,13355,13364,4.85,1,NO_ANNOT,,,Exact,0,"Perrieria Tapparone Canefri, 1878",Perrieria,7PC9H,1,Catalogue of Life,
458,Petalostemon,Petalostemon,13367,13379,5.11,1,NO_ANNOT,,,Exact,0,Petalostemon Michx.,Petalostemon,23196-1,167,IPNI,
459,Petricola,Petricola,13380,13389,5.68,1,NO_ANNOT,,,Exact,0,"Petricola Lamarck, 1801",Petricola,7PCC5,1,Catalogue of Life,
460,Petrochelidon,Petrochelidon,13390,13403,4.80,1,NO_ANNOT,,,Exact,0,"Petrochelidon Cabanis, 1850",Petrochelidon,6M4M,1,Catalogue of Life,
461,Peucedanum,Peucedanum,13404,13414,5.13,1,NO_ANNOT,,,Exact,0,Peucedanum L.,Peucedanum,7NWSG,1,Catalogue of Life,
462,Phacelia,Phacelia,13415,13423,4.39,1,NO_ANNOT,,,Exact,0,Phacelia Juss.,Phacelia,63N2W,1,Catalogue of Life,
463,Phainopepla,Phainopepla,13424,13435,4.87,1,NO_ANNOT,,,Exact,0,"Phainopepla S. F. Baird, 1858",Phainopepla,63N4T,1,Catalogue of Life,
464,Phalacrocorax,Phalacrocorax,13453,13466,5.75,1,NO_ANNOT,,,Exact,0,"Phalacrocorax Brisson, 1760",Phalacrocorax,6MN5,1,Catalogue of Life,
465,Phalangium,Phalangium,13482,13492,5.45,1,NO_ANNOT,,,Exact,0,"Phalangium Linnaeus, 1758",Phalangium,6MNX,1,Catalogue of Life,
466,Phalaropus,Phalaropus,13495,13505,6.06,1,NO_ANNOT,,,Exact,0,"Phalaropus Brisson, 1760",Phalaropus,6MPL,1,Catalogue of Life,
467,Phaseolus,Phaseolus,13506,13515,5.92,1,NO_ANNOT,,,Exact,0,"Phaseolus Monterosato, 1875",Phaseolus,7NF3T,1,Catalogue of Life,
468,Phenacarion,Phenacarion,13534,13545,3.23,1,NO_ANNOT,,,Exact,0,"Phenacarion Cockerell, 1890",Phenacarion,urn:lsid:irmng.org:taxname:1223895,181,IRMNG,
469,Philibertia,Philibertia,13578,13589,5.58,1,NO_ANNOT,,,Exact,0,Philibertia Kunth,Philibertia,63N6L,1,Catalogue of Life,
470,Philomycidae,Philomycidae,13608,13620,4.81,1,NO_ANNOT,,,Exact,0,"Philomycidae Gray, 1847",Philomycidae,7NKFF,1,Catalogue of Life,
471,Phoca,Phoca,13635,13640,3.91,1,NO_ANNOT,,,Exact,0,"Phoca Linnaeus, 1758",Phoca,63MGG,1,Catalogue of Life,
472,Phorbia,Phorbia,13664,13671,3.45,1,NO_ANNOT,,,Exact,0,Phorbia,Phorbia,6NZY,1,Catalogue of Life,
473,Phyllocactus,Phyllocactus,13678,13690,5.97,1,NO_ANNOT,,,Exact,0,Phyllocactus Link,Phyllocactus,7NCLD,1,Catalogue of Life,
474,Phyllonycteris,Phyllonycteris,13693,13707,5.90,1,NO_ANNOT,,,Exact,0,"Phyllonycteris Gundlach, 1861",Phyllonycteris,63MN6,1,Catalogue of Life,
475,Physalis,Physalis,13708,13716,4.12,1,NO_ANNOT,,,Exact,0,Physalis L.,Physalis,6PW6,1,Catalogue of Life,
476,Phytolacca,Phytolacca,13947,13957,4.85,1,NO_ANNOT,,,Exact,0,Phytolacca L.,Phytolacca,63MCK,1,Catalogue of Life,
477,Phytolacca,Phytolacca,13958,13968,4.85,1,NO_ANNOT,,,Exact,0,Phytolacca L.,Phytolacca,63MCK,1,Catalogue of Life,
478,Pineria,Pineria,13985,13992,4.43,1,NO_ANNOT,,,Exact,0,"Pineria Poey, 1854",Pineria,7PCMC,1,Catalogue of Life,
479,Pinnularia,Pinnularia,14029,14039,5.02,1,NO_ANNOT,,,Exact,0,"Pinnularia C.G. Ehrenberg, 1843",Pinnularia,urn:lsid:marinespecies.org:taxname:149208,9,WoRMS,
480,Pinus,Pinus,14040,14045,4.91,1,NO_ANNOT,,,Exact,0,Pinus,Pinus,6QPY,1,Catalogue of Life,
481,Piranga,Piranga,14076,14083,4.80,1,NO_ANNOT,,,Exact,0,"Piranga Vieillot, 1808",Piranga,6QSX,1,Catalogue of Life,
482,Placentaceras,Placentaceras,14088,14101,5.35,1,NO_ANNOT,,,Exact,0,"Placentaceras Whitfield, 1892",Placentaceras,urn:lsid:irmng.org:taxname:1367939,181,IRMNG,
483,Placiphorella,Placiphorella,14102,14115,6.82,1,NO_ANNOT,,,Exact,0,"Placiphorella Dall, 1879",Placiphorella,7PCPP,1,Catalogue of Life,
484,Placosoma,Placosoma,14116,14125,5.11,1,NO_ANNOT,,,Exact,0,Placosoma,Placosoma,84SKX,1,Catalogue of Life,
485,Placuanomia,Placuanomia,14128,14139,5.07,1,NO_ANNOT,,,Exact,0,"Placuanomia Broderip, 1832",Placuanomia,4952293,11,GBIF Backbone Taxonomy,
486,Plagiobothrys,Plagiobothrys,14140,14153,5.80,1,NO_ANNOT,,,Exact,0,Plagiobothrys Fisch. & C. A. Mey.,Plagiobothrys,6R86,1,Catalogue of Life,
487,Plagiogramma,Plagiogramma,14154,14166,5.94,1,NO_ANNOT,,,Exact,0,"Plagiogramma Tarsia in Curia, 1935",Plagiogramma,6R96,1,Catalogue of Life,
488,Plantago,Plantago,14182,14190,3.10,1,NO_ANNOT,,,Exact,0,Plantago L.,Plantago,6RHN,1,Catalogue of Life,
489,Platemys,Platemys,14193,14201,5.07,1,NO_ANNOT,,,Exact,0,"Platemys Duméril & Bibron, 1835",Platemys,87JT4,1,Catalogue of Life,
490,Platophrys,Platophrys,14204,14214,5.36,1,NO_ANNOT,,,Exact,0,"Platophrys Swainson, 1839",Platophrys,urn:lsid:irmng.org:taxname:1319477,181,IRMNG,
491,Platyceras,Platyceras,14215,14225,4.90,1,NO_ANNOT,,,Exact,0,"Platyceras Conrad, 1840",Platyceras,7PCSB,1,Catalogue of Life,
492,Plagiodontes,Plagiodontes,14228,14240,3.91,1,NO_ANNOT,,,Exact,0,"Plagiodontes Doering, 1876",Plagiodontes,7PCQC,1,Catalogue of Life,
493,Platystoma,Platystoma,14241,14251,5.28,1,NO_ANNOT,,,Exact,0,Platystoma,Platystoma,6S5R,1,Catalogue of Life,
494,Platytrochus,Platytrochus,14254,14266,5.35,1,NO_ANNOT,,,Exact,0,"Platytrochus Milne Edwards & Haime, 1848",Platytrochus,87JTY,1,Catalogue of Life,
495,Plectrophenax,Plectrophenax,14267,14280,5.50,1,NO_ANNOT,,,Exact,0,"Plectrophenax Stejneger, 1882",Plectrophenax,63NSN,1,Catalogue of Life,
496,Podalirius,Podalirius,14331,14341,5.15,1,NO_ANNOT,,,Exact,0,"Podalirius Swainson, 1833",Podalirius,urn:lsid:irmng.org:taxname:1398930,181,IRMNG,
497,Podilymbus,Podilymbus,14344,14354,4.64,1,NO_ANNOT,,,Exact,0,"Podilymbus Lesson, 1831",Podilymbus,6TBK,1,Catalogue of Life,
498,Polemonium,Polemonium,14369,14379,5.45,1,NO_ANNOT,,,Exact,0,Polemonium L.,Polemonium,6TRQ,1,Catalogue of Life,
499,Polistes,Polistes,14380,14388,3.21,1,NO_ANNOT,,,Exact,0,Polistes,Polistes,63NNT,1,Catalogue of Life,
500,Pollenia,Pollenia,14393,14401,3.87,1,NO_ANNOT,,,Exact,0,Pollenia,Pollenia,87JX3,1,Catalogue of Life,
501,Polybia,Polybia,14402,14409,3.45,1,NO_ANNOT,,,Exact,0,Polybia,Polybia,6TWV,1,Catalogue of Life,
502,Polychrus,Polychrus,14414,14423,5.43,1,NO_ANNOT,,,Exact,0,"Polychrus Wagler, 1833",Polychrus,87JX6,1,Catalogue of Life,
503,Polygala,Polygala,14426,14434,5.13,1,NO_ANNOT,,,Exact,0,Polygala L.,Polygala,63NFF,1,Catalogue of Life,
504,Polygonum,Polygonum,14448,14457,4.96,1,NO_ANNOT,,,Exact,0,Polygonum L.,Polygonum,63NFC,1,Catalogue of Life,
505,Polymita,Polymita,14458,14466,4.72,1,NO_ANNOT,,,Exact,0,"Polymita H. Beck, 1837",Polymita,7PD3P,1,Catalogue of Life,
506,Polymyxus,Polymyxus,14469,14478,4.68,1,NO_ANNOT,,,Exact,0,"Polymyxus J.W. Bailey ex L.W. Bailey, 1861",Polymyxus,urn:lsid:marinespecies.org:taxname:494152,9,WoRMS,
507,Polypodium,Polypodium,14492,14502,5.45,1,NO_ANNOT,,,Exact,0,Polypodium L.,Polypodium,63MZ9,1,Catalogue of Life,
508,Populus,Populus,14841,14848,5.50,1,NO_ANNOT,,,Exact,0,Populus L.,Populus,63PVP,1,Catalogue of Life,
509,Porzana,Porzana,14888,14895,3.34,1,NO_ANNOT,,,Exact,0,"Porzana Vieillot, 1816",Porzana,6V2X,1,Catalogue of Life,
510,Priva,Priva,14928,14933,3.13,1,NO_ANNOT,,,Exact,0,Priva,Priva,6VYG,1,Catalogue of Life,
511,Prionodactylus,Prionodactylus,14938,14952,6.76,1,NO_ANNOT,,,Exact,0,"Prionodactylus Boulenger, 1907",Prionodactylus,8G5LK,1,Catalogue of Life,
512,Prophysaon,Prophysaon,15018,15028,4.15,1,NO_ANNOT,,,Exact,0,"Prophysaon Bland & W.G. Binney, 1873",Prophysaon,7PDHH,1,Catalogue of Life,
513,Prunus,Prunus,15056,15062,5.05,1,NO_ANNOT,,,Exact,0,Prunus L.,Prunus,6Y6H,1,Catalogue of Life,
514,Psaltriparus,Psaltriparus,15070,15082,5.96,1,NO_ANNOT,,,Exact,0,"Psaltriparus Bonaparte, 1850",Psaltriparus,6Y9C,1,Catalogue of Life,
515,Psammobia,Psammobia,15087,15096,3.87,1,NO_ANNOT,,,Exact,0,"Psammobia Cossmann, 1886",Psammobia,urn:lsid:irmng.org:taxname:1368954,181,IRMNG,
516,Psammocola,Psammocola,15127,15137,5.85,1,NO_ANNOT,,,Exact,0,"Psammocola Blainville, 1824",Psammocola,urn:lsid:marinespecies.org:taxname:515934,9,WoRMS,
517,Psammosolen,Psammosolen,15148,15159,3.13,1,NO_ANNOT,,,Exact,0,"Psammosolen Risso, 1826",Psammosolen,urn:lsid:irmng.org:taxname:1171970,181,IRMNG,
518,Psammotella,Psammotella,15163,15174,6.49,1,NO_ANNOT,,,Exact,0,"Psammotella Herrmannsen, 1852",Psammotella,7PDPJ,1,Catalogue of Life,
519,Pseudauliscus,Pseudauliscus,15178,15191,6.78,1,NO_ANNOT,,,Exact,0,"Pseudauliscus A. Schmidt, 1875",Pseudauliscus,urn:lsid:irmng.org:taxname:1270536,181,IRMNG,
520,Pseudoplatystoma,Pseudoplatystoma,15221,15237,6.23,1,NO_ANNOT,,,Exact,0,Pseudoplatystoma,Pseudoplatystoma,735X,1,Catalogue of Life,
521,Pseudopyrellia,Pseudopyrellia,15248,15262,5.40,1,NO_ANNOT,,,Exact,0,"Pseudopyrellia Girschner, 1894",Pseudopyrellia,urn:lsid:irmng.org:taxname:1389278,181,IRMNG,
522,PseudoTsuga,Pseudotsuga,15275,15286,4.27,1,NO_ANNOT,,,Exact,0,Pseudotsuga,Pseudotsuga,73Y7,1,Catalogue of Life,
523,Psoralea,Psoralea,15303,15311,5.03,1,NO_ANNOT,,,Exact,0,Psoralea,Psoralea,63R4W,1,Catalogue of Life,
524,Pteria,Pteria,15327,15333,4.14,1,NO_ANNOT,,,Exact,0,"Pteria Scopoli, 1777",Pteria,7PF4L,1,Catalogue of Life,
525,Pterodontia,Pterodontia,15338,15349,5.58,1,NO_ANNOT,,,Exact,0,Pterodontia,Pterodontia,74QB,1,Catalogue of Life,
526,Pteropus,Pteropus,15354,15362,5.73,1,NO_ANNOT,,,Exact,0,"Pteropus Brisson, 1762",Pteropus,64365,1,Catalogue of Life,
527,Puffinus,Puffinus,15367,15375,5.59,1,NO_ANNOT,,,Exact,0,"Puffinus Brisson, 1760",Puffinus,75BM,1,Catalogue of Life,
528,Pugnellus,Pugnellus,15380,15389,5.92,1,NO_ANNOT,,,Exact,0,"Pugnellus Conrad, 1860",Pugnellus,7PF7Q,1,Catalogue of Life,
529,Purshia,Purshia,15431,15438,4.00,1,NO_ANNOT,,,Exact,0,Purshia DC.,Purshia,75K9,1,Catalogue of Life,
530,Putorius,Putorius,15446,15454,4.81,1,NO_ANNOT,,,Exact,0,"Putorius Cuvier, 1817",Putorius,75LV,1,Catalogue of Life,
531,Pygopodes,Pygopodes,15485,15494,3.31,1,NO_ANNOT,,,Exact,0,Pygopodes Bignon 1889,Pygopodes,4339630,168,ION,
532,Pyramidula,Pyramidula,15511,15521,5.17,1,NO_ANNOT,,,Exact,0,"Pyramidula Fitzinger, 1833",Pyramidula,7P75B,1,Catalogue of Life,
533,Pyrifusus,Pyrifusus,15526,15535,4.31,1,NO_ANNOT,,,Exact,0,"Pyrifusus Conrad, 1858",Pyrifusus,urn:lsid:irmng.org:taxname:1061443,181,IRMNG,
534,Pyrus,Pyrus,15551,15556,4.57,1,NO_ANNOT,,,Exact,0,Pyrus L.,Pyrus,7689,1,Catalogue of Life,
535,Quenselia,Quenselia,15571,15580,4.56,1,NO_ANNOT,,,Exact,0,"Quenselia Jordan, 1889",Quenselia,urn:lsid:marinespecies.org:taxname:297650,9,WoRMS,
536,Quercus.,Quercus,15585,15593,5.75,1,NO_ANNOT,,,Exact,0,Quercus,Quercus,76HN,1,Catalogue of Life,
537,Quiscalus,Quiscalus,15609,15618,5.92,1,NO_ANNOT,,,Exact,0,"Quiscalus Vieillot, 1816",Quiscalus,76L2,1,Catalogue of Life,
538,Rallus,Rallus,15643,15649,5.21,1,NO_ANNOT,,,Exact,0,"Rallus Linnaeus, 1758",Rallus,76VZ,1,Catalogue of Life,
539,Raphanus,Raphanus,15679,15687,5.59,1,NO_ANNOT,,,Exact,0,Raphanus,Raphanus,775R,1,Catalogue of Life,
540,Reithronycteris,Reithronycteris,15702,15717,5.86,1,NO_ANNOT,,,Exact,0,Reithronycteris,Reithronycteris,7Q84V,1,Catalogue of Life,
541,Rhamnus,Rhamnus,15764,15771,5.34,1,NO_ANNOT,,,Exact,0,Rhamnus L.,Rhamnus,78CD,1,Catalogue of Life,
542,Rhogeessa,Rhogeessa,15803,15812,4.74,1,NO_ANNOT,,,Exact,0,"Rhogeessa H. Allen, 1866",Rhogeessa,799J,1,Catalogue of Life,
543,Ribes,Ribes,15818,15823,3.73,1,NO_ANNOT,,,Exact,0,Ribes L.,Ribes,79VF,1,Catalogue of Life,
544,Rissa,Rissa,15831,15836,3.88,1,NO_ANNOT,,,Exact,0,"Rissa Stephens, 1826",Rissa,643QY,1,Catalogue of Life,
545,Rosacea,Rosacea,15846,15853,4.57,1,NO_ANNOT,,,Exact,0,"Rosacea Quoy & Gaimard, 1827",Rosacea,7PXXM,1,Catalogue of Life,
546,Rosmarus,Rosmarus,15856,15864,5.26,1,NO_ANNOT,,,Exact,0,"Rosmarus Brünnich, 1772",Rosmarus,63S7Z,1,Catalogue of Life,
547,Rubus,Rubus,15875,15880,3.62,1,NO_ANNOT,,,Exact,0,Rubus L.,Rubus,643JJ,1,Catalogue of Life,
548,Ruvettus,Ruvettus,15893,15901,5.28,1,NO_ANNOT,,,Exact,0,Ruvettus,Ruvettus,7B9L,1,Catalogue of Life,
549,Sagittaria,Sagittaria,15902,15912,5.02,1,NO_ANNOT,,,Exact,0,Sagittaria,Sagittaria,87BRW,1,Catalogue of Life,
550,Salix,Salix,15924,15929,3.97,1,NO_ANNOT,,,Exact,0,Salix L.,Salix,7BWB,1,Catalogue of Life,
551,Salsola,Salsola,15930,15937,5.27,1,NO_ANNOT,,,Exact,0,Salsola L.,Salsola,7BYH,1,Catalogue of Life,
552,Santolina,Santolina,15966,15975,4.13,1,NO_ANNOT,,,Exact,0,Santolina L.,Santolina,7C9M,1,Catalogue of Life,
553,Sarcobatus,Sarcobatus,15988,15998,5.62,1,NO_ANNOT,,,Exact,0,Sarcobatus Nees,Sarcobatus,643Q5,1,Catalogue of Life,
554,Saxicola,Saxicola,15999,16007,5.51,1,NO_ANNOT,,,Exact,0,"Saxicola Bechstein, 1802",Saxicola,7CV9,1,Catalogue of Life,
555,Sayornis,Sayornis,16024,16032,5.23,1,NO_ANNOT,,,Exact,0,"Sayornis Bonaparte, 1854",Sayornis,7CW4,1,Catalogue of Life,
556,Scalaria,Scalaria,16039,16047,4.68,1,NO_ANNOT,,,Exact,0,Scalaria Lázaro Ibiza 1916,Scalaria,18506,5,Index Fungorum,
557,Schoenocaulon,Schoenocaulon,16103,16116,4.88,1,NO_ANNOT,,,Exact,0,Schoenocaulon,Schoenocaulon,63RFP,1,Catalogue of Life,
558,Sciurus,Sciurus,16136,16143,5.01,1,NO_ANNOT,,,Exact,0,"Sciurus Linnaeus, 1758",Sciurus,63TBP,1,Catalogue of Life,
559,Scolecophagus,Scolecophagus,16146,16159,6.20,1,NO_ANNOT,,,Exact,0,"Scolecophagus É. Geoffroy Saint-Hilaire, 1795",Scolecophagus,63T62,1,Catalogue of Life,
560,Scomber,Scomber,16448,16455,2.09,1,NO_ANNOT,,,Exact,0,Scomber,Scomber,644V4,1,Catalogue of Life,
561,Scopus,Scopus,16476,16482,5.18,1,NO_ANNOT,,,Exact,0,"Scopus Brisson, 1760",Scopus,6457R,1,Catalogue of Life,
562,Scorpaena,Scorpaena,16487,16496,5.47,1,NO_ANNOT,,,Exact,0,Scorpaena,Scorpaena,6457T,1,Catalogue of Life,
563,Scrophulariaceae,Scrophulariaceae,16537,16553,4.84,1,NO_ANNOT,,,Exact,0,Scrophulariaceae Juss.,Scrophulariaceae,G5R,1,Catalogue of Life,
564,Scutellaria,Scutellaria,16570,16581,5.14,1,NO_ANNOT,,,Exact,0,Scutellaria,Scutellaria,644Y3,1,Catalogue of Life,
565,Sechium,Sechium,16593,16600,4.86,1,NO_ANNOT,,,Exact,0,Sechium P. Browne,Sechium,7F2D,1,Catalogue of Life,
566,Sectilumen,Sectilumen,16605,16615,3.67,1,NO_ANNOT,,,Exact,0,"Sectilumen Pilsbry & Vanatta, 1898",Sectilumen,7PGGV,1,Catalogue of Life,
567,Selasphorus,Selasphorus,16689,16700,5.72,1,NO_ANNOT,,,Exact,0,"Selasphorus Swainson, 1832",Selasphorus,7F7B,1,Catalogue of Life,
568,Senecio,Senecio,16705,16712,4.91,1,NO_ANNOT,,,Exact,0,Senecio L.,Senecio,7FJL,1,Catalogue of Life,
569,Serranidae,Serranidae,16759,16769,4.45,1,NO_ANNOT,,,Exact,0,Serranidae,Serranidae,G8R,1,Catalogue of Life,
570,Serranus,Serranus,16781,16789,5.59,1,NO_ANNOT,,,Exact,0,Serranus,Serranus,7FWT,1,Catalogue of Life,
571,Sesuvium,Sesuvium,16794,16802,5.11,1,NO_ANNOT,,,Exact,0,Sesuvium L.,Sesuvium,7G2S,1,Catalogue of Life,
572,Shepherdia,Shepherdia,16807,16817,4.25,1,NO_ANNOT,,,Exact,0,Shepherdia Nutt.,Shepherdia,7GD6,1,Catalogue of Life,
573,Sialia,Sialia,16831,16837,3.85,1,NO_ANNOT,,,Exact,0,"Sialia Swainson, 1827",Sialia,644QP,1,Catalogue of Life,
574,Sibthorpia,Sibthorpia,16845,16855,5.47,1,NO_ANNOT,,,Exact,0,Sibthorpia L.,Sibthorpia,7GL3,1,Catalogue of Life,
575,Silene,Silene,16860,16866,3.23,1,NO_ANNOT,,,Exact,0,Silene L.,Silene,644QW,1,Catalogue of Life,
576,Siliquaria,Siliquaria,16871,16881,5.02,1,NO_ANNOT,,,Exact,0,"Siliquaria Stackhouse, 1809",Siliquaria,7NGF4,1,Catalogue of Life,
577,Simorhynchus,Simorhynchus,16905,16917,5.35,1,NO_ANNOT,,,Exact,0,"Simorhynchus Merrem in Ersch & Gruber, 1819",Simorhynchus,urn:lsid:irmng.org:taxname:1407413,181,IRMNG,
578,Sisymbrium,Sisymbrium,16930,16940,5.45,1,NO_ANNOT,,,Exact,0,Sisymbrium,Sisymbrium,63SBN,1,Catalogue of Life,
579,Sisyrinchium,Sisyrinchium,16945,16957,5.81,1,NO_ANNOT,,,Exact,0,Sisyrinchium,Sisyrinchium,7HV4,1,Catalogue of Life,
580,Sitta,Sitta,16972,16977,4.00,1,NO_ANNOT,,,Exact,0,"Sitta Linnaeus, 1758",Sitta,7HWK,1,Catalogue of Life,
581,Smyrnium,Smyrnium,16981,16989,5.11,1,NO_ANNOT,,,Exact,0,Smyrnium L.,Smyrnium,7J8K,1,Catalogue of Life,
582,Solea,Solea,17056,17061,4.34,1,NO_ANNOT,,,Exact,0,Solea Spreng.,Solea,5TGKZ,1,Catalogue of Life,
583,Solecurtus,Solecurtus,17066,17076,5.62,1,NO_ANNOT,,,Exact,0,"Solecurtus Blainville, 1824",Solecurtus,7PH29,1,Catalogue of Life,
584,Soleidae,Soleidae,17082,17090,4.11,1,NO_ANNOT,,,Exact,0,Soleidae,Soleidae,GDL,1,Catalogue of Life,
585,Solen,Solen,17095,17100,1.98,1,NO_ANNOT,,,Exact,0,"Solen Linnaeus, 1758",Solen,7PH2K,1,Catalogue of Life,
586,Sophora,Sophora,17192,17199,5.65,1,NO_ANNOT,,,Exact,0,Sophora,Sophora,7JPV,1,Catalogue of Life,
587,Sorbus,Sorbus,17204,17210,3.76,1,NO_ANNOT,,,Exact,0,Sorbus L.,Sorbus,7JR7,1,Catalogue of Life,
588,Sparidae,Sparidae,17218,17226,4.11,1,NO_ANNOT,,,Exact,0,Sparidae,Sparidae,626ZQ,1,Catalogue of Life,
589,Sparisoma,Sparisoma,17231,17240,5.11,1,NO_ANNOT,,,Exact,0,Sparisoma,Sparisoma,63SG8,1,Catalogue of Life,
590,Spartina,Spartina,17245,17253,3.96,1,NO_ANNOT,,,Exact,0,"Spartina Schreber, 1789",Spartina,urn:lsid:irmng.org:taxname:1305462,181,IRMNG,
591,Spartocentrum,Spartocentrum,17270,17283,6.04,1,NO_ANNOT,,,Exact,0,"Spartocentrum Dall, 1895",Spartocentrum,7PH4X,1,Catalogue of Life,
592,Speotyto,Speotyto,17305,17313,3.81,1,NO_ANNOT,,,Exact,0,"Speotyto Gloger, 1841",Speotyto,644GV,1,Catalogue of Life,
593,Sphecodes,Sphecodes,17359,17368,4.93,1,NO_ANNOT,,,Exact,0,"Sphecodes Latreille, 1804",Sphecodes,7KPG,1,Catalogue of Life,
594,Sphyraena,Sphyraena,17372,17381,5.47,1,NO_ANNOT,,,Exact,0,Sphyraena,Sphyraena,7KX3,1,Catalogue of Life,
595,Sphyraenidae,Sphyraenidae,17386,17398,4.81,1,NO_ANNOT,,,Exact,0,Sphyraenidae,Sphyraenidae,GHW,1,Catalogue of Life,
596,Sphyrapicus,Sphyrapicus,17403,17414,6.46,1,NO_ANNOT,,,Exact,0,"Sphyrapicus S. F. Baird, 1858",Sphyrapicus,7KX6,1,Catalogue of Life,
597,Spinus,Spinus,17419,17425,5.05,1,NO_ANNOT,,,Exact,0,"Spinus Koch, 1816",Spinus,7L9G,1,Catalogue of Life,
598,Spiranthes,Spiranthes,17464,17474,4.66,1,NO_ANNOT,,,Exact,0,Spiranthes,Spiranthes,646FH,1,Catalogue of Life,
599,Spiroceramus,Spiroceramus,17479,17491,5.85,1,NO_ANNOT,,,Exact,0,"Spiroceramus Pilsbry & Vanatta, 1898",Spiroceramus,7PH9Y,1,Catalogue of Life,
600,Spirostemma,Spirostemma,17496,17507,5.70,1,NO_ANNOT,,,Exact,0,"Spirostemma Pilsbry & Vanatta, 1898",Spirostemma,85TJN,1,Catalogue of Life,
601,Spisula,Spisula,17512,17519,4.59,1,NO_ANNOT,,,Exact,0,"Spisula Gray, 1837",Spisula,7PHBY,1,Catalogue of Life,
602,Spondyliosoma,Spondyliosoma,17545,17558,5.72,1,NO_ANNOT,,,Exact,0,Spondyliosoma,Spondyliosoma,7LHF,1,Catalogue of Life,
603,Stachys,Stachys,17581,17588,4.91,1,NO_ANNOT,,,Exact,0,Stachys,Stachys,7LTM,1,Catalogue of Life,
604,Stauroneis,Stauroneis,17593,17603,5.19,1,NO_ANNOT,,,Exact,0,Stauroneis Ehrenberg,Stauroneis,4127,3,ITIS,
605,Stegastes,Stegastes,17628,17637,3.38,1,NO_ANNOT,,,Exact,0,Stegastes,Stegastes,63TX2,1,Catalogue of Life,
606,Stenodermata,Stenodermata,17658,17670,3.65,1,NO_ANNOT,,,Exact,0,Stenodermata,Stenodermata,4262333,168,ION,
607,Stephanopyxis,Stephanopyxis,17675,17688,5.88,1,NO_ANNOT,,,Exact,0,"Stephanopyxis (C.G. Ehrenberg) C.G. Ehrenberg, 1845",Stephanopyxis,urn:lsid:marinespecies.org:taxname:149630,9,WoRMS,
608,Stercorariidae,Stercorariidae,17698,17712,5.12,1,NO_ANNOT,,,Exact,0,Stercorariidae,Stercorariidae,GNX,1,Catalogue of Life,
609,Stercorarius,Stercorarius,17717,17729,5.51,1,NO_ANNOT,,,Exact,0,"Stercorarius Brisson, 1760",Stercorarius,7N5S,1,Catalogue of Life,
610,Sternobrithes,Sternobrithes,17755,17768,5.11,1,NO_ANNOT,,,Exact,0,Sternobrithes,Sternobrithes,7N9C,1,Catalogue of Life,
611,Stevia,Stevia,17773,17779,3.76,1,NO_ANNOT,,,Exact,0,Stevia Cav.,Stevia,7NCW,1,Catalogue of Life,
612,Stipa,Stipa,17798,17803,4.21,1,NO_ANNOT,,,Exact,0,Stipa,Stipa,7NQM,1,Catalogue of Life,
613,Stratiomyidae,Stratiomyidae,17811,17824,4.90,1,NO_ANNOT,,,Exact,0,Stratiomyidae,Stratiomyidae,GQH,1,Catalogue of Life,
614,Strigilla,Strigilla,17829,17838,6.20,1,NO_ANNOT,,,Exact,0,"Strigilla W. Turton, 1822",Strigilla,7PHLG,1,Catalogue of Life,
615,Struthiolaria,Struthiolaria,17867,17880,5.46,1,NO_ANNOT,,,Exact,0,"Struthiolaria Lamarck, 1816",Struthiolaria,7PHNB,1,Catalogue of Life,
616,Sturnella,Sturnella,17885,17894,6.20,1,NO_ANNOT,,,Exact,0,"Sturnella Vieillot, 1816",Sturnella,7PLT,1,Catalogue of Life,
617,Subulina,Subulina,17907,17915,3.96,1,NO_ANNOT,,,Exact,0,"Subulina H. Beck, 1837",Subulina,7PHRK,1,Catalogue of Life,
618,Succinea,Succinea,17920,17928,5.02,1,NO_ANNOT,,,Exact,0,"Succinea Draparnaud, 1801",Succinea,87HG8,1,Catalogue of Life,
619,Surirella,Surirella,17933,17942,6.20,1,NO_ANNOT,,,Exact,0,"Surirella Turpin, 1828",Surirella,urn:lsid:irmng.org:taxname:1372330,181,IRMNG,
620,Swertia,Swertia,17947,17954,4.87,1,NO_ANNOT,,,Exact,0,Swertia L.,Swertia,7QKR,1,Catalogue of Life,
621,Sylvania,Sylvania,17958,17966,3.87,1,NO_ANNOT,,,Exact,0,"Sylvania Nuttall, 1832",Sylvania,urn:lsid:irmng.org:taxname:1338271,181,IRMNG,
622,Sympetrum,Sympetrum,17970,17979,5.42,1,NO_ANNOT,,,Exact,0,Sympetrum,Sympetrum,64658,1,Catalogue of Life,
623,Symphoricarpos,Symphoricarpos,17984,17998,4.42,1,NO_ANNOT,,,Exact,0,Symphoricarpos Dill. ex Juss.,Symphoricarpos,7QV6,1,Catalogue of Life,
624,Synodontidae,Synodontidae,18010,18022,4.81,1,NO_ANNOT,,,Exact,0,Synodontidae,Synodontidae,GV9,1,Catalogue of Life,
625,Synodus,Synodus,18027,18034,4.54,1,NO_ANNOT,,,Exact,0,Synodus,Synodus,7RBS,1,Catalogue of Life,
626,Synthyris,Synthyris,18068,18077,5.06,1,NO_ANNOT,,,Exact,0,Synthyris Benth.,Synthyris,7Q3HB,1,Catalogue of Life,
627,Syrnium,Syrnium,18085,18092,4.86,1,NO_ANNOT,,,Exact,0,"Syrnium Savigny, 1809",Syrnium,urn:lsid:marinespecies.org:taxname:1476318,9,WoRMS,
628,Syrphus,Syrphus,18110,18117,4.40,1,NO_ANNOT,,,Exact,0,Syrphus,Syrphus,7RL9,1,Catalogue of Life,
629,Tabanus,Tabanus,18136,18143,5.34,1,NO_ANNOT,,,Exact,0,Tabanus,Tabanus,87KW8,1,Catalogue of Life,
630,Tabulina,Tabulina,18148,18156,3.96,1,NO_ANNOT,,,Exact,0,"Tabulina J. Brun, 1889",Tabulina,urn:lsid:irmng.org:taxname:1372887,181,IRMNG,
631,Tachycineta,Tachycineta,18161,18172,5.48,1,NO_ANNOT,,,Exact,0,"Tachycineta Cabanis, 1850",Tachycineta,7RSR,1,Catalogue of Life,
632,Tagelus,Tagelus,18186,18193,5.50,1,NO_ANNOT,,,Exact,0,"Tagelus Gray, 1847",Tagelus,7PHXP,1,Catalogue of Life,
633,Tagetes,Tagetes,18199,18206,2.96,1,NO_ANNOT,,,Exact,0,Tagetes L.,Tagetes,7RYV,1,Catalogue of Life,
634,Talinum,Talinum,18215,18222,4.54,1,NO_ANNOT,,,Exact,0,Talinum Adans.,Talinum,7S7R,1,Catalogue of Life,
635,Tamias,Tamias,18240,18246,4.79,1,NO_ANNOT,,,Exact,0,"Tamias Illiger, 1811",Tamias,63TGT,1,Catalogue of Life,
636,Tatua,Tatua,18255,18260,2.73,1,NO_ANNOT,,,Exact,0,"Tatua Saussure, 1854",Tatua,urn:lsid:irmng.org:taxname:1321682,181,IRMNG,
637,Taxodium,Taxodium,18265,18273,5.11,1,NO_ANNOT,,,Exact,0,Taxodium,Taxodium,7T6Q,1,Catalogue of Life,
638,Tecoma,Tecoma,18278,18284,4.40,1,NO_ANNOT,,,Exact,0,Tecoma Juss.,Tecoma,7T8R,1,Catalogue of Life,
639,Telephoromyia,Telephoromyia,18305,18318,6.03,1,NO_ANNOT,,,Exact,0,"Telephoromyia Guérin-Méneville, 1838",Telephoromyia,urn:lsid:irmng.org:taxname:1160756,181,IRMNG,
640,Tellina,Tellina,18322,18329,3.72,1,NO_ANNOT,,,Exact,0,"Tellina Linnaeus, 1758",Tellina,7PJ5H,1,Catalogue of Life,
641,Tethys,Tethys,18370,18376,4.61,1,NO_ANNOT,,,Exact,0,"Tethys Linnaeus, 1767",Tethys,7PJ8S,1,Catalogue of Life,
642,Thalossoma,Thalossoma,18400,18410,5.28,1,NO_ANNOT,,,NoMatch,,,,,,,,
643,Thaumasia,Thaumasia,18442,18451,4.06,1,NO_ANNOT,,,Exact,0,"Thaumasia C.A. Agardh, 1824",Thaumasia,7PJBV,1,Catalogue of Life,
644,Thryothorus,Thryothorus,18460,18471,5.72,1,NO_ANNOT,,,Exact,0,"Thryothorus Vieillot, 1816",Thryothorus,7WDV,1,Catalogue of Life,
645,Thynnus,Thynnus,18476,18483,5.34,1,NO_ANNOT,,,Exact,0,"Thynnus Browne, 1789",Thynnus,urn:lsid:marinespecies.org:taxname:345044,9,WoRMS,
646,Tigarea,Tigarea,18487,18494,4.05,1,NO_ANNOT,,,Exact,0,Tigarea Aubl.,Tigarea,5THF3,1,Catalogue of Life,
647,Tomelasmus,Tomelasmus,18498,18508,5.49,1,NO_ANNOT,,,Exact,0,"Tomelasmus Pilsbry & Vanatta, 1898",Tomelasmus,7PJLR,1,Catalogue of Life,
648,Tomigerus,Tomigerus,18522,18531,5.43,1,NO_ANNOT,,,Exact,0,"Tomigerus Spix, 1827",Tomigerus,7PJLX,1,Catalogue of Life,
649,Tornatina,Tornatina,18536,18545,4.13,1,NO_ANNOT,,,Exact,0,"Tornatina A. Adams, 1850",Tornatina,567147,3,ITIS,
650,Tonicella,Tonicella,18550,18559,6.20,1,NO_ANNOT,,,Exact,0,"Tonicella Carpenter, 1873",Tonicella,7PJMC,1,Catalogue of Life,
651,Totanus,Totanus,18564,18571,5.34,1,NO_ANNOT,,,Exact,0,"Totanus Cuvier, 1800",Totanus,urn:lsid:marinespecies.org:taxname:1453464,9,WoRMS,
652,Trachelia,Trachelia,18589,18598,4.56,1,NO_ANNOT,,,Exact,0,"Trachelia Scopoli, 1769",Trachelia,urn:lsid:irmng.org:taxname:1320082,181,IRMNG,
653,Trachinus,Trachinus,18619,18628,5.76,1,NO_ANNOT,,,Exact,0,Trachinus,Trachinus,7Y9N,1,Catalogue of Life,
654,Trachurus,Trachurus,18633,18642,5.43,1,NO_ANNOT,,,Exact,0,Trachurus,Trachurus,647YM,1,Catalogue of Life,
655,Trachydermon,Trachydermon,18647,18659,5.11,1,NO_ANNOT,,,Exact,0,"Trachydermon Carpenter, 1864",Trachydermon,urn:lsid:irmng.org:taxname:1016791,181,IRMNG,
656,Tramea,Tramea,18701,18707,4.05,1,NO_ANNOT,,,Exact,0,Tramea,Tramea,7YJ8,1,Catalogue of Life,
657,Triceratium,Triceratium,18716,18727,5.57,1,NO_ANNOT,,,Exact,0,"Triceratium Ehrenberg, 1839",Triceratium,urn:lsid:irmng.org:taxname:1269049,181,IRMNG,
658,Trichechus,Trichechus,18732,18742,4.99,1,NO_ANNOT,,,Exact,0,"Trichechus Linnaeus, 1758",Trichechus,7Z4Y,1,Catalogue of Life,
659,Trichotropis,Trichotropis,18751,18763,6.22,1,NO_ANNOT,,,Exact,0,"Trichotropis Broderip & G. B. Sowerby I, 1829",Trichotropis,7PJVK,1,Catalogue of Life,
660,Trigla,Trigla,18797,18803,3.57,1,NO_ANNOT,,,Exact,0,Trigla,Trigla,7ZX3,1,Catalogue of Life,
661,Trigonia,Trigonia,18822,18830,3.87,1,NO_ANNOT,,,Exact,0,"Trigonia Bruguière, 1789",Trigonia,7PJW8,1,Catalogue of Life,
662,Tringa,Tringa,18871,18877,4.50,1,NO_ANNOT,,,Exact,0,"Tringa Linnaeus, 1758",Tringa,8288,1,Catalogue of Life,
663,Troglodytes,Troglodytes,18914,18925,3.67,1,NO_ANNOT,,,Exact,0,"Troglodytes Vieillot, 1809",Troglodytes,647TW,1,Catalogue of Life,
664,Tropidurus,Tropidurus,18941,18951,5.60,1,NO_ANNOT,,,Exact,0,Tropidurus,Tropidurus,834J,1,Catalogue of Life,
665,Trypeta,Trypeta,18956,18963,4.77,1,NO_ANNOT,,,Exact,0,Trypeta,Trypeta,63W75,1,Catalogue of Life,
666,Tupinambis,Tupinambis,18995,19005,5.00,1,NO_ANNOT,,,Exact,0,Tupinambis,Tupinambis,83RB,1,Catalogue of Life,
667,Turbo,Turbo,19023,19028,2.73,1,NO_ANNOT,,,Exact,0,"Turbo Linnaeus, 1758",Turbo,7PK9T,1,Catalogue of Life,
668,Turbonilla,Turbonilla,19033,19043,6.37,1,NO_ANNOT,,,Exact,0,"Turbonilla Risso, 1826",Turbonilla,7PKB4,1,Catalogue of Life,
669,Turdus,Turdus,19052,19058,4.25,1,NO_ANNOT,,,Exact,0,"Turdus Linnaeus, 1758",Turdus,647VS,1,Catalogue of Life,
670,Turritella,Turritella,19066,19076,6.37,1,NO_ANNOT,,,Exact,0,"Turritella Lamarck, 1799",Turritella,87HM6,1,Catalogue of Life,
671,Tylonycteris,Tylonycteris,19094,19106,5.58,1,NO_ANNOT,,,Exact,0,"Tylonycteris Peters, 1872",Tylonycteris,843N,1,Catalogue of Life,
672,Tyrannus,Tyrannus,19111,19119,5.59,1,NO_ANNOT,,,Exact,0,"Tyrannus Lacepede, 1799",Tyrannus,84CR,1,Catalogue of Life,
673,Umbrina,Umbrina,19156,19163,3.72,1,NO_ANNOT,,,Exact,0,Umbrina,Umbrina,84RX,1,Catalogue of Life,
674,Uria,Uria,19168,19172,3.34,1,NO_ANNOT,,,Exact,0,"Uria Brisson, 1760",Uria,855Y,1,Catalogue of Life,
675,Urinator,Urinator,19181,19189,3.88,1,NO_ANNOT,,,Exact,0,"Urinator Lacepède, 1799",Urinator,urn:lsid:irmng.org:taxname:1215805,181,IRMNG,
676,Urocoptis,Urocoptis,19246,19255,5.81,1,NO_ANNOT,,,Exact,0,"Urocoptis H. Beck, 1837",Urocoptis,7PKJM,1,Catalogue of Life,
677,Urophycis,Urophycis,19276,19285,4.68,1,NO_ANNOT,,,Exact,0,Urophycis,Urophycis,63W9K,1,Catalogue of Life,
678,Urosalpinx,Urosalpinx,19290,19300,4.45,1,NO_ANNOT,,,Exact,0,"Urosalpinx Stimpson, 1865",Urosalpinx,7PKJV,1,Catalogue of Life,
679,Urostrophus,Urostrophus,19309,19320,5.11,1,NO_ANNOT,,,Exact,0,"Urostrophus Duméril & Bibron, 1837",Urostrophus,87L9G,1,Catalogue of Life,
680,Vaccinium,Vaccinium,19351,19360,5.28,1,NO_ANNOT,,,Exact,0,Vaccinium L.,Vaccinium,85LF,1,Catalogue of Life,
681,Veleda,Veleda,19368,19374,3.87,1,NO_ANNOT,,,Exact,0,"Veleda Conrad, 1870",Veleda,urn:lsid:irmng.org:taxname:1193408,181,IRMNG,
682,Vendrysia,Vendrysia,19379,19388,4.06,1,NO_ANNOT,,,Exact,0,"Vendrysia Pilsbry, 1903",Vendrysia,urn:lsid:irmng.org:taxname:1180949,181,IRMNG,
683,Veniella,Veniella,19393,19401,6.03,1,NO_ANNOT,,,Exact,0,"Veniella Stoliczka, 1870",Veniella,urn:lsid:irmng.org:taxname:1426521,181,IRMNG,
684,Veratrum,Veratrum,19416,19424,5.25,1,NO_ANNOT,,,Exact,0,Veratrum,Veratrum,86BN,1,Catalogue of Life,
685,Vespertilio,Vespertilio,19457,19468,5.05,1,NO_ANNOT,,,Exact,0,"Vespertilio Linnaeus, 1758",Vespertilio,86JY,1,Catalogue of Life,
686,Vesperus,Vesperus,19473,19481,5.26,1,NO_ANNOT,,,Exact,0,Vesperus,Vesperus,86K3,1,Catalogue of Life,
687,Volutomitra,Volutomitra,19571,19582,5.19,1,NO_ANNOT,,,Exact,0,"Volutomitra H. Adams & A. Adams, 1853",Volutomitra,7PKXV,1,Catalogue of Life,
688,Weldenia,Weldenia,19596,19604,3.87,1,NO_ANNOT,,,Exact,0,Weldenia,Weldenia,87RS,1,Catalogue of Life,
689,Wigandia,Wigandia,19619,19627,3.92,1,NO_ANNOT,,,Exact,0,Wigandia Kunth,Wigandia,649G5,1,Catalogue of Life,
690,Xenopicus,Xenopicus,19664,19673,6.17,1,NO_ANNOT,,,Exact,0,"Xenopicus Baird, 1858",Xenopicus,urn:lsid:irmng.org:taxname:1448615,181,IRMNG,
691,Xerophyllum,Xerophyllum,19678,19689,6.15,1,NO_ANNOT,,,Exact,0,Xerophyllum,Xerophyllum,87BS9,1,Catalogue of Life,
692,Yoldia,Yoldia,19702,19708,3.37,1,NO_ANNOT,,,Exact,0,"Yoldia Møller, 1842",Yoldia,7PL8G,1,Catalogue of Life,
693,Zenaidura,Zenaidura,19735,19744,5.48,1,NO_ANNOT,,,Exact,0,"Zenaidura Bonaparte, 1854",Zenaidura,urn:lsid:irmng.org:taxname:1224442,181,IRMNG,
694,Zexmenia,Zexmenia,19760,19768,3.87,1,NO_ANNOT,,,Exact,0,Zexmenia La Llave,Zexmenia,648L3,1,Catalogue of Life,
695,Zizania,Zizania,19784,19791,3.62,1,NO_ANNOT,,,Exact,0,Zizania,Zizania,648NB,1,Catalogue of Life,
696,Zonites,Zonites,19799,19806,2.96,1,NO_ANNOT,,,Exact,0,"Zonites Montfort, 1810",Zonites,7PLG3,1,Catalogue of Life,
697,Zonochroa,Zonochroa,19810,19819,4.28,1,NO_ANNOT,,,Exact,0,"Zonochroa Brauer & Bergenstamm, 1891",Zonochroa,urn:lsid:irmng.org:taxname:1223206,181,IRMNG,
698,Zonotrichia,Zonotrichia,19824,19835,4.71,1,NO_ANNOT,,,Exact,0,"Zonotrichia Swainson, 1832",Zonotrichia,8B4V,1,Catalogue of Life,
699,Zornia,Zornia,19844,19850,3.32,1,NO_ANNOT,,,Exact,0,Zornia,Zornia,8B77,1,Catalogue of Life,
700,Zygadenus,Zygadenus,19859,19868,5.76,1,NO_ANNOT,,,Exact,0,Zygadenus Michx.,Zygadenus,24919-1,167,IPNI,
701,Zygonyx,Zygonyx,19876,19883,4.04,1,NO_ANNOT,,,Exact,0,Zygonyx,Zygonyx,8BDL,1,Catalogue of Life,
702,Odonata,Odonata,20631,20638,2.71,1,NO_ANNOT,,,Exact,0,Odonata,Odonata,3P7,1,Catalogue of Life,
703,Notes,Notes,20776,20781,2.52,1,NO_ANNOT,,,Exact,0,Notes,Notes,3950760,168,ION,
704,Notes,Notes,21253,21258,2.52,1,NO_ANNOT,,,Exact,0,Notes,Notes,3950760,168,ION,
705,Halia,Halia,21575,21580,3.70,1,NO_ANNOT,,,Exact,0,Halia St.-Lag.,Halia,7MZWX,1,Catalogue of Life,
706,Hymenoptera,Hymenoptera,21862,21873,5.44,1,NO_ANNOT,,,Exact,0,Hymenoptera,Hymenoptera,HYM,1,Catalogue of Life,
707,Vespida,Vespida,21891,21898,1.95,1,NO_ANNOT,,,Exact,0,Vespida Laicharting 1871,Vespida,1493688,168,ION,
708,Centris,Centris,21973,21980,4.64,1,NO_ANNOT,,,Exact,0,"Centris Fabricius, 1804",Centris,3K7N,1,Catalogue of Life,
709,Diptera,Diptera,22853,22860,4.73,1,NO_ANNOT,,,Exact,0,Diptera Borkh.,Diptera,5T8Z6,1,Catalogue of Life,
710,Notes,Notes,23242,23247,2.52,1,NO_ANNOT,,,Exact,0,Notes,Notes,3950760,168,ION,
711,Viburnum lantanoides,Viburnum lantanoides,23265,23285,10.16,2,NO_ANNOT,,,Exact,0,Viburnum lantanoides Michx.,Viburnum lantanoides,5BC9Z,1,Catalogue of Life,
712,Tethys,Tethys,23339,23345,4.61,1,NO_ANNOT,,,Exact,0,"Tethys Linnaeus, 1767",Tethys,7PJ8S,1,Catalogue of Life,
713,Notes,Notes,24120,24125,2.52,1,NO_ANNOT,,,Exact,0,Notes,Notes,3950760,168,ION,
714,Hyalodendron navalium,Hyalodendron navalium,24506,24527,11.76,2,NO_ANNOT,,,Exact,0,"Hyalodendron navalium Moore, 1898",Hyalodendron navalium,6MGV3,1,Catalogue of Life,
715,Eunotia major,Eunotia major,24929,24942,5.80,2,NO_ANNOT,,,Exact,0,Eunotia major (W.Smith) Rabenhorst,Eunotia major,33495,195,AlgaeBase,
716,Odontostomus,Odontostomus,25225,25237,5.85,1,NO_ANNOT,,,Exact,0,"Odontostomus H. Beck, 1837",Odontostomus,7PB55,1,Catalogue of Life,
717,Mollusca,Mollusca,25408,25416,4.51,1,NO_ANNOT,,,Exact,0,Mollusca,Mollusca,M2L,1,Catalogue of Life,
718,Binneya,Binneya,25554,25561,4.52,1,NO_ANNOT,,,Exact,0,"Binneya J.G. Cooper, 1863",Binneya,7NQRM,1,Catalogue of Life,
719,Hemphillia,Hemphillia,25562,25572,4.73,1,NO_ANNOT,,,Exact,0,"Hemphillia Bland & W. G. Binney, 1872",Hemphillia,7P52T,1,Catalogue of Life,
720,Hesperarion,Hesperarion,25573,25584,3.23,1,NO_ANNOT,,,Exact,0,"Hesperarion Simroth, 1891",Hesperarion,7P54B,1,Catalogue of Life,
721,Prophysaon,Prophysaon,25585,25595,4.15,1,NO_ANNOT,,,Exact,0,"Prophysaon Bland & W.G. Binney, 1873",Prophysaon,7PDHH,1,Catalogue of Life,
722,Anadenulus.,Anadenulus,25600,25611,6.09,1,NO_ANNOT,,,Exact,0,"Anadenulus Cockerell, 1890",Anadenulus,7NNYS,1,Catalogue of Life,
723,Cerion,Cerion,25774,25780,2.23,1,NO_ANNOT,,,Exact,0,"Cerion Röding, 1798",Cerion,7NSCC,1,Catalogue of Life,
724,Notes,Notes,26537,26542,2.52,1,NO_ANNOT,,,Exact,0,Notes,Notes,3950760,168,ION,
725,Notes,Notes,26661,26666,2.52,1,NO_ANNOT,,,Exact,0,Notes,Notes,3950760,168,ION,
726,Insecta,Insecta,27075,27082,4.74,1,NO_ANNOT,,,Exact,0,Insecta,Insecta,H6,1,Catalogue of Life,
727,Oryzomys palustris,Oryzomys palustris,27375,27393,12.31,2,NO_ANNOT,,,Exact,0,"Oryzomys palustris (Harlan, 1837)",Oryzomys palustris,6SYYN,1,Catalogue of Life,
728,Gerrhonotus,Gerrhonotus,27621,27632,5.74,1,NO_ANNOT,,,Exact,0,"Gerrhonotus Peters, 1876: 297 (Fide Smith & Taylor, 1950)",Gerrhonotus,87G5X,1,Catalogue of Life,
729,EUNOTIA.,Eunotia,28497,28505,4.87,1,NO_ANNOT,,,Exact,0,"Eunotia C.G. Ehrenberg, 1837",Eunotia,urn:lsid:marinespecies.org:taxname:149402,9,WoRMS,
730,EUNOTIA.,Eunotia,28556,28564,4.87,1,NO_ANNOT,,,Exact,0,"Eunotia C.G. Ehrenberg, 1837",Eunotia,urn:lsid:marinespecies.org:taxname:149402,9,WoRMS,
731,TETHYS,Tethys,28577,28583,4.61,1,NO_ANNOT,,,Exact,0,"Tethys Linnaeus, 1767",Tethys,7PJ8S,1,Catalogue of Life,
732,.'HYALODENDRON,Hyalodendron,29567,29581,5.00,1,NO_ANNOT,,,Exact,0,Hyalodendron,Hyalodendron,636LM,1,Catalogue of Life,
733,HYALODENDRON,Hyalodendron,29608,29620,5.00,1,NO_ANNOT,,,Exact,0,Hyalodendron,Hyalodendron,636LM,1,Catalogue of Life,
