Index,Verbatim,Name,Start,End,OddsLog10,Cardinality,AnnotNomenType,WordsBefore,WordsAfter,VerifMatchType,VerifEditDistance,VerifMatchedName,VerifMatchedCanonical,VerifTaxonId,VerifDataSourceId,VerifDataSourceTitle,VerifError
0,NOTES,Notes,0,5,2.52,1,NO_ANNOT,,,Exact,0,Notes,Notes,3950760,168,ION,
1,COMPSEMYS,Compsemys,73,82,5.24,1,NO_ANNOT,,,Exact,0,"Compsemys Leidy, 1857",Compsemys,urn:lsid:irmng.org:taxname:1222736,181,IRMNG,
2,Compsemys,Compsemys,100,109,5.24,1,NO_ANNOT,,,Exact,0,"Compsemys Leidy, 1857",Compsemys,urn:lsid:irmng.org:taxname:1222736,181,IRMNG,
3,Compsemys vlctus,Compsemys vlctus,488,504,7.29,2,NO_ANNOT,,,PartialExact,0,"Compsemys Leidy, 1857",Compsemys,urn:lsid:irmng.org:taxname:1222736,181,IRMNG,
4,Emys ohscurus,Emys ohscurus,671,684,10.54,2,NO_ANNOT,,,Fuzzy,1,Emys obscurus (Leidy 1856),Emys obscurus,94805,172,PaleoBioDB,
5,Compsemys victus.,Compsemys victus,724,741,12.32,2,NO_ANNOT,,,Exact,0,Compsemys victus Leidy 1856,Compsemys victus,94804,172,PaleoBioDB,
6,Compsemys ogmius,Compsemys ogmius,759,775,11.59,2,NO_ANNOT,,,Exact,0,Compsemys ogmius (Cope 1875),Compsemys ogmius,70367,172,PaleoBioDB,
7,"Compsemys ivibricarius,",Compsemys ivibricarius,901,924,7.53,2,NO_ANNOT,,,PartialExact,0,"Compsemys Leidy, 1857",Compsemys,urn:lsid:irmng.org:taxname:1222736,181,IRMNG,
8,C. variolosus.,C. variolosus,929,943,6.88,2,NO_ANNOT,,,NoMatch,,,,,,,,
9,Compsemys,Compsemys,1041,1050,5.24,1,NO_ANNOT,,,Exact,0,"Compsemys Leidy, 1857",Compsemys,urn:lsid:irmng.org:taxname:1222736,181,IRMNG,
10,Compsemys plicatulus.,Compsemys plicatulus,1134,1155,12.48,2,NO_ANNOT,,,Exact,0,Compsemys plicatulus (Cope 1877),Compsemys plicatulus,65857,172,PaleoBioDB,
11,Dinosaurs,Dinosaurs,1209,1218,1.59,1,NO_ANNOT,,,Exact,0,Dinosaurs,Dinosaurs,2481219,168,ION,
12,Compsemys,Compsemys,1417,1426,5.24,1,NO_ANNOT,,,Exact,0,"Compsemys Leidy, 1857",Compsemys,urn:lsid:irmng.org:taxname:1222736,181,IRMNG,
13,Vertebrata,Vertebrata,1565,1575,4.90,1,NO_ANNOT,,,Exact,0,"Vertebrata S.F. Gray, 1821",Vertebrata,urn:lsid:irmng.org:taxname:1086832,181,IRMNG,
14,Vertebrata,Vertebrata,1787,1797,4.90,1,NO_ANNOT,,,Exact,0,"Vertebrata S.F. Gray, 1821",Vertebrata,urn:lsid:irmng.org:taxname:1086832,181,IRMNG,
15,Batrachia,Batrachia,1962,1971,4.42,1,NO_ANNOT,,,Exact,0,Conophytum sect. Batrachia Opel & S.A.Hammer,Batrachia,1008552-1,167,IPNI,
16,Vertebrata,Vertebrata,2078,2088,4.90,1,NO_ANNOT,,,Exact,0,"Vertebrata S.F. Gray, 1821",Vertebrata,urn:lsid:irmng.org:taxname:1086832,181,IRMNG,
17,Emys,Emys,2643,2647,3.73,1,NO_ANNOT,,,Exact,0,"Emys Duméril & Bibron, 1835",Emys,87FTX,1,Catalogue of Life,
18,Testudinata,Testudinata,2734,2745,3.41,1,NO_ANNOT,,,Exact,0,"Testudinata Joyce, Parham & Gauthier, 2004",Testudinata,1074073,2,Wikispecies,
19,Compsemys plicatulus,Compsemys plicatulus,3311,3331,12.48,2,NO_ANNOT,,,Exact,0,Compsemys plicatulus (Cope 1877),Compsemys plicatulus,65857,172,PaleoBioDB,
20,Compsemys plicatulus,Compsemys plicatulus,3495,3515,12.48,2,NO_ANNOT,,,Exact,0,Compsemys plicatulus (Cope 1877),Compsemys plicatulus,65857,172,PaleoBioDB,
21,"Testudinata,'",Testudinata,4083,4096,3.41,1,NO_ANNOT,,,Exact,0,"Testudinata Joyce, Parham & Gauthier, 2004",Testudinata,1074073,2,Wikispecies,
22,"Amphichelydia,",Amphichelydia,4164,4178,3.09,1,NO_ANNOT,,,Exact,0,Amphichelydia (awaiting allocation),Amphichelydia,urn:lsid:irmng.org:taxname:116843,181,IRMNG,
23,Compsemys plicatulus,Compsemys plicatulus,4255,4275,12.48,2,NO_ANNOT,,,Exact,0,Compsemys plicatulus (Cope 1877),Compsemys plicatulus,65857,172,PaleoBioDB,
24,Testudinata.,Testudinata,5078,5090,3.41,1,NO_ANNOT,,,Exact,0,"Testudinata Joyce, Parham & Gauthier, 2004",Testudinata,1074073,2,Wikispecies,
25,"Testudinata.""",Testudinata,5279,5292,3.41,1,NO_ANNOT,,,Exact,0,"Testudinata Joyce, Parham & Gauthier, 2004",Testudinata,1074073,2,Wikispecies,
26,Glyptops,Glyptops,5375,5383,4.23,1,NO_ANNOT,,,Exact,0,"Glyptops Marsh, 1890",Glyptops,urn:lsid:irmng.org:taxname:1079247,181,IRMNG,
27,"Testudinata,",Testudinata,5672,5684,3.41,1,NO_ANNOT,,,Exact,0,"Testudinata Joyce, Parham & Gauthier, 2004",Testudinata,1074073,2,Wikispecies,
28,Chelydra serpentina,Chelydra serpentina,5773,5792,12.19,2,NO_ANNOT,,,Exact,0,"Chelydra serpentina (Linnaeus, 1758)",Chelydra serpentina,TWRZ,1,Catalogue of Life,
29,"Chelone,",Chelone,6177,6185,3.14,1,NO_ANNOT,,,Exact,0,Chelone L.,Chelone,3MP8,1,Catalogue of Life,
30,Testudinata.,Testudinata,7361,7373,3.41,1,NO_ANNOT,,,Exact,0,"Testudinata Joyce, Parham & Gauthier, 2004",Testudinata,1074073,2,Wikispecies,
31,Testudinata,Testudinata,7716,7727,3.41,1,NO_ANNOT,,,Exact,0,"Testudinata Joyce, Parham & Gauthier, 2004",Testudinata,1074073,2,Wikispecies,
32,Chelone,Chelone,7811,7818,3.14,1,NO_ANNOT,,,Exact,0,Chelone L.,Chelone,3MP8,1,Catalogue of Life,
33,Testudinata,Testudinata,8134,8145,3.41,1,NO_ANNOT,,,Exact,0,"Testudinata Joyce, Parham & Gauthier, 2004",Testudinata,1074073,2,Wikispecies,
34,Chelydra.,Chelydra,8373,8382,4.93,1,NO_ANNOT,,,Exact,0,Chelydra,Chelydra,3MQM,1,Catalogue of Life,
35,Testudinata.,Testudinata,8588,8600,3.41,1,NO_ANNOT,,,Exact,0,"Testudinata Joyce, Parham & Gauthier, 2004",Testudinata,1074073,2,Wikispecies,
36,"Chelydra,",Chelydra,9091,9100,4.93,1,NO_ANNOT,,,Exact,0,Chelydra,Chelydra,3MQM,1,Catalogue of Life,
37,Chelydra,Chelydra,9222,9230,4.93,1,NO_ANNOT,,,Exact,0,Chelydra,Chelydra,3MQM,1,Catalogue of Life,
38,Cryptodira,Cryptodira,9445,9455,3.33,1,NO_ANNOT,,,Exact,0,Cryptodira,Cryptodira,87BW5,1,Catalogue of Life,
39,Pleurodira.,Pleurodira,9460,9471,3.33,1,NO_ANNOT,,,Exact,0,Pleurodira,Pleurodira,87BW9,1,Catalogue of Life,
40,"Pinnata,",Pinnata,9514,9522,2.71,1,NO_ANNOT,,,Exact,0,Dracocephalum ser. Pinnata A.L.Budantzev,Pinnata,925706-1,167,IPNI,
41,"Cryptodira,",Cryptodira,9595,9606,3.33,1,NO_ANNOT,,,Exact,0,Cryptodira,Cryptodira,87BW5,1,Catalogue of Life,
42,Cryptodira,Cryptodira,9667,9677,3.33,1,NO_ANNOT,,,Exact,0,Cryptodira,Cryptodira,87BW5,1,Catalogue of Life,
43,Pleurodira.,Pleurodira,9894,9905,3.33,1,NO_ANNOT,,,Exact,0,Pleurodira,Pleurodira,87BW9,1,Catalogue of Life,
44,Dermochelys,Dermochelys,9940,9951,4.27,1,NO_ANNOT,,,Exact,0,"Dermochelys Blainville, 1816",Dermochelys,87FHP,1,Catalogue of Life,
45,Cryptodira.,Cryptodira,9962,9973,3.33,1,NO_ANNOT,,,Exact,0,Cryptodira,Cryptodira,87BW5,1,Catalogue of Life,
46,Cryptodira,Cryptodira,9978,9988,3.33,1,NO_ANNOT,,,Exact,0,Cryptodira,Cryptodira,87BW5,1,Catalogue of Life,
47,Amphichelydia,Amphichelydia,10008,10021,3.09,1,NO_ANNOT,,,Exact,0,Amphichelydia (awaiting allocation),Amphichelydia,urn:lsid:irmng.org:taxname:116843,181,IRMNG,
48,Pleurodira,Pleurodira,10209,10219,3.33,1,NO_ANNOT,,,Exact,0,Pleurodira,Pleurodira,87BW9,1,Catalogue of Life,
49,"Amphichelydia,",Amphichelydia,10239,10253,3.09,1,NO_ANNOT,,,Exact,0,Amphichelydia (awaiting allocation),Amphichelydia,urn:lsid:irmng.org:taxname:116843,181,IRMNG,
50,Plastron.,Plastron,10644,10653,4.31,1,NO_ANNOT,,,Exact,0,"Plastron Gistl, 1848",Plastron,urn:lsid:irmng.org:taxname:1164466,181,IRMNG,
51,"Compsemys,",Compsemys,11054,11064,5.24,1,NO_ANNOT,,,Exact,0,"Compsemys Leidy, 1857",Compsemys,urn:lsid:irmng.org:taxname:1222736,181,IRMNG,
52,"Compsemys plicatulus,",Compsemys plicatulus,11099,11120,12.48,2,NO_ANNOT,,,Exact,0,Compsemys plicatulus (Cope 1877),Compsemys plicatulus,65857,172,PaleoBioDB,
53,Testudinata,Testudinata,11251,11262,3.41,1,NO_ANNOT,,,Exact,0,"Testudinata Joyce, Parham & Gauthier, 2004",Testudinata,1074073,2,Wikispecies,
54,Macrochelys').,Macrochelys,11271,11285,4.27,1,NO_ANNOT,,,Exact,0,Macrochelys,Macrochelys,62Y4Y,1,Catalogue of Life,
55,Plastron.,Plastron,11490,11499,4.31,1,NO_ANNOT,,,Exact,0,"Plastron Gistl, 1848",Plastron,urn:lsid:irmng.org:taxname:1164466,181,IRMNG,
56,Gularia.,Gularia,11557,11565,4.43,1,NO_ANNOT,,,Exact,0,Gularia Garay,Gularia,893168-1,167,IPNI,
57,Brachialia.,Brachialia,11612,11623,3.11,1,NO_ANNOT,,,Exact,0,Brachialia,Brachialia,2920234,168,ION,
58,"Chelonia spec,",Chelonia spec,11632,11646,3.28,2,NO_ANNOT,,,PartialExact,0,"Chelonia Duméril & Bibron, 1835",Chelonia,87BST,1,Catalogue of Life,
59,Galapagos,Galapagos,11656,11665,2.37,1,NO_ANNOT,,,Exact,0,Galapagos,Galapagos,3059652,168,ION,
60,Cheloniidae).,Cheloniidae,11772,11785,4.57,1,NO_ANNOT,,,Exact,0,Cheloniidae,Cheloniidae,83J,1,Catalogue of Life,
61,Testudinata.,Testudinata,12143,12155,3.41,1,NO_ANNOT,,,Exact,0,"Testudinata Joyce, Parham & Gauthier, 2004",Testudinata,1074073,2,Wikispecies,
62,Plastron.,Plastron,12188,12197,4.31,1,NO_ANNOT,,,Exact,0,"Plastron Gistl, 1848",Plastron,urn:lsid:irmng.org:taxname:1164466,181,IRMNG,
63,Pleurodira,Pleurodira,13091,13101,3.33,1,NO_ANNOT,,,Exact,0,Pleurodira,Pleurodira,87BW9,1,Catalogue of Life,
64,Cryptodira.,Cryptodira,13111,13122,3.33,1,NO_ANNOT,,,Exact,0,Cryptodira,Cryptodira,87BW5,1,Catalogue of Life,
65,Pleurosternon.,Pleurosternon,13869,13883,4.90,1,NO_ANNOT,,,Exact,0,"Pleurosternon Owen, 1853",Pleurosternon,urn:lsid:irmng.org:taxname:1229831,181,IRMNG,
66,"Pleurodira,",Pleurodira,14001,14012,3.33,1,NO_ANNOT,,,Exact,0,Pleurodira,Pleurodira,87BW9,1,Catalogue of Life,
67,Cryptodira,Cryptodira,14092,14102,3.33,1,NO_ANNOT,,,Exact,0,Cryptodira,Cryptodira,87BW5,1,Catalogue of Life,
68,Trionychia.,Trionychia,14107,14118,2.97,1,NO_ANNOT,,,Exact,0,"Trionychia Hummel, 1929",Trionychia,948944,3,ITIS,
69,Testudinata,Testudinata,14203,14214,3.41,1,NO_ANNOT,,,Exact,0,"Testudinata Joyce, Parham & Gauthier, 2004",Testudinata,1074073,2,Wikispecies,
70,Chitracephalus,Chitracephalus,14350,14364,6.76,1,NO_ANNOT,,,Exact,0,"Chitracephalus Dollo, 1884",Chitracephalus,urn:lsid:irmng.org:taxname:1121621,181,IRMNG,
71,Testudinata.),Testudinata,14667,14680,3.41,1,NO_ANNOT,,,Exact,0,"Testudinata Joyce, Parham & Gauthier, 2004",Testudinata,1074073,2,Wikispecies,
72,Trionychia.,Trionychia,14720,14731,2.97,1,NO_ANNOT,,,Exact,0,"Trionychia Hummel, 1929",Trionychia,948944,3,ITIS,
73,Idiochelys,Idiochelys,14758,14768,4.15,1,NO_ANNOT,,,Exact,0,"Idiochelys Meyer, 1839",Idiochelys,urn:lsid:irmng.org:taxname:1386168,181,IRMNG,
74,Testudinata,Testudinata,14894,14905,3.41,1,NO_ANNOT,,,Exact,0,"Testudinata Joyce, Parham & Gauthier, 2004",Testudinata,1074073,2,Wikispecies,
75,"Podocnemididae,^",Podocnemididae,15057,15073,5.12,1,NO_ANNOT,,,Exact,0,Podocnemididae,Podocnemididae,627HH,1,Catalogue of Life,
76,Dermatemydidae.^,Dermatemydidae,15292,15308,5.12,1,NO_ANNOT,,,Exact,0,Dermatemydidae,Dermatemydidae,94R,1,Catalogue of Life,
77,"Staurotypidae,",Staurotypidae,15323,15337,4.90,1,NO_ANNOT,,,Exact,0,"Staurotypidae Gray, 1869",Staurotypidae,585641,3,ITIS,
78,"Chelydridae,",Chelydridae,15366,15378,4.57,1,NO_ANNOT,,,Exact,0,Chelydridae,Chelydridae,83M,1,Catalogue of Life,
79,"Cheloniidae,",Cheloniidae,15379,15391,4.57,1,NO_ANNOT,,,Exact,0,Cheloniidae,Cheloniidae,83J,1,Catalogue of Life,
80,Chelonia,Chelonia,15439,15447,3.87,1,NO_ANNOT,,,Exact,0,"Chelonia Duméril & Bibron, 1835",Chelonia,87BST,1,Catalogue of Life,
81,"Mydas,",Mydas,15448,15454,2.83,1,NO_ANNOT,,,Exact,0,Mydas,Mydas,5W7Y,1,Catalogue of Life,
82,"Testudinidae,",Testudinidae,15788,15801,4.81,1,NO_ANNOT,,,Exact,0,Testudinidae,Testudinidae,626NZ,1,Catalogue of Life,
83,"Testudinidae,",Testudinidae,15848,15861,4.81,1,NO_ANNOT,,,Exact,0,Testudinidae,Testudinidae,626NZ,1,Catalogue of Life,
84,Emydidae,Emydidae,15868,15876,4.11,1,NO_ANNOT,,,Exact,0,Emydidae,Emydidae,9NR,1,Catalogue of Life,
85,"Testudinidae,",Testudinidae,15899,15912,4.81,1,NO_ANNOT,,,Exact,0,Testudinidae,Testudinidae,626NZ,1,Catalogue of Life,
86,Emydidae,Emydidae,15919,15927,4.11,1,NO_ANNOT,,,Exact,0,Emydidae,Emydidae,9NR,1,Catalogue of Life,
87,Platysternidae.,Platysternidae,15934,15949,5.12,1,NO_ANNOT,,,Exact,0,Platysternidae,Platysternidae,62629,1,Catalogue of Life,
88,Testudo tabulata,Testudo tabulata,15985,16001,9.93,2,NO_ANNOT,,,Exact,0,"Testudo tabulata Schoepff, 1792",Testudo tabulata,8FPLR,1,Catalogue of Life,
89,Podocnemididae,Podocnemididae,16150,16164,5.12,1,NO_ANNOT,,,Exact,0,Podocnemididae,Podocnemididae,627HH,1,Catalogue of Life,
90,"[Podocnemis,",Podocnemis,16165,16177,5.61,1,NO_ANNOT,,,Exact,0,Podocnemis,Podocnemis,6TCL,1,Catalogue of Life,
91,Peltocephalus),Peltocephalus,16178,16192,6.54,1,NO_ANNOT,,,Exact,0,"Peltocephalus Tschudi, 1838",Peltocephalus,6KG6,1,Catalogue of Life,
92,Erymnochelys,Erymnochelys,16331,16343,4.51,1,NO_ANNOT,,,Exact,0,Erymnochelys,Erymnochelys,62S43,1,Catalogue of Life,
93,Testudinata,Testudinata,16624,16635,3.41,1,NO_ANNOT,,,Exact,0,"Testudinata Joyce, Parham & Gauthier, 2004",Testudinata,1074073,2,Wikispecies,
94,Compsemys,Compsemys,16797,16806,5.24,1,NO_ANNOT,,,Exact,0,"Compsemys Leidy, 1857",Compsemys,urn:lsid:irmng.org:taxname:1222736,181,IRMNG,
95,Pleurodira,Pleurodira,18028,18038,3.33,1,NO_ANNOT,,,Exact,0,Pleurodira,Pleurodira,87BW9,1,Catalogue of Life,
96,Cryptodira.,Cryptodira,18053,18064,3.33,1,NO_ANNOT,,,Exact,0,Cryptodira,Cryptodira,87BW5,1,Catalogue of Life,
97,Trionyx foveatus,Trionyx foveatus,18251,18267,11.60,2,NO_ANNOT,,,Exact,0,Trionyx foveatus (Leidy 1856),Trionyx foveatus,65120,172,PaleoBioDB,
98,"Testudinata,",Testudinata,18638,18650,3.41,1,NO_ANNOT,,,Exact,0,"Testudinata Joyce, Parham & Gauthier, 2004",Testudinata,1074073,2,Wikispecies,
99,Amphichelydia.,Amphichelydia,18689,18703,3.09,1,NO_ANNOT,,,Exact,0,Amphichelydia (awaiting allocation),Amphichelydia,urn:lsid:irmng.org:taxname:116843,181,IRMNG,
100,Trionychia,Trionychia,18708,18718,2.97,1,NO_ANNOT,,,Exact,0,"Trionychia Hummel, 1929",Trionychia,948944,3,ITIS,
101,Trionyx.,Trionyx,18968,18976,4.04,1,NO_ANNOT,,,Exact,0,"Trionyx Gray, 1870",Trionyx,87L6K,1,Catalogue of Life,
102,Trionychia,Trionychia,19145,19155,2.97,1,NO_ANNOT,,,Exact,0,"Trionychia Hummel, 1929",Trionychia,948944,3,ITIS,
103,Trionychia,Trionychia,19277,19287,2.97,1,NO_ANNOT,,,Exact,0,"Trionychia Hummel, 1929",Trionychia,948944,3,ITIS,
104,"Amia,",Amia,19323,19328,3.28,1,NO_ANNOT,,,Exact,0,Amia,Amia,TT8,1,Catalogue of Life,
105,Polyplerus,Polyplerus,19357,19367,5.60,1,NO_ANNOT,,,NoMatch,,,,,,,,
106,Calamoichthys,Calamoichthys,19372,19385,5.94,1,NO_ANNOT,,,Exact,0,"Calamoichthys Smith, 1866",Calamoichthys,urn:lsid:irmng.org:taxname:1196085,181,IRMNG,
107,Trionychia,Trionychia,19449,19459,2.97,1,NO_ANNOT,,,Exact,0,"Trionychia Hummel, 1929",Trionychia,948944,3,ITIS,
108,Pleurodira,Pleurodira,19554,19564,3.33,1,NO_ANNOT,,,Exact,0,Pleurodira,Pleurodira,87BW9,1,Catalogue of Life,
109,Dipnoi;,Dipnoi,19569,19576,1.26,1,NO_ANNOT,,,Exact,0,"Dipnoi J. P. Müller, 1844",Dipnoi,221,2,Wikispecies,
110,Dipnoi,Dipnoi,19662,19668,1.26,1,NO_ANNOT,,,Exact,0,"Dipnoi J. P. Müller, 1844",Dipnoi,221,2,Wikispecies,
111,Peltocephalns tracaxa,Peltocephalns tracaxa,19735,19756,2.65,2,NO_ANNOT,,,Fuzzy,1,Peltocephalus tracaxa,Peltocephalus tracaxa,385442,183,Sherborn Index Animalium,
112,Testudinata,Testudinata,19793,19804,3.41,1,NO_ANNOT,,,Exact,0,"Testudinata Joyce, Parham & Gauthier, 2004",Testudinata,1074073,2,Wikispecies,
113,Emydidae,Emydidae,20585,20593,4.11,1,NO_ANNOT,,,Exact,0,Emydidae,Emydidae,9NR,1,Catalogue of Life,
114,Testudinidae.,Testudinidae,20598,20611,4.81,1,NO_ANNOT,,,Exact,0,Testudinidae,Testudinidae,626NZ,1,Catalogue of Life,
115,Chelydridae.,Chelydridae,21070,21082,4.57,1,NO_ANNOT,,,Exact,0,Chelydridae,Chelydridae,83M,1,Catalogue of Life,
116,"Cryptodira,",Cryptodira,21419,21430,3.33,1,NO_ANNOT,,,Exact,0,Cryptodira,Cryptodira,87BW5,1,Catalogue of Life,
117,Pleurodira,Pleurodira,21431,21441,3.33,1,NO_ANNOT,,,Exact,0,Pleurodira,Pleurodira,87BW9,1,Catalogue of Life,
118,Trionychia.,Trionychia,21446,21457,2.97,1,NO_ANNOT,,,Exact,0,"Trionychia Hummel, 1929",Trionychia,948944,3,ITIS,
119,CRYPTODIRA.,Cryptodira,21461,21472,3.33,1,NO_ANNOT,,,Exact,0,Cryptodira,Cryptodira,87BW5,1,Catalogue of Life,
120,Cheloniidae,Cheloniidae,21476,21487,4.57,1,NO_ANNOT,,,Exact,0,Cheloniidae,Cheloniidae,83J,1,Catalogue of Life,
121,Chelonia),Chelonia,21589,21598,3.87,1,NO_ANNOT,,,Exact,0,"Chelonia Duméril & Bibron, 1835",Chelonia,87BST,1,Catalogue of Life,
122,Thulassochelys).,Thulassochelys,21609,21625,4.82,1,NO_ANNOT,,,NoMatch,,,,,,,,
123,Dermochelyidae,Dermochelyidae,21626,21640,5.12,1,NO_ANNOT,,,Exact,0,Dermochelyidae,Dermochelyidae,94Y,1,Catalogue of Life,
124,Platychelys,Platychelys,22173,22184,4.27,1,NO_ANNOT,,,Exact,0,"Platychelys Wagner, 1853",Platychelys,urn:lsid:irmng.org:taxname:1388914,181,IRMNG,
125,Staurotypidae;,Staurotypidae,22392,22406,4.90,1,NO_ANNOT,,,Exact,0,"Staurotypidae Gray, 1869",Staurotypidae,585641,3,ITIS,
126,Platysternidae,Platysternidae,22534,22548,5.12,1,NO_ANNOT,,,Exact,0,Platysternidae,Platysternidae,62629,1,Catalogue of Life,
127,Emydidae;,Emydidae,22619,22628,4.11,1,NO_ANNOT,,,Exact,0,Emydidae,Emydidae,9NR,1,Catalogue of Life,
128,Testudinidae,Testudinidae,22697,22709,4.81,1,NO_ANNOT,,,Exact,0,Testudinidae,Testudinidae,626NZ,1,Catalogue of Life,
129,Adocidae;,Adocidae,22780,22789,4.11,1,NO_ANNOT,,,Exact,0,"Adocidae Cope, 1868",Adocidae,36974,2,Wikispecies,
130,PLEURODIRA.,Pleurodira,22862,22873,3.33,1,NO_ANNOT,,,Exact,0,Pleurodira,Pleurodira,87BW9,1,Catalogue of Life,
131,PoDOCNEMiDiDAE,Podocnemididae,22960,22974,5.12,1,NO_ANNOT,,,Exact,0,Podocnemididae,Podocnemididae,627HH,1,Catalogue of Life,
132,TRIONYCHIA.,Trionychia,23131,23142,2.97,1,NO_ANNOT,,,Exact,0,"Trionychia Hummel, 1929",Trionychia,948944,3,ITIS,
133,Trionychidae,Trionychidae,23143,23155,6.42,1,NO_ANNOT,,,Exact,0,Trionychidae,Trionychidae,HGX,1,Catalogue of Life,
134,Compsemys,Compsemys,23493,23502,5.24,1,NO_ANNOT,,,Exact,0,"Compsemys Leidy, 1857",Compsemys,urn:lsid:irmng.org:taxname:1222736,181,IRMNG,
135,Cryptodira.,Cryptodira,23519,23530,3.33,1,NO_ANNOT,,,Exact,0,Cryptodira,Cryptodira,87BW5,1,Catalogue of Life,
136,Pleurodira,Pleurodira,23597,23607,3.33,1,NO_ANNOT,,,Exact,0,Pleurodira,Pleurodira,87BW9,1,Catalogue of Life,
137,"Compsemys,",Compsemys,23747,23757,5.24,1,NO_ANNOT,,,Exact,0,"Compsemys Leidy, 1857",Compsemys,urn:lsid:irmng.org:taxname:1222736,181,IRMNG,
138,Cryptodira.,Cryptodira,23814,23825,3.33,1,NO_ANNOT,,,Exact,0,Cryptodira,Cryptodira,87BW5,1,Catalogue of Life,
139,"Pseudotrionyx,",Pseudotrionyx,24234,24248,5.08,1,NO_ANNOT,,,Exact,0,"Pseudotrionyx Dollo, 1886",Pseudotrionyx,urn:lsid:irmng.org:taxname:1215298,181,IRMNG,
140,Compsemys,Compsemys,24458,24467,5.24,1,NO_ANNOT,,,Exact,0,"Compsemys Leidy, 1857",Compsemys,urn:lsid:irmng.org:taxname:1222736,181,IRMNG,
141,Pleurodira,Pleurodira,24504,24514,3.33,1,NO_ANNOT,,,Exact,0,Pleurodira,Pleurodira,87BW9,1,Catalogue of Life,
142,Cryptodira.,Cryptodira,24519,24530,3.33,1,NO_ANNOT,,,Exact,0,Cryptodira,Cryptodira,87BW5,1,Catalogue of Life,
143,Cryptodira,Cryptodira,24535,24545,3.33,1,NO_ANNOT,,,Exact,0,Cryptodira,Cryptodira,87BW5,1,Catalogue of Life,
144,Pleurodira,Pleurodira,24605,24615,3.33,1,NO_ANNOT,,,Exact,0,Pleurodira,Pleurodira,87BW9,1,Catalogue of Life,
145,"Chelydra,",Chelydra,24777,24786,4.93,1,NO_ANNOT,,,Exact,0,Chelydra,Chelydra,3MQM,1,Catalogue of Life,
146,Chelys,Chelys,24868,24874,3.27,1,NO_ANNOT,,,Exact,0,"Chelys Oppel, 1811",Chelys,949108,3,ITIS,
147,Pleurodira,Pleurodira,24890,24900,3.33,1,NO_ANNOT,,,Exact,0,Pleurodira,Pleurodira,87BW9,1,Catalogue of Life,
148,Testudinidae.,Testudinidae,24909,24922,4.81,1,NO_ANNOT,,,Exact,0,Testudinidae,Testudinidae,626NZ,1,Catalogue of Life,
149,Testudinata.,Testudinata,24989,25001,3.41,1,NO_ANNOT,,,Exact,0,"Testudinata Joyce, Parham & Gauthier, 2004",Testudinata,1074073,2,Wikispecies,
150,"Stegocephalia,",Stegocephalia,25484,25498,3.56,1,NO_ANNOT,,,Exact,0,Stegocephalia,Stegocephalia,19204,168,ION,
151,Testudinata.^,Testudinata,25517,25530,3.41,1,NO_ANNOT,,,Exact,0,"Testudinata Joyce, Parham & Gauthier, 2004",Testudinata,1074073,2,Wikispecies,
152,Plesiosauria,Plesiosauria,25713,25725,5.37,1,NO_ANNOT,,,Exact,0,"Plesiosauria Blainville, 1835",Plesiosauria,7084,2,Wikispecies,
153,Plesiosauria,Plesiosauria,26124,26136,5.37,1,NO_ANNOT,,,Exact,0,"Plesiosauria Blainville, 1835",Plesiosauria,7084,2,Wikispecies,
154,Testudinata.^,Testudinata,26141,26154,3.41,1,NO_ANNOT,,,Exact,0,"Testudinata Joyce, Parham & Gauthier, 2004",Testudinata,1074073,2,Wikispecies,
155,Monotremata,Monotremata,26516,26527,5.03,1,NO_ANNOT,,,Exact,0,"Monotremata Bonaparte, 1837",Monotremata,3L5,1,Catalogue of Life,
156,Theromora.,Theromora,26536,26546,4.45,1,NO_ANNOT,,,Exact,0,Theromora,Theromora,3728006,168,ION,
157,"Plesiosauria,",Plesiosauria,26748,26761,5.37,1,NO_ANNOT,,,Exact,0,"Plesiosauria Blainville, 1835",Plesiosauria,7084,2,Wikispecies,
158,"Lariosaurus,",Lariosaurus,26777,26789,5.72,1,NO_ANNOT,,,Exact,0,"Lariosaurus Curioni, 1847",Lariosaurus,urn:lsid:irmng.org:taxname:1041541,181,IRMNG,
159,Testudinata,Testudinata,27110,27121,3.41,1,NO_ANNOT,,,Exact,0,"Testudinata Joyce, Parham & Gauthier, 2004",Testudinata,1074073,2,Wikispecies,
160,"Plesiosauria,",Plesiosauria,27126,27139,5.37,1,NO_ANNOT,,,Exact,0,"Plesiosauria Blainville, 1835",Plesiosauria,7084,2,Wikispecies,
161,Baena arenosa,Baena arenosa,27351,27364,11.73,2,NO_ANNOT,,,Exact,0,Baena arenosa Leidy 1870,Baena arenosa,67590,172,PaleoBioDB,
162,Compsemys,Compsemys,27957,27966,5.24,1,NO_ANNOT,,,Exact,0,"Compsemys Leidy, 1857",Compsemys,urn:lsid:irmng.org:taxname:1222736,181,IRMNG,
163,Chelydra,Chelydra,27986,27994,4.93,1,NO_ANNOT,,,Exact,0,Chelydra,Chelydra,3MQM,1,Catalogue of Life,
164,Chelys.,Chelys,27999,28006,3.27,1,NO_ANNOT,,,Exact,0,"Chelys Oppel, 1811",Chelys,949108,3,ITIS,
165,"Chelys,",Chelys,28024,28031,3.27,1,NO_ANNOT,,,Exact,0,"Chelys Oppel, 1811",Chelys,949108,3,ITIS,
166,Compsemys,Compsemys,28116,28125,5.24,1,NO_ANNOT,,,Exact,0,"Compsemys Leidy, 1857",Compsemys,urn:lsid:irmng.org:taxname:1222736,181,IRMNG,
167,Emydidae.,Emydidae,28215,28224,4.11,1,NO_ANNOT,,,Exact,0,Emydidae,Emydidae,9NR,1,Catalogue of Life,
168,Pleurodira,Pleurodira,28269,28279,3.33,1,NO_ANNOT,,,Exact,0,Pleurodira,Pleurodira,87BW9,1,Catalogue of Life,
169,Terrapene,Terrapene,28316,28325,3.94,1,NO_ANNOT,,,Exact,0,Terrapene,Terrapene,6478B,1,Catalogue of Life,
170,Emydidae.,Emydidae,28417,28426,4.11,1,NO_ANNOT,,,Exact,0,Emydidae,Emydidae,9NR,1,Catalogue of Life,
171,Emydidae;,Emydidae,28516,28525,4.11,1,NO_ANNOT,,,Exact,0,Emydidae,Emydidae,9NR,1,Catalogue of Life,
172,Compsemys,Compsemys,28652,28661,5.24,1,NO_ANNOT,,,Exact,0,"Compsemys Leidy, 1857",Compsemys,urn:lsid:irmng.org:taxname:1222736,181,IRMNG,
173,Cryptodira,Cryptodira,28826,28836,3.33,1,NO_ANNOT,,,Exact,0,Cryptodira,Cryptodira,87BW5,1,Catalogue of Life,
174,Pleurodira.,Pleurodira,28841,28852,3.33,1,NO_ANNOT,,,Exact,0,Pleurodira,Pleurodira,87BW9,1,Catalogue of Life,
175,Cryptodira,Cryptodira,28857,28867,3.33,1,NO_ANNOT,,,Exact,0,Cryptodira,Cryptodira,87BW5,1,Catalogue of Life,
176,Pinnata,Pinnata,29040,29047,2.71,1,NO_ANNOT,,,Exact,0,Dracocephalum ser. Pinnata A.L.Budantzev,Pinnata,925706-1,167,IPNI,
177,"Chelydridae,",Chelydridae,29208,29220,4.57,1,NO_ANNOT,,,Exact,0,Chelydridae,Chelydridae,83M,1,Catalogue of Life,
178,Staurotypidae,Staurotypidae,29221,29234,4.90,1,NO_ANNOT,,,Exact,0,"Staurotypidae Gray, 1869",Staurotypidae,585641,3,ITIS,
179,"Adocidae,",Adocidae,29322,29331,4.11,1,NO_ANNOT,,,Exact,0,"Adocidae Cope, 1868",Adocidae,36974,2,Wikispecies,
180,"Platysternidae,",Platysternidae,29578,29593,5.12,1,NO_ANNOT,,,Exact,0,Platysternidae,Platysternidae,62629,1,Catalogue of Life,
181,Emydidae,Emydidae,29594,29602,4.11,1,NO_ANNOT,,,Exact,0,Emydidae,Emydidae,9NR,1,Catalogue of Life,
182,Testudinidae.,Testudinidae,29607,29620,4.81,1,NO_ANNOT,,,Exact,0,Testudinidae,Testudinidae,626NZ,1,Catalogue of Life,
183,Pleurodira,Pleurodira,29625,29635,3.33,1,NO_ANNOT,,,Exact,0,Pleurodira,Pleurodira,87BW9,1,Catalogue of Life,
184,"Amphichelydia,",Amphichelydia,29655,29669,3.09,1,NO_ANNOT,,,Exact,0,Amphichelydia (awaiting allocation),Amphichelydia,urn:lsid:irmng.org:taxname:116843,181,IRMNG,
185,(Sternothaerus),Sternothaerus,29795,29810,6.05,1,NO_ANNOT,,,Exact,0,"Sternothaerus Bell, 1825",Sternothaerus,87KS6,1,Catalogue of Life,
186,"Pelomedusa,",Pelomedusa,29842,29853,5.05,1,NO_ANNOT,,,Exact,0,Pelomedusa,Pelomedusa,63KTR,1,Catalogue of Life,
187,Podocnemididae,Podocnemididae,29854,29868,5.12,1,NO_ANNOT,,,Exact,0,Podocnemididae,Podocnemididae,627HH,1,Catalogue of Life,
188,Taphrosphys,Taphrosphys,30139,30150,5.62,1,NO_ANNOT,,,Exact,0,"Taphrosphys Cope, 1869",Taphrosphys,urn:lsid:irmng.org:taxname:1242298,181,IRMNG,
189,Bothremys,Bothremys,30206,30215,5.24,1,NO_ANNOT,,,Exact,0,"Bothremys Leidy, 1865",Bothremys,urn:lsid:irmng.org:taxname:1024065,181,IRMNG,
190,Testudinata,Testudinata,30248,30259,3.41,1,NO_ANNOT,,,Exact,0,"Testudinata Joyce, Parham & Gauthier, 2004",Testudinata,1074073,2,Wikispecies,
191,"Proganochelys,",Proganochelys,30317,30331,4.60,1,NO_ANNOT,,,Exact,0,"Proganochelys Baur, 1887",Proganochelys,56838,2,Wikispecies,
192,Chelytherium,Chelytherium,30368,30380,5.81,1,NO_ANNOT,,,Exact,0,"Chelytherium Meyer, 1863",Chelytherium,urn:lsid:irmng.org:taxname:1011390,181,IRMNG,
193,"Compsemys,",Compsemys,30489,30499,5.24,1,NO_ANNOT,,,Exact,0,"Compsemys Leidy, 1857",Compsemys,urn:lsid:irmng.org:taxname:1222736,181,IRMNG,
194,Testudinata,Testudinata,30608,30619,3.41,1,NO_ANNOT,,,Exact,0,"Testudinata Joyce, Parham & Gauthier, 2004",Testudinata,1074073,2,Wikispecies,
195,Triassic,Triassic,30825,30833,1.80,1,NO_ANNOT,,,Exact,0,Triassic Kuhn 1960,Triassic,2682189,168,ION,
196,Pareiosaurus,Pareiosaurus,30838,30850,5.96,1,NO_ANNOT,,,Exact,0,"Pareiosaurus Owen, 1876",Pareiosaurus,9274940,11,GBIF Backbone Taxonomy,
197,Testudinata,Testudinata,30995,31006,3.41,1,NO_ANNOT,,,Exact,0,"Testudinata Joyce, Parham & Gauthier, 2004",Testudinata,1074073,2,Wikispecies,
198,Bothremys,Bothremys,31499,31508,5.24,1,NO_ANNOT,,,Exact,0,"Bothremys Leidy, 1865",Bothremys,urn:lsid:irmng.org:taxname:1024065,181,IRMNG,
199,Pleurodira,Pleurodira,31806,31816,3.33,1,NO_ANNOT,,,Exact,0,Pleurodira,Pleurodira,87BW9,1,Catalogue of Life,
200,Bothremydidae;,Bothremydidae,31849,31863,4.90,1,NO_ANNOT,,,Exact,0,"Bothremydidae Baur, 1891",Bothremydidae,urn:lsid:irmng.org:taxname:116565,181,IRMNG,
201,"Taphrosphys,",Taphrosphys,31961,31973,5.62,1,NO_ANNOT,,,Exact,0,"Taphrosphys Cope, 1869",Taphrosphys,urn:lsid:irmng.org:taxname:1242298,181,IRMNG,
202,Podocnemididae,Podocnemididae,32025,32039,5.12,1,NO_ANNOT,,,Exact,0,Podocnemididae,Podocnemididae,627HH,1,Catalogue of Life,
203,Pleurodira,Pleurodira,32070,32080,3.33,1,NO_ANNOT,,,Exact,0,Pleurodira,Pleurodira,87BW9,1,Catalogue of Life,
204,Podocnemididae.,Podocnemididae,32553,32568,5.12,1,NO_ANNOT,,,Exact,0,Podocnemididae,Podocnemididae,627HH,1,Catalogue of Life,
205,Mammalia,Mammalia,32684,32692,2.77,1,NO_ANNOT,,,Exact,0,"Mammalia Linnaeus, 1758",Mammalia,6224G,1,Catalogue of Life,
206,"Theromora,",Theromora,32710,32720,4.45,1,NO_ANNOT,,,Exact,0,Theromora,Theromora,3728006,168,ION,
207,Compsemys.,Compsemys,32761,32771,5.24,1,NO_ANNOT,,,Exact,0,"Compsemys Leidy, 1857",Compsemys,urn:lsid:irmng.org:taxname:1222736,181,IRMNG,
208,Compsemys,Compsemys,32822,32831,5.24,1,NO_ANNOT,,,Exact,0,"Compsemys Leidy, 1857",Compsemys,urn:lsid:irmng.org:taxname:1222736,181,IRMNG,
209,Helochelys,Helochelys,32842,32852,4.15,1,NO_ANNOT,,,Exact,0,"Helochelys Meyer, 1854",Helochelys,urn:lsid:irmng.org:taxname:1232376,181,IRMNG,
210,Pleurosternum,Pleurosternum,32889,32902,5.57,1,NO_ANNOT,,,Exact,0,"Pleurosternum Lydekker, 1889",Pleurosternum,urn:lsid:irmng.org:taxname:1287359,181,IRMNG,
211,Compsemys,Compsemys,33049,33058,5.24,1,NO_ANNOT,,,Exact,0,"Compsemys Leidy, 1857",Compsemys,urn:lsid:irmng.org:taxname:1222736,181,IRMNG,
212,Helochelys,Helochelys,33063,33073,4.15,1,NO_ANNOT,,,Exact,0,"Helochelys Meyer, 1854",Helochelys,urn:lsid:irmng.org:taxname:1232376,181,IRMNG,
213,Pleurosternum,Pleurosternum,33106,33119,5.57,1,NO_ANNOT,,,Exact,0,"Pleurosternum Lydekker, 1889",Pleurosternum,urn:lsid:irmng.org:taxname:1287359,181,IRMNG,
214,Compsemys,Compsemys,33157,33166,5.24,1,NO_ANNOT,,,Exact,0,"Compsemys Leidy, 1857",Compsemys,urn:lsid:irmng.org:taxname:1222736,181,IRMNG,
215,Helochelys,Helochelys,33171,33181,4.15,1,NO_ANNOT,,,Exact,0,"Helochelys Meyer, 1854",Helochelys,urn:lsid:irmng.org:taxname:1232376,181,IRMNG,
216,Pleurosternum,Pleurosternum,33207,33220,5.57,1,NO_ANNOT,,,Exact,0,"Pleurosternum Lydekker, 1889",Pleurosternum,urn:lsid:irmng.org:taxname:1287359,181,IRMNG,
217,"Compsemys,",Compsemys,33278,33288,5.24,1,NO_ANNOT,,,Exact,0,"Compsemys Leidy, 1857",Compsemys,urn:lsid:irmng.org:taxname:1222736,181,IRMNG,
218,Compsemys.,Compsemys,33349,33359,5.24,1,NO_ANNOT,,,Exact,0,"Compsemys Leidy, 1857",Compsemys,urn:lsid:irmng.org:taxname:1222736,181,IRMNG,
219,Helochelys,Helochelys,33360,33370,4.15,1,NO_ANNOT,,,Exact,0,"Helochelys Meyer, 1854",Helochelys,urn:lsid:irmng.org:taxname:1232376,181,IRMNG,
220,Compsemys,Compsemys,33434,33443,5.24,1,NO_ANNOT,,,Exact,0,"Compsemys Leidy, 1857",Compsemys,urn:lsid:irmng.org:taxname:1222736,181,IRMNG,
221,"Pleurosternum,",Pleurosternum,33563,33577,5.57,1,NO_ANNOT,,,Exact,0,"Pleurosternum Lydekker, 1889",Pleurosternum,urn:lsid:irmng.org:taxname:1287359,181,IRMNG,
222,"Pleurosternidae,",Pleurosternidae,33717,33733,5.09,1,NO_ANNOT,,,Exact,0,"Pleurosternidae Cope, 1868",Pleurosternidae,urn:lsid:irmng.org:taxname:100301,181,IRMNG,
223,Compsemys,Compsemys,33829,33838,5.24,1,NO_ANNOT,,,Exact,0,"Compsemys Leidy, 1857",Compsemys,urn:lsid:irmng.org:taxname:1222736,181,IRMNG,
224,Amphibia,Amphibia,33913,33921,3.70,1,NO_ANNOT,,,Exact,0,"Amphibia Stackhouse, 1809",Amphibia,7M,1,Catalogue of Life,
225,Pleurosternum.,Pleurosternum,34038,34052,5.57,1,NO_ANNOT,,,Exact,0,"Pleurosternum Lydekker, 1889",Pleurosternum,urn:lsid:irmng.org:taxname:1287359,181,IRMNG,
226,Compsemys,Compsemys,34101,34110,5.24,1,NO_ANNOT,,,Exact,0,"Compsemys Leidy, 1857",Compsemys,urn:lsid:irmng.org:taxname:1222736,181,IRMNG,
227,BAENA.,Baena,34228,34234,4.62,1,NO_ANNOT,,,Exact,0,"Baena Leidy, 1870",Baena,urn:lsid:irmng.org:taxname:1425335,181,IRMNG,
228,Ba'nia arenosa,Ba�nia arenosa,34255,34269,4.67,2,NO_ANNOT,,,NoMatch,,,,,,,,
229,Baena.,Baena,35140,35146,4.62,1,NO_ANNOT,,,Exact,0,"Baena Leidy, 1870",Baena,urn:lsid:irmng.org:taxname:1425335,181,IRMNG,
230,"Testudinata,""",Testudinata,35437,35450,3.41,1,NO_ANNOT,,,Exact,0,"Testudinata Joyce, Parham & Gauthier, 2004",Testudinata,1074073,2,Wikispecies,
231,"Lepidochelys,",Lepidochelys,35476,35489,4.51,1,NO_ANNOT,,,Exact,0,Lepidochelys,Lepidochelys,5CG2,1,Catalogue of Life,
232,"{Colpochelys),",Colpochelys,35490,35504,4.27,1,NO_ANNOT,,,Exact,0,"Colpochelys Garman, 1880",Colpochelys,urn:lsid:irmng.org:taxname:1441147,181,IRMNG,
233,Eurysternum.,Eurysternum,35526,35538,5.25,1,NO_ANNOT,,,Exact,0,"Eurysternum Meyer in Münster, 1839",Eurysternum,urn:lsid:irmng.org:taxname:1124119,181,IRMNG,
234,Tropidemys,Tropidemys,35591,35601,5.41,1,NO_ANNOT,,,Exact,0,"Tropidemys Rütimeyer, 1873",Tropidemys,urn:lsid:irmng.org:taxname:1377426,181,IRMNG,
235,Lepidochelys,Lepidochelys,35791,35803,4.51,1,NO_ANNOT,,,Exact,0,Lepidochelys,Lepidochelys,5CG2,1,Catalogue of Life,
236,Baena,Baena,36118,36123,4.62,1,NO_ANNOT,,,Exact,0,"Baena Leidy, 1870",Baena,urn:lsid:irmng.org:taxname:1425335,181,IRMNG,
237,"Baenidae,""",Baenidae,36156,36166,4.11,1,NO_ANNOT,,,Exact,0,"Baenidae Cope, 1882",Baenidae,urn:lsid:irmng.org:taxname:114003,181,IRMNG,
238,Plastron,Plastron,36191,36199,4.31,1,NO_ANNOT,,,Exact,0,"Plastron Gistl, 1848",Plastron,urn:lsid:irmng.org:taxname:1164466,181,IRMNG,
239,Vertebrata,Vertebrata,36613,36623,4.90,1,NO_ANNOT,,,Exact,0,"Vertebrata S.F. Gray, 1821",Vertebrata,urn:lsid:irmng.org:taxname:1086832,181,IRMNG,
240,Baena arenosa,Baena arenosa,36897,36910,11.73,2,NO_ANNOT,,,Exact,0,Baena arenosa Leidy 1870,Baena arenosa,67590,172,PaleoBioDB,
241,Baena,Baena,37069,37074,4.62,1,NO_ANNOT,,,Exact,0,"Baena Leidy, 1870",Baena,urn:lsid:irmng.org:taxname:1425335,181,IRMNG,
242,Terrapene,Terrapene,37444,37453,3.94,1,NO_ANNOT,,,Exact,0,Terrapene,Terrapene,6478B,1,Catalogue of Life,
243,Compsemys.,Compsemys,37596,37606,5.24,1,NO_ANNOT,,,Exact,0,"Compsemys Leidy, 1857",Compsemys,urn:lsid:irmng.org:taxname:1222736,181,IRMNG,
244,Chelydra,Chelydra,37770,37778,4.93,1,NO_ANNOT,,,Exact,0,Chelydra,Chelydra,3MQM,1,Catalogue of Life,
245,Chelys,Chelys,38207,38213,3.27,1,NO_ANNOT,,,Exact,0,"Chelys Oppel, 1811",Chelys,949108,3,ITIS,
246,Baena,Baena,38240,38245,4.62,1,NO_ANNOT,,,Exact,0,"Baena Leidy, 1870",Baena,urn:lsid:irmng.org:taxname:1425335,181,IRMNG,
247,Compsemys.,Compsemys,38324,38334,5.24,1,NO_ANNOT,,,Exact,0,"Compsemys Leidy, 1857",Compsemys,urn:lsid:irmng.org:taxname:1222736,181,IRMNG,
248,Meiolania,Meiolania,38729,38738,4.04,1,NO_ANNOT,,,Exact,0,"Meiolania Owen, 1886",Meiolania,urn:lsid:irmng.org:taxname:1396383,181,IRMNG,
249,Testudinata,Testudinata,38823,38834,3.41,1,NO_ANNOT,,,Exact,0,"Testudinata Joyce, Parham & Gauthier, 2004",Testudinata,1074073,2,Wikispecies,
250,Baena.,Baena,39032,39038,4.62,1,NO_ANNOT,,,Exact,0,"Baena Leidy, 1870",Baena,urn:lsid:irmng.org:taxname:1425335,181,IRMNG,
251,Baena,Baena,39218,39223,4.62,1,NO_ANNOT,,,Exact,0,"Baena Leidy, 1870",Baena,urn:lsid:irmng.org:taxname:1425335,181,IRMNG,
252,"Testudinata.""",Testudinata,39258,39271,3.41,1,NO_ANNOT,,,Exact,0,"Testudinata Joyce, Parham & Gauthier, 2004",Testudinata,1074073,2,Wikispecies,
253,"Compsemys,",Compsemys,39871,39881,5.24,1,NO_ANNOT,,,Exact,0,"Compsemys Leidy, 1857",Compsemys,urn:lsid:irmng.org:taxname:1222736,181,IRMNG,
254,Chelys,Chelys,40690,40696,3.27,1,NO_ANNOT,,,Exact,0,"Chelys Oppel, 1811",Chelys,949108,3,ITIS,
255,Chelys,Chelys,40712,40718,3.27,1,NO_ANNOT,,,Exact,0,"Chelys Oppel, 1811",Chelys,949108,3,ITIS,
256,"Baenidae,",Baenidae,41073,41082,4.11,1,NO_ANNOT,,,Exact,0,"Baenidae Cope, 1882",Baenidae,urn:lsid:irmng.org:taxname:114003,181,IRMNG,
257,"Pleurosternidae,",Pleurosternidae,41105,41121,5.09,1,NO_ANNOT,,,Exact,0,"Pleurosternidae Cope, 1868",Pleurosternidae,urn:lsid:irmng.org:taxname:100301,181,IRMNG,
258,Baenidae,Baenidae,41171,41179,4.11,1,NO_ANNOT,,,Exact,0,"Baenidae Cope, 1882",Baenidae,urn:lsid:irmng.org:taxname:114003,181,IRMNG,
259,Platychelys,Platychelys,41340,41351,4.27,1,NO_ANNOT,,,Exact,0,"Platychelys Wagner, 1853",Platychelys,urn:lsid:irmng.org:taxname:1388914,181,IRMNG,
260,ADOCUS,Adocus,41735,41741,5.46,1,NO_ANNOT,,,Exact,0,"Adocus Cope, 1868",Adocus,1074118,2,Wikispecies,
261,Adocus,Adocus,41758,41764,5.46,1,NO_ANNOT,,,Exact,0,"Adocus Cope, 1868",Adocus,1074118,2,Wikispecies,
262,Emys beatus,Emys beatus,41837,41848,10.81,2,NO_ANNOT,,,Exact,0,Emys beatus (Leidy 1865),Emys beatus,96497,172,PaleoBioDB,
263,Baptemys,Baptemys,42376,42384,5.07,1,NO_ANNOT,,,Exact,0,"Baptemys Leidy, 1870",Baptemys,urn:lsid:irmng.org:taxname:1122590,181,IRMNG,
264,Tertiary vertebrata,Tertiary vertebrata,42416,42435,4.24,2,NO_ANNOT,,,PartialExact,0,Tertiary,Tertiary,2586902,168,ION,
265,Dermatemys.,Dermatemys,42465,42476,5.41,1,NO_ANNOT,,,Exact,0,Dermatemys,Dermatemys,62PKW,1,Catalogue of Life,
266,Adocus beatus,Adocus beatus,42505,42518,12.54,2,NO_ANNOT,,,Exact,0,Adocus beatus (Leidy 1865),Adocus beatus,173225,172,PaleoBioDB,
267,Adocus pundatus.,Adocus pundatus,42664,42680,13.02,2,NO_ANNOT,,,PartialExact,0,"Adocus Cope, 1868",Adocus,1074118,2,Wikispecies,
268,Adocus:,Adocus,42932,42939,5.46,1,NO_ANNOT,,,Exact,0,"Adocus Cope, 1868",Adocus,1074118,2,Wikispecies,
269,"Pleurodira,",Pleurodira,43110,43121,3.33,1,NO_ANNOT,,,Exact,0,Pleurodira,Pleurodira,87BW9,1,Catalogue of Life,
270,Baptemys,Baptemys,43842,43850,5.07,1,NO_ANNOT,,,Exact,0,"Baptemys Leidy, 1870",Baptemys,urn:lsid:irmng.org:taxname:1122590,181,IRMNG,
271,Adocus,Adocus,43888,43894,5.46,1,NO_ANNOT,,,Exact,0,"Adocus Cope, 1868",Adocus,1074118,2,Wikispecies,
272,Dermatemys,Dermatemys,43971,43981,5.41,1,NO_ANNOT,,,Exact,0,Dermatemys,Dermatemys,62PKW,1,Catalogue of Life,
273,Adocus;,Adocus,43986,43993,5.46,1,NO_ANNOT,,,Exact,0,"Adocus Cope, 1868",Adocus,1074118,2,Wikispecies,
274,All costal shields,All costal shields,44497,44515,,3,NO_ANNOT,,,NoMatch,,,,,,,,
275,Agomphus,Agomphus,44549,44557,4.65,1,NO_ANNOT,,,Exact,0,"Agomphus Cope, 1871",Agomphus,urn:lsid:irmng.org:taxname:1448353,181,IRMNG,
276,(Amphiemys,Amphiemys,44564,44574,5.24,1,NO_ANNOT,,,Exact,0,"Amphiemys Cope, 1878",Amphiemys,urn:lsid:irmng.org:taxname:1119300,181,IRMNG,
277,Adocus.,Adocus,44623,44630,5.46,1,NO_ANNOT,,,Exact,0,"Adocus Cope, 1868",Adocus,1074118,2,Wikispecies,
278,"Adocus,",Adocus,44804,44811,5.46,1,NO_ANNOT,,,Exact,0,"Adocus Cope, 1868",Adocus,1074118,2,Wikispecies,
279,"Baptemys,",Baptemys,44896,44905,5.07,1,NO_ANNOT,,,Exact,0,"Baptemys Leidy, 1870",Baptemys,urn:lsid:irmng.org:taxname:1122590,181,IRMNG,
280,"Adocus,",Adocus,44950,44957,5.46,1,NO_ANNOT,,,Exact,0,"Adocus Cope, 1868",Adocus,1074118,2,Wikispecies,
281,Dermatemys.,Dermatemys,45080,45091,5.41,1,NO_ANNOT,,,Exact,0,Dermatemys,Dermatemys,62PKW,1,Catalogue of Life,
282,Adocus;,Adocus,45130,45137,5.46,1,NO_ANNOT,,,Exact,0,"Adocus Cope, 1868",Adocus,1074118,2,Wikispecies,
283,"Dermatemys,^",Dermatemys,45343,45355,5.41,1,NO_ANNOT,,,Exact,0,Dermatemys,Dermatemys,62PKW,1,Catalogue of Life,
284,Adocidae,Adocidae,45551,45559,4.11,1,NO_ANNOT,,,Exact,0,"Adocidae Cope, 1868",Adocidae,36974,2,Wikispecies,
285,Adocidae,Adocidae,46336,46344,4.11,1,NO_ANNOT,,,Exact,0,"Adocidae Cope, 1868",Adocidae,36974,2,Wikispecies,
286,Adocidae;,Adocidae,46401,46410,4.11,1,NO_ANNOT,,,Exact,0,"Adocidae Cope, 1868",Adocidae,36974,2,Wikispecies,
