Index,Verbatim,Name,Start,End,OddsLog10,Cardinality,AnnotNomenType,WordsBefore,WordsAfter,VerifMatchType,VerifEditDistance,VerifMatchedName,VerifMatchedCanonical,VerifTaxonId,VerifDataSourceId,VerifDataSourceTitle,VerifError
0,TETRABELODON,Tetrabelodon,30,42,4.71,1,NO_ANNOT,,,Exact,0,"Tetrabelodon Cope, 1884",Tetrabelodon,urn:lsid:irmng.org:taxname:1130581,181,IRMNG,
1,Mastodon shepardii,Mastodon shepardii,218,236,9.33,2,NO_ANNOT,,,Exact,0,Mastodon shepardii (Leidy 1870),Mastodon shepardii,52206,172,PaleoBioDB,
2,Dibelodon shepardii,Dibelodon shepardii,338,357,10.87,2,NO_ANNOT,,,Fuzzy,1,Dibelodon shepardi (Leidy 1870),Dibelodon shepardi,45649,172,PaleoBioDB,
3,Pliauchenia sj)atula,Pliauchenia sj�atula,700,720,6.41,2,NO_ANNOT,,,PartialExact,0,"Pliauchenia Cope, 1875",Pliauchenia,urn:lsid:irmng.org:taxname:1095813,181,IRMNG,
4,Dibelodon praecursor,Dibelodon praecursor,783,803,9.01,2,NO_ANNOT,,,Exact,0,Dibelodon praecursor (Cope 1893),Dibelodon praecursor,45648,172,PaleoBioDB,
5,Dinotherium.,Dinotherium,2148,2160,5.57,1,NO_ANNOT,,,Exact,0,"Dinotherium Kaup & Scholl, 1832",Dinotherium,urn:lsid:irmng.org:taxname:1200094,181,IRMNG,
6,"Dibelodon tropicus,",Dibelodon tropicus,2281,2300,11.18,2,NO_ANNOT,,,Exact,0,Dibelodon tropicus (Cope 1884),Dibelodon tropicus,45650,172,PaleoBioDB,
7,"Mastodon americanus,",Mastodon americanus,2301,2321,10.00,2,NO_ANNOT,,,Exact,0,Mastodon americanus (Kerr 1792),Mastodon americanus,47930,172,PaleoBioDB,
8,Tetrabelodon,Tetrabelodon,2865,2877,4.71,1,NO_ANNOT,,,Exact,0,"Tetrabelodon Cope, 1884",Tetrabelodon,urn:lsid:irmng.org:taxname:1130581,181,IRMNG,
9,Dibelodon,Dibelodon,2893,2902,4.18,1,NO_ANNOT,,,Exact,0,"Dibelodon Cope, 1885",Dibelodon,urn:lsid:irmng.org:taxname:1426455,181,IRMNG,
10,"Tetrabelodon,",Tetrabelodon,3092,3105,4.71,1,NO_ANNOT,,,Exact,0,"Tetrabelodon Cope, 1884",Tetrabelodon,urn:lsid:irmng.org:taxname:1130581,181,IRMNG,
11,Dibelodon,Dibelodon,3106,3115,4.18,1,NO_ANNOT,,,Exact,0,"Dibelodon Cope, 1885",Dibelodon,urn:lsid:irmng.org:taxname:1426455,181,IRMNG,
12,Dibelodon,Dibelodon,3298,3307,4.18,1,NO_ANNOT,,,Exact,0,"Dibelodon Cope, 1885",Dibelodon,urn:lsid:irmng.org:taxname:1426455,181,IRMNG,
13,T. shepardii.,T. shepardii,3518,3531,6.36,2,NO_ANNOT,,,NoMatch,,,,,,,,
14,"D. tropicus,",D. tropicus,3569,3581,6.67,2,NO_ANNOT,,,NoMatch,,,,,,,,
15,Equus,Equus,3735,3740,3.83,1,NO_ANNOT,,,Exact,0,"Equus Linnaeus, 1758",Equus,4DLP,1,Catalogue of Life,
16,"T. shepardii,",T. shepardii,4327,4340,6.36,2,NO_ANNOT,,,NoMatch,,,,,,,,
17,M. praecursor,M. praecursor,4668,4681,4.49,2,NO_ANNOT,,,NoMatch,,,,,,,,
18,T. productus,T. productus,4728,4740,7.39,2,NO_ANNOT,,,NoMatch,,,,,,,,
19,M. praecursor,M. praecursor,4967,4980,4.49,2,NO_ANNOT,,,NoMatch,,,,,,,,
20,T. shepardii.,T. shepardii,4986,4999,6.36,2,NO_ANNOT,,,NoMatch,,,,,,,,
21,Equus beds,Equus beds,5429,5439,2.68,2,NO_ANNOT,,,PartialExact,0,"Equus Linnaeus, 1758",Equus,4DLP,1,Catalogue of Life,
22,M. oligobunis,M. oligobunis,5564,5577,6.96,2,NO_ANNOT,,,NoMatch,,,,,,,,
23,Dibelodon tropicus,Dibelodon tropicus,5600,5618,11.18,2,NO_ANNOT,,,Exact,0,Dibelodon tropicus (Cope 1884),Dibelodon tropicus,45650,172,PaleoBioDB,
24,T. shepardii.,T. shepardii,5890,5903,6.36,2,NO_ANNOT,,,NoMatch,,,,,,,,
25,Deptfrof ramus,Deptfrof ramus,6039,6053,2.56,2,NO_ANNOT,,,NoMatch,,,,,,,,
26,Felix,Felix,6671,6676,3.97,1,NO_ANNOT,,,Exact,0,"Felix Voigt, 1818",Felix,urn:lsid:irmng.org:taxname:1331757,181,IRMNG,
27,Epilobium latifolium,Epilobium latifolium,10776,10796,10.95,2,NO_ANNOT,,,Exact,0,Epilobium latifolium L.,Epilobium latifolium,7NG25,1,Catalogue of Life,
28,Dryas,Dryas,10801,10806,3.22,1,NO_ANNOT,,,Exact,0,Dryas L.,Dryas,6339B,1,Catalogue of Life,
29,Ranunculus nivalis,Ranunculus nivalis,14600,14618,11.66,2,NO_ANNOT,,,Exact,0,Ranunculus nivalis L.,Ranunculus nivalis,6WSST,1,Catalogue of Life,
30,Ranunculus pygmaeus,Ranunculus pygmaeus,14750,14769,11.48,2,NO_ANNOT,,,Exact,0,Ranunculus pygmaeus Wahlenb.,Ranunculus pygmaeus,4RHJH,1,Catalogue of Life,
31,Papaver nudicaule,Papaver nudicaule,14814,14831,7.52,2,NO_ANNOT,,,Exact,0,Papaver nudicaule L.,Papaver nudicaule,4CJFG,1,Catalogue of Life,
32,Cheiranthus pygmaeus,Cheiranthus pygmaeus,15348,15368,11.87,2,NO_ANNOT,,,Exact,0,Cheiranthus pygmaeus Adams,Cheiranthus pygmaeus,TTNZ,1,Catalogue of Life,
33,Arabis alpina,Arabis alpina,15386,15399,10.63,2,NO_ANNOT,,,Exact,0,Arabis alpina L.,Arabis alpina,G27R,1,Catalogue of Life,
34,Cardamine pratensis var.␤alpina,Cardamine pratensis var. alpina,15502,15533,17.91,3,NO_ANNOT,,,Exact,0,Cardamine pratensis f. alpina Engl.,Cardamine pratensis alpina,8032202,11,GBIF Backbone Taxonomy,
35,Vesicaria arctica,Vesicaria arctica,15635,15652,11.92,2,NO_ANNOT,,,Exact,0,Vesicaria arctica Hook.,Vesicaria arctica,5B9FL,1,Catalogue of Life,
36,Draba alpina,Draba alpina,15731,15743,10.20,2,NO_ANNOT,,,Exact,0,Draba alpina L.,Draba alpina,37HW4,1,Catalogue of Life,
37,Draba hirta,Draba hirta,15781,15792,8.79,2,NO_ANNOT,,,Exact,0,Draba hirta L.,Draba hirta,37J65,1,Catalogue of Life,
38,"Papaver nudicaule,",Papaver nudicaule,15901,15919,7.52,2,NO_ANNOT,,,Exact,0,Papaver nudicaule L.,Papaver nudicaule,4CJFG,1,Catalogue of Life,
39,"Dryas,",Dryas,15920,15926,3.22,1,NO_ANNOT,,,Exact,0,Dryas L.,Dryas,6339B,1,Catalogue of Life,
40,Draba rupestris,Draba rupestris,16118,16133,10.93,2,NO_ANNOT,,,Exact,0,Draba rupestris W.T.Aiton,Draba rupestris,37JFF,1,Catalogue of Life,
41,Cochlearia officinalis,Cochlearia officinalis,16151,16173,12.74,2,NO_ANNOT,,,Exact,0,Cochlearia officinalis L.,Cochlearia officinalis,WMYT,1,Catalogue of Life,
42,Braya glabella,Braya glabella,16344,16358,6.46,2,NO_ANNOT,,,Exact,0,Braya glabella Richardson,Braya glabella,N8K4,1,Catalogue of Life,
43,Lychnis apetala,Lychnis apetala,16404,16419,9.87,2,NO_ANNOT,,,Exact,0,Lychnis apetala L.,Lychnis apetala,3WJM4,1,Catalogue of Life,
44,Silene acaulis,Silene acaulis,16745,16759,10.17,2,NO_ANNOT,,,Exact,0,Silene acaulis (L.) Jacq.,Silene acaulis,4XBJV,1,Catalogue of Life,
45,Cerastium alpinum,Cerastium alpinum,16823,16840,12.06,2,NO_ANNOT,,,Exact,0,Cerastium alpinum L.,Cerastium alpinum,SK2M,1,Catalogue of Life,
46,Stellaria longipes,Stellaria longipes,16971,16989,10.97,2,NO_ANNOT,,,Exact,0,Stellaria longipes Goldie,Stellaria longipes,4ZRGT,1,Catalogue of Life,
47,Stellaria humifusa,Stellaria humifusa,17117,17135,11.12,2,NO_ANNOT,,,Exact,0,Stellaria humifusa Rottb.,Stellaria humifusa,4ZRF7,1,Catalogue of Life,
48,Arenaria,Arenaria,17194,17202,4.68,1,NO_ANNOT,,,Exact,0,Arenaria L.,Arenaria,4GD,1,Catalogue of Life,
49,Arenaria peploides,Arenaria peploides,17239,17257,11.00,2,NO_ANNOT,,,Exact,0,Arenaria peploides L.,Arenaria peploides,5VRD2,1,Catalogue of Life,
50,Potentilla emarginata,Potentilla emarginata,17429,17450,13.02,2,NO_ANNOT,,,Exact,0,Potentilla emarginata Pursh,Potentilla emarginata,78825,1,Catalogue of Life,
51,Potentilla nivea,Potentilla nivea,17533,17549,9.55,2,NO_ANNOT,,,Exact,0,Potentilla nivea L.,Potentilla nivea,4M5R6,1,Catalogue of Life,
52,Potentilla pulchella,Potentilla pulchella,17563,17583,12.11,2,NO_ANNOT,,,Exact,0,Potentilla pulchella R. Br.,Potentilla pulchella,4M5VY,1,Catalogue of Life,
53,Potentilla maculata,Potentilla maculata,17598,17617,12.74,2,NO_ANNOT,,,Exact,0,Potentilla maculata Gilib.,Potentilla maculata,728453-1,167,IPNI,
54,Potentilla tridentata,Potentilla tridentata,17662,17683,13.02,2,NO_ANNOT,,,Exact,0,Potentilla tridentata (Sol.),Potentilla tridentata,4M679,1,Catalogue of Life,
55,Dryas octopetala,Dryas octopetala,17726,17742,9.95,2,NO_ANNOT,,,Exact,0,Dryas octopetala L.,Dryas octopetala,37TXV,1,Catalogue of Life,
56,Papaver,Papaver,17754,17761,1.29,1,NO_ANNOT,,,Exact,0,Papaver L.,Papaver,63JGF,1,Catalogue of Life,
57,Alchemilla vulgaris,Alchemilla vulgaris,17920,17939,12.07,2,NO_ANNOT,,,Exact,0,Alchemilla vulgaris L.,Alchemilla vulgaris,667VK,1,Catalogue of Life,
58,Saxifraga csespitosa,Saxifraga csespitosa,17992,18012,7.65,2,NO_ANNOT,,,Fuzzy,1,Saxifraga cespitosa L.,Saxifraga cespitosa,6XR2Q,1,Catalogue of Life,
59,Saxifraga cernua,Saxifraga cernua,18016,18032,10.17,2,NO_ANNOT,,,Exact,0,Saxifraga cernua L.,Saxifraga cernua,79R2P,1,Catalogue of Life,
60,Saxifraga fiagellaris,Saxifraga fiagellaris,18068,18089,7.73,2,NO_ANNOT,,,Fuzzy,1,Saxifraga flagellaris Sternb. & Willd.,Saxifraga flagellaris,79QTY,1,Catalogue of Life,
61,Saxifraga oppositifolia,Saxifraga oppositifolia,18239,18262,12.66,2,NO_ANNOT,,,Exact,0,Saxifraga oppositifolia L.,Saxifraga oppositifolia,79R6Y,1,Catalogue of Life,
62,Saxifraga nivalis,Saxifraga nivalis,18397,18414,12.04,2,NO_ANNOT,,,Exact,0,Saxifraga nivalis Muhl.,Saxifraga nivalis,79R76,1,Catalogue of Life,
63,Saxifraga rivularis,Saxifraga rivularis,18425,18444,12.33,2,NO_ANNOT,,,Exact,0,Saxifraga rivularis L.,Saxifraga rivularis,79R8H,1,Catalogue of Life,
64,Saxifraga tricuspidata,Saxifraga tricuspidata,18504,18526,13.32,2,NO_ANNOT,,,Exact,0,Saxifraga tricuspidata Rottb.,Saxifraga tricuspidata,6Y4NQ,1,Catalogue of Life,
65,Saxifraga azoides,Saxifraga azoides,18577,18594,11.06,2,NO_ANNOT,,,Fuzzy,1,Saxifraga aizoides L.,Saxifraga aizoides,6Y2RK,1,Catalogue of Life,
66,Saxifraga stellaris,Saxifraga stellaris,18665,18684,12.33,2,NO_ANNOT,,,Exact,0,Saxifraga stellaris L.,Saxifraga stellaris,6XQXC,1,Catalogue of Life,
67,Cornus canadensis,Cornus canadensis,18859,18876,12.67,2,NO_ANNOT,,,Exact,0,Cornus canadensis L.,Cornus canadensis,YGHD,1,Catalogue of Life,
68,Epilobium angustifolium,Epilobium angustifolium,18935,18958,11.18,2,NO_ANNOT,,,Exact,0,Epilobium angustifolium Lam.,Epilobium angustifolium,7NFZP,1,Catalogue of Life,
69,Epilobium latifolium,Epilobium latifolium,18989,19009,10.95,2,NO_ANNOT,,,Exact,0,Epilobium latifolium L.,Epilobium latifolium,7NG25,1,Catalogue of Life,
70,Erigeron alpinus,Erigeron alpinus,19054,19070,9.82,2,NO_ANNOT,,,Exact,0,Erigeron alpinus L.,Erigeron alpinus,6GNH7,1,Catalogue of Life,
71,Matricaria inodora,Matricaria inodora,19348,19366,11.58,2,NO_ANNOT,,,Exact,0,Matricaria inodora Lam.,Matricaria inodora,736RJ,1,Catalogue of Life,
72,Antennaria alpina,Antennaria alpina,19527,19544,11.53,2,NO_ANNOT,,,Exact,0,Antennaria alpina (L.) Gaertn.,Antennaria alpina,66XDF,1,Catalogue of Life,
73,Artemisia borealis,Artemisia borealis,19613,19631,9.82,2,NO_ANNOT,,,Exact,0,Artemisia borealis Pall.,Artemisia borealis,GW5C,1,Catalogue of Life,
74,Arnica alpina,Arnica alpina,19680,19693,7.92,2,NO_ANNOT,,,Exact,0,Arnica alpina Salisb.,Arnica alpina,GT2Q,1,Catalogue of Life,
75,Taraxacum officinale,Taraxacum officinale,19744,19764,10.43,2,NO_ANNOT,,,Exact,0,Taraxacum officinale Weber ex Wiggins,Taraxacum officinale,54VX8,1,Catalogue of Life,
76,Campanula uniflora,Campanula uniflora,19804,19822,10.39,2,NO_ANNOT,,,Exact,0,Campanula uniflora L.,Campanula uniflora,QC5K,1,Catalogue of Life,
77,Campanula rotundifolia,Campanula rotundifolia,19833,19855,11.17,2,NO_ANNOT,,,Exact,0,Campanula rotundifolia L.,Campanula rotundifolia,QBVH,1,Catalogue of Life,
78,Vaccinium uliginosum,Vaccinium uliginosum,19921,19941,12.34,2,NO_ANNOT,,,Exact,0,Vaccinium uliginosum L.,Vaccinium uliginosum,7F93C,1,Catalogue of Life,
79,Lapponicum,Lapponicum,20185,20195,4.25,1,NO_ANNOT,,,Exact,0,Rhododendron sect. Lapponicum (Balf.f.) M.N.Philipson & Philipson,Lapponicum,42765-1,167,IPNI,
80,Bryanthus taxifolius,Bryanthus taxifolius,20325,20345,11.93,2,NO_ANNOT,,,Exact,0,Bryanthus taxifolius (Salisb.) A. Gray,Bryanthus taxifolius,NG6Y,1,Catalogue of Life,
81,Cassiope hypnoides,Cassiope hypnoides,20350,20368,8.97,2,NO_ANNOT,,,Exact,0,Cassiope hypnoides (L.) D. Don,Cassiope hypnoides,69D79,1,Catalogue of Life,
82,Cassiope tetragona,Cassiope tetragona,20418,20436,8.60,2,NO_ANNOT,,,Exact,0,Cassiope tetragona (L.) D. Don,Cassiope tetragona,RN9D,1,Catalogue of Life,
83,Ledum palustre,Ledum palustre,20647,20661,9.68,2,NO_ANNOT,,,Exact,0,Ledum palustre Michx.,Ledum palustre,3SWXC,1,Catalogue of Life,
84,Pyrola rotundifolia var.␤pumila,Pyrola rotundifolia var. pumila,20731,20762,19.28,3,NO_ANNOT,,,Exact,0,Pyrola rotundifolia var. pumila Hornem.,Pyrola rotundifolia pumila,145875479,165,Tropicos,
85,Diapensia,Diapensia,20766,20775,4.06,1,NO_ANNOT,,,Exact,0,Diapensia L.,Diapensia,4488,1,Catalogue of Life,
86,Lapponica,Lapponica,20776,20785,1.88,1,NO_ANNOT,,,Exact,0,Rhododendron subsect. Lapponica (Hutch.) Sleumer (1949),Lapponica,473298,2,Wikispecies,
87,Armeria vulgaris,Armeria vulgaris,20796,20812,11.51,2,NO_ANNOT,,,Exact,0,Armeria vulgaris Willd.,Armeria vulgaris,GSCN,1,Catalogue of Life,
88,Mertensia maritima,Mertensia maritima,20823,20841,10.61,2,NO_ANNOT,,,Exact,0,Mertensia maritima (L.) Gray,Mertensia maritima,6RB9S,1,Catalogue of Life,
89,Veronica aipina,Veronica aipina,20867,20882,4.35,2,NO_ANNOT,,,Fuzzy,1,Veronica alpina L.,Veronica alpina,7FPWR,1,Catalogue of Life,
90,Bartsia aipina,Bartsia aipina,20893,20907,10.15,2,NO_ANNOT,,,Fuzzy,1,Bartsia alpina L.,Bartsia alpina,5WDGL,1,Catalogue of Life,
91,Pedicularis capitata,Pedicularis capitata,20918,20938,13.09,2,NO_ANNOT,,,Exact,0,Pedicularis capitata Adams,Pedicularis capitata,6TWVB,1,Catalogue of Life,
92,Pedicularis flammea,Pedicularis flammea,20953,20972,10.58,2,NO_ANNOT,,,Exact,0,Pedicularis flammea L.,Pedicularis flammea,768VX,1,Catalogue of Life,
93,Pedicularis hirsuta,Pedicularis hirsuta,21005,21024,11.50,2,NO_ANNOT,,,Exact,0,Pedicularis hirsuta L.,Pedicularis hirsuta,75WV6,1,Catalogue of Life,
94,Pedicularis,Pedicularis,21148,21159,5.35,1,NO_ANNOT,,,Exact,0,Pedicularis L.,Pedicularis,6JYZ,1,Catalogue of Life,
95,Lapponica,Lapponica,21160,21169,1.88,1,NO_ANNOT,,,Exact,0,Rhododendron subsect. Lapponica (Hutch.) Sleumer (1949),Lapponica,473298,2,Wikispecies,
96,Pedicularis versicolor,Pedicularis versicolor,21180,21202,8.74,2,NO_ANNOT,,,Exact,0,Pedicularis versicolor Wahlenb.,Pedicularis versicolor,768KB,1,Catalogue of Life,
97,Polygonum viviparum,Polygonum viviparum,21226,21245,12.17,2,NO_ANNOT,,,Exact,0,Polygonum viviparum L.,Polygonum viviparum,6VTXP,1,Catalogue of Life,
98,Oxyria digyna,Oxyria digyna,21452,21465,9.30,2,NO_ANNOT,,,Exact,0,Oxyria digyna (L.) Hill,Oxyria digyna,4BK2P,1,Catalogue of Life,
99,Betula nana,Betula nana,21514,21525,9.59,2,NO_ANNOT,,,Exact,0,Betula nana L.,Betula nana,LPBR,1,Catalogue of Life,
100,Salix arctica,Salix arctica,21856,21869,11.04,2,NO_ANNOT,,,Exact,0,Salix arctica Pall.,Salix arctica,79CJ8,1,Catalogue of Life,
101,Salix herbacea,Salix herbacea,22661,22675,10.49,2,NO_ANNOT,,,Exact,0,Salix herbacea L.,Salix herbacea,79BVZ,1,Catalogue of Life,
102,Abies obovata,Abies obovata,22700,22713,8.80,2,NO_ANNOT,,,Exact,0,Abies obovata (Ledeb.) Loudon,Abies obovata,8KF5,1,Catalogue of Life,
103,Empetrum nigrum.,Empetrum nigrum,22875,22891,10.45,2,NO_ANNOT,,,Exact,0,Empetrum nigrum L.,Empetrum nigrum,39HL9,1,Catalogue of Life,
104,Tofieldia palustris,Tofieldia palustris,23120,23139,11.32,2,NO_ANNOT,,,Exact,0,"Tofieldia palustris Huds., nom. superfl.",Tofieldia palustris,57B4Z,1,Catalogue of Life,
105,Luzula arcuata,Luzula arcuata,23155,23169,11.84,2,NO_ANNOT,,,Exact,0,Luzula arcuata (Wahlenb.) Sw.,Luzula arcuata,3WHCV,1,Catalogue of Life,
106,Luzula spadicea,Luzula spadicea,23175,23190,10.81,2,NO_ANNOT,,,Exact,0,Luzula spadicea (All.) DC.,Luzula spadicea,3WHK6,1,Catalogue of Life,
107,Eriophorum polystachyon,Eriophorum polystachyon,23234,23257,10.72,2,NO_ANNOT,,,Exact,0,Eriophorum polystachyon L.,Eriophorum polystachyon,145183170,165,Tropicos,
108,Scirpus caespitosus,Scirpus caespitosus,23587,23606,13.00,2,NO_ANNOT,,,Exact,0,Scirpus caespitosus Willd. ex Kunth,Scirpus caespitosus,6Y9PJ,1,Catalogue of Life,
109,Carex vulgaris,Carex vulgaris,23620,23634,11.79,2,NO_ANNOT,,,Exact,0,"Carex vulgaris Fr., nom. superfl.",Carex vulgaris,RCKF,1,Catalogue of Life,
110,Carex atrata,Carex atrata,23656,23668,11.98,2,NO_ANNOT,,,Exact,0,Carex atrata L.,Carex atrata,R86V,1,Catalogue of Life,
111,Kobesia scirpina,Kobesia scirpina,23906,23922,10.63,2,NO_ANNOT,,,Fuzzy,1,Kobresia scirpina Willd.,Kobresia scirpina,3RB4D,1,Catalogue of Life,
112,Hierochloe alpina,Hierochloe alpina,24040,24057,11.51,2,NO_ANNOT,,,Exact,0,Hierochloe alpina (Sw. ex Willd.) Roem. & Schult.,Hierochloe alpina,3LVH8,1,Catalogue of Life,
113,Alopecurus alpinus,Alopecurus alpinus,24126,24144,12.49,2,NO_ANNOT,,,Exact,0,Alopecurus alpinus Vill.,Alopecurus alpinus,C525,1,Catalogue of Life,
114,Poa alpina,Poa alpina,24443,24453,6.47,2,NO_ANNOT,,,Exact,0,Poa alpina L.,Poa alpina,4KL8Z,1,Catalogue of Life,
115,Poa arctica,Poa arctica,24548,24559,7.03,2,NO_ANNOT,,,Exact,0,Poa arctica R.Br.,Poa arctica,77RC6,1,Catalogue of Life,
116,Poa nemoralis,Poa nemoralis,24567,24580,7.26,2,NO_ANNOT,,,Exact,0,Poa nemoralis L.,Poa nemoralis,4KMBQ,1,Catalogue of Life,
117,Poa pratensia,Poa pratensia,24595,24608,1.26,2,NO_ANNOT,,,Fuzzy,1,Poa pratensis L.,Poa pratensis,4KMJZ,1,Catalogue of Life,
118,Trisetum sesquiflorum,Trisetum sesquiflorum,24714,24735,12.25,2,NO_ANNOT,,,Exact,0,Trisetum sesquiflorum Trin.,Trisetum sesquiflorum,7D72C,1,Catalogue of Life,
119,Glyceria fluitans.,Glyceria fluitans,24783,24801,10.06,2,NO_ANNOT,,,Exact,0,Glyceria fluitans (L.) R.Br.,Glyceria fluitans,6KL4Q,1,Catalogue of Life,
120,Festuoa ovina,Festuoa ovina,24820,24833,3.25,2,NO_ANNOT,,,Fuzzy,1,Festuca ovina L.,Festuca ovina,6HST6,1,Catalogue of Life,
121,Festuoa ovina var.␤vivipara.,Festuoa ovina var. vivipara,24854,24882,9.27,3,NO_ANNOT,,,Fuzzy,1,Festuca ovina vivipara L.,Festuca ovina vivipara,94264012,169,uBio NameBank,
122,Arctagrostis latifolia,Arctagrostis latifolia,24936,24958,13.55,2,NO_ANNOT,,,Exact,0,Arctagrostis latifolia (R.Br.) Griseb.,Arctagrostis latifolia,5W3ML,1,Catalogue of Life,
123,Elymus mollis,Elymus mollis,24967,24980,11.27,2,NO_ANNOT,,,Exact,0,Elymus mollis Trin.,Elymus mollis,39DYK,1,Catalogue of Life,
124,Equisetum arvense,Equisetum arvense,25095,25112,9.13,2,NO_ANNOT,,,Exact,0,Equisetum arvense L.,Equisetum arvense,6FYFR,1,Catalogue of Life,
125,Equisetum variegatum.,Equisetum variegatum,25118,25139,11.02,2,NO_ANNOT,,,Exact,0,Equisetum variegatum Schleich.,Equisetum variegatum,6FYJF,1,Catalogue of Life,
126,Woodsia ilvensis,Woodsia ilvensis,25150,25166,9.61,2,NO_ANNOT,,,Exact,0,Woodsia ilvensis (L.) R. Br.,Woodsia ilvensis,5C38V,1,Catalogue of Life,
127,Cystopteris fragilis,Cystopteris fragilis,25200,25220,12.48,2,NO_ANNOT,,,Exact,0,Cystopteris fragilis (L.) Bernh.,Cystopteris fragilis,33PZC,1,Catalogue of Life,
128,Nephrodium spinulosum,Nephrodium spinulosum,25309,25330,12.51,2,NO_ANNOT,,,Exact,0,Nephrodium spinulosum (A. Braun) Baker,Nephrodium spinulosum,6S924,1,Catalogue of Life,
129,Lycopodium annotinum,Lycopodium annotinum,25455,25475,11.21,2,NO_ANNOT,,,Exact,0,Lycopodium annotinum L.,Lycopodium annotinum,3WM87,1,Catalogue of Life,
130,Selago.,Selago,25540,25547,2.56,1,NO_ANNOT,,,Exact,0,Selago L.,Selago,7F6Z,1,Catalogue of Life,
131,*Cetraria nivalis,Cetraria nivalis,26015,26032,11.62,2,NO_ANNOT,,,Exact,0,Cetraria nivalis (L.) Ach.,Cetraria nivalis,T74R,1,Catalogue of Life,
132,Islandica.,Islandica,26053,26063,1.88,1,NO_ANNOT,,,Exact,0,Penicillium ser. Islandica Pitt 1980,Islandica,832980,5,Index Fungorum,
133,Cetraria cucullata,Cetraria cucullata,26064,26082,12.58,2,NO_ANNOT,,,Exact,0,Cetraria cucullata (Bellardi) Ach.,Cetraria cucullata,T73L,1,Catalogue of Life,
134,*Alectoria ochroleuca,Alectoria ochroleuca,26096,26117,9.74,2,NO_ANNOT,,,Exact,0,Alectoria ochroleuca (Schrank) A. Massal.,Alectoria ochroleuca,BLRH,1,Catalogue of Life,
135,Theloschistes lychneus,Theloschistes lychneus,26139,26161,10.76,2,NO_ANNOT,,,Fuzzy,1,Teloschistes lychneus (Ach.) Tuck.,Teloschistes lychneus,7BQ3Z,1,Catalogue of Life,
136,Parmelia saxatilis,Parmelia saxatilis,26167,26185,11.69,2,NO_ANNOT,,,Exact,0,Parmelia saxatilis (L.) Ach.,Parmelia saxatilis,4DPB2,1,Catalogue of Life,
137,Parmelia conspersa,Parmelia conspersa,26210,26228,10.45,2,NO_ANNOT,,,Exact,0,Parmelia conspersa (Ehrh. ex Ach.) Ach.,Parmelia conspersa,6TRMM,1,Catalogue of Life,
138,Parmelia lanata,Parmelia lanata,26256,26271,11.65,2,NO_ANNOT,,,Exact,0,Parmelia lanata (Neck.) Wallr.,Parmelia lanata,4DNY8,1,Catalogue of Life,
139,Parmelia incana,Parmelia incana,26299,26314,10.84,2,NO_ANNOT,,,PartialExact,0,Parmelia,Parmelia,6HXG,1,Catalogue of Life,
140,Physcia pulverulenta,Physcia pulverulenta,26342,26362,10.61,2,NO_ANNOT,,,Exact,0,Physcia pulverulenta (Schreb.) Hampe ex Fürnr.,Physcia pulverulenta,4HGNF,1,Catalogue of Life,
141,Umbilicaria rugifera,Umbilicaria rugifera,26435,26455,10.53,2,NO_ANNOT,,,Exact,0,Umbilicaria rugifera Nyl. 1861,Umbilicaria rugifera,408157,5,Index Fungorum,
142,*Umbilicaria hyperborea,Umbilicaria hyperborea,26476,26499,9.32,2,NO_ANNOT,,,Exact,0,Umbilicaria hyperborea (Ach.) Hoffm.,Umbilicaria hyperborea,7DGSD,1,Catalogue of Life,
143,Nephroma arotica,Nephroma arotica,26566,26582,6.98,2,NO_ANNOT,,,PartialExact,0,Nephroma,Nephroma,6384,1,Catalogue of Life,
144,Bay.␤tPeltigera canina,Bay. tpeltigera canina,26602,26624,6.40,3,NO_ANNOT,,,NoMatch,,,,,,,,
145,Solomia crocea,Solomia crocea,26688,26702,4.09,2,NO_ANNOT,,,NoMatch,,,,,,,,
146,|Pannaria hypnorum,Pannaria hypnorum,26713,26731,11.73,2,NO_ANNOT,,,Exact,0,Pannaria hypnorum (Vahl) Körb.,Pannaria hypnorum,4CFVN,1,Catalogue of Life,
147,Collema melaenum,Collema melaenum,26746,26762,12.31,2,NO_ANNOT,,,Exact,0,Collema melaenum (Ach.) Ach.,Collema melaenum,X32M,1,Catalogue of Life,
148,Placodium vitellinum,Placodium vitellinum,26783,26803,12.53,2,NO_ANNOT,,,Exact,0,Placodium vitellinum (Hoffm.) Hepp,Placodium vitellinum,6VNJQ,1,Catalogue of Life,
149,Placodium elegans,Placodium elegans,26825,26842,10.47,2,NO_ANNOT,,,Exact,0,Placodium elegans (Link) DC.,Placodium elegans,4JDWG,1,Catalogue of Life,
150,Lecanora lentigera,Lecanora lentigera,26864,26882,12.82,2,NO_ANNOT,,,Exact,0,Lecanora lentigera (Weber) Ach.,Lecanora lentigera,3SSQJ,1,Catalogue of Life,
151,Lecanora ventosa,Lecanora ventosa,26911,26927,13.00,2,NO_ANNOT,,,Exact,0,Lecanora ventosa (L.) Ach.,Lecanora ventosa,6P5DK,1,Catalogue of Life,
152,Rinodina sophodes,Rinodina sophodes,26938,26955,10.12,2,NO_ANNOT,,,Exact,0,Rinodina sophodes (Ach.) A. Massal.,Rinodina sophodes,6X8QX,1,Catalogue of Life,
153,Pertasaria coriacea,Pertasaria coriacea,26968,26987,5.22,2,NO_ANNOT,,,Fuzzy,1,Pertusaria coriacea (Th. Fr.) Th. Fr. 1871,Pertusaria coriacea,399502,5,Index Fungorum,
154,Fr.␤fPertusaria paradoxa,Fr. fpertusaria paradoxa,26994,27018,4.47,3,NO_ANNOT,,,NoMatch,,,,,,,,
155,Gyalecta peziza,Gyalecta peziza,27026,27041,10.06,2,NO_ANNOT,,,Exact,0,Gyalecta peziza (Mont.) Anzi 1860,Gyalecta peziza,386429,5,Index Fungorum,
156,Cladonia pyxidata,Cladonia pyxidata,27075,27092,11.61,2,NO_ANNOT,,,Exact,0,Cladonia pyxidata (L.) Hoffm.,Cladonia pyxidata,VPKV,1,Catalogue of Life,
157,Cladonia gracilis,Cladonia gracilis,27102,27119,11.00,2,NO_ANNOT,,,Exact,0,Cladonia gracilis (L.) Willd.,Cladonia gracilis,VPG6,1,Catalogue of Life,
158,Cladonia deformis,Cladonia deformis,27168,27185,10.49,2,NO_ANNOT,,,Exact,0,Cladonia deformis (L.) Hoffm.,Cladonia deformis,5YW5V,1,Catalogue of Life,
159,Lecidia platycarpa,Lecidia platycarpa,27197,27215,4.08,2,NO_ANNOT,,,Fuzzy,1,Lecidea platycarpa Ach.,Lecidea platycarpa,6P6D6,1,Catalogue of Life,
160,Buellia geographica,Buellia geographica,27236,27255,11.99,2,NO_ANNOT,,,Exact,0,Buellia geographica Räsänen 1944,Buellia geographica,380405,5,Index Fungorum,
161,Sphaerophorus globiferus,Sphaerophorus globiferus,27282,27306,13.13,2,NO_ANNOT,,,Exact,0,Sphaerophorus globiferus (L.) DC.,Sphaerophorus globiferus,4YRD3,1,Catalogue of Life,
162,Coniocybe furfuracea,Coniocybe furfuracea,27333,27353,11.73,2,NO_ANNOT,,,Exact,0,Coniocybe furfuracea (L.) Ach.,Coniocybe furfuracea,XMCY,1,Catalogue of Life,
163,Verrucaria pygmaea,Verrucaria pygmaea,27357,27375,11.02,2,NO_ANNOT,,,Exact,0,Verrucaria pygmaea (Körb.) Wedd. 1875,Verrucaria pygmaea,642059,5,Index Fungorum,
164,Cladonia gracilis.,Cladonia gracilis,27396,27414,11.00,2,NO_ANNOT,,,Exact,0,Cladonia gracilis (L.) Willd.,Cladonia gracilis,VPG6,1,Catalogue of Life,
165,Thamnolia vermicularis,Thamnolia vermicularis,27415,27437,12.12,2,NO_ANNOT,,,Exact,0,Thamnolia vermicularis (Sw.) Schaer.,Thamnolia vermicularis,563FP,1,Catalogue of Life,
166,Andraea,Andraea,27546,27553,5.27,1,NO_ANNOT,,,Exact,0,"Andraea Hartmann in Pfeiffer, 1848",Andraea,urn:lsid:irmng.org:taxname:1271186,181,IRMNG,
167,Aulacomnion palustre,Aulacomnion palustre,27570,27590,9.08,2,NO_ANNOT,,,PartialExact,0,"Aulacomnion Schwägrichen, 1827",Aulacomnion,urn:lsid:irmng.org:taxname:1465207,181,IRMNG,
168,Aulaconmion turgidum,Aulaconmion turgidum,27594,27614,3.30,2,NO_ANNOT,,,NoMatch,,,,,,,,
169,Bryum argenteum,Bryum argenteum,27621,27636,10.38,2,NO_ANNOT,,,Exact,0,"Bryum argenteum Hedwig, 1801",Bryum argenteum,NK2G,1,Catalogue of Life,
170,Bryum inclinatum.,Bryum inclinatum,27640,27657,11.81,2,NO_ANNOT,,,Exact,0,Bryum inclinatum (Hedw.) Dicks. ex With.,Bryum inclinatum,145736190,165,Tropicos,
171,Bryuin nitidulum,Bryuin nitidulum,27658,27674,3.27,2,NO_ANNOT,,,NoMatch,,,,,,,,
172,Bryum pendulum.,Bryum pendulum,27682,27697,7.56,2,NO_ANNOT,,,Exact,0,"Bryum pendulum Oeder ex Bridel, 1803",Bryum pendulum,NKC9,1,Catalogue of Life,
173,Bryum pyriforme,Bryum pyriforme,27698,27713,10.37,2,NO_ANNOT,,,Exact,0,Bryum pyriforme (Hedw.) Lam. & DC.,Bryum pyriforme,145723807,165,Tropicos,
174,Dicranoweisia crispula,Dicranoweisia crispula,27717,27739,11.51,2,NO_ANNOT,,,Exact,0,"Dicranoweisia crispula Milde, 1869",Dicranoweisia crispula,35TJC,1,Catalogue of Life,
175,Grimmia apocarpa,Grimmia apocarpa,27747,27763,10.80,2,NO_ANNOT,,,Exact,0,"Grimmia apocarpa (Stirton) Dixon, 1923",Grimmia apocarpa,3HDZL,1,Catalogue of Life,
176,Hypnum nitens,Hypnum nitens,27770,27783,8.66,2,NO_ANNOT,,,Exact,0,Hypnum nitens Hedw.,Hypnum nitens,145081629,165,Tropicos,
177,Hypnum splendens,Hypnum splendens,27816,27832,9.31,2,NO_ANNOT,,,Exact,0,Hypnum splendens Hedw.,Hypnum splendens,145081540,165,Tropicos,
178,Hypnum uncinatum,Hypnum uncinatum,27839,27855,10.27,2,NO_ANNOT,,,Exact,0,Hypnum uncinatum Hedw.,Hypnum uncinatum,145100239,165,Tropicos,
179,Onchophorus polycarpus,Onchophorus polycarpus,27862,27884,12.25,2,NO_ANNOT,,,Fuzzy,1,Oncophorus polycarpus (Hedw.) Brid.,Oncophorus polycarpus,145077857,165,Tropicos,
180,Onchophorus,Onchophorus,27891,27902,5.72,1,NO_ANNOT,,,Exact,0,"Onchophorus Neumann, 1906",Onchophorus,urn:lsid:irmng.org:taxname:1394447,181,IRMNG,
181,Orthothecium chryseum,Orthothecium chryseum,27921,27942,11.72,2,NO_ANNOT,,,Exact,0,"Orthothecium chryseum W. P. Schimper in B.S.G., 1851",Orthothecium chryseum,759YS,1,Catalogue of Life,
182,Orthotrichum arcticum,Orthotrichum arcticum,27956,27977,12.61,2,NO_ANNOT,,,Exact,0,Orthotrichum arcticum Schimp.,Orthotrichum arcticum,145077861,165,Tropicos,
183,Philonotis fontana,Philonotis fontana,27986,28004,12.71,2,NO_ANNOT,,,Exact,0,"Philonotis fontana Bridel, 1827",Philonotis fontana,4G9GH,1,Catalogue of Life,
184,Pottia,Pottia,28011,28017,4.58,1,NO_ANNOT,,,Exact,0,Pottia,Pottia,6V8P,1,Catalogue of Life,
185,Pogonatum alpinum,Pogonatum alpinum,28030,28047,11.66,2,NO_ANNOT,,,Exact,0,Pogonatum alpinum (Hedw.) Röhl.,Pogonatum alpinum,145077612,165,Tropicos,
186,Pohlia cucullata.,Pohlia cucullata,28063,28080,11.75,2,NO_ANNOT,,,Exact,0,Pohlia cucullata (Schwägr.) Lindb.,Pohlia cucullata,145654793,165,Tropicos,
187,Pohlia nutans.,Pohlia nutans,28081,28095,8.75,2,NO_ANNOT,,,Exact,0,"Pohlia nutans Lindberg, 1879",Pohlia nutans,4KWK9,1,Catalogue of Life,
188,Racomitrium lanuginosum,Racomitrium lanuginosum,28096,28119,12.94,2,NO_ANNOT,,,Exact,0,"Racomitrium lanuginosum (Bridel) Bridel, 1826",Racomitrium lanuginosum,4R8PF,1,Catalogue of Life,
189,Sphagnum fimbriatum,Sphagnum fimbriatum,28126,28145,10.93,2,NO_ANNOT,,,Exact,0,"Sphagnum fimbriatum Wilson in J. D. Hooker, 1847",Sphagnum fimbriatum,4YT85,1,Catalogue of Life,
190,Swartzia montana,Swartzia montana,28157,28173,8.23,2,NO_ANNOT,,,Exact,0,Swartzia montana Vogel,Swartzia montana,7B5TJ,1,Catalogue of Life,
191,Tetraplodon bryoides,Tetraplodon bryoides,28184,28204,10.63,2,NO_ANNOT,,,Exact,0,Tetraplodon bryoides Lindb.,Tetraplodon bryoides,145081845,165,Tropicos,
192,Funaria,Funaria,28212,28219,4.43,1,NO_ANNOT,,,Exact,0,"Funaria van der Linde, 1938",Funaria,87G4G,1,Catalogue of Life,
193,Cryptobranchus maximus,Cryptobranchus maximus,28390,28412,8.42,2,NO_ANNOT,,,Exact,0,"Cryptobranchus maximus (Schlegel in Tschudi, 1837)",Cryptobranchus maximus,ZV4K,1,Catalogue of Life,
194,"Vallonia,""",Vallonia,28661,28671,3.87,1,NO_ANNOT,,,Exact,0,"Vallonia Risso, 1826",Vallonia,7PKLQ,1,Catalogue of Life,
195,Ammonites,Ammonites,30631,30640,3.38,1,NO_ANNOT,,,Exact,0,Ammonites,Ammonites,628XM,1,Catalogue of Life,
196,Ammonites,Ammonites,31454,31463,3.38,1,NO_ANNOT,,,Exact,0,Ammonites,Ammonites,628XM,1,Catalogue of Life,
197,"Pycnodus,",Pycnodus,32415,32424,4.79,1,NO_ANNOT,,,Exact,0,"Pycnodus Agassiz, 1833",Pycnodus,urn:lsid:irmng.org:taxname:1299569,181,IRMNG,
198,Martesia cretacea,Martesia cretacea,32684,32701,10.40,2,NO_ANNOT,,,PartialExact,0,"Martesia G. B. Sowerby I, 1824",Martesia,7P8HP,1,Catalogue of Life,
199,"Voluta delaivarensis,",Voluta delaivarensis,33227,33248,6.95,2,NO_ANNOT,,,PartialExact,0,"Voluta Linnaeus, 1758",Voluta,7PKXD,1,Catalogue of Life,
200,CEPHALOPODA.,Cephalopoda,33637,33649,5.48,1,NO_ANNOT,,,Exact,0,"Cephalopoda Cuvier, 1795",Cephalopoda,7NF3H,1,Catalogue of Life,
201,Ammonites (Placentaceras) placenta,Ammonites placenta,33650,33684,6.09,2,NO_ANNOT,,,Exact,0,"Ammonites placenta (DeKay, 1828)",Ammonites placenta,66CWQ,1,Catalogue of Life,
202,(Placentaceras),Placentaceras,33660,33675,5.35,1,NO_ANNOT,,,Exact,0,"Placentaceras Whitfield, 1892",Placentaceras,urn:lsid:irmng.org:taxname:1367939,181,IRMNG,
203,Ammonites delaivarensis,Ammonites delaivarensis,33748,33771,6.21,2,NO_ANNOT,,,PartialExact,0,Ammonites,Ammonites,628XM,1,Catalogue of Life,
204,Scavhites hippocrepis,Scavhites hippocrepis,33823,33844,3.93,2,NO_ANNOT,,,Fuzzy,1,"Scaphites hippocrepis (DeKay, 1828)",Scaphites hippocrepis,6XT76,1,Catalogue of Life,
205,Scaphites nodosus,Scaphites nodosus,33896,33913,10.12,2,NO_ANNOT,,,Exact,0,"Scaphites nodosus (Owen, 1852)",Scaphites nodosus,6Y4V9,1,Catalogue of Life,
206,Baculites ovatus,Baculites ovatus,33966,33982,10.46,2,NO_ANNOT,,,Exact,0,"Baculites ovatus Say, 1820",Baculites ovatus,KB97,1,Catalogue of Life,
207,GASTEROPODA.,Gasteropoda,34031,34043,5.48,1,NO_ANNOT,,,Exact,0,"Gasteropoda Gray, 1847",Gasteropoda,urn:lsid:irmng.org:taxname:1447446,181,IRMNG,
208,Cerithium,Cerithium,34044,34053,5.28,1,NO_ANNOT,,,Exact,0,"Cerithium Bruguière, 1789",Cerithium,7NSCM,1,Catalogue of Life,
209,(Potamides,Potamides,34054,34064,4.93,1,NO_ANNOT,,,Exact,0,"Potamides Brongniart, 1810",Potamides,7PD76,1,Catalogue of Life,
210,Alaria rostrata,Alaria rostrata,34258,34273,6.40,2,NO_ANNOT,,,PartialExact,0,"Alaria Schrank, 1788",Alaria,7NNFD,1,Catalogue of Life,
211,Gyrodes infracarinata,Gyrodes infracarinata,34335,34356,12.76,2,NO_ANNOT,,,PartialExact,0,"Gyrodes Conrad, 1860",Gyrodes,7P4NK,1,Catalogue of Life,
212,Lunatia halli,Lunatia halli,34406,34419,10.10,2,NO_ANNOT,,,Exact,0,Lunatia halli (Gabb 1860),Lunatia halli,348712,172,PaleoBioDB,
213,Natica abyssina,Natica abyssina,34470,34485,9.77,2,NO_ANNOT,,,Exact,0,Natica abyssina,Natica abyssina,62779,183,Sherborn Index Animalium,
214,Turbinella parva,Turbinella parva,34535,34551,11.10,2,NO_ANNOT,,,PartialExact,0,"Turbinella Lamarck, 1799",Turbinella,7PK9M,1,Catalogue of Life,
215,Voluta (?)␤delaivarensis,Voluta delaivarensis,34678,34702,6.95,2,NO_ANNOT,,,PartialExact,0,"Voluta Linnaeus, 1758",Voluta,7PKXD,1,Catalogue of Life,
216,Volutoderma abbotii,Volutoderma abbotii,34748,34767,11.75,2,NO_ANNOT,,,PartialExact,0,"Volutoderma Gabb, 1877",Volutoderma,7PKXT,1,Catalogue of Life,
217,Volutomorpha,Volutomorpha,34816,34828,6.08,1,NO_ANNOT,,,Exact,0,"Volutomorpha Gabb, 1877",Volutomorpha,urn:lsid:irmng.org:taxname:1196860,181,IRMNG,
218,Avellana bullata,Avellana bullata,34837,34853,11.13,2,NO_ANNOT,,,Exact,0,Avellana bullata,Avellana bullata,97239,183,Sherborn Index Animalium,
219,Odontofusus slacki,Odontofusus slacki,35047,35065,9.77,2,NO_ANNOT,,,PartialExact,0,"Odontofusus Whitfield, 1892",Odontofusus,7PB4Y,1,Catalogue of Life,
220,Gyrodes altispira,Gyrodes altispira,35182,35199,10.10,2,NO_ANNOT,,,PartialExact,0,"Gyrodes Conrad, 1860",Gyrodes,7P4NK,1,Catalogue of Life,
221,Modulus lapidosa,Modulus lapidosa,35319,35335,7.34,2,NO_ANNOT,,,PartialExact,0,"Modulus Gray, 1842",Modulus,7P95L,1,Catalogue of Life,
222,Pyropsis alabamensis,Pyropsis alabamensis,35390,35410,12.70,2,NO_ANNOT,,,PartialExact,0,"Pyropsis Conrad, 1860",Pyropsis,7PFF3,1,Catalogue of Life,
223,Pyropsis naticoides,Pyropsis naticoides,35417,35436,11.21,2,NO_ANNOT,,,PartialExact,0,"Pyropsis Conrad, 1860",Pyropsis,7PFF3,1,Catalogue of Life,
224,Rostellites nasutus,Rostellites nasutus,35487,35506,11.03,2,NO_ANNOT,,,PartialExact,0,"Rostellites Conrad, 1855",Rostellites,urn:lsid:irmng.org:taxname:1146099,181,IRMNG,
225,Rostellites texturatus,Rostellites texturatus,35553,35575,11.51,2,NO_ANNOT,,,PartialExact,0,"Rostellites Conrad, 1855",Rostellites,urn:lsid:irmng.org:taxname:1146099,181,IRMNG,
226,Rostellites angulatus,Rostellites angulatus,35628,35649,11.39,2,NO_ANNOT,,,PartialExact,0,"Rostellites Conrad, 1855",Rostellites,urn:lsid:irmng.org:taxname:1146099,181,IRMNG,
227,Scalaria thomasi,Scalaria thomasi,35702,35718,10.21,2,NO_ANNOT,,,PartialExact,0,Scalaria Lázaro Ibiza 1916,Scalaria,18506,5,Index Fungorum,
228,Scalaria sillimani,Scalaria sillimani,35763,35781,11.09,2,NO_ANNOT,,,Exact,0,Scalaria sillimani,Scalaria sillimani,355666,183,Sherborn Index Animalium,
229,Scalaria,Scalaria,35828,35836,4.68,1,NO_ANNOT,,,Exact,0,Scalaria Lázaro Ibiza 1916,Scalaria,18506,5,Index Fungorum,
230,Turritella encrinoides,Turritella encrinoides,35842,35864,13.11,2,NO_ANNOT,,,Exact,0,"Turritella encrinoides Morton, 1834",Turritella encrinoides,7THXY,1,Catalogue of Life,
231,Turritella,Turritella,35919,35929,6.37,1,NO_ANNOT,,,Exact,0,"Turritella Lamarck, 1799",Turritella,87HM6,1,Catalogue of Life,
232,Turritella pumila,Turritella pumila,36000,36017,12.09,2,NO_ANNOT,,,Exact,0,Turritella pumila (Gabb 1860),Turritella pumila,121164,172,PaleoBioDB,
233,Endopiygma umbilicata,Endopiygma umbilicata,36069,36090,6.94,2,NO_ANNOT,,,Fuzzy,1,Endoptygma umbilicata (Tourney 1854),Endoptygma umbilicata,339359,172,PaleoBioDB,
234,LAMELLIBRANCHIATA.,Lamellibranchiata,36137,36155,4.09,1,NO_ANNOT,,,Exact,0,"Lamellibranchiata Blainville, 1824",Lamellibranchiata,urn:lsid:marinespecies.org:taxname:234066,9,WoRMS,
235,Calliste delatvarensis,Calliste delatvarensis,36156,36178,6.34,2,NO_ANNOT,,,PartialExact,0,"Calliste Lepeletier & Serville, 1825",Calliste,urn:lsid:irmng.org:taxname:1366825,181,IRMNG,
236,Cardium (Criocardium) dumosum,Cardium dumosum,36228,36257,11.46,2,NO_ANNOT,,,Exact,0,Cardium (Granocardium) dumosum Conrad 1870,Cardium dumosum,59555,172,PaleoBioDB,
237,(Criocardium),Criocardium,36236,36249,5.57,1,NO_ANNOT,,,Exact,0,"Criocardium Conrad, 1870",Criocardium,urn:lsid:irmng.org:taxname:1056826,181,IRMNG,
238,(Fragum),Fragum,36315,36323,3.27,1,NO_ANNOT,,,Exact,0,"Fragum Röding, 1798",Fragum,7P2RP,1,Catalogue of Life,
239,Cyprimeria,Cyprimeria,36404,36414,5.02,1,NO_ANNOT,,,Exact,0,"Cyprimeria Conrad, 1864",Cyprimeria,urn:lsid:irmng.org:taxname:1291537,181,IRMNG,
240,Camptonectes (Amusium) burlingtonensis,Camptonectes burlingtonensis,36482,36520,12.40,2,NO_ANNOT,,,PartialExact,0,"Camptonectes Agassiz, 1864",Camptonectes,7NZTM,1,Catalogue of Life,
241,(Amusium),Amusium,36495,36504,4.86,1,NO_ANNOT,,,Exact,0,"Amusium Röding, 1798",Amusium,7NNY8,1,Catalogue of Life,
242,Gouldia conradi,Gouldia conradi,36568,36583,9.02,2,NO_ANNOT,,,PartialExact,0,"Gouldia C. B. Adams, 1847",Gouldia,87G8J,1,Catalogue of Life,
243,Idonearca antrosa,Idonearca antrosa,36638,36655,11.70,2,NO_ANNOT,,,PartialExact,0,"Idonearca Conrad, 1862",Idonearca,urn:lsid:irmng.org:taxname:1124964,181,IRMNG,
244,Leiopistha protexta,Leiopistha protexta,36706,36725,10.46,2,NO_ANNOT,,,Fuzzy,1,Liopistha protexta Conrad 1853,Liopistha protexta,60897,172,PaleoBioDB,
245,Neithea quinquecostata,Neithea quinquecostata,36774,36796,12.96,2,NO_ANNOT,,,Exact,0,Neithea quinquecostata (Sowerby 1814),Neithea quinquecostata,359173,172,PaleoBioDB,
246,Pinna laqueata,Pinna laqueata,36849,36863,9.50,2,NO_ANNOT,,,Exact,0,Pinna laqueata Conrad 1858,Pinna laqueata,61760,172,PaleoBioDB,
247,Pholadomya occidentalis,Pholadomya occidentalis,36913,36936,12.25,2,NO_ANNOT,,,Exact,0,Pholadomya occidentalis Morton,Pholadomya occidentalis,61723,172,PaleoBioDB,
248,Plicatula urticosa,Plicatula urticosa,36987,37005,12.31,2,NO_ANNOT,,,Exact,0,Plicatula urticosa,Plicatula urticosa,396881,183,Sherborn Index Animalium,
249,Tenea pinguis,Tenea pinguis,37054,37067,9.93,2,NO_ANNOT,,,PartialExact,0,"Tenea Conrad, 1870",Tenea,urn:lsid:irmng.org:taxname:1297272,181,IRMNG,
250,Anomia tellinoides,Anomia tellinoides,37118,37136,10.81,2,NO_ANNOT,,,Exact,0,Anomia tellinoides,Anomia tellinoides,378033,183,Sherborn Index Animalium,
251,Axinea mortoni,Axinea mortoni,37187,37201,10.88,2,NO_ANNOT,,,PartialExact,0,Axinea A. Juss.,Axinea,145296588,165,Tropicos,
252,Aphrodina tippana,Aphrodina tippana,37251,37268,10.87,2,NO_ANNOT,,,Exact,0,Aphrodina tippana,Aphrodina tippana,gn_2577026,170,Arctos,
253,Cyprimeria densata,Cyprimeria densata,37320,37338,12.56,2,NO_ANNOT,,,PartialExact,0,"Cyprimeria Conrad, 1864",Cyprimeria,urn:lsid:irmng.org:taxname:1291537,181,IRMNG,
254,Clavagella armata,Clavagella armata,37391,37408,13.63,2,NO_ANNOT,,,Exact,0,Clavagella armata,Clavagella armata,421613,183,Sherborn Index Animalium,
255,Exogyra costata,Exogyra costata,37453,37468,12.07,2,NO_ANNOT,,,Exact,0,"Exogyra costata Say, 1820",Exogyra costata,8H9G2,1,Catalogue of Life,
256,Idonearca vulgaris,Idonearca vulgaris,37514,37532,11.66,2,NO_ANNOT,,,Exact,0,Idonearca vulgaris,Idonearca vulgaris,gn_64762,186,MCZbase,
257,Mytilus oblivius,Mytilus oblivius,37582,37598,12.34,2,NO_ANNOT,,,PartialExact,0,"Mytilus Linnaeus, 1758",Mytilus,7P9G3,1,Catalogue of Life,
258,Martesia cretacea,Martesia cretacea,37645,37662,10.40,2,NO_ANNOT,,,PartialExact,0,"Martesia G. B. Sowerby I, 1824",Martesia,7P8HP,1,Catalogue of Life,
259,Panopea decisa,Panopea decisa,37712,37726,8.73,2,NO_ANNOT,,,PartialExact,0,"Panopea Ménard de la Groye, 1807",Panopea,7PBP4,1,Catalogue of Life,
260,Trigonia mortoni,Trigonia mortoni,37777,37793,10.27,2,NO_ANNOT,,,Exact,0,"Trigonia mortoni Whitfield, 1885",Trigonia mortoni,urn:lsid:marinespecies.org:taxname:865172,9,WoRMS,
261,Teredo irregularis,Teredo irregularis,37845,37863,5.23,2,NO_ANNOT,,,PartialExact,0,"Teredo Linnaeus, 1758",Teredo,7PJ7B,1,Catalogue of Life,
262,Teredo tibialis,Teredo tibialis,37914,37929,8.82,2,NO_ANNOT,,,Exact,0,Teredo tibialis,Teredo tibialis,383615,183,Sherborn Index Animalium,
263,Veniella conradi,Veniella conradi,37982,37998,11.39,2,NO_ANNOT,,,Exact,0,Veniella conradi Morton 1833,Veniella conradi,62781,172,PaleoBioDB,
264,Gasteropoda,Gasteropoda,38173,38184,5.48,1,NO_ANNOT,,,Exact,0,"Gasteropoda Gray, 1847",Gasteropoda,urn:lsid:irmng.org:taxname:1447446,181,IRMNG,
265,Volutoderma,Volutoderma,38330,38341,5.29,1,NO_ANNOT,,,Exact,0,"Volutoderma Gabb, 1877",Volutoderma,7PKXT,1,Catalogue of Life,
266,Cerithium,Cerithium,38380,38389,5.28,1,NO_ANNOT,,,Exact,0,"Cerithium Bruguière, 1789",Cerithium,7NSCM,1,Catalogue of Life,
267,C. conradi,C. conradi,38409,38419,5.02,2,NO_ANNOT,,,NoMatch,,,,,,,,
268,ECHINODERMATA.,Echinodermata,38564,38578,5.35,1,NO_ANNOT,,,Exact,0,Echinodermata,Echinodermata,CHN,1,Catalogue of Life,
269,Hemiaster parastatus,Hemiaster parastatus,38579,38599,11.36,2,NO_ANNOT,,,Exact,0,Hemiaster parastatus (Morton 1833),Hemiaster parastatus,294418,172,PaleoBioDB,
270,Ammonites delawarensis,Ammonites delawarensis,38706,38728,11.21,2,NO_ANNOT,,,Exact,0,"Ammonites delawarensis (Morton, 1830)",Ammonites delawarensis,66BCB,1,Catalogue of Life,
271,A. vanuxemi,A. vanuxemi,38875,38886,4.92,2,NO_ANNOT,,,NoMatch,,,,,,,,
272,Dentalium subarcuatum,Dentalium subarcuatum,39164,39185,7.62,2,NO_ANNOT,,,PartialExact,0,"Dentalium Linnaeus, 1758",Dentalium,87FHD,1,Catalogue of Life,
273,"Ammonites,",Ammonites,41048,41058,3.38,1,NO_ANNOT,,,Exact,0,Ammonites,Ammonites,628XM,1,Catalogue of Life,
274,"Scaphites,",Scaphites,41059,41069,3.38,1,NO_ANNOT,,,Exact,0,Scaphites,Scaphites,7D38,1,Catalogue of Life,
275,Baculites,Baculites,41070,41079,3.38,1,NO_ANNOT,,,Exact,0,Baculites,Baculites,376L,1,Catalogue of Life,
276,Crania.,Crania,43957,43964,3.32,1,NO_ANNOT,,,Exact,0,"Crania Retzius, 1781",Crania,87F8W,1,Catalogue of Life,
277,Staudinger,Staudinger,47818,47828,1.69,1,NO_ANNOT,,,Exact,0,"Hypsophila (Staudinger) Staudinger, 1888",Staudinger,1020641,2,Wikispecies,
